$MeshFormat
2.2 0 8
$EndMeshFormat
$Nodes
1755
1 0.372 0 -0.75
2 0 0.372 -0.75
3 -0.372 0 -0.75
4 0 -0.372 -0.75
5 0.372 0 0.75
6 0 0.372 0.75
7 -0.372 0 0.75
8 0 -0.372 0.75
9 0.368817488431079 0.04855574350569491 -0.75
10 0.359324407379602 0.09628068477788126 -0.75
11 0.3436831860943547 0.1423582368394365 -0.75
12 0.322161450208072 0.1859999999995481 -0.75
13 0.2951274425887198 0.2264592515907482 -0.75
14 0.2630437226019144 0.2630437226008768 -0.75
15 0.226459251591697 0.2951274425879918 -0.75
16 0.186000000000405 0.3221614502075772 -0.75
17 0.1423582368400979 0.3436831860940808 -0.75
18 0.09628068477829942 0.35932440737949 -0.75
19 0.04855574350592458 0.3688174884310488 -0.75
20 -0.04855574350569491 0.368817488431079 -0.75
21 -0.09628068477788126 0.359324407379602 -0.75
22 -0.1423582368394365 0.3436831860943547 -0.75
23 -0.1859999999995481 0.322161450208072 -0.75
24 -0.2264592515907482 0.2951274425887198 -0.75
25 -0.2630437226008768 0.2630437226019144 -0.75
26 -0.2951274425879918 0.226459251591697 -0.75
27 -0.3221614502075772 0.186000000000405 -0.75
28 -0.3436831860940808 0.1423582368400979 -0.75
29 -0.35932440737949 0.09628068477829942 -0.75
30 -0.3688174884310488 0.04855574350592458 -0.75
31 -0.368817488431079 -0.04855574350569491 -0.75
32 -0.359324407379602 -0.09628068477788126 -0.75
33 -0.3436831860943547 -0.1423582368394365 -0.75
34 -0.322161450208072 -0.1859999999995481 -0.75
35 -0.2951274425887198 -0.2264592515907482 -0.75
36 -0.2630437226019144 -0.2630437226008768 -0.75
37 -0.226459251591697 -0.2951274425879918 -0.75
38 -0.186000000000405 -0.3221614502075772 -0.75
39 -0.1423582368400979 -0.3436831860940808 -0.75
40 -0.09628068477829942 -0.35932440737949 -0.75
41 -0.04855574350592458 -0.3688174884310488 -0.75
42 0.04855574350569491 -0.368817488431079 -0.75
43 0.09628068477788126 -0.359324407379602 -0.75
44 0.1423582368394365 -0.3436831860943547 -0.75
45 0.1859999999995481 -0.322161450208072 -0.75
46 0.2264592515907482 -0.2951274425887198 -0.75
47 0.2630437226008768 -0.2630437226019144 -0.75
48 0.2951274425879918 -0.226459251591697 -0.75
49 0.3221614502075772 -0.186000000000405 -0.75
50 0.3436831860940808 -0.1423582368400979 -0.75
51 0.35932440737949 -0.09628068477829942 -0.75
52 0.3688174884310488 -0.04855574350592458 -0.75
53 0.368817488431079 0.04855574350569491 0.75
54 0.359324407379602 0.09628068477788126 0.75
55 0.3436831860943547 0.1423582368394365 0.75
56 0.322161450208072 0.1859999999995481 0.75
57 0.2951274425887198 0.2264592515907482 0.75
58 0.2630437226019144 0.2630437226008768 0.75
59 0.226459251591697 0.2951274425879918 0.75
60 0.186000000000405 0.3221614502075772 0.75
61 0.1423582368400979 0.3436831860940808 0.75
62 0.09628068477829942 0.35932440737949 0.75
63 0.04855574350592458 0.3688174884310488 0.75
64 -0.04855574350569491 0.368817488431079 0.75
65 -0.09628068477788126 0.359324407379602 0.75
66 -0.1423582368394365 0.3436831860943547 0.75
67 -0.1859999999995481 0.322161450208072 0.75
68 -0.2264592515907482 0.2951274425887198 0.75
69 -0.2630437226008768 0.2630437226019144 0.75
70 -0.2951274425879918 0.226459251591697 0.75
71 -0.3221614502075772 0.186000000000405 0.75
72 -0.3436831860940808 0.1423582368400979 0.75
73 -0.35932440737949 0.09628068477829942 0.75
74 -0.3688174884310488 0.04855574350592458 0.75
75 -0.368817488431079 -0.04855574350569491 0.75
76 -0.359324407379602 -0.09628068477788126 0.75
77 -0.3436831860943547 -0.1423582368394365 0.75
78 -0.322161450208072 -0.1859999999995481 0.75
79 -0.2951274425887198 -0.2264592515907482 0.75
80 -0.2630437226019144 -0.2630437226008768 0.75
81 -0.226459251591697 -0.2951274425879918 0.75
82 -0.186000000000405 -0.3221614502075772 0.75
83 -0.1423582368400979 -0.3436831860940808 0.75
84 -0.09628068477829942 -0.35932440737949 0.75
85 -0.04855574350592458 -0.3688174884310488 0.75
86 0.04855574350569491 -0.368817488431079 0.75
87 0.09628068477788126 -0.359324407379602 0.75
88 0.1423582368394365 -0.3436831860943547 0.75
89 0.1859999999995481 -0.322161450208072 0.75
90 0.2264592515907482 -0.2951274425887198 0.75
91 0.2630437226008768 -0.2630437226019144 0.75
92 0.2951274425879918 -0.226459251591697 0.75
93 0.3221614502075772 -0.186000000000405 0.75
94 0.3436831860940808 -0.1423582368400979 0.75
95 0.35932440737949 -0.09628068477829942 0.75
96 0.3688174884310488 -0.04855574350592458 0.75
97 0.372 0 -0.7000000000001849
98 0.372 0 -0.6500000000003697
99 0.372 0 -0.6000000000005545
100 0.372 0 -0.5500000000007395
101 0.372 0 -0.5000000000009244
102 0.372 0 -0.4500000000011093
103 0.372 0 -0.4000000000012943
104 0.372 0 -0.3500000000014792
105 0.372 0 -0.3000000000016642
106 0.372 0 -0.2500000000018491
107 0.372 0 -0.2000000000020341
108 0.372 0 -0.1500000000022191
109 0.372 0 -0.1000000000024039
110 0.372 0 -0.05000000000258897
111 0.372 0 -2.752242878045763e-12
112 0.372 0 0.04999999999741145
113 0.372 0 0.09999999999759623
114 0.372 0 0.1499999999977812
115 0.372 0 0.199999999997966
116 0.372 0 0.249999999998151
117 0.372 0 0.2999999999983358
118 0.372 0 0.3499999999985208
119 0.372 0 0.3999999999987056
120 0.372 0 0.4499999999988906
121 0.372 0 0.4999999999990754
122 0.372 0 0.5499999999992604
123 0.372 0 0.5999999999994454
124 0.372 0 0.6499999999996302
125 0.372 0 0.699999999999815
126 0 0.372 -0.7000000000001849
127 0 0.372 -0.6500000000003697
128 0 0.372 -0.6000000000005545
129 0 0.372 -0.5500000000007395
130 0 0.372 -0.5000000000009244
131 0 0.372 -0.4500000000011093
132 0 0.372 -0.4000000000012943
133 0 0.372 -0.3500000000014792
134 0 0.372 -0.3000000000016642
135 0 0.372 -0.2500000000018491
136 0 0.372 -0.2000000000020341
137 0 0.372 -0.1500000000022191
138 0 0.372 -0.1000000000024039
139 0 0.372 -0.05000000000258897
140 0 0.372 -2.752242878045763e-12
141 0 0.372 0.04999999999741145
142 0 0.372 0.09999999999759623
143 0 0.372 0.1499999999977812
144 0 0.372 0.199999999997966
145 0 0.372 0.249999999998151
146 0 0.372 0.2999999999983358
147 0 0.372 0.3499999999985208
148 0 0.372 0.3999999999987056
149 0 0.372 0.4499999999988906
150 0 0.372 0.4999999999990754
151 0 0.372 0.5499999999992604
152 0 0.372 0.5999999999994454
153 0 0.372 0.6499999999996302
154 0 0.372 0.699999999999815
155 -0.372 0 -0.7000000000001849
156 -0.372 0 -0.6500000000003697
157 -0.372 0 -0.6000000000005545
158 -0.372 0 -0.5500000000007395
159 -0.372 0 -0.5000000000009244
160 -0.372 0 -0.4500000000011093
161 -0.372 0 -0.4000000000012943
162 -0.372 0 -0.3500000000014792
163 -0.372 0 -0.3000000000016642
164 -0.372 0 -0.2500000000018491
165 -0.372 0 -0.2000000000020341
166 -0.372 0 -0.1500000000022191
167 -0.372 0 -0.1000000000024039
168 -0.372 0 -0.05000000000258897
169 -0.372 0 -2.752242878045763e-12
170 -0.372 0 0.04999999999741145
171 -0.372 0 0.09999999999759623
172 -0.372 0 0.1499999999977812
173 -0.372 0 0.199999999997966
174 -0.372 0 0.249999999998151
175 -0.372 0 0.2999999999983358
176 -0.372 0 0.3499999999985208
177 -0.372 0 0.3999999999987056
178 -0.372 0 0.4499999999988906
179 -0.372 0 0.4999999999990754
180 -0.372 0 0.5499999999992604
181 -0.372 0 0.5999999999994454
182 -0.372 0 0.6499999999996302
183 -0.372 0 0.699999999999815
184 0 -0.372 -0.7000000000001849
185 0 -0.372 -0.6500000000003697
186 0 -0.372 -0.6000000000005545
187 0 -0.372 -0.5500000000007395
188 0 -0.372 -0.5000000000009244
189 0 -0.372 -0.4500000000011093
190 0 -0.372 -0.4000000000012943
191 0 -0.372 -0.3500000000014792
192 0 -0.372 -0.3000000000016642
193 0 -0.372 -0.2500000000018491
194 0 -0.372 -0.2000000000020341
195 0 -0.372 -0.1500000000022191
196 0 -0.372 -0.1000000000024039
197 0 -0.372 -0.05000000000258897
198 0 -0.372 -2.752242878045763e-12
199 0 -0.372 0.04999999999741145
200 0 -0.372 0.09999999999759623
201 0 -0.372 0.1499999999977812
202 0 -0.372 0.199999999997966
203 0 -0.372 0.249999999998151
204 0 -0.372 0.2999999999983358
205 0 -0.372 0.3499999999985208
206 0 -0.372 0.3999999999987056
207 0 -0.372 0.4499999999988906
208 0 -0.372 0.4999999999990754
209 0 -0.372 0.5499999999992604
210 0 -0.372 0.5999999999994454
211 0 -0.372 0.6499999999996302
212 0 -0.372 0.699999999999815
213 0.2655782854103471 0.260484499190451 -0.5398391633386326
214 0.2642215687581603 0.2618605785584701 -0.1628295454358887
215 0.2660162584242979 0.2600372093642315 -0.3295904014796163
216 0.2630359413998842 0.263051503572735 -0.05026355240018057
217 0.2630437284985856 0.2630437167042055 -0.001872599490946397
218 0.2630437255499906 0.2630437196528005 0.04237887988966238
219 0.2630437226014112 0.26304372260138 0.3486344152765122
220 0.263043722601398 0.2630437226013932 0.2544058298728185
221 0.2630437226013957 0.2630437226013955 0.1522983785210537
222 0.2630437226014342 0.263043722601357 0.4078633823187403
223 0.2630437226014022 0.263043722601389 0.3000856703814087
224 0.130347168281732 0.3484158660579821 0.5384704903468371
225 0.1457854091192778 0.3422435017468187 -0.5537507612734743
226 0.3484158660580841 0.1303471682814596 0.5384704903468371
227 0.3441740223109487 0.141167426718427 -0.5552271429455944
228 0.3373269232352148 0.1568264864768175 0.5993827249106081
229 0.3445205991540866 0.1403194810370573 -0.6037228829321741
230 0.1568264864772257 0.337326923235025 0.599382724910608
231 0.3563107274117504 0.1068955823750881 0.695367498145891
232 0.3591519835325993 0.09692188981132904 -0.6845599997011095
233 0.1068955823755284 0.3563107274116183 0.6953674981458909
234 0.09676948461255797 0.3591930773940665 -0.6843621839984948
235 0.3658240731639097 0.06750368503842036 0.7064011299110343
236 0.3682857134004139 0.05243694599371795 -0.7045482796079121
237 0.06750368503870299 0.3658240731638578 0.7064011299110343
238 0.05311276294108287 0.3681888569915775 -0.7110293194777562
239 0.1749151323567432 0.3283118890211303 -0.5111285621077017
240 0.3339281901203809 0.1639389027745602 -0.5063348587761972
241 0.1764867023746296 0.3274697602602854 0.512115859512439
242 0.3274697602604203 0.1764867023743796 0.512115859512439
243 0.1616046284185177 0.3350640895018636 0.4586494064419981
244 0.3350640895019346 0.1616046284183703 0.4586494064419981
245 0.1455234577745986 0.3423549667192292 -0.03630499161477968
246 0.3423549667192292 0.1455234577745987 -0.03630499161477974
247 0.3458181917800164 0.137090401684435 0.2559003120784435
248 0.1370904016844435 0.3458181917800131 0.2559003120784435
249 0.1291565409888039 0.3488589799902067 -0.2448928647046321
250 0.3386546321372911 0.1539384296787388 -0.09649792860317657
251 0.1564776099288396 0.3374888999522174 -0.08835757063544095
252 0.3442645072307024 0.1409466177714157 0.3709238519560745
253 0.3414703733907402 0.1475872084443241 0.2021142826572246
254 0.1475872084443255 0.3414703733907396 0.2021142826572246
255 0.1409466177714577 0.3442645072306853 0.3709238519560745
256 0.1544772474627274 0.3384091902066774 0.08380982772561144
257 0.3384091902066774 0.1544772474627275 0.08380982772561146
258 0.1554907654667878 0.3379447023620172 -0.354181476057682
259 0.1398808906928198 0.3446989069013469 -0.3887475770442716
260 0.3528524266986051 0.1178098678927428 -0.1350536446505328
261 0.1178098678927428 0.3528524266986051 -0.1350536446505329
262 0.1526250895698187 0.3392485549472609 -0.3002337984106014
263 0.3414424304016225 0.1476518429327351 -0.2977595727459931
264 0.3431388870291363 0.143665250524981 0.0003361211472985293
265 0.143665250524981 0.3431388870291364 0.000336121147298557
266 0.3449864802683548 0.1391701420278501 -0.1858179529895652
267 0.1476653276739814 0.3414365988041347 -0.1929098155170836
268 0.3613308797204914 0.08845335132382356 0.1430443402837486
269 0.0884533513238237 0.3613308797204914 0.1430443402837486
270 0.2630437226016276 0.2630437226011636 0.6212236306267152
271 0.2632905434294343 0.2627966699572753 -0.6348996875512773
272 0.3217187384268596 0.1867647004790515 0.7004094387341754
273 0.1867647004797609 0.3217187384264478 0.7004094387341754
274 0.3289189229601574 0.1737709472804069 -0.7044285056280587
275 0.1739615508356767 0.3288181546551927 -0.7044455366628735
276 0.3067963410137328 0.2103806196886617 0.5494092583035355
277 0.2103806196890001 0.3067963410135008 0.5494092583035355
278 0.3108417430633648 0.2043560881631107 -0.5776767907096871
279 0.365057319967793 0.07153427946049548 -0.5600213898573201
280 0.08630792521963526 0.3618493361114289 0.5509525958101009
281 0.3618493361114771 0.0863079252194331 0.5509525958101009
282 0.05127863021695402 0.368448778099579 -0.6568137328677643
283 0.3657912859881213 0.06768112805765245 -0.6553831536917067
284 0.06187048122766713 0.3668188157015079 0.6540179607537847
285 0.366818815701546 0.06187048122744101 0.6540179607537847
286 0.2630437226015045 0.2630437226012867 0.5019627698957259
287 0.2676512864022044 0.2583539991702182 -0.3934819332897436
288 0.0920580050128994 0.3604293602261682 -0.5004446939035119
289 0.1207740658403974 0.3518488667316967 -0.3519035548831288
290 0.3463938436927585 0.1356292927496001 -0.3593619152244173
291 0.290325592838969 0.2325834261995062 0.4661188353144111
292 0.2325834261996707 0.2903255928388372 0.466118835314411
293 0.3640230696165237 0.07662378734416306 -0.4770614128399503
294 0.3149006433859682 0.1980444010698186 0.4239738599086633
295 0.1980444010699247 0.3149006433859015 0.4239738599086634
296 0.2943528383179044 0.2274651766187379 0.1776252327781716
297 0.2274651766187387 0.2943528383179038 0.1776252327781717
298 0.07042706151069539 0.3652725407240034 -0.4126673631089328
299 0.2020557310681307 0.3123419304904854 -0.623956715254284
300 0.3108041583713781 0.2044132459970714 -0.6267690601811142
301 0.2965341357849345 0.2246141275928163 -0.3038564733706604
302 0.2382173869785958 0.2857209767257032 -0.308080182955994
303 0.3112102861870562 0.2037944007360617 0.03497493465252621
304 0.2037944136934191 0.3112102777019993 0.03497493525026266
305 0.2003709977968564 0.3134253710883854 0.3733948748936198
306 0.3134253710884188 0.2003709977968042 0.3733948748936198
307 0.3600745110507411 0.09343632319162466 0.1002105627792506
308 0.09343632319162473 0.360074511050741 0.1002105627792505
309 0.3123467643145499 0.2020482586468662 0.142840803100417
310 0.2020482586468663 0.3123467643145499 0.142840803100417
311 0.3654535589302442 0.06948162537835784 -0.154712829709639
312 0.06948162537835789 0.3654535589302442 -0.1547128297096391
313 0.0839198422222257 0.3624106235768988 0.3705228452860964
314 0.3624106235769057 0.08391984222219612 0.3705228452860964
315 0.3647564172174638 0.07305310464777946 -0.1025359910087647
316 0.07305310464777945 0.3647564172174638 -0.1025359910087648
317 0.3085955805154411 0.207732442546507 0.2165590146088618
318 0.2077324425465095 0.3085955805154394 0.2165590146088618
319 0.3652336696941268 0.07062836910025189 0.2673358038402398
320 0.07062836910025846 0.3652336696941255 0.2673358038402399
321 0.3182464447097438 0.1926219105647327 -0.276282995980629
322 0.2000520783104824 0.3136290260222362 -0.2780500736547072
323 0.07025260500837754 0.3653061339336323 -0.04099677975275542
324 0.3653061376802216 0.0702525855265049 -0.04099670122495769
325 0.32125382192151 0.1875632743924638 -0.05792357940280063
326 0.187891849818777 0.3210617585008811 -0.04732679551211547
327 0.3658531183171551 0.06734608984650675 -0.2001577672273605
328 0.06736829233796295 0.3658490305952261 -0.2002471280305856
329 0.3663834148359119 0.06439870598991912 0.2048194948707676
330 0.06439870598992108 0.3663834148359116 0.2048194948707676
331 0.305899026453831 0.2116832199646403 -0.0123018919288638
332 0.2116834218748075 0.305898886731175 -0.01230182410657735
333 0.3657242076365471 0.06804266270965396 0.007843052094948455
334 0.06804266858265128 0.3657242065438812 0.007843028449052006
335 0.3083175309637807 0.2081449016920616 -0.2298531834316863
336 0.2067311410914427 0.3092672554652851 -0.2315941444575738
337 0.2034295868127393 0.3114488773606321 0.5999667201562288
338 0.311448877360926 0.2034295868122895 0.5999667201562287
339 0.3104377847573807 0.2049692215795582 -0.4848482873841159
340 0.303411542218584 0.2152334454691935 -0.5348595262670104
341 0.2021492020143494 0.3122814437730199 -0.4410167877658535
342 0.07718352089973324 0.363904800877263 0.4554337499870343
343 0.3639048008772794 0.07718352089965597 0.4554337499870343
344 0.2179686152774558 0.3014526210767264 -0.475848190597896
345 0.2254924251312277 0.2958668048437295 -0.5266505003518831
346 0.3091506248488531 0.2069055126272946 0.6561346750638316
347 0.2069055126278889 0.3091506248484555 0.6561346750638316
348 0.06096163889802393 0.3669709505980915 -0.3018108995748719
349 0.3660093820863428 0.06649159514384888 -0.2962646662577862
350 0.3109712787329821 0.2041589180103918 -0.6736855518433987
351 0.2040029933291931 0.3110735905099133 -0.6732384091233933
352 0.2322910997931966 0.2905595377145055 -0.3640879199291835
353 0.2983463762271408 0.2222013496631676 0.5064201133081512
354 0.2222013496634123 0.2983463762269586 0.5064201133081512
355 0.2910045586864051 0.231733352851355 -0.350960397868062
356 0.2879386491862237 0.2355320239475148 -0.6092001498930615
357 0.3603605744355768 0.09232689961468968 0.4976757433660159
358 0.09232689961483151 0.3603605744355405 0.4976757433660159
359 0.2327745718771331 0.2901723603092089 -0.6055634787030318
360 0.2634809055423444 0.2626058118446469 -0.5875100449366242
361 0.2630437226013964 0.2630437226013947 0.1985966309391884
362 0.1129476056535718 0.354438765341949 0.5827317752840077
363 0.3544387653420487 0.1129476056532591 0.5827317752840078
364 0.3468792378904282 0.1343830135119602 0.4867746407388784
365 0.1343830135121382 0.3468792378903592 0.4867746407388784
366 0.3340447998827031 0.163701165760433 0.6563301693063683
367 0.1637011657609704 0.3340447998824398 0.6563301693063683
368 0.2630437226014616 0.2630437226013297 0.4515997473119703
369 0.3638381018805304 0.0774973265343567 0.5972601855630284
370 0.07749732653458941 0.363838101880481 0.5972601855630284
371 0.3571388678387293 0.1040952884566374 -0.5268883153110447
372 0.3704475107786308 0.03395057816762721 0.1473596403662497
373 0.0339505781676275 0.3704475107786308 0.1473596403662498
374 0.2876343562010314 0.2359035335318616 -0.5699008329925976
375 0.1381438929093784 0.3453987041837913 -0.4786400066210926
376 0.235238943499075 0.2881781384169156 -0.5641391910821658
377 0.1238549204702628 0.3507762230757736 0.1146418192649712
378 0.3507762230757734 0.1238549204702627 0.1146418192649712
379 0.2779418574703255 0.2472495174230785 0.541502248728953
380 0.2463193476101881 0.2787665313356165 0.5429125999873121
381 0.3329069365864152 0.1660029263978452 -0.6476956141255577
382 0.1587963000514496 0.3364041246625403 -0.6506129612695244
383 0.05228563643780123 0.3683072253191541 -0.6088370453786213
384 0.1536300565151428 0.338794636520642 0.7033776784915893
385 0.3387946365209252 0.1536300565145184 0.7033776784915893
386 0.3253781626434579 0.1803137578632518 -0.5543677674821654
387 0.2630437226013956 0.2630437226013956 0.09025459753537723
388 0.04021971099936932 0.3698193813838414 -0.5135924435117567
389 0.1756018728172389 0.3279450903170806 0.5567753600335176
390 0.3279450903172694 0.1756018728168864 0.5567753600335176
391 0.365149780371881 0.07106080420574276 -0.60228010804788
392 0.199832299678724 0.3137691061993081 -0.5687700637123992
393 0.262867862598907 0.2632194651097864 0.5757562244161774
394 0.3706467331792283 0.03170172209148615 -0.6668948038622902
395 0.09876776846699332 0.3586487528377178 -0.540721254068362
396 0.3705421877868821 0.032901171257432 -0.4787503059624119
397 0.3706080950914756 0.03215026986928214 -0.574881877766279
398 0.05372831014279486 0.3680995363881889 -0.555742962124274
399 0.1335899013358759 0.3471854522601298 -0.6971412755551654
400 0.347215030448638 0.1335130054734416 -0.6971515469182616
401 0.3408353772016938 0.1490477965210455 0.4097217205895735
402 0.1490477965211243 0.3408353772016595 0.4097217205895736
403 0.3536806945153414 0.1152994636897576 0.6358037840465279
404 0.1152994636901421 0.3536806945152159 0.6358037840465278
405 0.159213799429004 0.3362067311512084 -0.6010332123485292
406 0.3555261428619413 0.1094767634784222 -0.5788213526095832
407 0.04910612946953346 0.3687446108738693 0.5239750772517467
408 0.3687446108738821 0.04910612946943749 0.5239750772517466
409 0.3460477034665515 0.1365100250000914 0.1580001540354476
410 0.1365100250000918 0.3460477034665513 0.1580001540354476
411 0.2501844440466381 0.2753030039012914 -0.5004136802330956
412 0.3445886005731366 0.1401524040287833 0.3187625679922892
413 0.1401524040288072 0.3445886005731268 0.3187625679922891
414 0.3691732909326681 0.04577205765468182 -0.5236679476759321
415 0.3011231167667868 0.2184235988822088 0.7069829184534212
416 0.2217400282814031 0.2986894036583195 0.7068459062935259
417 0.3297765172768783 0.1721378768683193 -0.5938707597527415
418 0.3421182746920626 0.1460790406654096 0.03553090263791575
419 0.1460790406654096 0.3421182746920625 0.03553090263791572
420 0.370482118300321 0.03357082095670136 -0.6264289316524108
421 0.3545282269720245 0.1126664825051027 -0.638516379718039
422 0.1058359679863013 0.3566269029117161 -0.6438394245215805
423 0.07551674181133691 0.3642543365647137 -0.3540016118651885
424 0.3634534435000569 0.07928174069702829 -0.343949094299846
425 0.06724384761357113 0.3658719242550907 -0.2542357937121647
426 0.366206345065652 0.0653981103217556 -0.2500263178942993
427 0.1043385831411351 0.3570678647933755 -0.4476517639712226
428 0.2340681478840915 0.2891299053126656 0.3902913976288759
429 0.2891299053127201 0.2340681478840242 0.390291397628876
430 0.03566971237387433 0.3702859322458323 -0.3790467295260674
431 0.2328919981786023 0.2900781225538697 0.1171538986420788
432 0.2900781225538697 0.2328919981786022 0.1171538986420789
433 0.1304520256519901 0.3483766194842767 -0.5169370555948286
434 0.1779204100205587 0.3266930175227445 0.2355343252855715
435 0.3266930175227467 0.1779204100205546 0.2355343252855715
436 0.2945628262325731 0.2271931807996861 0.3489983814981632
437 0.2271931807997238 0.294562826232544 0.3489983814981632
438 0.2943342612948126 0.2274892143114414 -0.05419972030449091
439 0.2275217469442798 0.2943091141426358 -0.05249686018674909
440 0.04895680231180304 0.36876446616696 -0.4652290142421562
441 0.2064267424577872 0.3094705155556283 -0.7143754119398663
442 0.3095023355635216 0.2063790306226027 -0.7144630162737075
443 0.3682060147271954 0.05299368564948314 -0.3835548697994201
444 0.2807756048168181 0.2440267602943372 -0.2340372825055192
445 0.04599241742557378 0.3691459027801226 0.3756228321428779
446 0.369145902780125 0.04599241742555303 0.3756228321428778
447 0.3704169111645616 0.03428282256911006 -0.1770736540958874
448 0.0342865691639349 0.3704165643906421 -0.1770885475630916
449 0.03277981014772494 0.3705529436486493 -0.2762492793704618
450 0.3695265162209891 0.04282702195552545 0.479261504165152
451 0.04282702195558438 0.3695265162209823 0.479261504165152
452 0.3705463552054519 0.03285420283548227 -0.3251733241168501
453 0.3177681718812452 0.1934098987623213 -0.1100453230925469
454 0.09377672940749843 0.3599860067025284 -0.2332626291666708
455 0.3557374305200716 0.108788237080013 -0.2221921340990905
456 0.03370625741812653 0.3704698209177948 -0.2263034581133645
457 0.3704607469230438 0.03380584253084681 -0.2259782432046464
458 0.3705782409089404 0.03249257399522596 -0.2758958760293009
459 0.03425641488726738 0.3704193542987074 -0.3268514200566221
460 0.3313630690722763 0.1690636461661752 -0.1426533355276396
461 0.1736570771186623 0.3289790564254857 -0.139334504639877
462 0.2908901457211285 0.2318769568593236 -0.1927197016271212
463 0.230843246059125 0.2917111512247795 -0.1956219629590253
464 0.1758192066237921 0.3278286237993569 -0.4571973066595296
465 0.2893681637672176 0.2337735352814529 -0.7034071737201153
466 0.2336784621403465 0.2894449452516361 -0.7031239769423492
467 0.3292385122280969 0.1731646674868439 -0.4566367994114423
468 0.1153651224037041 0.3536592831140988 0.4440303903675651
469 0.3536592831141326 0.1153651224036006 0.4440303903675651
470 0.1092094653836727 0.3556083416774869 -0.3978272420253064
471 0.0797806655945992 0.3633442519117134 0.05191170406759962
472 0.3633442520154871 0.07978066512198344 0.05191170598291162
473 0.3580749711057463 0.1008281462073902 -0.1795868657352375
474 0.1065978862765761 0.356399902695506 -0.1921803651967115
475 0.3579113763768236 0.1014073304058816 -0.3914866793324506
476 0.230884013243153 0.2916788858123527 0.628968720115727
477 0.2916788858127634 0.2308840132426342 0.628968720115727
478 0.0981851776998115 0.3588086828381616 0.2383319583227542
479 0.3588086828381624 0.0981851776998084 0.2383319583227541
480 0.2617334694241907 0.2643474815147219 -0.2069770835417284
481 0.3702938282010458 0.03558764948987558 -0.1234977774427607
482 0.03558827371510015 0.3702937682084038 -0.1235002596872948
483 0.3526984837018959 0.1182699437489651 0.06441038652795761
484 0.118269943748965 0.352698483701896 0.06441038652795758
485 0.3546321848389926 0.1123388333405797 -0.06765863603363736
486 0.1123388333405797 0.3546321848389927 -0.0676586360336373
487 0.1875061212054656 0.3212871838565635 -0.3958286904179995
488 0.3691725889498617 0.04577771912247677 -0.4377375417423955
489 0.286028407874707 0.2378481656197082 0.2964843322185486
490 0.237848165619727 0.2860284078746914 0.2964843322185487
491 0.03109936737561166 0.3706977601076606 -0.4213886213759119
492 0.2979165537740372 0.2227773035733245 -0.4390967306408803
493 0.2898550173275719 0.2331696140796071 0.06594853070829773
494 0.2331696193401145 0.2898550130958339 0.06594853091520658
495 0.0415453837645199 0.3696728027429916 0.569907963124809
496 0.3696728027430036 0.04154538376441168 0.569907963124809
497 0.3253599891359432 0.1803465482604502 -0.4027389328780971
498 0.3274484615798942 0.1765262162086993 0.04828465458348891
499 0.1765262162086993 0.3274484615798942 0.04828465458348891
500 0.285779543747107 0.2381471233832046 -0.1200845346181376
501 0.2515462834060762 0.2740592405021038 -0.1181425639761113
502 0.3251709494810156 0.1806871705838981 0.1795360680652016
503 0.1806871705838994 0.325170949481015 0.1795360680652017
504 0.2842796031999275 0.2399356313774419 -0.02261090625527354
505 0.2399363795220674 0.2842789717545819 -0.02261059826423437
506 0.2850877373286888 0.2389748564698983 0.4279694444965324
507 0.2389748564700085 0.2850877373285965 0.4279694444965324
508 0.2261008743128251 0.2954020897606786 -0.4216814514834946
509 0.04053786589990861 0.3697846419583715 0.4280858766728857
510 0.3697846419583751 0.04053786589987489 0.4280858766728856
511 0.3634730560024906 0.07919177709971005 0.4103142772418011
512 0.07919177709976222 0.3634730560024794 0.4103142772418012
513 0.3463581606575013 0.1357203910470068 0.6719036623433918
514 0.1357203910475066 0.3463581606573054 0.6719036623433918
515 0.02595433836727788 0.3710934819151595 -0.6289126945618272
516 0.1430789412297729 0.3433837744806344 -0.4276487644565707
517 0.2888144555366869 0.2344572674775663 0.2343834905337836
518 0.234457267477572 0.2888144555366822 0.2343834905337836
519 0.2714511768702751 0.2543585236939044 -0.2805613896843001
520 0.2430218870683002 0.2816458102045232 -0.2474480437213986
521 0.3687684627409307 0.04892668890994713 0.09145576840362168
522 0.04892668897847169 0.3687684627318392 0.09145576813000561
523 0.03565360896195798 0.3702874831370725 -0.07275606528244978
524 0.3702874936103051 0.0356535001899972 -0.07275563274112484
525 0.2629636162055161 0.2631238046093853 -0.6829742784195444
526 0.3552873010225288 0.1102494160171697 0.3492688965656474
527 0.1102494160171972 0.3552873010225203 0.3492688965656475
528 0.24685225417628 0.2782947441258803 0.6664210548370537
529 0.2817144321944539 0.2429423361486349 0.6652525774562648
530 0.2341357423195418 0.289075170446161 -0.6526251993453869
531 0.2885036775829624 0.2348395793325862 -0.6537896329581386
532 0.1730002025028726 0.3293249609944029 0.291144982553853
533 0.3293249609944128 0.1730002025028537 0.291144982553853
534 0.1121087677737368 0.3547049819050393 0.001365458138692932
535 0.3547049819050392 0.1121087677737369 0.001365458138692932
536 0.07107246743732774 0.3651475104288265 0.328269394985616
537 0.3651475104288296 0.07107246743731131 0.3282693949856159
538 0.03642582017322894 0.3702123169543493 0.2864368516423285
539 0.3702123169543499 0.03642582017322276 0.2864368516423286
540 0.3324638100504601 0.1668886305496319 0.1287093251484703
541 0.1668886305496323 0.33246381005046 0.1287093251484702
542 0.3298910077128109 0.1719183615272843 0.3859716905791747
543 0.1719183615273476 0.3298910077127781 0.3859716905791746
544 0.3566888060409059 0.1056271539194017 -0.3129025745793955
545 0.1134299085533072 0.3542847101493208 0.3924636636677929
546 0.3542847101493388 0.1134299085532512 0.3924636636677929
547 0.1015200121477782 0.3578794310008818 -0.2916862141411435
548 0.3096217888296305 0.2061997766292185 0.2667538270579661
549 0.2061997766292317 0.3096217888296218 0.2667538270579661
550 0.3286270787066697 0.1743222393750154 0.0008656961241856331
551 0.1743222674417065 0.3286270638185207 0.0008656973503115145
552 0.2576576924829443 0.2683216605202876 -0.4569284949051314
553 0.1048855689030701 0.3569075754812151 0.2929781556308315
554 0.3569075754812194 0.1048855689030556 0.2929781556308316
555 0.1968968217501884 0.3156194569171464 0.08711333807740723
556 0.3156194569171464 0.1968968217501883 0.08711333807740715
557 0.03516265657024309 0.3703344266780002 0.6144137438073467
558 0.3703344266780106 0.03516265657013207 0.6144137438073467
559 0.1714620801676672 0.3301283917880685 0.3477901519996602
560 0.3301283917880878 0.1714620801676298 0.3477901519996602
561 0.1077098842386422 0.356065416514014 -0.5887877984595211
562 0.3190503467805335 0.1912874178277842 -0.3393149083138617
563 0.1952413118086444 0.3166462224048152 -0.3328424527589553
564 0.03440452219297516 0.3704056274581597 0.2417184300698907
565 0.37040562745816 0.03440452219297217 0.2417184300698906
566 0.3143588074071558 0.1989033438772476 0.4734556148971327
567 0.1989033438774316 0.3143588074070395 0.4734556148971327
568 0.31151236964352 0.203332347547258 0.320761091703635
569 0.2033323475472878 0.3115123696435005 0.3207610917036349
570 0.3543055431126884 0.1133648187032593 0.1985457481255436
571 0.1133648187032609 0.3543055431126879 0.1985457481255436
572 0.3498444393955301 0.1264629124448238 -0.4729148172795339
573 0.2865971614122987 0.2371625330241115 0.5861378003912229
574 0.2369389942938038 0.2867819955698767 0.5863728589342825
575 0.3699870298035907 0.03864709273822197 0.03028453328514491
576 0.03864709526390067 0.3699870295397704 0.03028452323340438
577 0.2959292599372687 0.2254104547552762 -0.2649182649945589
578 0.1913227390139494 0.3190291672186105 -0.1914472672310341
579 0.3210364190288453 0.1879351421558395 -0.1899384429577924
580 0.1332664836222255 0.347309723939551 -0.6210683491497888
581 0.207617985556648 0.308672596894184 -0.099202545180194
582 0.3011122704817613 0.2184385510053538 -0.08704656230154445
583 0.3554423828673849 0.1097484052802377 -0.2695463168455279
584 0.1721006418720249 0.3297959506531833 -0.2378449061023254
585 0.03078610787889847 0.3707239074589994 0.3280658157535357
586 0.3707239074590002 0.03078610787888966 0.3280658157535357
587 0.3013507997715362 0.2181093658627603 -0.3828831040021993
588 0.3711381791949533 0.02530715202970709 -0.7261370699020242
589 0.2871261226348614 0.2365218588221192 0.01775282459590047
590 0.2365220224275211 0.287125987863856 0.01775288736556235
591 0.3237832283069329 0.1831622806888485 0.6279535723592592
592 0.1831622806893492 0.3237832283066496 0.6279535723592591
593 0.2822247706099317 0.2423492910123142 -0.492664313794811
594 0.3371187272553042 0.1572735315740181 -0.2387700855786119
595 0.3609287151447108 0.09008031185552243 -0.433649243444922
596 0.03553412631645217 0.3702989682228757 -0.02093754889301505
597 0.3702989704139402 0.03553410348349474 -0.02093745809855502
598 0.2187852687612415 0.3008604430181396 -0.1507526981099849
599 0.3040691982696094 0.2143033426329998 -0.1520104656108911
600 0.2463887780670179 0.2787051668746773 -0.08134328416303774
601 0.2746760707070705 0.250872589536849 -0.08518003629391702
602 0.3465768587588329 0.1351609447024541 -0.4194647312618104
603 0.2639822953384741 0.2621017889062006 0.7136432081486092
604 0.03569176495075888 0.3702838072542463 0.6920838181328528
605 0.3702838072542605 0.03569176495060991 0.6920838181328528
606 0.02547743453414918 0.3711265287332045 -0.7277573298694852
607 -0.257918465578761 0.2680710075959304 -0.2196981034409044
608 -0.2617310616555136 0.264349865452354 -0.2988282577794121
609 -0.2620723995230941 0.2640114721147693 -0.5425045219921366
610 -0.2630434950361479 0.2630439501664465 0.0307128443291968
611 -0.2630437226013913 0.2630437226013999 0.2832601917397772
612 -0.2630440933139221 0.2630433518883467 0.0769638966376642
613 -0.2630437270793829 0.2630437181234081 0.2248074090753182
614 -0.3431359927148169 0.1436721632871764 0.5499975671920184
615 -0.3421378296027359 0.1460332344185021 -0.5542281251429912
616 -0.1436721632868684 0.3431359927149459 0.5499975671920184
617 -0.141167426718427 0.3441740223109487 -0.5552022762998761
618 -0.1549298221630192 0.3382022327018779 0.6041049241643294
619 -0.1403194810370573 0.3445205991540865 -0.6037149683705205
620 -0.3382022327016914 0.1549298221634262 0.6041049241643293
621 -0.1146032410955467 0.353906904609667 0.7045094347569427
622 -0.09692188981132904 0.3591519835325994 -0.6845596856445517
623 -0.3539069046095162 0.1146032410960123 0.7045094347569427
624 -0.3626972766281115 0.08267215690032025 -0.6973799115651413
625 -0.0664227133639383 0.3660218888937818 0.7096380874288368
626 -0.05243694599371795 0.3682857134004139 -0.7045479959752197
627 -0.3660218888937307 0.06642271336422045 0.7096380874288368
628 -0.3280181898584835 0.1754652875128407 -0.5124342184879072
629 -0.1699434946156909 0.3309126903547317 -0.5089888404404195
630 -0.3270539836458913 0.1772560063336445 0.514324708451134
631 -0.1772560063333946 0.3270539836460266 0.514324708451134
632 -0.3461995819637508 0.1361243896152492 -0.01726679468098399
633 -0.1363890963152862 0.3460953833935083 -0.01715051819395108
634 -0.3356804172638069 0.160320483612034 -0.3100328859298978
635 -0.1297919468954297 0.3486230780098957 -0.07526310436339578
636 -0.3493962666051748 0.1276959235150659 -0.0763313587949605
637 -0.133605286099953 0.3471795321244466 0.2152728741828082
638 -0.3471795432021342 0.1336052573140645 0.2152728648717875
639 -0.1641450235120178 0.3338269181121244 0.123372935466224
640 -0.3338271801012245 0.1641444906954375 0.123372798888696
641 -0.1387078545327688 0.3451726105746459 -0.1471894832493061
642 -0.344483519409075 0.1404104869856143 -0.1406310782762561
643 -0.1357260323566619 0.3463559500582 0.3174644826646439
644 -0.3463559504115027 0.1357260314550773 0.3174644819258189
645 -0.1411110252751003 0.3441971506939154 -0.1911313827141632
646 -0.1426584047219991 0.3435586988597062 -0.2321835147163538
647 -0.3434656355538293 0.1428823193876837 -0.2035847738162283
648 -0.1267688688131326 0.3497336899697235 0.4257420350812371
649 -0.3497336899696943 0.1267688688132132 0.4257420350812371
650 -0.2630437226011644 0.2630437226016268 0.6209172747397166
651 -0.2627966699572753 0.2632905434294343 -0.6348869149557889
652 -0.1867647004790515 0.3217187384268597 0.700366120727448
653 -0.3217187384264478 0.1867647004797609 0.7003661207274479
654 -0.1737709472804068 0.3289189229601573 -0.7044264392753453
655 -0.3288181546551927 0.1739615508356767 -0.7044433604883031
656 -0.211032852241305 0.3063480622998935 0.5491216592602615
657 -0.306348062299663 0.2110328522416397 0.5491216592602615
658 -0.2043560881631107 0.3108417430633648 -0.5776537932656285
659 -0.07157181195493603 0.3650499633385643 -0.5600265361587086
660 -0.3635679676786294 0.07875489113719192 0.5330619108255368
661 -0.07875489113703048 0.3635679676786644 0.5330619108255369
662 -0.262445684676243 0.263640403949808 0.4914237884776578
663 -0.3691964788448769 0.04558464663178079 -0.6666525082735572
664 -0.06768112805765247 0.3657912859881213 -0.6553820722328814
665 -0.2627061791521769 0.2633808334622401 -0.3552734416583634
666 -0.3600030231630632 0.09371138305165973 -0.4834888332903705
667 -0.08471601262884106 0.3622253403673878 -0.4843695653968943
668 -0.2349593604109629 0.2884061354327802 0.4568363589448809
669 -0.2928444559597476 0.2294038461178002 0.456245013753497
670 -0.1705335484556116 0.3306089969301161 0.4161702435712834
671 -0.3315905785235114 0.1686169867909011 0.4130637674058292
672 -0.3623709122350329 0.08409115272102077 -0.3094666901332315
673 -0.07831393905117401 0.36366320538417 -0.2956145453450351
674 -0.3118378958521149 0.2028327555167694 0.1583283034154967
675 -0.2028329036058203 0.3118377995285881 0.1583283518034785
676 -0.312342597603526 0.2020546998272543 -0.6239399931465072
677 -0.2044132463762787 0.3108041581219768 -0.6267563238951533
678 -0.1970025329674686 0.315553485172326 0.3328920808698093
679 -0.3155534851723086 0.1970025329674964 0.3328920808698093
680 -0.07474452509146073 0.3644135781894686 -0.2515613998968789
681 -0.3030057160991111 0.2158043929378287 -0.1493500535083559
682 -0.2129941252717291 0.3049877089322305 -0.1426529027646544
683 -0.2178124083100894 0.3015655066252751 -0.09278261226176593
684 -0.2989120049148527 0.2214398638858484 -0.09232057964748183
685 -0.05050212320418766 0.368556014130646 -0.1605412556733026
686 -0.3661184936463279 0.0658881522744697 -0.1602956579427518
687 -0.08353837674897074 0.3624987442876829 0.1850502546860202
688 -0.3624987475640099 0.08353836253197801 0.1850503706745719
689 -0.04888836708148408 0.3687735450979449 -0.1100714669634314
690 -0.3668045106445343 0.06195523360317272 -0.1098214331264432
691 -0.3623289895152706 0.08427160468890338 -0.06724140405501947
692 -0.08422643260496324 0.3623394928111501 -0.06735746132009834
693 -0.3633364146099731 0.07981635057035344 -0.1962540637586291
694 -0.05234264291208248 0.3682991280643739 -0.01952736992925524
695 -0.3682978021118062 0.05235197187893519 -0.0194827082441283
696 -0.2050761518973329 0.3103671566435179 -0.008859912577128481
697 -0.3103721090233431 0.2050686566504058 -0.00882374596839125
698 -0.2098289680288949 0.3071738989170937 0.1006807661703822
699 -0.307174768777161 0.2098276946132175 0.100680435849042
700 -0.196119295576853 0.3161031823668324 0.245596425805399
701 -0.3161031892311124 0.1961192845130725 0.2455964222693761
702 -0.3120932734172088 0.2024395926881183 0.03498625891750129
703 -0.2024432691975461 0.3120908886151754 0.03497515332663031
704 -0.2068333624943793 0.3091989006436935 -0.1939825525386456
705 -0.06066530945165746 0.3670200542601652 0.04103112371016721
706 -0.3670219538788559 0.06065381579873484 0.04103659133935333
707 -0.08720462015464985 0.3616342824231176 0.09651921712988915
708 -0.3616342212204108 0.08720487395958379 0.09652183296321104
709 -0.308056879977071 0.2085304742688521 -0.2070420859968171
710 -0.3106357828793638 0.2046690264669394 0.6003707136867218
711 -0.2046690264664905 0.3106357828796595 0.6003707136867218
712 -0.2049671880331325 0.3104391274143618 -0.2793558359105409
713 -0.3155285279468698 0.1970425031603116 -0.2666720922084843
714 -0.2008564101113091 0.3131145198121568 -0.4876703944557779
715 -0.2208360075859978 0.2993584101933284 -0.5263583085693995
716 -0.3631503554450978 0.08065865942413789 0.435920620973961
717 -0.08065865942407625 0.3631503554451115 0.435920620973961
718 -0.302164106618978 0.2169812265408113 -0.4279691448846583
719 -0.3027813384746035 0.2161190900210519 -0.4776746410444583
720 -0.09952680468804219 0.3584388583128066 0.4769043851585746
721 -0.3584388583127737 0.09952680468816098 0.4769043851585746
722 -0.2957359169675946 0.2256640587584472 -0.5264901831537698
723 -0.2073306204134794 0.3088656889959803 0.6560869908951299
724 -0.308865688995582 0.2073306204140727 0.6560869908951299
725 -0.204158918073627 0.3109712786914669 -0.673680291614553
726 -0.3110737027671823 0.2040028221537993 -0.6732323636222231
727 -0.3677736398451343 0.05591555986540277 0.1434744452644355
728 -0.05591548734461949 0.3677736508710401 0.1434738778981443
729 -0.2208962348132475 0.2993139713500366 0.501106346083763
730 -0.299313971349866 0.2208962348134786 0.5011063460837629
731 -0.2835829572927825 0.2407586059377314 -0.329523647582717
732 -0.235532026113923 0.2879386474141155 -0.6091777303806847
733 -0.2901738058855162 0.2327727698376995 -0.6055388569752077
734 -0.2626058118446469 0.2634809055423444 -0.5874833496759043
735 -0.3690246857444029 0.04695509888440928 0.4824394571191476
736 -0.04695509888434553 0.3690246857444109 0.4824394571191476
737 -0.3478874266687396 0.1317510469248812 0.1614018211744175
738 -0.1317511798106477 0.3478873763425491 0.1614018443940912
739 -0.3494812503169626 0.127463154193251 0.5174690722049871
740 -0.1274631541930339 0.3494812503170417 0.5174690722049871
741 -0.3533267435903096 0.116379604157548 0.5712012560049147
742 -0.116379604157251 0.3533267435904074 0.5712012560049147
743 -0.06409427856785058 0.3664367932602657 0.5832466197715014
744 -0.3664367932602356 0.06409427856802299 0.5832466197715014
745 -0.1743755818586929 0.328598777312762 0.6654256567844323
746 -0.3285987773124562 0.1743755818592693 0.6654256567844324
747 -0.1083222507743579 0.3558796004088701 -0.5235256055022857
748 -0.2359035461656352 0.2876343458394319 -0.5698479666554056
749 -0.3449253304742821 0.1393216293229706 -0.4684369949458337
750 -0.1255173765249004 0.3501847914891598 -0.4667650186808489
751 -0.2881519290046659 0.2352710475406822 -0.5640746236714085
752 -0.2472368291336849 0.2779531441087167 0.5396002924650943
753 -0.2787929781986219 0.2462894137131003 0.5410866049171679
754 -0.1375905970152006 0.3456194838445896 0.3789827872858209
755 -0.3456194838445704 0.1375905970152492 0.378982787285821
756 -0.1660029263978451 0.3329069365864152 -0.6476909743181847
757 -0.3363852738850589 0.1588362285918231 -0.6506580782920881
758 -0.3655179719261835 0.06914197132689863 -0.62490117507992
759 -0.3370916581921485 0.1573315415842218 0.7016661067091725
760 -0.1573315415835975 0.3370916581924399 0.7016661067091725
761 -0.180313772154848 0.3253781547235302 -0.5543040507316827
762 -0.3696880157640789 0.04140979353266644 -0.5138849273736357
763 -0.3260746950726821 0.1790510911255706 0.5603113360293533
764 -0.1790510911252133 0.3260746950728782 0.5603113360293533
765 -0.3397335592693832 0.1515424320319442 0.4686718438167694
766 -0.1515424320317918 0.3397335592694512 0.4686718438167694
767 -0.2632227101812266 0.262864613146863 0.574872856020781
768 -0.07106080420574276 0.3651497803718811 -0.6022761625572559
769 -0.3136811499217529 0.1999703382598698 -0.5689838656376706
770 -0.03170172209148614 0.3706467331792283 -0.6668942139488279
771 -0.3584286352763107 0.09956361491007315 -0.5410085910810576
772 -0.0440472116250882 0.3693830574729364 -0.4662670761701398
773 -0.03215026986928214 0.3706080950914756 -0.5748777610547033
774 -0.3685285540345053 0.05070211890282916 -0.5795454691741244
775 -0.3471854522601298 0.1335899013358759 -0.6971403208536919
776 -0.1335130054734417 0.3472150304486381 -0.6971506351576507
777 -0.1029279709564367 0.3574770381364246 0.6161539557951741
778 -0.3574770381363363 0.1029279709567437 0.6161539557951741
779 -0.3361415158124068 0.159351439740397 -0.6011922235391618
780 -0.3705847708798538 0.03241801338648333 0.542268190598864
781 -0.03241801338641274 0.37058477087986 0.5422681905988641
782 -0.1094767634784222 0.3555261428619413 -0.5787956498696006
783 -0.2670195687641416 0.2590068529923713 -0.4966573888693359
784 -0.04747477922020678 0.3689581891461314 -0.521332942284262
785 -0.2185259388797738 0.301048856561046 0.7069449486363361
786 -0.2986301300735532 0.2218198490042149 0.706807365512699
787 -0.1721378792824502 0.329776516016742 -0.5938485091132987
788 -0.3337068377902419 0.1643890094015934 -0.3523184807843668
789 -0.03357082095670136 0.370482118300321 -0.6264273519193642
790 -0.1126664825051027 0.3545282269720245 -0.6385100211643779
791 -0.3562297310375996 0.1071651936259129 -0.6439388946535359
792 -0.2608148637473701 0.26525385359772 0.1731024217881719
793 -0.3631329698644939 0.08073689489565741 -0.3730235644993716
794 -0.2926721770744071 0.2296235980175532 0.3609007685074923
795 -0.236652093615373 0.2870187913490346 0.3572467998641556
796 -0.0902495213950914 0.3608864418178616 -0.3609434049753953
797 -0.2324488980323123 0.2904333138666493 0.3086426347435712
798 -0.290433313866633 0.2324488980323328 0.3086426347435713
799 -0.2634376039175942 0.2626492506026938 0.331941317175066
800 -0.3300754141017998 0.1715640434517831 -0.1091424604000427
801 -0.166226481986101 0.3327953675857349 -0.112491148072387
802 -0.3511945813788848 0.1226636295325957 -0.3352016078334046
803 -0.2363241150622986 0.2872889010038873 -0.2589206709983096
804 -0.3352707974775047 0.1611753466222362 0.2654438761247737
805 -0.1611753527553531 0.3352707945291201 0.2654438792954306
806 -0.3477818093807397 0.1320295916219496 -0.5161762494047206
807 -0.1760808293353027 0.3276881772975521 -0.22069095932631
808 -0.3695770320029905 0.04238888316363804 -0.3285307442595092
809 -0.3094705382738343 0.206426708399139 -0.7143730676957127
810 -0.04035491739103087 0.3698046520020577 -0.3237317572429597
811 -0.2063790306351899 0.3095023355551284 -0.7144608734387123
812 -0.3549616832817028 0.1112933214609936 -0.1847716219793386
813 -0.3602020452916263 0.0929434589830246 0.1433724917213563
814 -0.09294345789513647 0.3602020455723356 0.1433722527353872
815 -0.1184944710319323 0.3526231137274789 -0.2626677438688931
816 -0.3581831964312954 0.100443007692223 -0.2356276627448856
817 -0.1045618358104563 0.3570025525006049 -0.2231855789581511
818 -0.1278979884120417 0.3493223505018728 -0.3112211934709084
819 -0.1988348995738285 0.3144021035417311 0.2881394891301204
820 -0.3144021035417231 0.1988348995738413 0.2881394891301204
821 -0.1660927513578178 0.3328621305381405 -0.2675187147612867
822 -0.2337735363979037 0.2893681628652639 -0.7034032288416445
823 -0.176974495884598 0.3272063993970661 -0.051904656312737
824 -0.3269564224656891 0.1774358977446159 -0.05159077200628225
825 -0.2894450378311035 0.2336783474670921 -0.7031196688276559
826 -0.1673544707166582 0.3322295608929872 0.0644013211312795
827 -0.3322309325218312 0.1673517477520758 0.06440985648720574
828 -0.2891233758608133 0.234076213082079 -0.2859349392191133
829 -0.3269094278765492 0.1775224660864851 -0.2214005935476311
830 -0.104319840284134 0.3570733410982857 0.3929532697472538
831 -0.3570733410982722 0.1043198402841805 0.3929532697472536
832 -0.3282661466853593 0.1750009626840554 0.1722944648608796
833 -0.1750009999013689 0.3282661268445482 0.1722944850262177
834 -0.2265445714903402 0.2950619547285926 -0.3207322976223083
835 -0.07096041179133884 0.3651693031436289 0.3877471651850299
836 -0.3651693031403805 0.0709604118080561 0.3877471651790166
837 -0.1692275795735778 0.3312793780356217 0.3572645206505473
838 -0.3312793780355996 0.1692275795736211 0.3572645206505473
839 -0.36962625887713 0.0419574635612884 -0.464711360056535
840 -0.3294146511668325 0.1728293597645783 0.3122408897402137
841 -0.1728293611412564 0.32941465044455 0.3122408905221105
842 -0.1296976464713115 0.348658171422674 -0.4121794077966123
843 -0.3262496640600097 0.1787320807821884 -0.4492362190912734
844 -0.1789789553107219 0.3261142952338681 -0.4518858253009561
845 -0.2791348839560368 0.2459018433417078 -0.01623464109925291
846 -0.2449637593577373 0.2799584908541345 -0.01707449208399003
847 -0.1336061959141977 0.3471791819987727 0.09049266549551191
848 -0.3471794832134207 0.1336054131974529 0.0904960810702389
849 -0.3278265171750955 0.1758231345325374 0.2190563047826925
850 -0.175823153447922 0.3278265070302101 0.2190563133480383
851 -0.2913484957489093 0.2313007869092704 0.6289042277151946
852 -0.2313007869087531 0.29134849574932 0.6289042277151946
853 -0.09779611549037417 0.3589149199949667 0.002762597683550083
854 -0.3589282326228886 0.09774724459650777 0.002754695935108548
855 -0.3699256543342014 0.03923022132760464 -0.4140877609743145
856 -0.2321069462918413 0.2907066657011432 0.1496393797465029
857 -0.2836491221664497 0.2406806504358056 0.1447822537677533
858 -0.1063211491052866 0.3564825567302436 -0.03155996898954244
859 -0.3564795258150067 0.1063313108858717 -0.03155076465107443
860 -0.287686172052265 0.2358403409298641 -0.2370808142818346
861 -0.2282110468592897 0.2937749446283447 0.2494338849213772
862 -0.2937749517941816 0.2282110376347433 0.2494338823510371
863 -0.2426749409974343 0.2819448049031791 -0.1824582912049345
864 -0.3117734300716912 0.2029318316611079 -0.3263869795797631
865 -0.1702095547347667 0.3307759173171353 0.01138408453511308
866 -0.3307588896931288 0.1702426412182582 0.01142724020312702
867 -0.2293538168219093 0.2928836402212012 -0.2150355826972523
868 -0.1707469106016784 0.3304988540373209 -0.3998286321306759
869 -0.3255293189280577 0.1800407246103918 -0.3945098881195599
870 -0.3699249875731986 0.0392365081138579 0.4163722531452982
871 -0.03923650811383134 0.3699249875732013 0.4163722531452982
872 -0.03777019596743996 0.3700775760520774 -0.268395636467488
873 -0.3684541314759809 0.05124015025622537 -0.272435172789639
874 -0.3184238147571155 0.1923285579302411 0.46149701794144
875 -0.193824245709978 0.3175156087107499 0.4663180330106014
876 -0.03548742747005491 0.3703034465024023 -0.4242616793098235
877 -0.2080768571192879 0.3083634568676376 0.3830814632160715
878 -0.3135454977765719 0.2001829683665464 0.3824532333221036
879 -0.3703752478568561 0.03473004139030663 0.1779085193265376
880 -0.03473003374283832 0.370375248573958 0.1779085080144471
881 -0.09903319421592005 0.3585755519320744 0.354938456248346
882 -0.3585755519893219 0.09903319400864079 0.3549384560291394
883 -0.1130017284912986 0.3544215136782455 0.2720221042222436
884 -0.354421516344458 0.1130017201289214 0.2720221060563635
885 -0.3696937816984747 0.04135828542723385 0.2175559601695749
886 -0.04135828864455832 0.3696937813385469 0.2175559346798185
887 -0.2631238967790122 0.2629635239797103 -0.6829671001261151
888 -0.1934855760688383 0.3177220984654823 -0.3632512635218735
889 -0.2781956118651318 0.2469639680985567 0.6663220731763633
890 -0.2430815225469276 0.2815943419109614 0.6651523958713146
891 -0.2890755681072185 0.2341352513473544 -0.6526135808914995
892 -0.2348395806470648 0.2885036765129877 -0.6537792072401017
893 -0.2875007406115437 0.2360663553914741 0.06352411672310182
894 -0.2360671670374767 0.2875000741685123 0.06352254027312698
895 -0.2602360540819391 0.2658217375533123 -0.4092057512071405
896 -0.2026027077525695 0.3119874080973892 0.2067162996106837
897 -0.3119874338487782 0.2026026680980637 0.2067162849367146
898 -0.0529742111475646 0.3682088170499087 -0.2182899284576172
899 -0.3285506773426146 0.1744661927644124 -0.170153980143027
900 -0.3691939680964151 0.04560497693479482 -0.2114087855065539
901 -0.2039149869881191 0.3111312875325064 -0.238387843559736
902 -0.1750696489813399 0.3282295203139875 -0.1680391305036185
903 -0.369661193802327 0.04164855095484508 -0.06909122113340474
904 -0.04158443014602477 0.3696684124582871 -0.06931658918296396
905 -0.3554257035305229 0.1098024101276139 -0.5901756411433799
906 -0.3665592848642558 0.06338998879795886 0.2882728805407124
907 -0.06338999246066013 0.3665592842308559 0.2882728761395317
908 -0.3690108570195167 0.04706365266021915 0.3503335578659796
909 -0.04706365279153881 0.3690108570027681 0.3503335580593231
910 -0.2324099133563655 0.2904645110399661 -0.4639073539444377
911 -0.352176262798335 0.1198160253112998 -0.2876569768432436
912 -0.3583989459985614 0.09967043446840314 -0.123169693780154
913 -0.3705488088874979 0.03282651720875188 -0.1374345643934811
914 -0.1031513750512587 0.3574126380320575 -0.1199143594489978
915 -0.2375210078794534 0.2863001411385062 0.5856311706479616
916 -0.2864886725352632 0.2372935745210618 0.5858788893899738
917 -0.2886342604225884 0.2346790653430881 0.1928617592224153
918 -0.2324240958799609 0.2904531625828554 0.1936712911575889
919 -0.3402522957287981 0.1503741176242858 -0.254162497515062
920 -0.2783765564909587 0.2467599902663234 -0.1869024953215711
921 -0.3543261385011752 0.1133004306030916 -0.4272172828333657
922 -0.04354808722819244 0.3694422337778474 -0.3839919378516694
923 -0.221371577508874 0.2989625807207861 -0.05001253006876999
924 -0.3528466284731185 0.1178272327399444 0.1213272785423691
925 -0.1178274244981422 0.3528465644386162 0.1213267339135818
926 -0.2979448326273838 0.2227394817059612 -0.0500122484369315
927 -0.3708728910641502 0.02893611365955873 -0.1718278015694081
928 -0.3469707951051432 0.1341464399233342 -0.6214912094070414
929 -0.2916918684436617 0.2308676111624268 0.02182571680409684
930 -0.2307704586437951 0.2917687361890104 0.02181622252726206
931 -0.1010573641848708 0.3580103478169399 -0.1743456282036162
932 -0.3610282420186768 0.08968059135010002 0.3149047483033734
933 -0.08968059220135033 0.3610282418072234 0.31490474917496
934 -0.2526386988876814 0.273052536747673 0.1184554665408163
935 -0.2796717700647537 0.2452910537073204 0.1008812339036756
936 -0.2969127299647822 0.2241134328523398 -0.3723347375730539
937 -0.2616025661590313 0.2644770261837682 -0.06305994370756843
938 -0.1347557176688119 0.3467346197822817 -0.1137145237835215
939 -0.267334093795541 0.2586822032813948 -0.2600925571439148
940 -0.2473939358706675 0.277813319505059 0.410295086115979
941 -0.02530715202970709 0.3711381791949533 -0.726136998993851
942 -0.2860416099035097 0.2378322883962738 0.4069479589430308
943 -0.21268562885478 0.3052029214779025 0.4264239063038562
944 -0.3462650126744551 0.1359578647874384 -0.3829932176440545
945 -0.351375264399641 0.1221450922799695 0.04112203770713763
946 -0.1221853736476384 0.3513612591999678 0.04113014419560146
947 -0.1845600778838058 0.3229885100921137 0.6279100217204122
948 -0.3229885100918281 0.1845600778843059 0.6279100217204121
949 -0.07972656350150603 0.3633561270602715 -0.4291589919983556
950 -0.2134020784503753 0.3047024005698999 -0.4089121853444448
951 -0.2332394811096169 0.2897987999487171 -0.3694517141589715
952 -0.3704780968742102 0.03361517122466082 0.09658460503208151
953 -0.03361461484538662 0.3704781473566237 0.09658245610144039
954 -0.3611704564663847 0.08910612423320395 -0.2762966256277499
955 -0.3617909842391545 0.0865522023016391 0.6589339506661194
956 -0.08655220230133347 0.3617909842392275 0.6589339506661194
957 -0.0406634383880095 0.3697708544199562 0.2571489564036883
958 -0.3697708548491642 0.04066343448502981 0.2571489675467515
959 -0.2621080233299444 0.2639761051801265 0.7136038261709591
960 -0.2664769279326313 0.2595651110599943 0.4480888215596985
961 -0.2744675592192088 0.2511006948143513 -0.4550828559900059
962 -0.3404564448490739 0.149911337665733 -0.4244787205268175
963 -0.3644422783235821 0.07460446213408853 -0.430532603155907
964 -0.3177936370921416 0.1933680537828007 -0.361387521514186
965 -0.2614845192362482 0.2645937380207402 -0.1299324112023331
966 -0.2673873926474877 0.2586271104373595 0.3750823612047978
967 -0.3633732042353366 0.07964869392365639 0.2392205249766271
968 -0.07964870452066872 0.3633732019125504 0.2392205000523516
969 -0.3709192574615353 0.02833556853467437 0.017888470772471
970 -0.02833612362953877 0.3709192150558547 0.01787593844389274
971 -0.3698709145033472 0.03974300698811793 0.6760731207057327
972 -0.03974300698796848 0.3698709145033632 0.6760731207057327
973 -0.1756477582298889 0.3279205163279882 -0.3173147539712508
974 -0.3095171471129289 0.2063568163232645 0.4240413982731803
975 -0.3705695130148061 0.03259196256701149 -0.3731284139471937
976 -0.3446372777312115 0.1400326633254533 0.6541005786566547
977 -0.1400326633249916 0.344637277731399 0.6541005786566547
978 -0.3704538050048248 0.03388182931081506 -0.625347576615656
979 -0.3706440758064787 0.03173277595107567 0.7138445498295514
980 -0.03173277595094096 0.3706440758064902 0.7138445498295517
981 -0.04916839690176764 0.3687363133000466 0.6307346078229339
982 -0.3687363133000256 0.04916839690192601 0.6307346078229339
983 -0.1487242073274052 0.3409767003107909 -0.3607897759777861
984 -0.3691769452645921 0.04574257409792656 -0.7190054033064807
985 -0.2880743249187836 -0.2353660623849305 -0.3010147560728256
986 -0.2585826243049312 -0.2674304141409027 -0.2704549237257856
987 -0.2618101732904735 -0.2642715140941456 -0.214824933148264
988 -0.2655182573184872 -0.2605456870311877 -0.5405451251349825
989 -0.2640866386255165 -0.2619966551303199 -0.167791198003673
990 -0.2549198485986416 -0.2709241052221924 -0.3946915411731415
991 -0.2584962963776721 -0.2675138590036534 -0.06358720596873488
992 -0.2715218115798199 -0.254283121414719 0.09641212466326982
993 -0.2630437226015465 -0.2630437226012448 0.5436613552446541
994 -0.2631126348482594 -0.2629747922961562 0.181135680698658
995 -0.2591029831340959 -0.2669262896962612 0.3816763614411345
996 -0.2630441794451092 -0.2630432657568887 0.2339922428093015
997 -0.1457983738183208 -0.34223797888594 -0.5538490753987748
998 -0.3438465001503849 -0.141963320383581 -0.5532528395025698
999 -0.3408840040421567 -0.1489365495376698 0.6019524436596484
1000 -0.3445205991540866 -0.1403194810370573 -0.6037213000198435
1001 -0.148936549538082 -0.3408840040419768 0.6019524436596484
1002 -0.3591930773941752 -0.09676948461215457 0.684391908257505
1003 -0.3591519835325994 -0.09692188981132904 -0.6845599368897983
1004 -0.09676948461255797 -0.3591930773940665 0.684391908257505
1005 -0.09676948461255797 -0.3591930773940666 -0.6843621256852389
1006 -0.3681922618758323 -0.05308915421023858 0.7110994320020518
1007 -0.368285713400414 -0.05243694599371793 -0.7045482228813735
1008 -0.0530891542104694 -0.3681922618757991 0.7110994320020518
1009 -0.05311281115905432 -0.3681888500359327 -0.7110296131532003
1010 -0.1749359588481959 -0.3283007924173534 -0.5114249588088177
1011 -0.3366058828781276 -0.1583681773963321 -0.5067868586482214
1012 -0.1565461318582163 -0.337457121128344 0.5218696682098948
1013 -0.3374571211284601 -0.1565461318579662 0.5218696682098948
1014 -0.1458216096180349 -0.3422280791641816 -0.04577759423480109
1015 -0.3388520002724102 -0.1535034915283247 -0.03776695875980091
1016 -0.1858093768902295 -0.3222714313426877 0.4146568522262943
1017 -0.3259419117789503 -0.1792926940672232 0.4060972460510526
1018 -0.1562257786486126 -0.3376055480670225 -0.2104676070127412
1019 -0.3415872451922612 -0.1473165093326676 -0.1855984691095974
1020 -0.1730021636243051 -0.3293239307753221 -0.3444777454580956
1021 -0.3538400447440936 -0.1148095062941123 0.3562445779750108
1022 -0.140455779170493 -0.3444650549730838 0.1627963307194631
1023 -0.3444660141044188 -0.1404534268966561 0.1627619877918174
1024 -0.1148095062941472 -0.3538400447440823 0.3562445779750107
1025 -0.1430894084353635 -0.3433794128855393 0.05280538597053153
1026 -0.3433600221539285 -0.1431359325482378 0.05207899224361176
1027 -0.1475857050004185 -0.3414710231916164 -0.3855151660954788
1028 -0.3431059614048384 -0.1437438668203324 -0.4011340922205728
1029 -0.3427942554166583 -0.144485634072522 0.007342893016050511
1030 -0.1438404127694224 -0.3430654976157208 0.009311257606737358
1031 -0.346163771955209 -0.1362154285892091 0.3100326428200494
1032 -0.1532263593947246 -0.3389774074870456 0.2144483632482289
1033 -0.3388892762392927 -0.1534211799263984 0.2135983922184709
1034 -0.1362154285892296 -0.346163771955201 0.3100326428200494
1035 -0.3381831562800749 -0.1549714580445261 -0.2401840987929028
1036 -0.1417466114937053 -0.3439358924713333 -0.2518077786604609
1037 -0.3467796011746119 -0.1346399205628739 -0.2916783503019829
1038 -0.1366358818951692 -0.3459980285763625 -0.3033287682346121
1039 -0.1407234840555662 -0.3443557768286496 -0.1288096296866734
1040 -0.3432819487951363 -0.1433230743160828 0.2587318566207552
1041 -0.1433230743160882 -0.343281948795134 0.258731856620755
1042 -0.2630437226016509 -0.2630437226011403 0.635678537172349
1043 -0.2632906097874577 -0.2627966034745287 -0.6348972164403812
1044 -0.328821822223708 -0.1739546183045454 0.70463239107506
1045 -0.1739546183052212 -0.3288218222233505 0.70463239107506
1046 -0.3289189229601574 -0.1737709472804068 -0.7044280923575159
1047 -0.1739615508356767 -0.3288181546551927 -0.7044451014279597
1048 -0.3108417430633648 -0.2043560881631107 -0.5776721912208753
1049 -0.3113804909145425 -0.2035342474322652 0.5806618580075179
1050 -0.2035342474326795 -0.3113804909142716 0.5806618580075179
1051 -0.3650650065930495 -0.07149504151489558 -0.5600571478949348
1052 -0.07325465085773178 -0.3647159937920351 0.5451472914934702
1053 -0.3647159937920698 -0.07325465085755845 0.5451472914934702
1054 -0.2584612090832874 -0.2675477590995767 0.4879781651517998
1055 -0.0512789197290046 -0.368448737806803 -0.6568155532336868
1056 -0.3657912859881214 -0.06768112805765245 -0.6553829373999422
1057 -0.05113687469847706 -0.3684684790400288 0.6572046837550831
1058 -0.3684684790400564 -0.05113687469827841 0.6572046837550831
1059 -0.2558531138425881 -0.2700429301741698 -0.3317229030736114
1060 -0.07220872942213999 -0.3649245119134094 0.5042785731133272
1061 -0.3649245119134351 -0.07220872942201075 0.5042785731133272
1062 -0.1335506989921173 -0.3472005339839166 -0.3557201362963478
1063 -0.09232678203791818 -0.3603606045595477 -0.5008125376299011
1064 -0.101127643267483 -0.3579905023421217 0.406392038670314
1065 -0.3579905023421393 -0.1011276432674204 0.406392038670314
1066 -0.2952612610886813 -0.2262847491553982 -0.2445271373620708
1067 -0.3642720097606786 -0.07543144506713319 -0.4442119001515334
1068 -0.1976733966301305 -0.3151336672980325 0.3585534573646523
1069 -0.3151336672980615 -0.1976733966300842 0.3585534573646523
1070 -0.3123640576661331 -0.2020215223146995 0.2992411946919988
1071 -0.2020215279495338 -0.3123640540218026 0.2992411946919988
1072 -0.07837774767404486 -0.3636494585030255 -0.4152443720030715
1073 -0.3667656215993995 -0.06218503688835433 -0.4090439213867684
1074 -0.0652025776712738 -0.3662412099491555 -0.3048886772143651
1075 -0.311959648998068 -0.2026454475111695 -0.1130567066215751
1076 -0.2089452223048049 -0.3077757204134134 -0.1213398155085917
1077 -0.2084800374621938 -0.308091015740093 -0.3127461984693509
1078 -0.3103750388885086 -0.2050642222206416 0.206460487605873
1079 -0.203231029174969 -0.3115784793282149 0.2040639932468567
1080 -0.2054734911050225 -0.3101042477185926 0.6281254308102173
1081 -0.310104247718948 -0.2054734911044861 0.6281254308102173
1082 -0.2020562944302137 -0.3123415660477016 -0.6239549141429824
1083 -0.3108042399289004 -0.2044131219912715 -0.6267665605469667
1084 -0.3649792001146178 -0.07193179744517503 -0.1976585677363903
1085 -0.3041185419147132 -0.2142333131510334 0.2451051719140478
1086 -0.2142333131510382 -0.3041185419147098 0.2451051719140477
1087 -0.3082258006799435 -0.2082807139300412 -0.1613319508246431
1088 -0.311799143047237 -0.2028923221687025 -0.05492650088693032
1089 -0.1932521722396003 -0.3178641186492678 -0.03894504465199342
1090 -0.3088859513506522 -0.2073004318813699 0.003719973627520468
1091 -0.2136621310579336 -0.3045201040190653 0.005469293220888405
1092 -0.3088028290277474 -0.2074242338408406 0.05194774705751443
1093 -0.208300733153903 -0.308212271928855 0.05330604721536922
1094 -0.3065124216445711 -0.2107940591610222 0.1565658030622281
1095 -0.2080805033071385 -0.3083609964691512 0.1574873697554387
1096 -0.05796206707876392 -0.3674566624514471 0.003095809965757812
1097 -0.04685409950050749 -0.3690375229702211 0.1426644049718592
1098 -0.3690189089448012 -0.04700047703149902 0.1416470160870616
1099 -0.3657778566383582 -0.06775366848406519 0.03763651217766611
1100 -0.07273868068395287 -0.3648192488512056 0.05022047110227069
1101 -0.2077309424334094 -0.3085965903177277 0.09767721539412957
1102 -0.3086545646890866 -0.2076447921248941 0.09682778069834269
1103 -0.196876782241539 -0.3156319575299965 -0.1821942047845138
1104 -0.3643651363647606 -0.07498031342885528 -0.2438308384682385
1105 -0.08086643973231843 -0.3631041433597519 0.2367927702571185
1106 -0.3631046776614818 -0.08086404058882576 0.2367881528159507
1107 -0.06271467162953227 -0.3666754286319168 -0.1370121367714037
1108 -0.05679409721593082 -0.3676389948324679 -0.1819178245515242
1109 -0.2228878555674453 -0.2978338527443541 -0.2354894256548202
1110 -0.08314780769790728 -0.3625885299827227 0.3016824832069436
1111 -0.3625885299827252 -0.08314780769789654 0.3016824832069437
1112 -0.3049490477050278 -0.213049473840694 -0.4895323820947504
1113 -0.3011031754346917 -0.2184510877591256 -0.5370908220107975
1114 -0.05141889364623743 -0.3684292298070241 -0.2319331468874356
1115 -0.2952463472147028 -0.2263042077743475 0.3940034506786114
1116 -0.2236868214215368 -0.2972342610170123 0.389011566369006
1117 -0.2211190909591395 -0.299149373413022 -0.4786217385868315
1118 -0.2257053134782031 -0.295704432614234 -0.5261882040007757
1119 -0.3109712923089938 -0.2041588973316477 -0.6736845077348036
1120 -0.2040030868416409 -0.3110735291841495 -0.6732374572415354
1121 -0.3107169835254195 -0.2045457311919859 0.6742014708490333
1122 -0.2045457311926288 -0.3107169835249962 0.6742014708490331
1123 -0.2026330367033276 -0.3119677105669557 -0.2686861446481441
1124 -0.2954528435203089 -0.226034548810052 0.4795775414155077
1125 -0.218436472945927 -0.3011137779759393 0.4828617693442979
1126 -0.2202078097720435 -0.2998208140129692 -0.3698068511999305
1127 -0.3199610437060045 -0.1897601921124771 -0.280387940239421
1128 -0.2879390958643496 -0.2355314778810272 -0.6091957733877116
1129 -0.2935853395632477 -0.2284549154505817 -0.3403478453024298
1130 -0.2327753926834688 -0.2901717018612546 -0.6055612709722471
1131 -0.2634813034010742 -0.2626054126595089 -0.5875052063336903
1132 -0.23616011277534 -0.2874237309860455 0.6097958348445847
1133 -0.2874237309864409 -0.2361601127748588 0.6097958348445847
1134 -0.2630437226015983 -0.263043722601193 0.5884002532414803
1135 -0.3585741941391101 -0.09903811032874028 -0.5343473601350903
1136 -0.287636529395102 -0.2359008837574386 -0.5698902726274548
1137 -0.1382799731149362 -0.3453442471438208 -0.4793530848499581
1138 -0.347625707598908 -0.1324400521608113 -0.4538910813702506
1139 -0.2352817323995657 -0.2881432046727097 -0.5640430623744001
1140 -0.2899041796867899 -0.2331084867612702 0.5598448276671593
1141 -0.2331084867616311 -0.2899041796864998 0.5598448276671593
1142 -0.3326172003848346 -0.1665827062097226 0.6482819308508383
1143 -0.1665827062102717 -0.3326172003845596 0.6482819308508383
1144 -0.3329069365864152 -0.1660029263978451 -0.647694686164083
1145 -0.1588007074048165 -0.336402044178881 -0.6506232368616833
1146 -0.05229436511609722 -0.3683059860728633 -0.6088508430422116
1147 -0.3657984012180824 -0.06764266158493946 0.5997235856152969
1148 -0.06764266158515159 -0.3657984012180434 0.5997235856152969
1149 -0.3249179938950723 -0.1811416496645696 -0.5484153896691969
1150 -0.03661221945428877 -0.3701939294297394 0.523286909546081
1151 -0.3701939294297473 -0.03661221945421018 0.5232869095460811
1152 -0.04043449456231978 -0.369795959482374 -0.513736631147981
1153 -0.3651497803718811 -0.07106080420574276 -0.6022793189497553
1154 -0.1998760337752542 -0.3137412486783869 -0.5687457157262776
1155 -0.2631555248027271 -0.2629318728602549 0.3281704064724573
1156 -0.3706467331792284 -0.03170172209148614 -0.6668946858795978
1157 -0.09884250382461696 -0.3586281631964792 -0.5409198204999051
1158 -0.1216775986524462 -0.3515374261528553 0.5688815198260573
1159 -0.3515374261529565 -0.1216775986521534 0.5688815198260572
1160 -0.3697543840316396 -0.04081293286916171 -0.4729060143520651
1161 -0.3706080950914755 -0.03215026986928214 -0.5748810544239634
1162 -0.05381128469649242 -0.3680874157578781 -0.5558534438863112
1163 -0.03417815348031536 -0.3704265835825987 0.5739434922855726
1164 -0.3704265835826075 -0.03417815348021883 0.5739434922855727
1165 -0.1668506584884281 -0.3324828683736621 0.5656227862034018
1166 -0.3324828683738383 -0.1668506584880768 0.5656227862034018
1167 -0.1335892739301804 -0.3471856936724311 0.6972262631191242
1168 -0.3471856936726372 -0.1335892739296447 0.6972262631191242
1169 -0.1335899013358758 -0.3471854522601299 -0.6971410846148703
1170 -0.3472150304486381 -0.1335130054734416 -0.6971513645661394
1171 -0.1592312600334264 -0.3361984619657968 -0.6010643078140439
1172 -0.3555268347362319 -0.1094745165891863 -0.5788182996497189
1173 -0.2556082675923308 -0.2702747001449588 -0.4974234490358449
1174 -0.3254390474927665 -0.1802038467042276 0.6039413533456655
1175 -0.1802038467046851 -0.3254390474925133 0.6039413533456653
1176 -0.3688276509089204 -0.04847848930203381 -0.5263053901881994
1177 -0.329776929357144 -0.1721370874151563 -0.5938665953631211
1178 -0.3704821183003209 -0.03357082095670136 -0.6264286157058014
1179 -0.3552961100603765 -0.1102210242012147 0.6363213247318613
1180 -0.3545283286918903 -0.1126661624221527 -0.6385154062341828
1181 -0.1102210242016002 -0.355296110060257 0.6363213247318613
1182 -0.1058439675668045 -0.3566245287830286 -0.6438579640274624
1183 -0.04690059281240263 -0.3690316170653202 0.4199794067414774
1184 -0.3690316170653248 -0.0469005928123663 0.4199794067414774
1185 -0.06890548941246472 -0.3655626260011117 -0.3657265955869349
1186 -0.04350938118343013 -0.3694467942059249 0.4778633489910833
1187 -0.3694467942059318 -0.04350938118336934 0.4778633489910832
1188 -0.1058472039969359 -0.3566235682144845 -0.448940480819493
1189 -0.1305530145503122 -0.3483387868036316 -0.5172718954374714
1190 -0.2333227389554876 -0.2897317716204237 0.3415826560116628
1191 -0.2901948397451034 -0.2327465466667846 0.3426898474567725
1192 -0.2901438483306393 -0.2328101099090994 -0.07939188679597836
1193 -0.2307194398331873 -0.2918090815637174 -0.03515744728616269
1194 -0.2394085708575346 -0.28472361370275 -0.1071760552666618
1195 -0.2879128520984746 -0.2355635574458023 -0.03208538617926687
1196 -0.1111254134184931 -0.3550142849133947 -0.1600589217195288
1197 -0.05050397122284159 -0.3685557608974825 -0.4623314276209664
1198 -0.2064267610638974 -0.3094705031447562 -0.7143749945347104
1199 -0.3703783880158183 -0.03469653715868359 -0.3854594232863969
1200 -0.3095023383082505 -0.2063790265063901 -0.7144625892941433
1201 -0.3094048202657083 -0.2065251974853061 0.7146615608064294
1202 -0.2065251974860767 -0.3094048202651939 0.7146615608064293
1203 -0.3273899633282942 -0.1766346849061592 -0.4203699815831458
1204 -0.32538255573277 -0.1803058302574011 -0.4723019787243807
1205 -0.2896754535548025 -0.2333926554281848 -0.1942532846284367
1206 -0.1079177164701022 -0.3560024809911844 0.2622717789171655
1207 -0.3560024809911864 -0.1079177164700956 0.2622717789171656
1208 -0.3609984052496503 -0.08980062030525793 0.4570446712371846
1209 -0.08980062030535306 -0.3609984052496268 0.4570446712371846
1210 -0.3579949123641743 -0.1011120305471465 -0.4060992876310792
1211 -0.3700369857391095 -0.03816581173136507 -0.3282442541738354
1212 -0.2893681864093853 -0.2337735072546571 -0.7034063976410834
1213 -0.1840081133766217 -0.3233032851852518 -0.4535611014622412
1214 -0.2336785247750951 -0.2894448946845241 -0.7031233004068214
1215 -0.2661707892617826 -0.2598790313660562 -0.1186662176020686
1216 -0.2339457130508115 -0.2892289808182218 0.7037085675289165
1217 -0.2892289808188513 -0.2339457130500331 0.7037085675289164
1218 -0.1603194607084046 -0.3356809057991923 0.3610528883929562
1219 -0.335680905799216 -0.160319460708355 0.3610528883929562
1220 -0.03382274050972073 -0.3704592045346046 -0.2715542921184515
1221 -0.3580104114942632 -0.1010571385984597 0.01652455316974577
1222 -0.1148005426561253 -0.3538429530255748 0.02700494405982423
1223 -0.09549025519658948 -0.3595352710965785 -0.2725449339695263
1224 -0.03579947584243115 -0.3702734091578912 0.3281889525524264
1225 -0.3702734091578919 -0.03579947584242354 0.3281889525524264
1226 -0.3647561942924211 -0.07305421771061163 -0.3616821056306079
1227 -0.0338237497250823 -0.3704591123923596 -0.3332925894445302
1228 -0.1777934264692573 -0.3267621420916455 0.1323483084069731
1229 -0.3267642471893728 -0.17778955750764 0.1321641780957036
1230 -0.2819456911318966 -0.2426739113546346 -0.4191585298279292
1231 -0.1105703327206172 -0.3551875582309325 -0.390837698025068
1232 -0.3098507153701695 -0.2058556148969324 -0.3151572289814921
1233 -0.1734522049824158 -0.3290871200559785 -0.1367500167623033
1234 -0.2185417345075261 -0.3010373901668062 -0.4261081219774597
1235 -0.1686615060273915 -0.3315679363035156 0.2897082340389943
1236 -0.3315679369120294 -0.1686615048311275 0.2897082340389944
1237 -0.2770307841180498 -0.2482699028294376 0.1471603455411988
1238 -0.3579798288118412 -0.101165419802642 0.1270181744270157
1239 -0.1012112360672944 -0.3579668779282943 0.1270967953523777
1240 -0.06904525695272602 -0.3655362533215166 0.3658898980961883
1241 -0.3655362533215218 -0.06904525695269853 0.3658898980961882
1242 -0.3496772015684875 -0.1269246024347973 -0.3513354855702686
1243 -0.3551822803674084 -0.1105872854943444 -0.2581433709008185
1244 -0.3185453899924157 -0.1921271311256682 -0.2026286031700943
1245 -0.3534229514210629 -0.1160871112950307 -0.0267699518772701
1246 -0.1011802215498653 -0.357975645494383 -0.02315483191275901
1247 -0.1030019669647958 -0.3574557242532047 -0.1154731329853803
1248 -0.3273073277753181 -0.1767877631075758 -0.1487912601532813
1249 -0.2423007211423057 -0.28226647079297 0.03007001395219022
1250 -0.2765824385231208 -0.2487692800580571 0.0334766478936506
1251 -0.3143465393618629 -0.1989227317106334 -0.3490652466628585
1252 -0.1743137755163594 -0.3286315682724838 -0.0907045101850639
1253 -0.3248323238043616 -0.1812952327334019 0.242960762355917
1254 -0.1808922176082055 -0.3250569267202064 0.2424422830651838
1255 -0.3300219106374853 -0.1716669406122904 -0.372056315159495
1256 -0.1752736448461675 -0.328120632424021 -0.005249921087653792
1257 -0.03067449381429138 -0.3707331593332823 0.6161743523310057
1258 -0.3707331593332909 -0.0306744938141891 0.6161743523310058
1259 -0.02595660994579278 -0.3710933230336029 -0.6289165990692057
1260 -0.3323574719379727 -0.1671003017561597 -0.09272077260979833
1261 -0.3704341349197412 -0.03409621219817362 -0.1726759513541485
1262 -0.3274451569035401 -0.1765323461023953 -0.009807681726317519
1263 -0.2527433595675249 -0.2729556634226898 -0.01030234739457256
1264 -0.03874527779907071 -0.3699767606867664 0.2688954438165935
1265 -0.3699767606867665 -0.03874527779906733 0.2688954438165936
1266 -0.2446816778343608 -0.2802050615748438 0.285410445162206
1267 -0.2808930854833962 -0.2438915220494911 0.287415216417235
1268 -0.3705887669591365 -0.03237229994465551 0.03274516043759151
1269 -0.03750670682464907 -0.3701043730397815 0.03970750232287948
1270 -0.2861177658299449 -0.2377406655927436 0.2016404687293327
1271 -0.232854444333695 -0.2901082690204574 0.189487973804207
1272 -0.177805628789932 -0.3267555024335732 0.185797167695406
1273 -0.3263190589734269 -0.1786053519654352 0.1860302319678404
1274 -0.2297181646956211 -0.2925979576293646 -0.2836003702058703
1275 -0.1216156767755008 -0.3515588530565499 0.2175174672407367
1276 -0.351559910504383 -0.1216126199296364 0.2175071223560247
1277 -0.2629636993566425 -0.2631237215088545 -0.6829730270325722
1278 -0.1051993711266263 -0.3568152075158266 -0.3216320089444171
1279 -0.04015741384173235 -0.3698261512028913 0.2036125173904431
1280 -0.3698297986835119 -0.04012380846471256 0.2036251160285161
1281 -0.2352521854858246 -0.2881673285161646 -0.1484167187656502
1282 -0.2339959444000981 -0.2891883434793078 0.5181341928215391
1283 -0.2889486437880081 -0.2342918719312958 0.5170614872370164
1284 -0.3557799935775223 -0.1086489584394539 -0.1628542403967321
1285 -0.2341359976655109 -0.2890749636291179 -0.6526236547771382
1286 -0.2885037825591901 -0.2348394503677769 -0.653787592930009
1287 -0.2630437226017326 -0.2630437226010586 0.6836663849071787
1288 -0.2914254428634804 -0.2312038305301715 0.1148288802563178
1289 -0.2441220468278716 -0.2806927613113142 0.1341579341167176
1290 -0.288163432825053 -0.2352569573519158 0.6544513186064447
1291 -0.2352569573525081 -0.2881634328245694 0.6544513186064447
1292 -0.05221308956846515 -0.3683175169303184 0.08356911191591068
1293 -0.3685910753526641 -0.05024558856622735 0.08054183741785093
1294 -0.2905838960522257 -0.2322606280778325 -0.1356308455826938
1295 -0.3297596772841585 -0.1721701345688257 -0.3264399888449441
1296 -0.3622439225041542 -0.0846365205381477 -0.2978164423279714
1297 -0.3058591919064718 -0.2117407724703015 -0.388883038150704
1298 -0.3290747285307816 -0.1734757131197112 0.4699242202095669
1299 -0.1735159427188509 -0.3290535178696445 0.4763838381657107
1300 -0.3432335818852579 -0.1434388659541613 0.1032462175223063
1301 -0.1434495875144292 -0.343229101100038 0.1032753416045068
1302 -0.1459427446090408 -0.3421764388381822 -0.423721863944114
1303 -0.1185731913790465 -0.3525966509854964 0.500641167597134
1304 -0.3525966509855557 -0.1185731913788701 0.500641167597134
1305 -0.3699095196348696 -0.03938206804498551 -0.274820265984841
1306 -0.2548776389197934 -0.2709638152570769 -0.4472210300181017
1307 -0.06296386786211706 -0.3666327199580554 -0.04684382879523396
1308 -0.3565636801852555 -0.1060487716701464 -0.1107418961802172
1309 -0.1365799168987439 -0.3460201241256528 0.4406449310370261
1310 -0.3460201241256974 -0.1365799168986305 0.4406449310370261
1311 -0.1826718142468857 -0.324060192371342 -0.4009794080779797
1312 -0.1745509547678655 -0.3285056532080178 -0.2864752263837531
1313 -0.1003073012144861 -0.3582212239986156 -0.06716553552904413
1314 -0.1988952645421409 -0.3143639192762295 0.52933984863136
1315 -0.3142320560655233 -0.1991035281978542 0.5274975841366062
1316 -0.1077409588823064 -0.3560560149458525 -0.5888603975654461
1317 -0.03321374179943241 -0.3705143011486609 -0.3966564263799123
1318 -0.1765341886347773 -0.3274441635501553 0.07943904504546118
1319 -0.1049928299028007 -0.3568760368377253 0.07529460966698003
1320 -0.3274932553957068 -0.1764431003760768 0.07858487533776173
1321 -0.3579220928363156 -0.1013694996518766 0.07474599880061361
1322 -0.307478541405568 -0.2093822976641155 -0.4414085373803188
1323 -0.2823224209830474 -0.2422355271430491 -0.4675192363097962
1324 -0.3704565269469313 -0.03385205521703891 -0.4316328299692672
1325 -0.3447186969213528 -0.1398321135964282 0.3949036668230188
1326 -0.1398321135964994 -0.3447186969213239 0.3949036668230188
1327 -0.1492716422139845 -0.3407374015730297 -0.1725155175938046
1328 -0.1128478872933321 -0.354470526748602 -0.2125027419265234
1329 -0.2793927416904706 -0.2456088269803874 -0.3749607715055632
1330 -0.2370723946872895 -0.2866717280745242 -0.1897432960713841
1331 -0.240906670377826 -0.2834571857749764 0.0697448289601206
1332 -0.2903248953986053 -0.2325842967867538 0.0771783473165496
1333 -0.3274938901341029 -0.1764419222430769 0.03064446659269021
1334 -0.3290874193696315 -0.1734516370999024 0.3237176834617302
1335 -0.173451638524691 -0.3290874186186702 0.3237176834617302
1336 -0.1332816558003885 -0.3473039018311006 -0.621101476567159
1337 -0.2177327599520034 -0.3016230184247933 -0.07584126391843718
1338 -0.1774238095749126 -0.3269629823021638 0.03251351799522262
1339 -0.09089364247307563 -0.3607247506866928 0.1826938170904648
1340 -0.3607373468666533 -0.09084363805797169 0.1826939153081852
1341 -0.2837267204449303 -0.2405891687203817 -0.5058160131662459
1342 -0.2328989518296642 -0.2900725396114628 0.4384839678927708
1343 -0.3711381791949532 -0.0253071520297071 -0.7261370557203897
1344 -0.03043168813904056 -0.3707531690451319 0.3728116514774635
1345 -0.370753169045133 -0.03043168813902618 0.3728116514774636
1346 -0.1812075027373345 -0.3248812720852017 -0.2378047228318555
1347 -0.06467648626084693 -0.3663344812121163 -0.09328969317702038
1348 -0.3710435968407077 -0.02665800524252194 -0.1251992677024625
1349 -0.3447577543352377 -0.1397357893516325 -0.1319589255081857
1350 -0.1332721321934025 -0.3473075564692255 -0.08958608052419254
1351 -0.2032705885087013 -0.3115526726692072 0.4530966069072683
1352 -0.2765395387992324 -0.2488169678311906 0.4364295227062073
1353 -0.368520742466328 -0.05075886496038158 -0.04568009261462708
1354 -0.305854234252517 -0.2117479336140177 0.4372063962121893
1355 -0.348825465753162 -0.1292470287553627 -0.0765279028260189
1356 -0.3615463536534745 -0.08756845413661619 -0.4883627976341953
1357 -0.3630176388799337 -0.08125388521195799 -0.02478522085274854
1358 -0.3699076071361186 -0.03940002770088923 -0.08148371544607302
1359 -0.3193807380490781 -0.1907352724674334 -0.5108254862294697
1360 -0.3689283290764138 -0.04770626798320408 -0.004302555324514179
1361 -0.3622489422337525 -0.08461503324189693 -0.06782897144721006
1362 -0.3506444944752395 -0.1242273661243918 -0.5073281874580651
1363 -0.3657703800446922 -0.06779401951471348 -0.134167811746297
1364 -0.3701699688659604 -0.03685368570134911 -0.2231642705912502
1365 -0.3546432719277507 -0.1123038275232832 -0.2147264372787367
1366 -0.02939741692835891 -0.3708366107572716 -0.03385456697912839
1367 -0.03070409455419919 -0.3707307089756752 -0.1111653292027743
1368 -0.03136977612014497 -0.3706749750740829 -0.07252556969319174
1369 -0.02547148528393525 -0.3711269370948843 0.7277748580004665
1370 -0.02547744668482143 -0.3711265278990739 -0.7277574032883463
1371 -0.3711269370948922 -0.02547148528381927 0.7277748580004666
1372 -0.3189895162034355 -0.1913888412428952 -0.2419319448911221
1373 0.2594861241897239 -0.2665538432530942 -0.2712273151871227
1374 0.2688842010874505 -0.2570705864263031 -0.2205327226630767
1375 0.2349488313093213 -0.2884147129852845 -0.3024448744641949
1376 0.2606400437065746 -0.2654256348144143 -0.5404853121329817
1377 0.2631788239988071 -0.2629085517791402 -0.1667180893862152
1378 0.2712253862366035 -0.2545992730955946 -0.3929662746264717
1379 0.2610902789470411 -0.2649827659289491 -0.04120808774971449
1380 0.2623614720222416 -0.2637242082144194 0.02147322098286519
1381 0.262855732725287 -0.2632315782223943 0.08114524885408028
1382 0.2630433114195505 -0.2630441337825981 0.2464211168293691
1383 0.263037450433864 -0.2630499946193736 0.138211441064737
1384 0.2626983438553905 -0.2633886484562973 0.287805894142407
1385 0.3416955351365006 -0.147065159938649 0.5410885111877745
1386 0.3435098644956986 -0.1427759538372853 -0.5510725031641526
1387 0.1468016126318486 -0.3418088450123672 0.5405433668296875
1388 0.1419970993063175 -0.3438325519618405 -0.5532305794689019
1389 0.1570478932378669 -0.3372239007388822 0.5903408529648027
1390 0.1403194810370573 -0.3445205991540866 -0.6037213000198435
1391 0.3371729527170786 -0.1571572459546381 0.5905701024134022
1392 0.1065847613245661 -0.3564038280565813 0.694880408674734
1393 0.09692188981132904 -0.3591519835325994 -0.6845599368897983
1394 0.3573513025879548 -0.1033636615967713 0.698387303329236
1395 0.3591930773940666 -0.09676948461255797 -0.6843621256852389
1396 0.05568965818246221 -0.3678079145036448 0.7135212404838609
1397 0.05243694599371793 -0.368285713400414 -0.7045482228813735
1398 0.3680728592501036 -0.05391076222289339 0.7144045231539153
1399 0.3681887890651536 -0.05311323381922685 -0.7110304665481449
1400 0.328210717128131 -0.1751048975963775 -0.5120993355960781
1401 0.1584937941731604 -0.336546753376995 -0.5067549378549014
1402 0.3304856776183503 -0.1707724125529055 0.4953775311650981
1403 0.1706057801321488 -0.3305717286543131 0.4950211501325171
1404 0.3456503280432547 -0.137513092916967 -0.0389109093074369
1405 0.1358850279711329 -0.3462936025589908 -0.03616187731358456
1406 0.1290806860158121 -0.3488870540700634 0.08800580743358499
1407 0.3487630035126441 -0.12941548354366 0.08815744597956313
1408 0.3470661179287452 -0.1338996257868938 0.455768393523468
1409 0.1362154244118517 -0.346163773598999 0.4574606495482881
1410 0.3425088624522948 -0.1451608733152114 -0.1893730910791227
1411 0.347592443962382 -0.132527328880719 -0.09090356273795132
1412 0.1355704328704123 -0.3464168843046322 0.3063179845966716
1413 0.3445198635848522 -0.1403212870361261 0.3071781829409711
1414 0.1440253035893599 -0.3429879180466749 -0.4013530446088818
1415 0.1386149205568655 -0.3452099416282993 0.1419214803432655
1416 0.3451661641322852 -0.1387238953396433 0.141931760963815
1417 0.34411531471955 -0.1413104744011038 0.352719543321043
1418 0.1413104732897163 -0.3441153151759396 0.3522565803580783
1419 0.1395184568187335 -0.344845762924411 0.0198497781108441
1420 0.3445007018918219 -0.1403683240479915 0.02073101568467531
1421 0.1540589531306045 -0.3385998212644273 -0.2398353219523865
1422 0.3509869698406338 -0.1232564278327501 -0.2556893889469631
1423 0.140337504106839 -0.3445132580047723 -0.2940520370825428
1424 0.3367083738277875 -0.158150153317178 -0.3103351702976642
1425 0.1309801452014565 -0.348178404791287 -0.1544598110511191
1426 0.3421731464637739 -0.1459504636480495 -0.1374147478702528
1427 0.1441808940994061 -0.342922541948901 0.2731078702746939
1428 0.3416880467629237 -0.1470825574272421 0.2683108115943673
1429 0.2630437226011727 -0.2630437226016185 0.6049184287584921
1430 0.2627966167710792 -0.2632905965158543 -0.6348972207270752
1431 0.05749328617038309 -0.3675303008533179 0.5001020138391427
1432 0.1867647004790515 -0.3217187384268596 0.7003995374754948
1433 0.3217187384264478 -0.1867647004797609 0.7003995374754948
1434 0.1737709472804068 -0.3289189229601574 -0.7044280923575159
1435 0.3288181546551927 -0.1739615508356767 -0.7044451014279597
1436 0.2163683733420111 -0.3026032501764183 0.5564814287363604
1437 0.3026032501761536 -0.2163683733423813 0.5564814287363604
1438 0.2043560881631107 -0.3108417430633648 -0.5776721912208753
1439 0.07149646136319215 -0.3650647285243283 -0.560057492898793
1440 0.3639096138697244 -0.07716082511992771 0.5241875099672877
1441 0.07064229193546073 -0.365230977040701 0.5498445907729052
1442 0.3684483846060722 -0.05128145747905299 -0.6568206736033546
1443 0.06768112805765245 -0.3657912859881214 -0.6553829373999422
1444 0.368720247655318 -0.04928873064911427 0.6630398355945335
1445 0.05664641081961103 -0.367661779549161 0.6612470342287101
1446 0.2681003466809507 -0.2578879681364643 -0.3265587897760817
1447 0.3608438599800131 -0.09041962571657021 -0.4873579096508363
1448 0.2341760670286766 -0.2890425048863588 -0.2524080736824806
1449 0.07584972107353596 -0.3641851449648471 -0.4441963421057646
1450 0.3071498032043681 -0.2098642380004699 0.4606328842362343
1451 0.2080796976424218 -0.3083615401262587 0.4627160607223244
1452 0.2080977738044202 -0.3083493417175465 0.4084427625080405
1453 0.3072349513213323 -0.2097395639515313 0.4034467936447583
1454 0.06260541411482107 -0.3666940988392255 -0.4088397036293824
1455 0.3076927804355347 -0.2090673405098218 -0.3138241037728122
1456 0.2007257462921986 -0.3131982994453193 -0.100550906963176
1457 0.3093693528620459 -0.206578322942459 -0.1126418624977918
1458 0.3123432116467899 -0.2020537506164351 -0.6239560506525306
1459 0.2044131468682756 -0.3108042235675197 -0.6267665673410368
1460 0.2130039351911708 -0.3049808577486061 0.3535614236839318
1461 0.3103840662201671 -0.205050558245119 0.351737245422417
1462 0.06874097978969676 -0.3655935963574204 -0.2347591858479212
1463 0.1971647515798887 -0.3154521528448344 0.2000053082401823
1464 0.3154501445100746 -0.197167964762466 0.2000064976609721
1465 0.07905415820059375 -0.3635030124650901 -0.197888196338452
1466 0.06526054414919519 -0.3662308853405879 0.06102913859038722
1467 0.3662312285811085 -0.06525861791343623 0.06101007820475697
1468 0.08080843030526352 -0.3631170576984773 -0.3381308918888173
1469 0.2041919815520368 -0.3109495693353708 -0.1611313915718595
1470 0.3662328265154992 -0.06524964967314552 -0.03622164601352093
1471 0.06775905658231995 -0.3657768585505018 -0.0757750437617048
1472 0.07826976956475226 -0.3636727143631764 0.09951895499283192
1473 0.363631026902453 -0.07846321605610745 0.09966987596276601
1474 0.2018224865825054 -0.3124926941700467 -0.03865444076830005
1475 0.3109930700011684 -0.2041257220715907 -0.04498900485467439
1476 0.2063750580912431 -0.3095049844474818 0.3008366615841681
1477 0.2047408659954964 -0.3105884379551404 0.02168697070667294
1478 0.3099572624355447 -0.2056951517743255 0.01976928233039543
1479 0.07273164325956094 -0.36482065192196 0.02363282040700226
1480 0.3652893155867668 -0.07034000226152565 0.01998217932971671
1481 0.2059807833702934 -0.3097675207024783 0.0806718771356042
1482 0.3095875878672538 -0.2062511222721839 0.08023500255854182
1483 0.365671332820373 -0.06832624937293072 -0.1437233923197533
1484 0.3113425192353072 -0.2035923272528026 0.6006712777708157
1485 0.2035779030765817 -0.3113519509798227 0.6006385278495875
1486 0.06851132697109941 -0.3656367023107212 0.3497319304753115
1487 0.3059316899339172 -0.2116360108634101 -0.2199603283870994
1488 0.2132954711448576 -0.3047770365186544 -0.4891345191489989
1489 0.2185243075589581 -0.3010500407006746 -0.5369138907524684
1490 0.06586761172619723 -0.3661221896109095 0.4088517597239493
1491 0.3637203718258829 -0.07804800522013032 -0.2380862328079195
1492 0.3114571935940234 -0.203416854165369 -0.40814809086037
1493 0.2110855192103162 -0.3063117751241554 0.5143801973930934
1494 0.3061987468099235 -0.2112494436727166 0.5150515104011826
1495 0.3014258514482819 -0.2180056331351972 -0.4714080324622244
1496 0.2630437226010219 -0.2630437226017693 0.7149947316870423
1497 0.2958496117824204 -0.225514982225552 -0.5260581478694349
1498 0.2102314492287901 -0.3068985789396272 0.6623685972789185
1499 0.3068969556538351 -0.2102338189026874 0.6623740555991233
1500 0.2041589014800437 -0.3109712895854886 -0.6736845088671486
1501 0.3110738060946515 -0.2040026645948213 -0.673237646659793
1502 0.193423999296501 -0.3177595891490091 -0.2779963560728301
1503 0.3460512794674182 -0.1365009596265272 -0.3584941728290558
1504 0.2968181898217458 -0.2242386277850942 -0.3660423623445809
1505 0.322682356819132 -0.1850948313639532 -0.2618885101229198
1506 0.2355315875276746 -0.2879390061743863 -0.6091958057108592
1507 0.2289740443020071 -0.2931806389173447 -0.3407716693093867
1508 0.03578620312603349 -0.3702746921757173 0.4535530426637617
1509 0.2901752414745751 -0.2327709802255684 -0.6055633991189699
1510 0.2626054924965847 -0.2634812238293767 -0.587505232053855
1511 0.2859245214610028 -0.2379730405472362 0.5816397413806266
1512 0.2379708328087829 -0.2859263589323206 0.5816342830604218
1513 0.1648248197416708 -0.3334917971961615 0.6518031064480315
1514 0.3334801819602795 -0.1648483188866022 0.6518529189922622
1515 0.09910048720785601 -0.3585569598197273 -0.5343302370667311
1516 0.2359014162406948 -0.2876360926859395 -0.5698904297654132
1517 0.3457592092719742 -0.1372390950262321 -0.4634216180313031
1518 0.1328385456167668 -0.3474736260472471 -0.453848452349864
1519 0.288176268701867 -0.2352412339643484 -0.5640186817669561
1520 0.1660029263978451 -0.3329069365864152 -0.647694686164083
1521 0.3363985170550332 -0.158808179018508 -0.6506227659548638
1522 0.3675291929736653 -0.05750036793035517 -0.6107826427068949
1523 0.3389255216781661 -0.1533410928459259 0.7027993815568256
1524 0.1533340214935677 -0.3389287209025078 0.702784632631233
1525 0.1811914872263655 -0.3248902044640585 -0.5483593215480498
1526 0.1427489481234363 -0.3435210878674734 0.4114451596478292
1527 0.3439409782438802 -0.1417342706780639 0.40653581284959
1528 0.3514745126488606 -0.1218592095750086 0.5104433750419466
1529 0.1154101863880471 -0.3536445798791156 0.5066293217764321
1530 0.3698918387131881 -0.03954778948786931 -0.5019272506924681
1531 0.09020028007764727 -0.3608987523861975 0.4623644824228074
1532 0.3615490787542971 -0.08755720217046103 0.4702910694546196
1533 0.07106080420574276 -0.3651497803718811 -0.6022793189497553
1534 0.3137403885474569 -0.1998773838984558 -0.5688565974872472
1535 0.2630433163889637 -0.2630441288132002 0.5708765322637372
1536 0.03170172209148614 -0.3706467331792284 -0.6668946858795978
1537 0.04090845127059826 -0.3697438283658578 -0.4729095735431227
1538 0.3229231568590306 -0.1846744020274545 0.5486949166171595
1539 0.1845803827781654 -0.3229769067494856 0.5484891164559905
1540 0.03215026986928214 -0.3706080950914755 -0.5748810544239634
1541 0.3687027374871807 -0.0494195444076436 -0.5636007968410274
1542 0.3471854522601299 -0.1335899013358758 -0.6971410846148703
1543 0.1335130054734416 -0.3472150304486381 -0.6971513645661394
1544 0.1172657438985021 -0.3530336319784997 0.6361247259738899
1545 0.3519398768592976 -0.1205086016691855 0.622764220366927
1546 0.336431313219021 -0.1587386893158844 -0.6005469447222946
1547 0.3695953559059056 -0.04222881590557523 0.485632911616863
1548 0.1094749659673833 -0.3555266963625097 -0.5788184069395483
1549 0.2822633776889271 -0.2423043243849315 0.5405113252981981
1550 0.2490580636734842 -0.2763224220348661 0.5354959420751946
1551 0.2709546963582903 -0.254887332995162 -0.4958758372281365
1552 0.04850599108280686 -0.3688240350479814 -0.5263067507656027
1553 0.2198457124114144 -0.3000864254416011 0.710905050316099
1554 0.3000861425221947 -0.2198460985920583 0.7109059600361332
1555 0.1721372457886944 -0.3297768466892158 -0.5938666361275406
1556 0.3561547101319798 -0.1074142562735759 0.5653355336852033
1557 0.1145270243907468 -0.3539315762745693 0.5729712068807449
1558 0.03357082095670136 -0.3704821183003209 -0.6264286157058014
1559 0.11266622643875 -0.3545283083479402 -0.6385154215613014
1560 0.3562615204342993 -0.1070594650548998 -0.6437748566932332
1561 0.3634673635162007 -0.07921789986222821 -0.3686737341871864
1562 0.3557717799006302 -0.1086758511645408 -0.1660868480755638
1563 0.2297249668841519 -0.2925926171147784 0.2248344084156051
1564 0.2925908367722284 -0.2297272344258015 0.224837626487881
1565 0.3505520858125566 -0.1244878915094391 -0.5078828730871651
1566 0.2324738080351256 -0.2904133753421965 -0.0676487688138509
1567 0.3582383087715838 -0.1002462674042049 0.3796308298605946
1568 0.2630423622932963 -0.2630450829024603 0.1980103493795166
1569 0.1076190381974347 -0.3560928848172328 0.3816688844535343
1570 0.2872433019827867 -0.2363795369020458 -0.07331022234316076
1571 0.3580925419103408 -0.1007657254635264 -0.1157627227481373
1572 0.3684010742837903 -0.05162023311211551 0.4279574903611796
1573 0.3094705591848744 -0.2064266770497482 -0.7143750324183622
1574 0.03482752164552733 -0.3703660942041404 -0.3854920462092548
1575 0.20637902733215 -0.3095023377576259 -0.7144625895206125
1576 0.08417453715711717 -0.3623515520794481 -0.1640003597724958
1577 0.3531298121900796 -0.1169757912672495 -0.2111987005049747
1578 0.177008658586798 -0.327187919681186 -0.4199053568911938
1579 0.3668393482654522 -0.06174862398611195 -0.4539967014061642
1580 0.2356049109323178 -0.2878790126851461 -0.1937520854416866
1581 0.1808038769633403 -0.3251060720365359 -0.4720306874350211
1582 0.263043722601114 -0.2630437226016772 0.6544096244341604
1583 0.04266501334110215 -0.3695452565472915 -0.3293093482978545
1584 0.1027040026141971 -0.3575414491314579 -0.4060983895684397
1585 0.2337735153099567 -0.2893681799017047 -0.7034064004849321
1586 0.2894451230524351 -0.2336782419078862 -0.7031234367823571
1587 0.2652126540258199 -0.2608567579047563 -0.1074633800285919
1588 0.3245709960113623 -0.1817626709426119 -0.4502316554953722
1589 0.0722211716350545 -0.3649220497142643 -0.3708054022039979
1590 0.2929301792002471 -0.2292943743612369 -0.4194281064006432
1591 0.3636297102461676 -0.07846931773813293 -0.2835286328315807
1592 0.2887184887675904 -0.2345754340159232 0.1678515585692981
1593 0.2345694521254689 -0.2887233487779561 0.1678515585692981
1594 0.3579066400334497 -0.1014240455708935 -0.4177141328173745
1595 0.3362698233210116 -0.1590805013936514 -0.4090800527271138
1596 0.3185336686448068 -0.1921465636946972 0.2463180841205023
1597 0.1936512867154738 -0.3176211251687163 0.2557721026443404
1598 0.1347865104523422 -0.3467226508321609 0.6705354794674947
1599 0.3500522078062849 -0.1258866625578163 0.6643237699506526
1600 0.3197281587172154 -0.1901523192687878 -0.171028772713871
1601 0.3299837857112819 -0.1717402141830814 0.4397959892596557
1602 0.1730235867260346 -0.3293126757907419 0.4413943094931976
1603 0.1600136078288137 -0.3358268085034405 -0.1231411923241728
1604 0.2430845992706306 -0.281591685952261 -0.4180739286590858
1605 0.2066264876534095 -0.3093371859314934 -0.3160521476162876
1606 0.1086158543531663 -0.3557901013000948 -0.264153440342491
1607 0.109737788679032 -0.3554456607356968 0.2854248864976395
1608 0.3576594327452209 -0.102292375905376 0.28759808203887
1609 0.1617736483647544 -0.3349825169986587 -0.182999089797377
1610 0.125129523284329 -0.3503235681518393 -0.3524748108905205
1611 0.3647240875204028 -0.07321434273699065 0.4017103559462257
1612 0.2809580825436826 -0.2438166439219792 0.3800864723113598
1613 0.2865778597922024 -0.237185855979906 0.6319467605663929
1614 0.2371829055993131 -0.2865803016459214 0.6319394828061199
1615 0.3125342831009601 -0.2017580776240914 0.1416738328249507
1616 0.2017019040174649 -0.3125705391039425 0.1417496381784156
1617 0.198206734763004 -0.3147984915697471 -0.2180203864197701
1618 0.3641164336314244 -0.07617888657320018 -0.189876500422294
1619 0.2422391042203193 -0.2823193517747893 0.3174830134767913
1620 0.331225747750748 -0.1693325250120538 -0.07826884682126267
1621 0.2876381361605409 -0.2358989245971462 -0.01301930711651719
1622 0.2340359612742184 -0.2891559593548997 -0.009555599767125084
1623 0.3581961337555458 -0.1003968613183656 0.4205148251027431
1624 0.03345328739439647 -0.3704927496760332 0.6192117835810538
1625 0.1998978460839098 -0.31372735158257 -0.3494719024243632
1626 0.3564983986175055 -0.1062680186281557 -0.3198023305369212
1627 0.3379697378738346 -0.1554363415726565 0.2213733147464297
1628 0.1552140020134655 -0.3380719059297354 0.223773566798957
1629 0.103462210160529 -0.357322782745095 -0.1105006598610452
1630 0.1721651182311945 -0.3297622963051396 -0.3723655946066527
1631 0.3705680331613788 -0.03260878407587739 -0.3713312950707053
1632 0.3709991350358733 -0.02726979652718077 -0.6294008290777935
1633 0.323513275850458 -0.1836386679011408 -0.3598223815948065
1634 0.1681701717372127 -0.3318174096364992 -0.06610834768531598
1635 0.04356531387391856 -0.3694402027758578 -0.1850359611171031
1636 0.1754791789904598 -0.328010758574828 0.3821005697295444
1637 0.3314188879280308 -0.168954197120247 0.3364429069317081
1638 0.1698865222927378 -0.330941942858984 0.3188362358499245
1639 0.3700875218576001 -0.03767261824323222 -0.1723335793203543
1640 0.3289633212145683 -0.1736868829114067 0.3815728251566273
1641 0.3569767869427214 -0.1046497662876075 -0.01199049353262718
1642 0.1000489451818017 -0.3582934671020513 -0.0131418169546525
1643 0.2878911583565136 -0.2355900696976524 0.1111088754097719
1644 0.2355657644747385 -0.2879110463449291 0.111108313407243
1645 0.2912164222917409 -0.2314670503281156 -0.1440027533773476
1646 0.1136929178637711 -0.3542003958603402 -0.2045138309468435
1647 0.2876757897839951 -0.2358530050098039 0.05011872050318966
1648 0.1003185296835691 -0.3582180796695315 0.05467224415445715
1649 0.3579883810012732 -0.1011351524846194 0.05538627925449045
1650 0.3285622021329038 -0.1744444878165456 0.05026438038685314
1651 0.03946161867763289 -0.3699010417008055 0.03530244710633523
1652 0.3703683505591211 -0.03480351855942039 0.03870742754679563
1653 0.1739478528021678 -0.3288254012474024 0.05067275784814004
1654 0.2350320664737282 -0.2883468878435987 0.05108833855322345
1655 0.2631239552483876 -0.2629634654746633 -0.682973149704137
1656 0.3308169577597185 -0.1701297753440138 0.1127279656062933
1657 0.1699861341031718 -0.3308907889510653 0.1128682065161436
1658 0.3703837097364571 -0.03463968189605497 -0.01578088644444246
1659 0.3702708065071834 -0.03582638480952206 0.08319456041520794
1660 0.03657104917444702 -0.3701979988631491 0.08260341698920248
1661 0.2890759424734645 -0.2341347891345456 -0.6526242386623063
1662 0.2348394783264942 -0.2885037598010466 -0.6537876015681522
1663 0.2315419725885919 -0.2911568562300804 -0.1326672526043648
1664 0.2701498951828292 -0.2557401691809607 -0.444084173457683
1665 0.03744074104731863 -0.3701110521314211 -0.2730718189336532
1666 0.3695915102632806 -0.04226246018995193 0.1447807557554022
1667 0.04233054894388824 -0.3695837180208417 0.1446824943653922
1668 0.07523794020881719 -0.3643120260890854 -0.2913883411904035
1669 0.1055907601984299 -0.3566995813856776 0.3240240369347699
1670 0.359109174819511 -0.09708038195459366 0.33503569702292
1671 0.2847580544742559 -0.2393676051850724 0.6749262264645703
1672 0.2393665058205304 -0.2847589785964086 0.674923497304468
1673 0.1731259935469636 -0.3292588500836032 -0.3262690467740379
1674 0.370425498571601 -0.03418991090922497 -0.05309288994847149
1675 0.2121968581687035 -0.3055429485086033 -0.3883379887739387
1676 0.1005059578494867 -0.3581655377569946 -0.05827943340124575
1677 0.3700241017097737 -0.03829052302953029 0.2596796877236901
1678 0.03487630579235466 -0.3703615035263224 0.250778449183141
1679 0.335356739359109 -0.1609964514094226 -0.2215722964300096
1680 0.3294378030340432 -0.1727852248663145 -0.01199268588337907
1681 0.1093379539428403 -0.3555688566615378 0.4247205724200602
1682 0.3589939553215314 -0.0975055898018278 -0.06361797929304455
1683 0.3683484067910145 -0.05199472294878876 0.3092887035005624
1684 0.1719452895047945 -0.3298769731537992 -0.01096643914148199
1685 0.3569358639510872 -0.1047892600674844 -0.5865841730416079
1686 0.2417401777990486 -0.2827466824521276 -0.4665857717674624
1687 0.2110743077145284 -0.306319500885648 -0.4408231645015591
1688 0.3700359337040277 -0.0381760103702373 0.211206492155021
1689 0.03761820536379915 -0.3700930567103454 0.2096984942433539
1690 0.367473417919835 -0.05785574407363734 -0.09132970454596437
1691 0.3264140160555159 -0.1784317520020172 -0.1248385574757947
1692 0.03391514485337868 -0.3704507564435174 -0.4316484525349622
1693 0.105828109764421 -0.3566292348976589 -0.3071610153492815
1694 0.2912231672456742 -0.2314585640225869 -0.1864422598918997
1695 0.3681005954597791 -0.05372105380719918 0.3719461538126727
1696 0.2460847556847891 -0.2789736421591789 -0.3741901987183548
1697 0.2817879280692802 -0.2428570847111982 0.3209179394595116
1698 0.249963411135573 -0.2755037079486743 0.363370602788285
1699 0.3328591961547299 -0.1660986319486918 0.1684086932344321
1700 0.1660065473970685 -0.3329051309627186 0.1688388533327479
1701 0.3475137889904711 -0.1327334413834218 -0.620382185103
1702 0.3587958575313792 -0.09823203458303346 -0.4531371636815987
1703 0.2462920616796672 -0.2787906389274555 0.4210392032448443
1704 0.280732109137655 -0.2440767971338605 0.4336984332144382
1705 0.2763638284417329 -0.2490121168317485 0.4887400791356443
1706 0.2922326430671731 -0.2301827150895004 0.2692178998095256
1707 0.288905452390223 -0.2343451291987962 -0.1093545545617231
1708 0.2330669239693778 -0.2899375949259637 0.27069218293563
1709 0.2406828032562227 -0.2836472954511048 -0.5051401059872056
1710 0.3688047247962007 -0.04865259466871745 -0.3240690460903577
1711 0.02846825674536058 -0.370909097162472 -0.2304260250724266
1712 0.05221506337710352 -0.3683172371156758 -0.02723682112292736
1713 0.3652638476476769 -0.07047213351115898 0.6103333053307758
1714 0.2428702271670564 -0.2817766007954216 0.4791181064625809
1715 0.0253071520297071 -0.3711381791949532 -0.7261370557203897
1716 0.2904017729132859 -0.2324883014020711 -0.2689986283181854
1717 0.3602329469731659 -0.09282361722658848 -0.5323107146038996
1718 0.03051804399560214 -0.3707460707690405 -0.07433615595153764
1719 0.3529909044125198 -0.1173942988480756 0.1902021509559561
1720 0.1246216009846959 -0.3505045742469151 0.1848339522246517
1721 0.3707925980869298 -0.02994744069105814 0.6198035359780426
1722 0.03605433165276532 -0.3702486801719518 0.330498894789242
1723 0.06548673786597575 -0.3661905066542181 0.2902922482676373
1724 0.3647258150625808 -0.07320573629802557 0.2667863846543825
1725 0.06513324572737231 -0.3662535464688603 0.236666205200608
1726 0.3641326732865522 -0.07610122367734302 0.2259672817630913
1727 0.3644175049688835 -0.07472537769896988 0.1828065019096382
1728 0.0797857898096393 -0.3633431267334667 0.193604137792498
1729 0.04731605233166968 -0.3689785782287999 -0.1228068829240728
1730 0.3587694225557803 -0.09832853827344301 0.1418758289187202
1731 0.0981522078437046 -0.3588177031521801 0.1419079785640322
1732 0.03419812967525199 -0.3704247398955887 0.367816516997146
1733 0.3691339836653307 -0.04608798220104006 -0.4102859772473058
1734 0.03556954071739555 -0.3702955681251849 0.5777733183380271
1735 0.0313854868888853 -0.3706736451553408 0.533239152708746
1736 0.1068116493964304 -0.356335897087585 0.2411004095795268
1737 0.3604625894157335 -0.09192780662946462 0.6499608414347486
1738 0.354620177507787 -0.1123767311517187 0.2433730042921829
1739 0.319345409236074 -0.1907944171086891 0.3000175814684288
1740 0.07167925916698081 -0.3650288807824289 0.602862109962555
1741 0.1333456472597585 -0.3472793376474851 -0.0796708179324066
1742 0.0877594186766294 -0.3615000476259166 -0.4883415902342247
1743 0.3704702352661638 -0.03370170295152985 0.5814173633523896
1744 0.2298199026284393 -0.2925180547519325 0.3866034980562754
1745 0.3697228003536935 -0.04109806441455335 -0.268574168433231
1746 0.2621155772847421 -0.2639686044678161 0.455648955514377
1747 0.3702045815748195 -0.0365043529049993 0.5347072873035943
1748 0.1909337636275208 -0.3192621147380785 -0.510638671347888
1749 0.3699527471986198 -0.03897389947380313 -0.2198117468312802
1750 0.1243900674805266 -0.3505868096665788 -0.5073011593949246
1751 0.3705452965575537 -0.03286614061727559 -0.1314773352381391
1752 0.3662343005497606 -0.06524137568159977 0.5631961999278497
1753 0.3711126673486621 -0.02567855395775235 0.7286011307884326
1754 0.3711265205873875 -0.02547755319294473 -0.7277576166370825
1755 0.02612709249506493 -0.3710813590545263 0.728380310120919
$EndNodes
$Elements
3414
1 2 2 1 501 282 234 238
2 2 2 1 501 232 283 236
3 2 2 1 501 233 284 237
4 2 2 1 501 285 231 235
5 2 2 1 501 17 275 16
6 2 2 1 501 274 11 12
7 2 2 1 501 10 236 9
8 2 2 1 501 238 18 19
9 2 2 1 501 235 54 53
10 2 2 1 501 62 237 63
11 2 2 1 501 289 258 259
12 2 2 1 501 258 289 262
13 2 2 1 501 240 340 339
14 2 2 1 501 345 239 344
15 2 2 1 501 242 353 276
16 2 2 1 501 286 353 291
17 2 2 1 501 354 241 277
18 2 2 1 501 354 286 292
19 2 2 1 501 356 278 300
20 2 2 1 501 281 357 226
21 2 2 1 501 358 280 224
22 2 2 1 501 360 271 359
23 2 2 1 501 271 360 356
24 2 2 1 501 361 221 297
25 2 2 1 501 221 361 296
26 2 2 1 501 362 230 224
27 2 2 1 501 280 362 224
28 2 2 1 501 228 363 226
29 2 2 1 501 363 281 226
30 2 2 1 501 226 364 242
31 2 2 1 501 364 244 242
32 2 2 1 501 364 226 357
33 2 2 1 501 365 224 241
34 2 2 1 501 243 365 241
35 2 2 1 501 224 365 358
36 2 2 1 501 286 368 292
37 2 2 1 501 368 286 291
38 2 2 1 501 369 281 363
39 2 2 1 501 280 370 362
40 2 2 1 501 374 213 340
41 2 2 1 501 374 278 356
42 2 2 1 501 278 374 340
43 2 2 1 501 213 376 345
44 2 2 1 501 286 379 353
45 2 2 1 501 379 276 353
46 2 2 1 501 380 286 354
47 2 2 1 501 277 380 354
48 2 2 1 501 386 240 227
49 2 2 1 501 386 278 340
50 2 2 1 501 240 386 340
51 2 2 1 501 130 388 129
52 2 2 1 501 224 389 241
53 2 2 1 501 389 277 241
54 2 2 1 501 390 226 242
55 2 2 1 501 276 390 242
56 2 2 1 501 239 392 225
57 2 2 1 501 392 239 345
58 2 2 1 501 394 98 97
59 2 2 1 501 394 236 283
60 2 2 1 501 396 102 101
61 2 2 1 501 99 397 100
62 2 2 1 501 279 397 391
63 2 2 1 501 398 128 129
64 2 2 1 501 128 398 383
65 2 2 1 501 275 399 382
66 2 2 1 501 400 274 381
67 2 2 1 501 244 401 294
68 2 2 1 501 402 243 295
69 2 2 1 501 403 228 366
70 2 2 1 501 230 404 367
71 2 2 1 501 100 414 101
72 2 2 1 501 415 57 56
73 2 2 1 501 272 415 56
74 2 2 1 501 59 416 60
75 2 2 1 501 416 273 60
76 2 2 1 501 229 417 227
77 2 2 1 501 278 417 300
78 2 2 1 501 420 99 98
79 2 2 1 501 420 283 391
80 2 2 1 501 229 421 381
81 2 2 1 501 414 396 101
82 2 2 1 501 417 386 227
83 2 2 1 501 278 386 417
84 2 2 1 501 392 405 225
85 2 2 1 501 388 398 129
86 2 2 1 501 397 414 100
87 2 2 1 501 397 279 414
88 2 2 1 501 394 420 98
89 2 2 1 501 394 283 420
90 2 2 1 501 60 384 61
91 2 2 1 501 60 273 384
92 2 2 1 501 385 56 55
93 2 2 1 501 272 56 385
94 2 2 1 501 299 382 405
95 2 2 1 501 382 351 275
96 2 2 1 501 299 351 382
97 2 2 1 501 381 417 229
98 2 2 1 501 381 300 417
99 2 2 1 501 350 381 274
100 2 2 1 501 350 300 381
101 2 2 1 501 347 367 273
102 2 2 1 501 366 346 272
103 2 2 1 501 346 415 272
104 2 2 1 501 416 347 273
105 2 2 1 501 345 411 213
106 2 2 1 501 345 344 411
107 2 2 1 501 374 360 213
108 2 2 1 501 356 360 374
109 2 2 1 501 360 376 213
110 2 2 1 501 360 359 376
111 2 2 1 501 400 421 232
112 2 2 1 501 400 381 421
113 2 2 1 501 422 399 234
114 2 2 1 501 382 399 422
115 2 2 1 501 420 397 99
116 2 2 1 501 391 397 420
117 2 2 1 501 377 269 410
118 2 2 1 501 268 378 409
119 2 2 1 501 250 325 246
120 2 2 1 501 326 251 245
121 2 2 1 501 399 275 17
122 2 2 1 501 274 400 11
123 2 2 1 501 384 273 367
124 2 2 1 501 272 385 366
125 2 2 1 501 261 312 316
126 2 2 1 501 311 260 315
127 2 2 1 501 372 268 329
128 2 2 1 501 269 373 330
129 2 2 1 501 373 142 143
130 2 2 1 501 378 268 307
131 2 2 1 501 269 377 308
132 2 2 1 501 113 372 114
133 2 2 1 501 407 150 151
134 2 2 1 501 358 407 280
135 2 2 1 501 121 408 122
136 2 2 1 501 408 357 281
137 2 2 1 501 371 227 240
138 2 2 1 501 406 227 371
139 2 2 1 501 279 406 371
140 2 2 1 501 352 215 287
141 2 2 1 501 215 352 302
142 2 2 1 501 215 355 287
143 2 2 1 501 355 215 301
144 2 2 1 501 406 229 227
145 2 2 1 501 279 391 406
146 2 2 1 501 230 389 224
147 2 2 1 501 389 230 337
148 2 2 1 501 277 389 337
149 2 2 1 501 390 228 226
150 2 2 1 501 228 390 338
151 2 2 1 501 390 276 338
152 2 2 1 501 421 229 406
153 2 2 1 501 421 283 232
154 2 2 1 501 421 391 283
155 2 2 1 501 421 406 391
156 2 2 1 501 228 403 363
157 2 2 1 501 285 403 231
158 2 2 1 501 369 403 285
159 2 2 1 501 369 363 403
160 2 2 1 501 404 230 362
161 2 2 1 501 404 284 233
162 2 2 1 501 404 370 284
163 2 2 1 501 362 370 404
164 2 2 1 501 282 422 234
165 2 2 1 501 383 422 282
166 2 2 1 501 18 399 17
167 2 2 1 501 234 18 238
168 2 2 1 501 399 18 234
169 2 2 1 501 400 10 11
170 2 2 1 501 10 232 236
171 2 2 1 501 10 400 232
172 2 2 1 501 62 233 237
173 2 2 1 501 231 54 235
174 2 2 1 501 427 375 288
175 2 2 1 501 428 305 295
176 2 2 1 501 428 222 219
177 2 2 1 501 306 429 294
178 2 2 1 501 222 429 219
179 2 2 1 501 133 430 132
180 2 2 1 501 298 430 423
181 2 2 1 501 221 431 297
182 2 2 1 501 431 310 297
183 2 2 1 501 432 221 296
184 2 2 1 501 309 432 296
185 2 2 1 501 433 375 239
186 2 2 1 501 433 395 288
187 2 2 1 501 375 433 288
188 2 2 1 501 248 434 254
189 2 2 1 501 435 247 253
190 2 2 1 501 306 436 429
191 2 2 1 501 436 219 429
192 2 2 1 501 437 305 428
193 2 2 1 501 219 437 428
194 2 2 1 501 440 298 427
195 2 2 1 501 288 440 427
196 2 2 1 501 441 16 275
197 2 2 1 501 351 441 275
198 2 2 1 501 12 442 274
199 2 2 1 501 442 350 274
200 2 2 1 501 443 104 103
201 2 2 1 501 107 447 108
202 2 2 1 501 311 447 327
203 2 2 1 501 448 136 137
204 2 2 1 501 448 312 328
205 2 2 1 501 135 449 134
206 2 2 1 501 348 449 425
207 2 2 1 501 450 343 357
208 2 2 1 501 408 450 357
209 2 2 1 501 342 451 358
210 2 2 1 501 451 407 358
211 2 2 1 501 104 452 105
212 2 2 1 501 349 452 424
213 2 2 1 501 250 453 325
214 2 2 1 501 328 454 425
215 2 2 1 501 455 327 426
216 2 2 1 501 456 135 136
217 2 2 1 501 456 328 425
218 2 2 1 501 106 457 107
219 2 2 1 501 327 457 426
220 2 2 1 501 458 106 105
221 2 2 1 501 458 349 426
222 2 2 1 501 459 133 134
223 2 2 1 501 459 348 423
224 2 2 1 501 462 335 444
225 2 2 1 501 464 344 239
226 2 2 1 501 375 464 239
227 2 2 1 501 339 467 240
228 2 2 1 501 298 470 427
229 2 2 1 501 473 260 311
230 2 2 1 501 327 473 311
231 2 2 1 501 261 474 312
232 2 2 1 501 474 328 312
233 2 2 1 501 476 337 347
234 2 2 1 501 338 477 346
235 2 2 1 501 478 330 320
236 2 2 1 501 329 479 319
237 2 2 1 501 108 481 109
238 2 2 1 501 315 481 311
239 2 2 1 501 482 137 138
240 2 2 1 501 482 316 312
241 2 2 1 501 483 257 378
242 2 2 1 501 307 483 378
243 2 2 1 501 256 484 377
244 2 2 1 501 484 308 377
245 2 2 1 501 488 396 293
246 2 2 1 501 491 131 132
247 2 2 1 501 495 370 280
248 2 2 1 501 407 495 280
249 2 2 1 501 369 496 281
250 2 2 1 501 496 408 281
251 2 2 1 501 418 498 257
252 2 2 1 501 499 419 256
253 2 2 1 501 502 296 317
254 2 2 1 501 297 503 318
255 2 2 1 501 506 222 368
256 2 2 1 501 291 506 368
257 2 2 1 501 222 507 368
258 2 2 1 501 507 292 368
259 2 2 1 501 343 511 469
260 2 2 1 501 512 342 468
261 2 2 1 501 513 385 231
262 2 2 1 501 513 403 366
263 2 2 1 501 403 513 231
264 2 2 1 501 385 513 366
265 2 2 1 501 384 514 233
266 2 2 1 501 404 514 367
267 2 2 1 501 514 404 233
268 2 2 1 501 514 384 367
269 2 2 1 501 128 515 127
270 2 2 1 501 282 515 383
271 2 2 1 501 515 282 127
272 2 2 1 501 515 128 383
273 2 2 1 501 516 375 427
274 2 2 1 501 517 317 296
275 2 2 1 501 361 517 296
276 2 2 1 501 318 518 297
277 2 2 1 501 518 361 297
278 2 2 1 501 521 307 268
279 2 2 1 501 372 521 268
280 2 2 1 501 308 522 269
281 2 2 1 501 522 373 269
282 2 2 1 501 526 412 252
283 2 2 1 501 413 527 255
284 2 2 1 501 528 347 416
285 2 2 1 501 346 529 415
286 2 2 1 501 271 530 359
287 2 2 1 501 351 530 466
288 2 2 1 501 531 271 356
289 2 2 1 501 531 350 465
290 2 2 1 501 540 378 257
291 2 2 1 501 377 541 256
292 2 2 1 501 401 542 294
293 2 2 1 501 542 401 252
294 2 2 1 501 542 306 294
295 2 2 1 501 543 402 295
296 2 2 1 501 402 543 255
297 2 2 1 501 305 543 295
298 2 2 1 501 402 545 468
299 2 2 1 501 545 402 255
300 2 2 1 501 546 401 469
301 2 2 1 501 401 546 252
302 2 2 1 501 317 548 435
303 2 2 1 501 549 318 434
304 2 2 1 501 344 552 411
305 2 2 1 501 559 413 255
306 2 2 1 501 412 560 252
307 2 2 1 501 242 566 353
308 2 2 1 501 566 291 353
309 2 2 1 501 567 241 354
310 2 2 1 501 292 567 354
311 2 2 1 501 306 568 436
312 2 2 1 501 569 305 437
313 2 2 1 501 570 329 268
314 2 2 1 501 409 570 268
315 2 2 1 501 330 571 269
316 2 2 1 501 571 410 269
317 2 2 1 501 572 371 240
318 2 2 1 501 371 572 293
319 2 2 1 501 430 491 132
320 2 2 1 501 430 298 491
321 2 2 1 501 498 556 257
322 2 2 1 501 498 303 556
323 2 2 1 501 555 499 256
324 2 2 1 501 304 499 555
325 2 2 1 501 543 559 255
326 2 2 1 501 543 305 559
327 2 2 1 501 560 542 252
328 2 2 1 501 306 542 560
329 2 2 1 501 447 481 108
330 2 2 1 501 447 311 481
331 2 2 1 501 482 448 137
332 2 2 1 501 312 448 482
333 2 2 1 501 527 545 255
334 2 2 1 501 527 313 545
335 2 2 1 501 546 526 252
336 2 2 1 501 314 526 546
337 2 2 1 501 457 447 107
338 2 2 1 501 327 447 457
339 2 2 1 501 448 456 136
340 2 2 1 501 448 328 456
341 2 2 1 501 449 459 134
342 2 2 1 501 449 348 459
343 2 2 1 501 452 458 105
344 2 2 1 501 452 349 458
345 2 2 1 501 299 530 351
346 2 2 1 501 299 359 530
347 2 2 1 501 531 300 350
348 2 2 1 501 356 300 531
349 2 2 1 501 556 540 257
350 2 2 1 501 309 540 556
351 2 2 1 501 541 555 256
352 2 2 1 501 541 310 555
353 2 2 1 501 502 435 253
354 2 2 1 501 317 435 502
355 2 2 1 501 434 503 254
356 2 2 1 501 434 318 503
357 2 2 1 501 225 433 239
358 2 2 1 501 225 395 433
359 2 2 1 501 459 430 133
360 2 2 1 501 423 430 459
361 2 2 1 501 443 452 104
362 2 2 1 501 443 424 452
363 2 2 1 501 466 441 351
364 2 2 1 501 442 465 350
365 2 2 1 501 456 449 135
366 2 2 1 501 425 449 456
367 2 2 1 501 458 457 106
368 2 2 1 501 426 457 458
369 2 2 1 501 516 470 259
370 2 2 1 501 427 470 516
371 2 2 1 501 487 516 259
372 2 2 1 501 536 445 313
373 2 2 1 501 446 537 314
374 2 2 1 501 462 480 214
375 2 2 1 501 462 444 480
376 2 2 1 501 480 463 214
377 2 2 1 501 531 525 271
378 2 2 1 501 465 525 531
379 2 2 1 501 525 530 271
380 2 2 1 501 525 466 530
381 2 2 1 501 512 545 313
382 2 2 1 501 512 468 545
383 2 2 1 501 546 511 314
384 2 2 1 501 469 511 546
385 2 2 1 501 560 568 306
386 2 2 1 501 569 559 305
387 2 2 1 501 527 536 313
388 2 2 1 501 537 526 314
389 2 2 1 501 16 441 15
390 2 2 1 501 15 441 466
391 2 2 1 501 442 12 13
392 2 2 1 501 442 13 465
393 2 2 1 501 245 534 265
394 2 2 1 501 334 534 323
395 2 2 1 501 535 246 264
396 2 2 1 501 535 333 324
397 2 2 1 501 551 245 265
398 2 2 1 501 245 551 326
399 2 2 1 501 551 332 326
400 2 2 1 501 246 550 264
401 2 2 1 501 550 246 325
402 2 2 1 501 331 550 325
403 2 2 1 501 471 534 334
404 2 2 1 501 534 419 265
405 2 2 1 501 535 472 333
406 2 2 1 501 418 535 264
407 2 2 1 501 550 331 303
408 2 2 1 501 550 418 264
409 2 2 1 501 498 418 550
410 2 2 1 501 303 498 550
411 2 2 1 501 332 551 304
412 2 2 1 501 419 551 265
413 2 2 1 501 419 499 551
414 2 2 1 501 499 304 551
415 2 2 1 501 540 409 378
416 2 2 1 501 410 541 377
417 2 2 1 501 412 526 554
418 2 2 1 501 554 526 537
419 2 2 1 501 527 413 553
420 2 2 1 501 527 553 536
421 2 2 1 501 560 412 533
422 2 2 1 501 560 533 568
423 2 2 1 501 413 559 532
424 2 2 1 501 532 559 569
425 2 2 1 501 220 490 223
426 2 2 1 501 489 220 223
427 2 2 1 501 307 472 483
428 2 2 1 501 483 418 257
429 2 2 1 501 535 418 483
430 2 2 1 501 535 483 472
431 2 2 1 501 471 308 484
432 2 2 1 501 419 484 256
433 2 2 1 501 419 534 484
434 2 2 1 501 484 534 471
435 2 2 1 501 219 489 223
436 2 2 1 501 489 219 436
437 2 2 1 501 489 436 568
438 2 2 1 501 490 219 223
439 2 2 1 501 219 490 437
440 2 2 1 501 437 490 569
441 2 2 1 501 554 479 247
442 2 2 1 501 554 319 479
443 2 2 1 501 478 553 248
444 2 2 1 501 320 553 478
445 2 2 1 501 533 247 435
446 2 2 1 501 533 435 548
447 2 2 1 501 248 532 434
448 2 2 1 501 434 532 549
449 2 2 1 501 222 506 429
450 2 2 1 501 506 294 429
451 2 2 1 501 294 506 291
452 2 2 1 501 507 222 428
453 2 2 1 501 295 507 428
454 2 2 1 501 507 295 292
455 2 2 1 501 102 488 103
456 2 2 1 501 488 102 396
457 2 2 1 501 488 443 103
458 2 2 1 501 450 121 120
459 2 2 1 501 121 450 408
460 2 2 1 501 510 343 450
461 2 2 1 501 120 510 450
462 2 2 1 501 150 451 149
463 2 2 1 501 451 150 407
464 2 2 1 501 342 509 451
465 2 2 1 501 509 149 451
466 2 2 1 501 253 570 409
467 2 2 1 501 570 253 247
468 2 2 1 501 479 329 570
469 2 2 1 501 247 479 570
470 2 2 1 501 571 254 410
471 2 2 1 501 254 571 248
472 2 2 1 501 330 478 571
473 2 2 1 501 478 248 571
474 2 2 1 501 555 310 431
475 2 2 1 501 387 431 221
476 2 2 1 501 309 556 432
477 2 2 1 501 432 387 221
478 2 2 1 501 122 496 123
479 2 2 1 501 496 122 408
480 2 2 1 501 369 558 496
481 2 2 1 501 558 123 496
482 2 2 1 501 495 151 152
483 2 2 1 501 151 495 407
484 2 2 1 501 557 370 495
485 2 2 1 501 152 557 495
486 2 2 1 501 486 251 261
487 2 2 1 501 316 486 261
488 2 2 1 501 486 316 323
489 2 2 1 501 250 485 260
490 2 2 1 501 485 315 260
491 2 2 1 501 315 485 324
492 2 2 1 501 539 117 116
493 2 2 1 501 565 319 539
494 2 2 1 501 116 565 539
495 2 2 1 501 146 538 145
496 2 2 1 501 320 564 538
497 2 2 1 501 564 145 538
498 2 2 1 501 523 138 139
499 2 2 1 501 523 482 138
500 2 2 1 501 523 323 316
501 2 2 1 501 523 316 482
502 2 2 1 501 109 524 110
503 2 2 1 501 481 524 109
504 2 2 1 501 324 524 315
505 2 2 1 501 315 524 481
506 2 2 1 501 564 144 145
507 2 2 1 501 564 320 330
508 2 2 1 501 115 565 116
509 2 2 1 501 319 565 329
510 2 2 1 501 148 445 147
511 2 2 1 501 445 512 313
512 2 2 1 501 446 119 118
513 2 2 1 501 511 446 314
514 2 2 1 501 509 148 149
515 2 2 1 501 445 148 509
516 2 2 1 501 342 512 509
517 2 2 1 501 445 509 512
518 2 2 1 501 119 510 120
519 2 2 1 501 119 446 510
520 2 2 1 501 511 343 510
521 2 2 1 501 510 446 511
522 2 2 1 501 341 508 344
523 2 2 1 501 552 344 508
524 2 2 1 501 491 298 440
525 2 2 1 501 388 440 288
526 2 2 1 501 388 130 440
527 2 2 1 501 131 491 440
528 2 2 1 501 440 130 131
529 2 2 1 501 562 355 301
530 2 2 1 501 246 485 250
531 2 2 1 501 485 246 535
532 2 2 1 501 324 485 535
533 2 2 1 501 486 245 251
534 2 2 1 501 245 486 534
535 2 2 1 501 486 323 534
536 2 2 1 501 519 215 302
537 2 2 1 501 215 519 301
538 2 2 1 501 302 520 519
539 2 2 1 501 352 563 302
540 2 2 1 501 244 566 242
541 2 2 1 501 566 244 294
542 2 2 1 501 291 566 294
543 2 2 1 501 567 243 241
544 2 2 1 501 243 567 295
545 2 2 1 501 567 292 295
546 2 2 1 501 470 289 259
547 2 2 1 501 289 470 423
548 2 2 1 501 470 298 423
549 2 2 1 501 321 562 301
550 2 2 1 501 562 321 263
551 2 2 1 501 520 322 336
552 2 2 1 501 322 520 302
553 2 2 1 501 563 258 262
554 2 2 1 501 563 322 302
555 2 2 1 501 322 563 262
556 2 2 1 501 460 260 266
557 2 2 1 501 260 460 250
558 2 2 1 501 453 250 460
559 2 2 1 501 261 461 267
560 2 2 1 501 461 261 251
561 2 2 1 501 473 266 260
562 2 2 1 501 327 455 473
563 2 2 1 501 267 474 261
564 2 2 1 501 474 267 249
565 2 2 1 501 454 328 474
566 2 2 1 501 249 454 474
567 2 2 1 501 244 469 401
568 2 2 1 501 364 469 244
569 2 2 1 501 343 469 357
570 2 2 1 501 364 357 469
571 2 2 1 501 468 243 402
572 2 2 1 501 468 365 243
573 2 2 1 501 468 342 358
574 2 2 1 501 358 365 468
575 2 2 1 501 289 547 262
576 2 2 1 501 547 289 423
577 2 2 1 501 348 547 423
578 2 2 1 501 544 290 263
579 2 2 1 501 544 349 424
580 2 2 1 501 547 249 262
581 2 2 1 501 547 454 249
582 2 2 1 501 547 348 425
583 2 2 1 501 547 425 454
584 2 2 1 501 557 152 153
585 2 2 1 501 557 284 370
586 2 2 1 501 284 557 153
587 2 2 1 501 123 558 124
588 2 2 1 501 285 558 369
589 2 2 1 501 558 285 124
590 2 2 1 501 555 494 304
591 2 2 1 501 494 387 218
592 2 2 1 501 387 494 431
593 2 2 1 501 431 494 555
594 2 2 1 501 493 556 303
595 2 2 1 501 387 493 218
596 2 2 1 501 493 387 432
597 2 2 1 501 493 432 556
598 2 2 1 501 518 220 361
599 2 2 1 501 220 518 490
600 2 2 1 501 549 518 318
601 2 2 1 501 490 518 549
602 2 2 1 501 220 517 361
603 2 2 1 501 517 220 489
604 2 2 1 501 517 548 317
605 2 2 1 501 517 489 548
606 2 2 1 501 504 216 217
607 2 2 1 501 438 216 504
608 2 2 1 501 216 505 217
609 2 2 1 501 216 439 505
610 2 2 1 501 502 253 409
611 2 2 1 501 502 309 296
612 2 2 1 501 540 309 502
613 2 2 1 501 409 540 502
614 2 2 1 501 254 503 410
615 2 2 1 501 310 503 297
616 2 2 1 501 310 541 503
617 2 2 1 501 541 410 503
618 2 2 1 501 113 521 372
619 2 2 1 501 112 521 113
620 2 2 1 501 521 472 307
621 2 2 1 501 522 142 373
622 2 2 1 501 522 141 142
623 2 2 1 501 471 522 308
624 2 2 1 501 126 127 282
625 2 2 1 501 238 126 282
626 2 2 1 501 395 225 561
627 2 2 1 501 561 422 383
628 2 2 1 501 405 561 225
629 2 2 1 501 561 383 398
630 2 2 1 501 395 561 398
631 2 2 1 501 236 394 97
632 2 2 1 501 258 487 259
633 2 2 1 501 258 563 487
634 2 2 1 501 487 508 341
635 2 2 1 501 487 352 508
636 2 2 1 501 563 352 487
637 2 2 1 501 392 359 299
638 2 2 1 501 405 392 299
639 2 2 1 501 376 392 345
640 2 2 1 501 392 376 359
641 2 2 1 501 371 414 279
642 2 2 1 501 414 371 293
643 2 2 1 501 396 414 293
644 2 2 1 501 464 341 344
645 2 2 1 501 487 341 464
646 2 2 1 501 375 516 464
647 2 2 1 501 487 464 516
648 2 2 1 501 62 61 233
649 2 2 1 501 61 384 233
650 2 2 1 501 55 54 231
651 2 2 1 501 385 55 231
652 2 2 1 501 290 424 475
653 2 2 1 501 290 544 424
654 2 2 1 501 438 331 325
655 2 2 1 501 504 331 438
656 2 2 1 501 332 439 326
657 2 2 1 501 332 505 439
658 2 2 1 501 380 379 286
659 2 2 1 501 393 379 380
660 2 2 1 501 395 388 288
661 2 2 1 501 398 388 395
662 2 2 1 501 573 338 276
663 2 2 1 501 338 573 477
664 2 2 1 501 337 574 277
665 2 2 1 501 574 337 476
666 2 2 1 501 521 575 472
667 2 2 1 501 575 521 112
668 2 2 1 501 576 522 471
669 2 2 1 501 522 576 141
670 2 2 1 501 321 577 335
671 2 2 1 501 444 577 519
672 2 2 1 501 577 444 335
673 2 2 1 501 461 578 267
674 2 2 1 501 579 460 266
675 2 2 1 501 580 382 422
676 2 2 1 501 580 561 405
677 2 2 1 501 561 580 422
678 2 2 1 501 382 580 405
679 2 2 1 501 581 326 439
680 2 2 1 501 325 582 438
681 2 2 1 501 583 455 426
682 2 2 1 501 249 584 262
683 2 2 1 501 584 322 262
684 2 2 1 501 445 585 147
685 2 2 1 501 538 585 536
686 2 2 1 501 585 445 536
687 2 2 1 501 586 446 118
688 2 2 1 501 586 539 537
689 2 2 1 501 446 586 537
690 2 2 1 501 9 588 1
691 2 2 1 501 97 588 236
692 2 2 1 501 588 97 1
693 2 2 1 501 588 9 236
694 2 2 1 501 493 589 218
695 2 2 1 501 589 493 303
696 2 2 1 501 590 494 218
697 2 2 1 501 494 590 304
698 2 2 1 501 338 591 228
699 2 2 1 501 366 591 346
700 2 2 1 501 591 366 228
701 2 2 1 501 591 338 346
702 2 2 1 501 592 337 230
703 2 2 1 501 592 367 347
704 2 2 1 501 367 592 230
705 2 2 1 501 337 592 347
706 2 2 1 501 593 340 213
707 2 2 1 501 411 593 213
708 2 2 1 501 321 594 263
709 2 2 1 501 325 453 582
710 2 2 1 501 574 270 393
711 2 2 1 501 476 270 574
712 2 2 1 501 270 573 393
713 2 2 1 501 270 477 573
714 2 2 1 501 589 217 218
715 2 2 1 501 504 217 589
716 2 2 1 501 331 589 303
717 2 2 1 501 331 504 589
718 2 2 1 501 217 590 218
719 2 2 1 501 217 505 590
720 2 2 1 501 590 332 304
721 2 2 1 501 505 332 590
722 2 2 1 501 334 576 471
723 2 2 1 501 575 333 472
724 2 2 1 501 117 586 118
725 2 2 1 501 117 539 586
726 2 2 1 501 585 146 147
727 2 2 1 501 538 146 585
728 2 2 1 501 301 577 321
729 2 2 1 501 301 519 577
730 2 2 1 501 349 583 426
731 2 2 1 501 349 544 583
732 2 2 1 501 379 573 276
733 2 2 1 501 379 393 573
734 2 2 1 501 574 380 277
735 2 2 1 501 393 380 574
736 2 2 1 501 562 587 355
737 2 2 1 501 562 497 587
738 2 2 1 501 595 293 572
739 2 2 1 501 293 595 488
740 2 2 1 501 583 544 263
741 2 2 1 501 583 263 594
742 2 2 1 501 500 582 453
743 2 2 1 501 290 562 263
744 2 2 1 501 562 290 497
745 2 2 1 501 492 467 339
746 2 2 1 501 492 497 467
747 2 2 1 501 492 587 497
748 2 2 1 501 584 249 267
749 2 2 1 501 584 336 322
750 2 2 1 501 336 584 578
751 2 2 1 501 578 584 267
752 2 2 1 501 587 287 355
753 2 2 1 501 287 508 352
754 2 2 1 501 492 287 587
755 2 2 1 501 335 594 321
756 2 2 1 501 594 335 579
757 2 2 1 501 594 579 266
758 2 2 1 501 549 569 490
759 2 2 1 501 549 532 569
760 2 2 1 501 568 548 489
761 2 2 1 501 533 548 568
762 2 2 1 501 336 463 520
763 2 2 1 501 520 463 480
764 2 2 1 501 467 572 240
765 2 2 1 501 528 270 476
766 2 2 1 501 347 528 476
767 2 2 1 501 270 529 477
768 2 2 1 501 529 346 477
769 2 2 1 501 14 525 465
770 2 2 1 501 14 465 13
771 2 2 1 501 525 14 466
772 2 2 1 501 466 14 15
773 2 2 1 501 329 115 372
774 2 2 1 501 115 329 565
775 2 2 1 501 114 372 115
776 2 2 1 501 144 330 373
777 2 2 1 501 330 144 564
778 2 2 1 501 373 143 144
779 2 2 1 501 554 537 319
780 2 2 1 501 539 319 537
781 2 2 1 501 536 553 320
782 2 2 1 501 320 538 536
783 2 2 1 501 529 270 528
784 2 2 1 501 492 552 287
785 2 2 1 501 552 508 287
786 2 2 1 501 443 475 424
787 2 2 1 501 443 595 475
788 2 2 1 501 443 488 595
789 2 2 1 501 480 444 520
790 2 2 1 501 520 444 519
791 2 2 1 501 578 463 336
792 2 2 1 501 554 247 412
793 2 2 1 501 247 533 412
794 2 2 1 501 248 553 413
795 2 2 1 501 532 248 413
796 2 2 1 501 462 579 335
797 2 2 1 501 323 596 334
798 2 2 1 501 140 596 139
799 2 2 1 501 597 324 333
800 2 2 1 501 597 111 110
801 2 2 1 501 578 598 463
802 2 2 1 501 599 579 462
803 2 2 1 501 599 500 453
804 2 2 1 501 216 600 439
805 2 2 1 501 601 216 438
806 2 2 1 501 602 595 572
807 2 2 1 501 467 602 572
808 2 2 1 501 600 216 601
809 2 2 1 501 598 214 463
810 2 2 1 501 501 214 598
811 2 2 1 501 214 599 462
812 2 2 1 501 214 500 599
813 2 2 1 501 600 581 439
814 2 2 1 501 501 581 600
815 2 2 1 501 582 601 438
816 2 2 1 501 582 500 601
817 2 2 1 501 578 461 598
818 2 2 1 501 460 599 453
819 2 2 1 501 460 579 599
820 2 2 1 501 596 523 139
821 2 2 1 501 323 523 596
822 2 2 1 501 524 597 110
823 2 2 1 501 524 324 597
824 2 2 1 501 141 576 140
825 2 2 1 501 576 596 140
826 2 2 1 501 576 334 596
827 2 2 1 501 575 112 111
828 2 2 1 501 597 575 111
829 2 2 1 501 333 575 597
830 2 2 1 501 290 475 602
831 2 2 1 501 497 290 602
832 2 2 1 501 602 475 595
833 2 2 1 501 467 497 602
834 2 2 1 501 593 339 340
835 2 2 1 501 339 593 492
836 2 2 1 501 552 593 411
837 2 2 1 501 593 552 492
838 2 2 1 501 266 473 455
839 2 2 1 501 455 594 266
840 2 2 1 501 583 594 455
841 2 2 1 501 581 251 326
842 2 2 1 501 251 581 461
843 2 2 1 501 598 461 581
844 2 2 1 501 501 598 581
845 2 2 1 501 529 603 415
846 2 2 1 501 604 284 153
847 2 2 1 501 284 604 237
848 2 2 1 501 154 604 153
849 2 2 1 501 285 605 124
850 2 2 1 501 605 285 235
851 2 2 1 501 605 125 124
852 2 2 1 501 57 603 58
853 2 2 1 501 57 415 603
854 2 2 1 501 603 59 58
855 2 2 1 501 528 603 529
856 2 2 1 501 603 528 416
857 2 2 1 501 416 59 603
858 2 2 1 501 500 214 501
859 2 2 1 501 601 500 501
860 2 2 1 501 600 601 501
861 2 2 1 501 63 237 604
862 2 2 1 501 235 53 605
863 2 2 1 501 6 604 154
864 2 2 1 501 6 63 604
865 2 2 1 501 605 5 125
866 2 2 1 501 53 5 605
867 2 2 1 501 606 126 238
868 2 2 1 501 606 19 2
869 2 2 1 501 19 606 238
870 2 2 1 501 126 606 2
871 2 2 1 502 622 664 626
872 2 2 1 502 28 655 27
873 2 2 1 502 654 22 23
874 2 2 1 502 21 626 20
875 2 2 1 502 625 65 64
876 2 2 1 502 73 627 74
877 2 2 1 502 629 715 714
878 2 2 1 502 722 628 719
879 2 2 1 502 631 729 656
880 2 2 1 502 662 729 668
881 2 2 1 502 730 630 657
882 2 2 1 502 730 662 669
883 2 2 1 502 732 658 677
884 2 2 1 502 734 651 733
885 2 2 1 502 651 734 732
886 2 2 1 502 735 178 179
887 2 2 1 502 149 736 150
888 2 2 1 502 630 739 614
889 2 2 1 502 660 739 721
890 2 2 1 502 740 631 616
891 2 2 1 502 740 661 720
892 2 2 1 502 741 620 614
893 2 2 1 502 618 742 616
894 2 2 1 502 743 661 742
895 2 2 1 502 660 744 741
896 2 2 1 502 748 609 715
897 2 2 1 502 748 658 732
898 2 2 1 502 658 748 715
899 2 2 1 502 609 751 722
900 2 2 1 502 662 752 729
901 2 2 1 502 752 656 729
902 2 2 1 502 753 662 730
903 2 2 1 502 657 753 730
904 2 2 1 502 761 629 617
905 2 2 1 502 761 658 715
906 2 2 1 502 629 761 715
907 2 2 1 502 159 762 158
908 2 2 1 502 614 763 630
909 2 2 1 502 763 657 630
910 2 2 1 502 764 616 631
911 2 2 1 502 656 764 631
912 2 2 1 502 765 649 721
913 2 2 1 502 648 766 720
914 2 2 1 502 628 769 615
915 2 2 1 502 769 628 722
916 2 2 1 502 770 127 126
917 2 2 1 502 770 626 664
918 2 2 1 502 772 131 130
919 2 2 1 502 128 773 129
920 2 2 1 502 659 773 768
921 2 2 1 502 655 775 757
922 2 2 1 502 776 654 756
923 2 2 1 502 129 784 130
924 2 2 1 502 785 68 67
925 2 2 1 502 652 785 67
926 2 2 1 502 70 786 71
927 2 2 1 502 786 653 71
928 2 2 1 502 619 787 617
929 2 2 1 502 658 787 677
930 2 2 1 502 789 128 127
931 2 2 1 502 789 664 768
932 2 2 1 502 619 790 756
933 2 2 1 502 784 772 130
934 2 2 1 502 787 761 617
935 2 2 1 502 658 761 787
936 2 2 1 502 769 779 615
937 2 2 1 502 762 774 158
938 2 2 1 502 773 784 129
939 2 2 1 502 773 659 784
940 2 2 1 502 739 741 614
941 2 2 1 502 739 660 741
942 2 2 1 502 742 740 616
943 2 2 1 502 661 740 742
944 2 2 1 502 770 789 127
945 2 2 1 502 770 664 789
946 2 2 1 502 71 759 72
947 2 2 1 502 71 653 759
948 2 2 1 502 760 67 66
949 2 2 1 502 652 67 760
950 2 2 1 502 750 747 629
951 2 2 1 502 667 747 750
952 2 2 1 502 670 766 648
953 2 2 1 502 765 671 649
954 2 2 1 502 676 757 779
955 2 2 1 502 757 726 655
956 2 2 1 502 676 726 757
957 2 2 1 502 756 787 619
958 2 2 1 502 756 677 787
959 2 2 1 502 725 756 654
960 2 2 1 502 725 677 756
961 2 2 1 502 724 746 653
962 2 2 1 502 745 723 652
963 2 2 1 502 783 715 609
964 2 2 1 502 721 735 660
965 2 2 1 502 736 720 661
966 2 2 1 502 723 785 652
967 2 2 1 502 786 724 653
968 2 2 1 502 722 783 609
969 2 2 1 502 722 719 783
970 2 2 1 502 740 766 631
971 2 2 1 502 740 720 766
972 2 2 1 502 765 739 630
973 2 2 1 502 721 739 765
974 2 2 1 502 748 734 609
975 2 2 1 502 732 734 748
976 2 2 1 502 734 751 609
977 2 2 1 502 734 733 751
978 2 2 1 502 776 790 622
979 2 2 1 502 776 756 790
980 2 2 1 502 791 775 624
981 2 2 1 502 757 775 791
982 2 2 1 502 789 773 128
983 2 2 1 502 768 773 789
984 2 2 1 502 755 649 671
985 2 2 1 502 648 754 670
986 2 2 1 502 688 638 737
987 2 2 1 502 637 687 738
988 2 2 1 502 775 655 28
989 2 2 1 502 654 776 22
990 2 2 1 502 759 653 746
991 2 2 1 502 652 760 745
992 2 2 1 502 721 649 716
993 2 2 1 502 721 716 735
994 2 2 1 502 648 720 717
995 2 2 1 502 717 720 736
996 2 2 1 502 660 780 744
997 2 2 1 502 780 179 180
998 2 2 1 502 179 780 735
999 2 2 1 502 780 660 735
1000 2 2 1 502 781 661 743
1001 2 2 1 502 150 781 151
1002 2 2 1 502 781 150 736
1003 2 2 1 502 661 781 736
1004 2 2 1 502 747 617 629
1005 2 2 1 502 782 617 747
1006 2 2 1 502 659 782 747
1007 2 2 1 502 782 619 617
1008 2 2 1 502 659 768 782
1009 2 2 1 502 620 763 614
1010 2 2 1 502 763 620 710
1011 2 2 1 502 657 763 710
1012 2 2 1 502 764 618 616
1013 2 2 1 502 618 764 711
1014 2 2 1 502 764 656 711
1015 2 2 1 502 790 619 782
1016 2 2 1 502 790 664 622
1017 2 2 1 502 790 768 664
1018 2 2 1 502 790 782 768
1019 2 2 1 502 663 791 624
1020 2 2 1 502 758 791 663
1021 2 2 1 502 618 777 742
1022 2 2 1 502 743 742 777
1023 2 2 1 502 778 620 741
1024 2 2 1 502 741 744 778
1025 2 2 1 502 29 775 28
1026 2 2 1 502 775 29 624
1027 2 2 1 502 776 21 22
1028 2 2 1 502 21 622 626
1029 2 2 1 502 21 776 622
1030 2 2 1 502 73 623 627
1031 2 2 1 502 621 65 625
1032 2 2 1 502 678 797 795
1033 2 2 1 502 798 679 794
1034 2 2 1 502 800 642 636
1035 2 2 1 502 800 684 681
1036 2 2 1 502 683 801 682
1037 2 2 1 502 672 802 793
1038 2 2 1 502 806 749 628
1039 2 2 1 502 806 771 666
1040 2 2 1 502 749 806 666
1041 2 2 1 502 646 807 645
1042 2 2 1 502 809 27 655
1043 2 2 1 502 726 809 655
1044 2 2 1 502 23 811 654
1045 2 2 1 502 811 725 654
1046 2 2 1 502 727 813 708
1047 2 2 1 502 737 813 688
1048 2 2 1 502 813 727 688
1049 2 2 1 502 728 814 687
1050 2 2 1 502 814 738 687
1051 2 2 1 502 814 728 707
1052 2 2 1 502 673 815 680
1053 2 2 1 502 816 693 812
1054 2 2 1 502 678 819 797
1055 2 2 1 502 700 819 805
1056 2 2 1 502 820 679 798
1057 2 2 1 502 820 701 804
1058 2 2 1 502 646 821 807
1059 2 2 1 502 828 608 731
1060 2 2 1 502 717 830 648
1061 2 2 1 502 830 754 648
1062 2 2 1 502 831 716 649
1063 2 2 1 502 755 831 649
1064 2 2 1 502 712 834 803
1065 2 2 1 502 834 608 803
1066 2 2 1 502 717 835 830
1067 2 2 1 502 836 716 831
1068 2 2 1 502 754 837 670
1069 2 2 1 502 837 754 643
1070 2 2 1 502 838 755 671
1071 2 2 1 502 755 838 644
1072 2 2 1 502 843 719 628
1073 2 2 1 502 749 843 628
1074 2 2 1 502 714 844 629
1075 2 2 1 502 844 750 629
1076 2 2 1 502 638 849 832
1077 2 2 1 502 850 637 833
1078 2 2 1 502 851 710 724
1079 2 2 1 502 711 852 723
1080 2 2 1 502 864 713 828
1081 2 2 1 502 731 864 828
1082 2 2 1 502 865 633 823
1083 2 2 1 502 696 865 823
1084 2 2 1 502 632 866 824
1085 2 2 1 502 866 697 824
1086 2 2 1 502 607 867 803
1087 2 2 1 502 870 178 735
1088 2 2 1 502 716 870 735
1089 2 2 1 502 149 871 736
1090 2 2 1 502 871 717 736
1091 2 2 1 502 765 874 671
1092 2 2 1 502 875 766 670
1093 2 2 1 502 678 877 837
1094 2 2 1 502 877 678 795
1095 2 2 1 502 877 670 837
1096 2 2 1 502 878 679 838
1097 2 2 1 502 679 878 794
1098 2 2 1 502 671 878 838
1099 2 2 1 502 173 879 172
1100 2 2 1 502 880 144 143
1101 2 2 1 502 889 724 786
1102 2 2 1 502 723 890 785
1103 2 2 1 502 651 891 733
1104 2 2 1 502 726 891 825
1105 2 2 1 502 892 651 732
1106 2 2 1 502 892 725 822
1107 2 2 1 502 675 896 833
1108 2 2 1 502 897 674 832
1109 2 2 1 502 899 681 709
1110 2 2 1 502 901 712 803
1111 2 2 1 502 901 704 807
1112 2 2 1 502 682 902 704
1113 2 2 1 502 910 714 715
1114 2 2 1 502 783 910 715
1115 2 2 1 502 642 912 636
1116 2 2 1 502 690 912 686
1117 2 2 1 502 914 689 685
1118 2 2 1 502 815 673 818
1119 2 2 1 502 841 837 643
1120 2 2 1 502 678 837 841
1121 2 2 1 502 838 840 644
1122 2 2 1 502 838 679 840
1123 2 2 1 502 817 815 646
1124 2 2 1 502 680 815 817
1125 2 2 1 502 692 914 635
1126 2 2 1 502 692 689 914
1127 2 2 1 502 912 691 636
1128 2 2 1 502 690 691 912
1129 2 2 1 502 807 902 645
1130 2 2 1 502 807 704 902
1131 2 2 1 502 676 891 726
1132 2 2 1 502 676 733 891
1133 2 2 1 502 892 677 725
1134 2 2 1 502 732 677 892
1135 2 2 1 502 615 806 628
1136 2 2 1 502 615 771 806
1137 2 2 1 502 825 809 726
1138 2 2 1 502 811 822 725
1139 2 2 1 502 798 799 611
1140 2 2 1 502 798 794 799
1141 2 2 1 502 799 797 611
1142 2 2 1 502 795 797 799
1143 2 2 1 502 901 867 704
1144 2 2 1 502 803 867 901
1145 2 2 1 502 820 840 679
1146 2 2 1 502 820 804 840
1147 2 2 1 502 841 819 678
1148 2 2 1 502 805 819 841
1149 2 2 1 502 901 821 712
1150 2 2 1 502 807 821 901
1151 2 2 1 502 892 887 651
1152 2 2 1 502 822 887 892
1153 2 2 1 502 887 891 651
1154 2 2 1 502 887 825 891
1155 2 2 1 502 897 849 701
1156 2 2 1 502 832 849 897
1157 2 2 1 502 850 896 700
1158 2 2 1 502 850 833 896
1159 2 2 1 502 731 608 665
1160 2 2 1 502 834 665 608
1161 2 2 1 502 703 894 698
1162 2 2 1 502 893 702 699
1163 2 2 1 502 672 911 802
1164 2 2 1 502 27 809 26
1165 2 2 1 502 26 809 825
1166 2 2 1 502 811 23 24
1167 2 2 1 502 811 24 822
1168 2 2 1 502 913 166 167
1169 2 2 1 502 913 690 686
1170 2 2 1 502 897 701 862
1171 2 2 1 502 700 896 861
1172 2 2 1 502 611 861 613
1173 2 2 1 502 861 611 797
1174 2 2 1 502 861 819 700
1175 2 2 1 502 861 797 819
1176 2 2 1 502 862 611 613
1177 2 2 1 502 611 862 798
1178 2 2 1 502 820 862 701
1179 2 2 1 502 798 862 820
1180 2 2 1 502 755 882 831
1181 2 2 1 502 882 755 644
1182 2 2 1 502 836 831 882
1183 2 2 1 502 881 754 830
1184 2 2 1 502 754 881 643
1185 2 2 1 502 830 835 881
1186 2 2 1 502 703 698 826
1187 2 2 1 502 826 698 639
1188 2 2 1 502 699 702 827
1189 2 2 1 502 699 827 640
1190 2 2 1 502 635 823 633
1191 2 2 1 502 823 635 801
1192 2 2 1 502 683 823 801
1193 2 2 1 502 824 636 632
1194 2 2 1 502 636 824 800
1195 2 2 1 502 824 684 800
1196 2 2 1 502 818 673 796
1197 2 2 1 502 631 875 729
1198 2 2 1 502 875 631 766
1199 2 2 1 502 875 668 729
1200 2 2 1 502 874 630 730
1201 2 2 1 502 630 874 765
1202 2 2 1 502 669 874 730
1203 2 2 1 502 633 858 635
1204 2 2 1 502 858 692 635
1205 2 2 1 502 692 858 694
1206 2 2 1 502 694 904 692
1207 2 2 1 502 859 632 636
1208 2 2 1 502 691 859 636
1209 2 2 1 502 859 691 695
1210 2 2 1 502 903 695 691
1211 2 2 1 502 694 853 705
1212 2 2 1 502 694 858 853
1213 2 2 1 502 858 633 853
1214 2 2 1 502 854 695 706
1215 2 2 1 502 859 695 854
1216 2 2 1 502 632 859 854
1217 2 2 1 502 138 904 139
1218 2 2 1 502 692 904 689
1219 2 2 1 502 903 167 168
1220 2 2 1 502 903 691 690
1221 2 2 1 502 144 886 145
1222 2 2 1 502 885 173 174
1223 2 2 1 502 135 898 136
1224 2 2 1 502 135 872 898
1225 2 2 1 502 872 680 898
1226 2 2 1 502 900 164 165
1227 2 2 1 502 873 164 900
1228 2 2 1 502 693 900 686
1229 2 2 1 502 134 872 135
1230 2 2 1 502 134 810 872
1231 2 2 1 502 680 872 673
1232 2 2 1 502 810 673 872
1233 2 2 1 502 873 163 164
1234 2 2 1 502 808 163 873
1235 2 2 1 502 672 808 873
1236 2 2 1 502 177 908 176
1237 2 2 1 502 909 148 147
1238 2 2 1 502 908 175 176
1239 2 2 1 502 906 175 908
1240 2 2 1 502 146 909 147
1241 2 2 1 502 146 907 909
1242 2 2 1 502 133 810 134
1243 2 2 1 502 673 810 796
1244 2 2 1 502 808 162 163
1245 2 2 1 502 808 672 793
1246 2 2 1 502 870 177 178
1247 2 2 1 502 177 870 908
1248 2 2 1 502 836 870 716
1249 2 2 1 502 836 908 870
1250 2 2 1 502 148 871 149
1251 2 2 1 502 871 148 909
1252 2 2 1 502 871 835 717
1253 2 2 1 502 909 835 871
1254 2 2 1 502 131 876 132
1255 2 2 1 502 876 131 772
1256 2 2 1 502 855 160 161
1257 2 2 1 502 762 839 666
1258 2 2 1 502 762 159 839
1259 2 2 1 502 839 159 160
1260 2 2 1 502 160 855 839
1261 2 2 1 502 642 899 647
1262 2 2 1 502 899 642 800
1263 2 2 1 502 681 899 800
1264 2 2 1 502 812 642 647
1265 2 2 1 502 812 912 642
1266 2 2 1 502 812 693 686
1267 2 2 1 502 812 686 912
1268 2 2 1 502 144 880 886
1269 2 2 1 502 687 880 728
1270 2 2 1 502 880 687 886
1271 2 2 1 502 879 173 885
1272 2 2 1 502 879 688 727
1273 2 2 1 502 688 879 885
1274 2 2 1 502 902 641 645
1275 2 2 1 502 641 902 801
1276 2 2 1 502 902 682 801
1277 2 2 1 502 894 610 612
1278 2 2 1 502 610 893 612
1279 2 2 1 502 674 857 699
1280 2 2 1 502 856 675 698
1281 2 2 1 502 155 156 663
1282 2 2 1 502 771 615 905
1283 2 2 1 502 905 791 758
1284 2 2 1 502 779 905 615
1285 2 2 1 502 843 718 719
1286 2 2 1 502 718 843 869
1287 2 2 1 502 905 758 774
1288 2 2 1 502 771 905 774
1289 2 2 1 502 626 770 126
1290 2 2 1 502 645 817 646
1291 2 2 1 502 704 863 682
1292 2 2 1 502 704 867 863
1293 2 2 1 502 867 607 863
1294 2 2 1 502 769 733 676
1295 2 2 1 502 779 769 676
1296 2 2 1 502 751 769 722
1297 2 2 1 502 769 751 733
1298 2 2 1 502 747 784 659
1299 2 2 1 502 784 747 667
1300 2 2 1 502 772 784 667
1301 2 2 1 502 864 634 713
1302 2 2 1 502 788 802 634
1303 2 2 1 502 864 788 634
1304 2 2 1 502 911 634 802
1305 2 2 1 502 827 848 640
1306 2 2 1 502 847 826 639
1307 2 2 1 502 73 72 623
1308 2 2 1 502 72 759 623
1309 2 2 1 502 66 65 621
1310 2 2 1 502 760 66 621
1311 2 2 1 502 860 713 709
1312 2 2 1 502 828 713 860
1313 2 2 1 502 829 709 713
1314 2 2 1 502 709 829 899
1315 2 2 1 502 899 829 647
1316 2 2 1 502 738 833 637
1317 2 2 1 502 833 738 639
1318 2 2 1 502 832 737 638
1319 2 2 1 502 737 832 640
1320 2 2 1 502 846 845 610
1321 2 2 1 502 812 647 816
1322 2 2 1 502 703 865 696
1323 2 2 1 502 703 826 865
1324 2 2 1 502 866 702 697
1325 2 2 1 502 827 702 866
1326 2 2 1 502 727 172 879
1327 2 2 1 502 143 728 880
1328 2 2 1 502 138 689 904
1329 2 2 1 502 690 167 903
1330 2 2 1 502 913 167 690
1331 2 2 1 502 771 762 666
1332 2 2 1 502 774 762 771
1333 2 2 1 502 753 752 662
1334 2 2 1 502 767 752 753
1335 2 2 1 502 675 639 698
1336 2 2 1 502 675 833 639
1337 2 2 1 502 640 674 699
1338 2 2 1 502 832 674 640
1339 2 2 1 502 915 711 656
1340 2 2 1 502 711 915 852
1341 2 2 1 502 710 916 657
1342 2 2 1 502 916 710 851
1343 2 2 1 502 917 792 857
1344 2 2 1 502 917 897 862
1345 2 2 1 502 792 918 856
1346 2 2 1 502 896 918 861
1347 2 2 1 502 919 829 713
1348 2 2 1 502 634 919 713
1349 2 2 1 502 920 860 709
1350 2 2 1 502 860 920 607
1351 2 2 1 502 922 810 133
1352 2 2 1 502 810 922 796
1353 2 2 1 502 696 923 846
1354 2 2 1 502 737 924 813
1355 2 2 1 502 848 924 640
1356 2 2 1 502 924 737 640
1357 2 2 1 502 925 738 814
1358 2 2 1 502 925 847 639
1359 2 2 1 502 738 925 639
1360 2 2 1 502 926 697 845
1361 2 2 1 502 927 913 686
1362 2 2 1 502 913 927 166
1363 2 2 1 502 900 927 686
1364 2 2 1 502 928 757 791
1365 2 2 1 502 928 905 779
1366 2 2 1 502 905 928 791
1367 2 2 1 502 757 928 779
1368 2 2 1 502 702 929 697
1369 2 2 1 502 929 845 697
1370 2 2 1 502 929 702 893
1371 2 2 1 502 930 703 696
1372 2 2 1 502 846 930 696
1373 2 2 1 502 703 930 894
1374 2 2 1 502 931 914 685
1375 2 2 1 502 914 931 641
1376 2 2 1 502 936 731 665
1377 2 2 1 502 635 938 801
1378 2 2 1 502 641 938 914
1379 2 2 1 502 938 641 801
1380 2 2 1 502 938 635 914
1381 2 2 1 502 939 607 803
1382 2 2 1 502 608 939 803
1383 2 2 1 502 607 939 860
1384 2 2 1 502 20 941 2
1385 2 2 1 502 126 941 626
1386 2 2 1 502 941 126 2
1387 2 2 1 502 941 20 626
1388 2 2 1 502 943 668 875
1389 2 2 1 502 670 943 875
1390 2 2 1 502 945 848 827
1391 2 2 1 502 847 946 826
1392 2 2 1 502 711 947 618
1393 2 2 1 502 745 947 723
1394 2 2 1 502 947 711 723
1395 2 2 1 502 948 710 620
1396 2 2 1 502 948 746 724
1397 2 2 1 502 710 948 724
1398 2 2 1 502 949 667 750
1399 2 2 1 502 911 919 634
1400 2 2 1 502 934 612 935
1401 2 2 1 502 788 869 944
1402 2 2 1 502 824 926 684
1403 2 2 1 502 824 697 926
1404 2 2 1 502 923 823 683
1405 2 2 1 502 696 823 923
1406 2 2 1 502 916 650 767
1407 2 2 1 502 851 650 916
1408 2 2 1 502 650 915 767
1409 2 2 1 502 650 852 915
1410 2 2 1 502 917 613 792
1411 2 2 1 502 862 613 917
1412 2 2 1 502 613 918 792
1413 2 2 1 502 613 861 918
1414 2 2 1 502 610 930 846
1415 2 2 1 502 610 894 930
1416 2 2 1 502 929 610 845
1417 2 2 1 502 893 610 929
1418 2 2 1 502 927 165 166
1419 2 2 1 502 900 165 927
1420 2 2 1 502 132 922 133
1421 2 2 1 502 132 876 922
1422 2 2 1 502 882 644 932
1423 2 2 1 502 643 881 933
1424 2 2 1 502 674 917 857
1425 2 2 1 502 674 897 917
1426 2 2 1 502 918 675 856
1427 2 2 1 502 896 675 918
1428 2 2 1 502 924 708 813
1429 2 2 1 502 848 708 924
1430 2 2 1 502 707 925 814
1431 2 2 1 502 707 847 925
1432 2 2 1 502 752 915 656
1433 2 2 1 502 752 767 915
1434 2 2 1 502 916 753 657
1435 2 2 1 502 767 753 916
1436 2 2 1 502 877 943 670
1437 2 2 1 502 931 645 641
1438 2 2 1 502 817 645 931
1439 2 2 1 502 828 939 608
1440 2 2 1 502 828 860 939
1441 2 2 1 502 944 802 788
1442 2 2 1 502 802 944 793
1443 2 2 1 502 857 792 934
1444 2 2 1 502 792 856 934
1445 2 2 1 502 935 857 934
1446 2 2 1 502 139 904 694
1447 2 2 1 502 903 168 695
1448 2 2 1 502 743 152 781
1449 2 2 1 502 151 781 152
1450 2 2 1 502 181 744 780
1451 2 2 1 502 780 180 181
1452 2 2 1 502 889 650 851
1453 2 2 1 502 724 889 851
1454 2 2 1 502 650 890 852
1455 2 2 1 502 890 723 852
1456 2 2 1 502 666 921 749
1457 2 2 1 502 612 934 894
1458 2 2 1 502 934 698 894
1459 2 2 1 502 698 934 856
1460 2 2 1 502 935 612 893
1461 2 2 1 502 699 935 893
1462 2 2 1 502 935 699 857
1463 2 2 1 502 25 887 822
1464 2 2 1 502 25 822 24
1465 2 2 1 502 887 25 825
1466 2 2 1 502 825 25 26
1467 2 2 1 502 910 844 714
1468 2 2 1 502 949 772 667
1469 2 2 1 502 772 949 876
1470 2 2 1 502 876 949 922
1471 2 2 1 502 949 842 796
1472 2 2 1 502 922 949 796
1473 2 2 1 502 932 884 906
1474 2 2 1 502 883 933 907
1475 2 2 1 502 900 693 816
1476 2 2 1 502 816 873 900
1477 2 2 1 502 890 650 889
1478 2 2 1 502 920 863 607
1479 2 2 1 502 869 936 718
1480 2 2 1 502 731 936 864
1481 2 2 1 502 637 850 805
1482 2 2 1 502 883 637 805
1483 2 2 1 502 850 700 805
1484 2 2 1 502 849 638 804
1485 2 2 1 502 638 884 804
1486 2 2 1 502 701 849 804
1487 2 2 1 502 844 950 868
1488 2 2 1 502 950 844 910
1489 2 2 1 502 834 951 665
1490 2 2 1 502 951 834 888
1491 2 2 1 502 708 952 727
1492 2 2 1 502 953 707 728
1493 2 2 1 502 672 954 911
1494 2 2 1 502 816 954 873
1495 2 2 1 502 954 816 911
1496 2 2 1 502 954 672 873
1497 2 2 1 502 623 955 627
1498 2 2 1 502 956 621 625
1499 2 2 1 502 145 957 146
1500 2 2 1 502 957 907 146
1501 2 2 1 502 957 145 886
1502 2 2 1 502 958 174 175
1503 2 2 1 502 906 958 175
1504 2 2 1 502 174 958 885
1505 2 2 1 502 953 143 142
1506 2 2 1 502 728 143 953
1507 2 2 1 502 172 952 171
1508 2 2 1 502 172 727 952
1509 2 2 1 502 793 944 921
1510 2 2 1 502 140 139 694
1511 2 2 1 502 168 169 695
1512 2 2 1 502 953 141 705
1513 2 2 1 502 141 953 142
1514 2 2 1 502 707 953 705
1515 2 2 1 502 170 952 706
1516 2 2 1 502 952 170 171
1517 2 2 1 502 952 708 706
1518 2 2 1 502 937 923 683
1519 2 2 1 502 881 835 909
1520 2 2 1 502 909 933 881
1521 2 2 1 502 909 907 933
1522 2 2 1 502 836 882 908
1523 2 2 1 502 932 908 882
1524 2 2 1 502 906 908 932
1525 2 2 1 502 926 937 684
1526 2 2 1 502 846 937 845
1527 2 2 1 502 923 937 846
1528 2 2 1 502 937 926 845
1529 2 2 1 502 829 919 647
1530 2 2 1 502 816 647 919
1531 2 2 1 502 911 816 919
1532 2 2 1 502 817 898 680
1533 2 2 1 502 898 931 685
1534 2 2 1 502 898 817 931
1535 2 2 1 502 708 945 706
1536 2 2 1 502 945 708 848
1537 2 2 1 502 945 854 706
1538 2 2 1 502 946 707 705
1539 2 2 1 502 707 946 847
1540 2 2 1 502 853 946 705
1541 2 2 1 502 718 936 895
1542 2 2 1 502 895 936 665
1543 2 2 1 502 951 895 665
1544 2 2 1 502 774 157 158
1545 2 2 1 502 854 945 632
1546 2 2 1 502 945 866 632
1547 2 2 1 502 866 945 827
1548 2 2 1 502 946 853 633
1549 2 2 1 502 865 946 633
1550 2 2 1 502 946 865 826
1551 2 2 1 502 841 643 805
1552 2 2 1 502 643 883 805
1553 2 2 1 502 933 883 643
1554 2 2 1 502 644 840 804
1555 2 2 1 502 884 644 804
1556 2 2 1 502 884 932 644
1557 2 2 1 502 750 844 842
1558 2 2 1 502 842 949 750
1559 2 2 1 502 844 868 842
1560 2 2 1 502 668 943 940
1561 2 2 1 502 795 940 877
1562 2 2 1 502 877 940 943
1563 2 2 1 502 890 959 785
1564 2 2 1 502 662 960 669
1565 2 2 1 502 940 960 668
1566 2 2 1 502 960 662 668
1567 2 2 1 502 961 719 718
1568 2 2 1 502 895 961 718
1569 2 2 1 502 869 962 944
1570 2 2 1 502 962 921 944
1571 2 2 1 502 962 869 843
1572 2 2 1 502 839 963 666
1573 2 2 1 502 963 921 666
1574 2 2 1 502 864 964 788
1575 2 2 1 502 869 964 936
1576 2 2 1 502 964 869 788
1577 2 2 1 502 964 864 936
1578 2 2 1 502 966 799 794
1579 2 2 1 502 966 940 795
1580 2 2 1 502 799 966 795
1581 2 2 1 502 688 967 638
1582 2 2 1 502 967 884 638
1583 2 2 1 502 968 687 637
1584 2 2 1 502 883 968 637
1585 2 2 1 502 169 969 695
1586 2 2 1 502 706 969 170
1587 2 2 1 502 969 706 695
1588 2 2 1 502 969 169 170
1589 2 2 1 502 970 140 694
1590 2 2 1 502 970 705 141
1591 2 2 1 502 705 970 694
1592 2 2 1 502 140 970 141
1593 2 2 1 502 749 962 843
1594 2 2 1 502 749 921 962
1595 2 2 1 502 68 959 69
1596 2 2 1 502 68 785 959
1597 2 2 1 502 959 70 69
1598 2 2 1 502 889 959 890
1599 2 2 1 502 959 889 786
1600 2 2 1 502 786 70 959
1601 2 2 1 502 961 783 719
1602 2 2 1 502 783 961 910
1603 2 2 1 502 961 895 910
1604 2 2 1 502 963 855 793
1605 2 2 1 502 855 963 839
1606 2 2 1 502 921 963 793
1607 2 2 1 502 960 942 669
1608 2 2 1 502 942 794 878
1609 2 2 1 502 942 966 794
1610 2 2 1 502 942 940 966
1611 2 2 1 502 940 942 960
1612 2 2 1 502 888 868 950
1613 2 2 1 502 950 951 888
1614 2 2 1 502 910 895 950
1615 2 2 1 502 950 895 951
1616 2 2 1 502 712 973 834
1617 2 2 1 502 973 888 834
1618 2 2 1 502 974 671 874
1619 2 2 1 502 974 942 878
1620 2 2 1 502 671 974 878
1621 2 2 1 502 808 975 162
1622 2 2 1 502 855 975 793
1623 2 2 1 502 975 808 793
1624 2 2 1 502 778 976 620
1625 2 2 1 502 977 777 618
1626 2 2 1 502 156 978 663
1627 2 2 1 502 978 758 663
1628 2 2 1 502 978 156 157
1629 2 2 1 502 74 979 7
1630 2 2 1 502 979 183 7
1631 2 2 1 502 979 74 627
1632 2 2 1 502 154 980 6
1633 2 2 1 502 64 980 625
1634 2 2 1 502 980 64 6
1635 2 2 1 502 975 161 162
1636 2 2 1 502 855 161 975
1637 2 2 1 502 669 974 874
1638 2 2 1 502 669 942 974
1639 2 2 1 502 774 978 157
1640 2 2 1 502 774 758 978
1641 2 2 1 502 183 971 182
1642 2 2 1 502 979 971 183
1643 2 2 1 502 955 971 627
1644 2 2 1 502 627 971 979
1645 2 2 1 502 972 154 153
1646 2 2 1 502 972 980 154
1647 2 2 1 502 972 956 625
1648 2 2 1 502 972 625 980
1649 2 2 1 502 965 682 863
1650 2 2 1 502 965 683 682
1651 2 2 1 502 937 683 965
1652 2 2 1 502 689 137 685
1653 2 2 1 502 138 137 689
1654 2 2 1 502 684 965 681
1655 2 2 1 502 684 937 965
1656 2 2 1 502 885 967 688
1657 2 2 1 502 884 967 906
1658 2 2 1 502 958 967 885
1659 2 2 1 502 906 967 958
1660 2 2 1 502 968 886 687
1661 2 2 1 502 968 883 907
1662 2 2 1 502 968 957 886
1663 2 2 1 502 968 907 957
1664 2 2 1 502 947 977 618
1665 2 2 1 502 947 745 977
1666 2 2 1 502 976 948 620
1667 2 2 1 502 746 948 976
1668 2 2 1 502 743 981 152
1669 2 2 1 502 981 743 777
1670 2 2 1 502 982 744 181
1671 2 2 1 502 744 982 778
1672 2 2 1 502 982 955 778
1673 2 2 1 502 971 955 982
1674 2 2 1 502 956 981 777
1675 2 2 1 502 956 972 981
1676 2 2 1 502 153 152 981
1677 2 2 1 502 972 153 981
1678 2 2 1 502 181 182 982
1679 2 2 1 502 182 971 982
1680 2 2 1 502 759 976 623
1681 2 2 1 502 976 759 746
1682 2 2 1 502 976 778 955
1683 2 2 1 502 976 955 623
1684 2 2 1 502 977 760 621
1685 2 2 1 502 760 977 745
1686 2 2 1 502 777 977 956
1687 2 2 1 502 956 977 621
1688 2 2 1 502 920 709 681
1689 2 2 1 502 681 965 920
1690 2 2 1 502 863 920 965
1691 2 2 1 502 137 136 685
1692 2 2 1 502 136 898 685
1693 2 2 1 502 796 983 818
1694 2 2 1 502 983 796 842
1695 2 2 1 502 646 815 821
1696 2 2 1 502 712 821 973
1697 2 2 1 502 815 818 821
1698 2 2 1 502 818 973 821
1699 2 2 1 502 984 30 3
1700 2 2 1 502 155 984 3
1701 2 2 1 502 984 29 30
1702 2 2 1 502 984 663 624
1703 2 2 1 502 663 984 155
1704 2 2 1 502 624 29 984
1705 2 2 1 502 868 983 842
1706 2 2 1 502 983 868 888
1707 2 2 1 502 818 983 973
1708 2 2 1 502 983 888 973
1709 2 2 1 503 1055 1005 1009
1710 2 2 1 503 1003 1056 1007
1711 2 2 1 503 1004 1057 1008
1712 2 2 1 503 1058 1002 1006
1713 2 2 1 503 39 1047 38
1714 2 2 1 503 1045 83 82
1715 2 2 1 503 1046 33 34
1716 2 2 1 503 77 1044 78
1717 2 2 1 503 1006 76 75
1718 2 2 1 503 84 1008 85
1719 2 2 1 503 32 1007 31
1720 2 2 1 503 1009 40 41
1721 2 2 1 503 1062 1020 1027
1722 2 2 1 503 1020 1062 1038
1723 2 2 1 503 986 1066 985
1724 2 2 1 503 1066 986 987
1725 2 2 1 503 1109 987 986
1726 2 2 1 503 1034 1110 1024
1727 2 2 1 503 1111 1031 1021
1728 2 2 1 503 1118 1010 1117
1729 2 2 1 503 1128 1048 1083
1730 2 2 1 503 1131 1043 1130
1731 2 2 1 503 1043 1131 1128
1732 2 2 1 503 1132 1050 1080
1733 2 2 1 503 1049 1133 1081
1734 2 2 1 503 1134 1042 1133
1735 2 2 1 503 1042 1134 1132
1736 2 2 1 503 1136 988 1113
1737 2 2 1 503 1136 1048 1128
1738 2 2 1 503 1048 1136 1113
1739 2 2 1 503 988 1139 1118
1740 2 2 1 503 1049 1140 1133
1741 2 2 1 503 1141 1050 1132
1742 2 2 1 503 1149 1011 998
1743 2 2 1 503 1149 1048 1113
1744 2 2 1 503 1150 208 209
1745 2 2 1 503 179 1151 180
1746 2 2 1 503 188 1152 187
1747 2 2 1 503 1010 1154 997
1748 2 2 1 503 1154 1010 1118
1749 2 2 1 503 1156 156 155
1750 2 2 1 503 1156 1007 1056
1751 2 2 1 503 1160 160 159
1752 2 2 1 503 157 1161 158
1753 2 2 1 503 1051 1161 1153
1754 2 2 1 503 1162 186 187
1755 2 2 1 503 186 1162 1146
1756 2 2 1 503 210 1163 209
1757 2 2 1 503 1052 1163 1148
1758 2 2 1 503 1164 181 180
1759 2 2 1 503 1164 1053 1147
1760 2 2 1 503 1167 1045 1143
1761 2 2 1 503 1044 1168 1142
1762 2 2 1 503 1047 1169 1145
1763 2 2 1 503 1170 1046 1144
1764 2 2 1 503 1174 1049 1081
1765 2 2 1 503 1050 1175 1080
1766 2 2 1 503 158 1176 159
1767 2 2 1 503 1000 1177 998
1768 2 2 1 503 1048 1177 1083
1769 2 2 1 503 1178 157 156
1770 2 2 1 503 1178 1056 1153
1771 2 2 1 503 1179 999 1142
1772 2 2 1 503 1000 1180 1144
1773 2 2 1 503 1001 1181 1143
1774 2 2 1 503 1176 1160 159
1775 2 2 1 503 1177 1149 998
1776 2 2 1 503 1048 1149 1177
1777 2 2 1 503 1154 1171 997
1778 2 2 1 503 1166 1049 1174
1779 2 2 1 503 1050 1165 1175
1780 2 2 1 503 1152 1162 187
1781 2 2 1 503 1161 1176 158
1782 2 2 1 503 1161 1051 1176
1783 2 2 1 503 1163 1150 209
1784 2 2 1 503 1052 1150 1163
1785 2 2 1 503 1151 1164 180
1786 2 2 1 503 1151 1053 1164
1787 2 2 1 503 1156 1178 156
1788 2 2 1 503 1156 1056 1178
1789 2 2 1 503 1143 1175 1001
1790 2 2 1 503 1143 1080 1175
1791 2 2 1 503 1122 1143 1045
1792 2 2 1 503 1122 1080 1143
1793 2 2 1 503 1174 1142 999
1794 2 2 1 503 1081 1142 1174
1795 2 2 1 503 1142 1121 1044
1796 2 2 1 503 1081 1121 1142
1797 2 2 1 503 1082 1145 1171
1798 2 2 1 503 1145 1120 1047
1799 2 2 1 503 1082 1120 1145
1800 2 2 1 503 1144 1177 1000
1801 2 2 1 503 1144 1083 1177
1802 2 2 1 503 1119 1144 1046
1803 2 2 1 503 1119 1083 1144
1804 2 2 1 503 1118 1173 988
1805 2 2 1 503 1118 1117 1173
1806 2 2 1 503 1060 1150 1052
1807 2 2 1 503 1151 1061 1053
1808 2 2 1 503 1136 1131 988
1809 2 2 1 503 1128 1131 1136
1810 2 2 1 503 1131 1139 988
1811 2 2 1 503 1131 1130 1139
1812 2 2 1 503 1141 1134 993
1813 2 2 1 503 1132 1134 1141
1814 2 2 1 503 1134 1140 993
1815 2 2 1 503 1134 1133 1140
1816 2 2 1 503 1179 1168 1002
1817 2 2 1 503 1142 1168 1179
1818 2 2 1 503 1167 1181 1004
1819 2 2 1 503 1167 1143 1181
1820 2 2 1 503 1170 1180 1003
1821 2 2 1 503 1170 1144 1180
1822 2 2 1 503 1182 1169 1005
1823 2 2 1 503 1145 1169 1182
1824 2 2 1 503 1178 1161 157
1825 2 2 1 503 1153 1161 1178
1826 2 2 1 503 990 1126 1059
1827 2 2 1 503 1169 1047 39
1828 2 2 1 503 1046 1170 33
1829 2 2 1 503 1045 1167 83
1830 2 2 1 503 1168 1044 77
1831 2 2 1 503 1016 1116 1068
1832 2 2 1 503 1115 1017 1069
1833 2 2 1 503 1126 1020 1077
1834 2 2 1 503 1172 998 1135
1835 2 2 1 503 1051 1172 1135
1836 2 2 1 503 1052 1148 1158
1837 2 2 1 503 1147 1053 1159
1838 2 2 1 503 1172 1000 998
1839 2 2 1 503 1051 1153 1172
1840 2 2 1 503 1127 985 1066
1841 2 2 1 503 1127 1035 1037
1842 2 2 1 503 1180 1000 1172
1843 2 2 1 503 1180 1056 1003
1844 2 2 1 503 1180 1153 1056
1845 2 2 1 503 1180 1172 1153
1846 2 2 1 503 999 1179 1159
1847 2 2 1 503 1058 1179 1002
1848 2 2 1 503 1147 1179 1058
1849 2 2 1 503 1159 1179 1147
1850 2 2 1 503 1181 1001 1158
1851 2 2 1 503 1181 1057 1004
1852 2 2 1 503 1181 1148 1057
1853 2 2 1 503 1181 1158 1148
1854 2 2 1 503 1055 1182 1005
1855 2 2 1 503 1146 1182 1055
1856 2 2 1 503 1167 84 83
1857 2 2 1 503 84 1004 1008
1858 2 2 1 503 84 1167 1004
1859 2 2 1 503 76 1168 77
1860 2 2 1 503 1002 76 1006
1861 2 2 1 503 1168 76 1002
1862 2 2 1 503 40 1169 39
1863 2 2 1 503 1005 40 1009
1864 2 2 1 503 1169 40 1005
1865 2 2 1 503 1170 32 33
1866 2 2 1 503 32 1003 1007
1867 2 2 1 503 32 1170 1003
1868 2 2 1 503 1060 1186 1150
1869 2 2 1 503 207 1186 1183
1870 2 2 1 503 1187 1061 1151
1871 2 2 1 503 1187 178 1184
1872 2 2 1 503 1188 1137 1063
1873 2 2 1 503 1189 1137 1010
1874 2 2 1 503 1189 1157 1063
1875 2 2 1 503 1137 1189 1063
1876 2 2 1 503 1190 1068 1116
1877 2 2 1 503 1069 1191 1115
1878 2 2 1 503 1075 1192 1088
1879 2 2 1 503 1196 1108 1107
1880 2 2 1 503 1197 1072 1188
1881 2 2 1 503 1063 1197 1188
1882 2 2 1 503 1198 38 1047
1883 2 2 1 503 1120 1198 1047
1884 2 2 1 503 1199 162 161
1885 2 2 1 503 34 1200 1046
1886 2 2 1 503 1200 1119 1046
1887 2 2 1 503 1201 78 1044
1888 2 2 1 503 1121 1201 1044
1889 2 2 1 503 82 1202 1045
1890 2 2 1 503 1202 1122 1045
1891 2 2 1 503 1138 1203 1028
1892 2 2 1 503 1138 1204 1203
1893 2 2 1 503 1204 1138 1011
1894 2 2 1 503 987 1205 1066
1895 2 2 1 503 1034 1206 1110
1896 2 2 1 503 1206 1105 1110
1897 2 2 1 503 1207 1031 1111
1898 2 2 1 503 1106 1207 1111
1899 2 2 1 503 1065 1208 1184
1900 2 2 1 503 1209 1064 1183
1901 2 2 1 503 1211 162 1199
1902 2 2 1 503 1213 1117 1010
1903 2 2 1 503 1137 1213 1010
1904 2 2 1 503 991 1215 1194
1905 2 2 1 503 1215 991 1192
1906 2 2 1 503 1220 192 193
1907 2 2 1 503 1073 1226 1199
1908 2 2 1 503 1226 1073 1210
1909 2 2 1 503 1227 191 192
1910 2 2 1 503 1227 1074 1185
1911 2 2 1 503 1072 1231 1188
1912 2 2 1 503 1127 1232 985
1913 2 2 1 503 1232 1129 985
1914 2 2 1 503 990 1234 1126
1915 2 2 1 503 1034 1235 1041
1916 2 2 1 503 1236 1031 1040
1917 2 2 1 503 1240 1024 1110
1918 2 2 1 503 1021 1241 1111
1919 2 2 1 503 1028 1242 1210
1920 2 2 1 503 1035 1243 1037
1921 2 2 1 503 1251 1129 1232
1922 2 2 1 503 1253 1085 1070
1923 2 2 1 503 1086 1254 1071
1924 2 2 1 503 1256 1091 1089
1925 2 2 1 503 1257 210 211
1926 2 2 1 503 1257 1057 1148
1927 2 2 1 503 1057 1257 211
1928 2 2 1 503 181 1258 182
1929 2 2 1 503 1058 1258 1147
1930 2 2 1 503 1258 1058 182
1931 2 2 1 503 186 1259 185
1932 2 2 1 503 1055 1259 1146
1933 2 2 1 503 1259 1055 185
1934 2 2 1 503 1259 186 1146
1935 2 2 1 503 1090 1262 1088
1936 2 2 1 503 1263 991 1193
1937 2 2 1 503 991 1263 1195
1938 2 2 1 503 1074 1278 1185
1939 2 2 1 503 993 1282 1141
1940 2 2 1 503 1283 993 1140
1941 2 2 1 503 1043 1285 1130
1942 2 2 1 503 1120 1285 1214
1943 2 2 1 503 1286 1043 1128
1944 2 2 1 503 1286 1119 1212
1945 2 2 1 503 1042 1290 1133
1946 2 2 1 503 1121 1290 1217
1947 2 2 1 503 1291 1042 1132
1948 2 2 1 503 1291 1122 1216
1949 2 2 1 503 1075 1294 1192
1950 2 2 1 503 1294 1075 1087
1951 2 2 1 503 1127 1295 1232
1952 2 2 1 503 1295 1127 1037
1953 2 2 1 503 1297 1129 1251
1954 2 2 1 503 1302 1137 1188
1955 2 2 1 503 1117 1306 1173
1956 2 2 1 503 1311 1020 1126
1957 2 2 1 503 1036 1312 1038
1958 2 2 1 503 1314 1012 1165
1959 2 2 1 503 1013 1315 1166
1960 2 2 1 503 1318 1101 1093
1961 2 2 1 503 1100 1319 1222
1962 2 2 1 503 1102 1320 1092
1963 2 2 1 503 1321 1099 1221
1964 2 2 1 503 160 1324 161
1965 2 2 1 503 1324 160 1160
1966 2 2 1 503 1253 1236 1040
1967 2 2 1 503 1070 1236 1253
1968 2 2 1 503 1235 1254 1041
1969 2 2 1 503 1235 1071 1254
1970 2 2 1 503 1324 1199 161
1971 2 2 1 503 1073 1199 1324
1972 2 2 1 503 1220 1227 192
1973 2 2 1 503 1220 1074 1227
1974 2 2 1 503 1164 1258 181
1975 2 2 1 503 1164 1147 1258
1976 2 2 1 503 1257 1163 210
1977 2 2 1 503 1148 1163 1257
1978 2 2 1 503 1291 1080 1122
1979 2 2 1 503 1132 1080 1291
1980 2 2 1 503 1081 1290 1121
1981 2 2 1 503 1081 1133 1290
1982 2 2 1 503 1082 1285 1120
1983 2 2 1 503 1082 1130 1285
1984 2 2 1 503 1286 1083 1119
1985 2 2 1 503 1128 1083 1286
1986 2 2 1 503 1243 1296 1037
1987 2 2 1 503 1243 1104 1296
1988 2 2 1 503 1324 1067 1073
1989 2 2 1 503 1160 1067 1324
1990 2 2 1 503 997 1189 1010
1991 2 2 1 503 997 1157 1189
1992 2 2 1 503 1026 1221 1029
1993 2 2 1 503 1222 1025 1030
1994 2 2 1 503 1209 1186 1060
1995 2 2 1 503 1183 1186 1209
1996 2 2 1 503 1187 1208 1061
1997 2 2 1 503 1187 1184 1208
1998 2 2 1 503 1214 1198 1120
1999 2 2 1 503 1217 1201 1121
2000 2 2 1 503 1202 1216 1122
2001 2 2 1 503 1200 1212 1119
2002 2 2 1 503 1302 1231 1027
2003 2 2 1 503 1188 1231 1302
2004 2 2 1 503 1215 1294 989
2005 2 2 1 503 1215 1192 1294
2006 2 2 1 503 1211 1199 1226
2007 2 2 1 503 1322 1204 1112
2008 2 2 1 503 1203 1204 1322
2009 2 2 1 503 1226 1210 1242
2010 2 2 1 503 1286 1277 1043
2011 2 2 1 503 1212 1277 1286
2012 2 2 1 503 1277 1285 1043
2013 2 2 1 503 1277 1214 1285
2014 2 2 1 503 1291 1287 1042
2015 2 2 1 503 1216 1287 1291
2016 2 2 1 503 1287 1290 1042
2017 2 2 1 503 1287 1217 1290
2018 2 2 1 503 1321 1221 1026
2019 2 2 1 503 1222 1319 1025
2020 2 2 1 503 1301 1318 1025
2021 2 2 1 503 1320 1300 1026
2022 2 2 1 503 1251 1232 1295
2023 2 2 1 503 1251 1255 1297
2024 2 2 1 503 1202 82 81
2025 2 2 1 503 1202 81 1216
2026 2 2 1 503 78 1201 79
2027 2 2 1 503 79 1201 1217
2028 2 2 1 503 38 1198 37
2029 2 2 1 503 37 1198 1214
2030 2 2 1 503 1200 34 35
2031 2 2 1 503 1200 35 1212
2032 2 2 1 503 1102 1288 1094
2033 2 2 1 503 1237 1094 1288
2034 2 2 1 503 1289 1101 1095
2035 2 2 1 503 202 1279 201
2036 2 2 1 503 1280 173 172
2037 2 2 1 503 1033 1276 1023
2038 2 2 1 503 1275 1032 1022
2039 2 2 1 503 1271 1095 1079
2040 2 2 1 503 1094 1270 1078
2041 2 2 1 503 1094 1237 1270
2042 2 2 1 503 1032 1272 1022
2043 2 2 1 503 1095 1272 1079
2044 2 2 1 503 1095 1228 1272
2045 2 2 1 503 1228 1022 1272
2046 2 2 1 503 1273 1033 1023
2047 2 2 1 503 1273 1094 1078
2048 2 2 1 503 1229 1094 1273
2049 2 2 1 503 1023 1229 1273
2050 2 2 1 503 1239 1022 1301
2051 2 2 1 503 1025 1319 1301
2052 2 2 1 503 1319 1239 1301
2053 2 2 1 503 1023 1238 1300
2054 2 2 1 503 1321 1026 1300
2055 2 2 1 503 1238 1321 1300
2056 2 2 1 503 179 178 1187
2057 2 2 1 503 1151 179 1187
2058 2 2 1 503 207 208 1186
2059 2 2 1 503 208 1150 1186
2060 2 2 1 503 1270 994 996
2061 2 2 1 503 1270 1085 1078
2062 2 2 1 503 994 1271 996
2063 2 2 1 503 1086 1271 1079
2064 2 2 1 503 1253 1040 1033
2065 2 2 1 503 1253 1078 1085
2066 2 2 1 503 1041 1254 1032
2067 2 2 1 503 1079 1254 1086
2068 2 2 1 503 1068 1190 1071
2069 2 2 1 503 1191 1069 1070
2070 2 2 1 503 1041 1206 1034
2071 2 2 1 503 1207 1040 1031
2072 2 2 1 503 178 177 1184
2073 2 2 1 503 206 207 1183
2074 2 2 1 503 1231 1062 1027
2075 2 2 1 503 1231 1072 1185
2076 2 2 1 503 1269 198 199
2077 2 2 1 503 1269 1100 1096
2078 2 2 1 503 169 1268 170
2079 2 2 1 503 1280 174 173
2080 2 2 1 503 1265 174 1280
2081 2 2 1 503 1106 1265 1280
2082 2 2 1 503 203 1279 202
2083 2 2 1 503 203 1264 1279
2084 2 2 1 503 1264 1105 1279
2085 2 2 1 503 163 1305 164
2086 2 2 1 503 1305 1296 1104
2087 2 2 1 503 1265 175 174
2088 2 2 1 503 1225 175 1265
2089 2 2 1 503 1265 1106 1111
2090 2 2 1 503 1111 1225 1265
2091 2 2 1 503 204 1264 203
2092 2 2 1 503 204 1224 1264
2093 2 2 1 503 1105 1264 1110
2094 2 2 1 503 1224 1110 1264
2095 2 2 1 503 205 1224 204
2096 2 2 1 503 1224 1240 1110
2097 2 2 1 503 1225 176 175
2098 2 2 1 503 1241 1225 1111
2099 2 2 1 503 1211 163 162
2100 2 2 1 503 1305 163 1211
2101 2 2 1 503 1305 1211 1296
2102 2 2 1 503 1317 189 190
2103 2 2 1 503 191 1317 190
2104 2 2 1 503 1227 1317 191
2105 2 2 1 503 1072 1317 1185
2106 2 2 1 503 1185 1317 1227
2107 2 2 1 503 1193 1089 1091
2108 2 2 1 503 991 1195 1192
2109 2 2 1 503 1195 1088 1192
2110 2 2 1 503 1088 1195 1090
2111 2 2 1 503 1317 1072 1197
2112 2 2 1 503 1152 1197 1063
2113 2 2 1 503 1152 188 1197
2114 2 2 1 503 1197 188 189
2115 2 2 1 503 189 1317 1197
2116 2 2 1 503 1037 1242 1295
2117 2 2 1 503 1296 1242 1037
2118 2 2 1 503 1255 1028 1203
2119 2 2 1 503 1323 1322 1112
2120 2 2 1 503 1205 987 989
2121 2 2 1 503 1087 1205 1294
2122 2 2 1 503 1294 1205 989
2123 2 2 1 503 1311 1027 1020
2124 2 2 1 503 1311 1302 1027
2125 2 2 1 503 1250 1090 1195
2126 2 2 1 503 1090 1250 1092
2127 2 2 1 503 1250 1195 1263
2128 2 2 1 503 1278 1038 1062
2129 2 2 1 503 1074 1223 1278
2130 2 2 1 503 1260 1075 1088
2131 2 2 1 503 1276 1033 1040
2132 2 2 1 503 1207 1106 1276
2133 2 2 1 503 1040 1207 1276
2134 2 2 1 503 1032 1275 1041
2135 2 2 1 503 1105 1206 1275
2136 2 2 1 503 1206 1041 1275
2137 2 2 1 503 1249 1091 1093
2138 2 2 1 503 1209 1060 1303
2139 2 2 1 503 1061 1208 1304
2140 2 2 1 503 1125 1299 1314
2141 2 2 1 503 1298 1124 1315
2142 2 2 1 503 1246 1030 1014
2143 2 2 1 503 1222 1030 1246
2144 2 2 1 503 1029 1245 1015
2145 2 2 1 503 1029 1221 1245
2146 2 2 1 503 1262 1029 1015
2147 2 2 1 503 1030 1256 1014
2148 2 2 1 503 1323 1230 1322
2149 2 2 1 503 1306 1117 1234
2150 2 2 1 503 1233 1039 1252
2151 2 2 1 503 1233 1076 1103
2152 2 2 1 503 1076 1233 1252
2153 2 2 1 503 1071 1266 1086
2154 2 2 1 503 1266 1071 1190
2155 2 2 1 503 1155 1266 1190
2156 2 2 1 503 1267 1070 1085
2157 2 2 1 503 1070 1267 1191
2158 2 2 1 503 1267 1155 1191
2159 2 2 1 503 1209 1309 1064
2160 2 2 1 503 1209 1303 1309
2161 2 2 1 503 1310 1208 1065
2162 2 2 1 503 1304 1208 1310
2163 2 2 1 503 1247 1039 1196
2164 2 2 1 503 1107 1247 1196
2165 2 2 1 503 1218 1016 1068
2166 2 2 1 503 1017 1219 1069
2167 2 2 1 503 1303 1060 1052
2168 2 2 1 503 1158 1303 1052
2169 2 2 1 503 1303 1158 1012
2170 2 2 1 503 1061 1304 1053
2171 2 2 1 503 1304 1159 1053
2172 2 2 1 503 1159 1304 1013
2173 2 2 1 503 986 1274 1109
2174 2 2 1 503 1274 1123 1109
2175 2 2 1 503 1123 1274 1077
2176 2 2 1 503 1054 1282 993
2177 2 2 1 503 1282 1054 1125
2178 2 2 1 503 1283 1054 993
2179 2 2 1 503 1054 1283 1124
2180 2 2 1 503 1301 1022 1228
2181 2 2 1 503 1101 1228 1095
2182 2 2 1 503 1101 1318 1228
2183 2 2 1 503 1301 1228 1318
2184 2 2 1 503 1023 1300 1229
2185 2 2 1 503 1229 1102 1094
2186 2 2 1 503 1320 1102 1229
2187 2 2 1 503 1229 1300 1320
2188 2 2 1 503 183 182 1058
2189 2 2 1 503 1006 183 1058
2190 2 2 1 503 211 212 1057
2191 2 2 1 503 212 1008 1057
2192 2 2 1 503 1240 1064 1024
2193 2 2 1 503 1064 1240 1183
2194 2 2 1 503 1065 1241 1021
2195 2 2 1 503 1241 1065 1184
2196 2 2 1 503 184 185 1055
2197 2 2 1 503 1009 184 1055
2198 2 2 1 503 1218 1034 1024
2199 2 2 1 503 1031 1219 1021
2200 2 2 1 503 1157 997 1316
2201 2 2 1 503 1316 1182 1146
2202 2 2 1 503 1171 1316 997
2203 2 2 1 503 1316 1146 1162
2204 2 2 1 503 1157 1316 1162
2205 2 2 1 503 1059 986 985
2206 2 2 1 503 985 1129 1059
2207 2 2 1 503 1274 986 1059
2208 2 2 1 503 1126 1077 1059
2209 2 2 1 503 1077 1274 1059
2210 2 2 1 503 1001 1175 1165
2211 2 2 1 503 1158 1001 1165
2212 2 2 1 503 1012 1158 1165
2213 2 2 1 503 1174 999 1166
2214 2 2 1 503 999 1159 1166
2215 2 2 1 503 1159 1013 1166
2216 2 2 1 503 1137 1302 1213
2217 2 2 1 503 1311 1213 1302
2218 2 2 1 503 1007 1156 155
2219 2 2 1 503 1154 1130 1082
2220 2 2 1 503 1171 1154 1082
2221 2 2 1 503 1139 1154 1118
2222 2 2 1 503 1154 1139 1130
2223 2 2 1 503 1281 1215 989
2224 2 2 1 503 1076 1281 1103
2225 2 2 1 503 1281 1194 1215
2226 2 2 1 503 1281 1076 1194
2227 2 2 1 503 1135 1176 1051
2228 2 2 1 503 1220 1223 1074
2229 2 2 1 503 1220 1114 1223
2230 2 2 1 503 1088 1015 1260
2231 2 2 1 503 1262 1015 1088
2232 2 2 1 503 1014 1089 1252
2233 2 2 1 503 1014 1256 1089
2234 2 2 1 503 994 1270 1237
2235 2 2 1 503 1085 996 1267
2236 2 2 1 503 1085 1270 996
2237 2 2 1 503 996 1086 1266
2238 2 2 1 503 1271 1086 996
2239 2 2 1 503 1185 1062 1231
2240 2 2 1 503 1278 1062 1185
2241 2 2 1 503 1292 199 200
2242 2 2 1 503 1269 199 1292
2243 2 2 1 503 170 1293 171
2244 2 2 1 503 170 1268 1293
2245 2 2 1 503 1038 1223 1036
2246 2 2 1 503 1038 1278 1223
2247 2 2 1 503 1091 1263 1193
2248 2 2 1 503 1249 1263 1091
2249 2 2 1 503 1222 1096 1100
2250 2 2 1 503 1246 1096 1222
2251 2 2 1 503 193 1114 1220
2252 2 2 1 503 1157 1152 1063
2253 2 2 1 503 1162 1152 1157
2254 2 2 1 503 1325 1219 1017
2255 2 2 1 503 1325 1310 1065
2256 2 2 1 503 1310 1325 1017
2257 2 2 1 503 1218 1326 1016
2258 2 2 1 503 1309 1326 1064
2259 2 2 1 503 1326 1309 1016
2260 2 2 1 503 1039 1327 1196
2261 2 2 1 503 1327 1039 1233
2262 2 2 1 503 1036 1328 1018
2263 2 2 1 503 1329 990 1059
2264 2 2 1 503 1129 1329 1059
2265 2 2 1 503 990 1329 1230
2266 2 2 1 503 1109 1330 987
2267 2 2 1 503 1281 1330 1103
2268 2 2 1 503 1330 1109 1103
2269 2 2 1 503 1331 1249 1093
2270 2 2 1 503 1331 1289 992
2271 2 2 1 503 1250 1332 1092
2272 2 2 1 503 1288 1332 992
2273 2 2 1 503 1320 1333 1092
2274 2 2 1 503 1333 1320 1026
2275 2 2 1 503 1334 1070 1069
2276 2 2 1 503 1219 1334 1069
2277 2 2 1 503 1070 1334 1236
2278 2 2 1 503 1071 1335 1068
2279 2 2 1 503 1335 1218 1068
2280 2 2 1 503 1335 1071 1235
2281 2 2 1 503 1336 1145 1182
2282 2 2 1 503 1336 1316 1171
2283 2 2 1 503 1316 1336 1182
2284 2 2 1 503 1145 1336 1171
2285 2 2 1 503 1337 1194 1076
2286 2 2 1 503 1337 1089 1193
2287 2 2 1 503 1338 1318 1093
2288 2 2 1 503 1318 1338 1025
2289 2 2 1 503 1239 1339 1022
2290 2 2 1 503 1339 1275 1022
2291 2 2 1 503 1339 1239 1097
2292 2 2 1 503 1340 1238 1023
2293 2 2 1 503 1276 1340 1023
2294 2 2 1 503 1238 1340 1098
2295 2 2 1 503 1341 1113 988
2296 2 2 1 503 1341 1173 1323
2297 2 2 1 503 1173 1341 988
2298 2 2 1 503 1342 1116 1016
2299 2 2 1 503 31 1343 3
2300 2 2 1 503 155 1343 1007
2301 2 2 1 503 1343 155 3
2302 2 2 1 503 1343 31 1007
2303 2 2 1 503 1240 1344 1183
2304 2 2 1 503 1344 206 1183
2305 2 2 1 503 1345 1241 1184
2306 2 2 1 503 177 1345 1184
2307 2 2 1 503 1346 1123 1312
2308 2 2 1 503 1123 1346 1109
2309 2 2 1 503 1103 1346 1018
2310 2 2 1 503 1103 1109 1346
2311 2 2 1 503 1252 1337 1076
2312 2 2 1 503 1252 1089 1337
2313 2 2 1 503 1344 205 206
2314 2 2 1 503 176 1345 177
2315 2 2 1 503 1297 1329 1129
2316 2 2 1 503 1297 1230 1329
2317 2 2 1 503 1327 1103 1018
2318 2 2 1 503 1233 1103 1327
2319 2 2 1 503 1330 989 987
2320 2 2 1 503 1281 989 1330
2321 2 2 1 503 1346 1036 1018
2322 2 2 1 503 1312 1036 1346
2323 2 2 1 503 1341 1112 1113
2324 2 2 1 503 1323 1112 1341
2325 2 2 1 503 1332 1102 1092
2326 2 2 1 503 1288 1102 1332
2327 2 2 1 503 1101 1331 1093
2328 2 2 1 503 1101 1289 1331
2329 2 2 1 503 991 1337 1193
2330 2 2 1 503 991 1194 1337
2331 2 2 1 503 1029 1333 1026
2332 2 2 1 503 1029 1262 1333
2333 2 2 1 503 1333 1090 1092
2334 2 2 1 503 1262 1090 1333
2335 2 2 1 503 1338 1030 1025
2336 2 2 1 503 1256 1030 1338
2337 2 2 1 503 1091 1338 1093
2338 2 2 1 503 1091 1256 1338
2339 2 2 1 503 1328 1327 1018
2340 2 2 1 503 1196 1327 1328
2341 2 2 1 503 1328 1108 1196
2342 2 2 1 503 1326 1024 1064
2343 2 2 1 503 1218 1024 1326
2344 2 2 1 503 1021 1325 1065
2345 2 2 1 503 1021 1219 1325
2346 2 2 1 503 1335 1034 1218
2347 2 2 1 503 1235 1034 1335
2348 2 2 1 503 1031 1334 1219
2349 2 2 1 503 1031 1236 1334
2350 2 2 1 503 1342 995 1116
2351 2 2 1 503 1342 1125 1054
2352 2 2 1 503 176 1225 1345
2353 2 2 1 503 1345 1225 1241
2354 2 2 1 503 1224 205 1344
2355 2 2 1 503 1224 1344 1240
2356 2 2 1 503 1226 1296 1211
2357 2 2 1 503 1226 1242 1296
2358 2 2 1 503 1223 1328 1036
2359 2 2 1 503 1108 1328 1114
2360 2 2 1 503 1223 1114 1328
2361 2 2 1 503 1205 1087 1244
2362 2 2 1 503 1205 1244 1066
2363 2 2 1 503 1322 1297 1203
2364 2 2 1 503 1297 1255 1203
2365 2 2 1 503 1297 1322 1230
2366 2 2 1 503 1035 1244 1019
2367 2 2 1 503 1304 1298 1013
2368 2 2 1 503 1298 1315 1013
2369 2 2 1 503 1298 1310 1017
2370 2 2 1 503 1310 1298 1304
2371 2 2 1 503 1299 1303 1012
2372 2 2 1 503 1314 1299 1012
2373 2 2 1 503 1309 1299 1016
2374 2 2 1 503 1299 1309 1303
2375 2 2 1 503 80 1287 1216
2376 2 2 1 503 80 1216 81
2377 2 2 1 503 1287 80 1217
2378 2 2 1 503 1217 80 79
2379 2 2 1 503 1230 1306 990
2380 2 2 1 503 1306 1234 990
2381 2 2 1 503 1306 1323 1173
2382 2 2 1 503 1323 1306 1230
2383 2 2 1 503 36 1277 1212
2384 2 2 1 503 36 1212 35
2385 2 2 1 503 1277 36 1214
2386 2 2 1 503 1214 36 37
2387 2 2 1 503 1266 1267 996
2388 2 2 1 503 1155 1267 1266
2389 2 2 1 503 1263 1249 1250
2390 2 2 1 503 1250 1249 1331
2391 2 2 1 503 1332 1250 992
2392 2 2 1 503 1250 1331 992
2393 2 2 1 503 1234 1311 1126
2394 2 2 1 503 1213 1234 1117
2395 2 2 1 503 1311 1234 1213
2396 2 2 1 503 1246 1307 1096
2397 2 2 1 503 1313 1307 1246
2398 2 2 1 503 1210 1073 1067
2399 2 2 1 503 1138 1210 1067
2400 2 2 1 503 1210 1138 1028
2401 2 2 1 503 1097 1239 1292
2402 2 2 1 503 1319 1100 1292
2403 2 2 1 503 1100 1269 1292
2404 2 2 1 503 1292 1239 1319
2405 2 2 1 503 1238 1098 1293
2406 2 2 1 503 1099 1321 1293
2407 2 2 1 503 1268 1099 1293
2408 2 2 1 503 1238 1293 1321
2409 2 2 1 503 1246 1014 1313
2410 2 2 1 503 1347 1307 1313
2411 2 2 1 503 1350 1252 1039
2412 2 2 1 503 1350 1313 1014
2413 2 2 1 503 1252 1350 1014
2414 2 2 1 503 1299 1351 1016
2415 2 2 1 503 1342 1351 1125
2416 2 2 1 503 1351 1342 1016
2417 2 2 1 503 1351 1299 1125
2418 2 2 1 503 1054 1352 1342
2419 2 2 1 503 1352 995 1342
2420 2 2 1 503 1354 1017 1115
2421 2 2 1 503 1355 1015 1245
2422 2 2 1 503 1135 1356 1176
2423 2 2 1 503 1160 1356 1067
2424 2 2 1 503 1160 1176 1356
2425 2 2 1 503 1347 1247 1107
2426 2 2 1 503 1313 1247 1347
2427 2 2 1 503 166 1348 167
2428 2 2 1 503 1247 1350 1039
2429 2 2 1 503 1247 1313 1350
2430 2 2 1 503 1355 1260 1015
2431 2 2 1 503 1260 1355 1349
2432 2 2 1 503 1355 1308 1349
2433 2 2 1 503 1038 1312 1020
2434 2 2 1 503 1077 1312 1123
2435 2 2 1 503 1312 1077 1020
2436 2 2 1 503 172 1098 1280
2437 2 2 1 503 1097 201 1279
2438 2 2 1 503 1248 1349 1019
2439 2 2 1 503 1349 1284 1019
2440 2 2 1 503 1255 1242 1028
2441 2 2 1 503 1251 1295 1255
2442 2 2 1 503 1295 1242 1255
2443 2 2 1 503 1096 198 1269
2444 2 2 1 503 1191 995 1115
2445 2 2 1 503 995 1190 1116
2446 2 2 1 503 1155 1190 995
2447 2 2 1 503 1191 1155 995
2448 2 2 1 503 1354 1298 1017
2449 2 2 1 503 1298 1354 1124
2450 2 2 1 503 1356 1138 1067
2451 2 2 1 503 1140 1049 1315
2452 2 2 1 503 1049 1166 1315
2453 2 2 1 503 1315 1283 1140
2454 2 2 1 503 1283 1315 1124
2455 2 2 1 503 1050 1141 1314
2456 2 2 1 503 1165 1050 1314
2457 2 2 1 503 1282 1314 1141
2458 2 2 1 503 1314 1282 1125
2459 2 2 1 503 1097 1279 1339
2460 2 2 1 503 1339 1279 1105
2461 2 2 1 503 1105 1275 1339
2462 2 2 1 503 1289 1095 1271
2463 2 2 1 503 1271 994 1289
2464 2 2 1 503 1280 1098 1340
2465 2 2 1 503 1280 1340 1106
2466 2 2 1 503 1276 1106 1340
2467 2 2 1 503 1221 1357 1245
2468 2 2 1 503 1113 1359 1149
2469 2 2 1 503 1359 1113 1112
2470 2 2 1 503 1359 1011 1149
2471 2 2 1 503 1355 1361 1308
2472 2 2 1 503 1361 1355 1245
2473 2 2 1 503 1356 1362 1138
2474 2 2 1 503 1362 1356 1135
2475 2 2 1 503 1362 1011 1138
2476 2 2 1 503 1359 1204 1011
2477 2 2 1 503 1112 1204 1359
2478 2 2 1 503 1362 998 1011
2479 2 2 1 503 1135 998 1362
2480 2 2 1 503 1357 1361 1245
2481 2 2 1 503 1357 1353 1361
2482 2 2 1 503 169 1360 1268
2483 2 2 1 503 1358 168 167
2484 2 2 1 503 1361 1363 1308
2485 2 2 1 503 1360 1099 1268
2486 2 2 1 503 1099 1360 1221
2487 2 2 1 503 1353 1357 1360
2488 2 2 1 503 1357 1221 1360
2489 2 2 1 503 1348 1358 167
2490 2 2 1 503 1348 1363 1358
2491 2 2 1 503 1353 1358 1361
2492 2 2 1 503 1358 1363 1361
2493 2 2 1 503 1358 1353 168
2494 2 2 1 503 1084 1284 1363
2495 2 2 1 503 165 1261 166
2496 2 2 1 503 166 1261 1348
2497 2 2 1 503 1261 1084 1363
2498 2 2 1 503 1363 1348 1261
2499 2 2 1 503 1349 1308 1284
2500 2 2 1 503 1308 1363 1284
2501 2 2 1 503 1289 994 1237
2502 2 2 1 503 1237 1288 992
2503 2 2 1 503 1289 1237 992
2504 2 2 1 503 200 201 1097
2505 2 2 1 503 1292 200 1097
2506 2 2 1 503 1075 1248 1087
2507 2 2 1 503 1248 1075 1260
2508 2 2 1 503 1248 1260 1349
2509 2 2 1 503 995 1352 1115
2510 2 2 1 503 1352 1354 1115
2511 2 2 1 503 1124 1352 1054
2512 2 2 1 503 1354 1352 1124
2513 2 2 1 503 1364 1305 1104
2514 2 2 1 503 1305 1364 164
2515 2 2 1 503 1243 1365 1104
2516 2 2 1 503 1365 1084 1104
2517 2 2 1 503 1284 1084 1365
2518 2 2 1 503 1364 165 164
2519 2 2 1 503 1261 165 1364
2520 2 2 1 503 1084 1364 1104
2521 2 2 1 503 1084 1261 1364
2522 2 2 1 503 1365 1035 1019
2523 2 2 1 503 1035 1365 1243
2524 2 2 1 503 1284 1365 1019
2525 2 2 1 503 1098 171 1293
2526 2 2 1 503 171 1098 172
2527 2 2 1 503 1114 194 1108
2528 2 2 1 503 194 1114 193
2529 2 2 1 503 1366 198 1096
2530 2 2 1 503 1307 1366 1096
2531 2 2 1 503 198 1366 197
2532 2 2 1 503 1107 1367 1347
2533 2 2 1 503 1368 1307 1347
2534 2 2 1 503 1368 196 197
2535 2 2 1 503 1369 85 1008
2536 2 2 1 503 1369 212 8
2537 2 2 1 503 212 1369 1008
2538 2 2 1 503 85 1369 8
2539 2 2 1 503 1370 184 1009
2540 2 2 1 503 1370 41 4
2541 2 2 1 503 41 1370 1009
2542 2 2 1 503 184 1370 4
2543 2 2 1 503 75 1371 1006
2544 2 2 1 503 183 1371 7
2545 2 2 1 503 1371 183 1006
2546 2 2 1 503 1371 75 7
2547 2 2 1 503 1366 1368 197
2548 2 2 1 503 1366 1307 1368
2549 2 2 1 503 1368 1367 196
2550 2 2 1 503 1347 1367 1368
2551 2 2 1 503 1367 195 196
2552 2 2 1 503 1108 195 1107
2553 2 2 1 503 195 1108 194
2554 2 2 1 503 1367 1107 195
2555 2 2 1 503 1273 1253 1033
2556 2 2 1 503 1078 1253 1273
2557 2 2 1 503 1254 1272 1032
2558 2 2 1 503 1254 1079 1272
2559 2 2 1 503 1244 1248 1019
2560 2 2 1 503 1244 1087 1248
2561 2 2 1 503 168 1360 169
2562 2 2 1 503 168 1353 1360
2563 2 2 1 503 1372 1127 1066
2564 2 2 1 503 1372 1244 1035
2565 2 2 1 503 1244 1372 1066
2566 2 2 1 503 1127 1372 1035
2567 2 2 1 504 1442 1395 1399
2568 2 2 1 504 1393 1443 1397
2569 2 2 1 504 1394 1444 1398
2570 2 2 1 504 1445 1392 1396
2571 2 2 1 504 50 1435 49
2572 2 2 1 504 1434 44 45
2573 2 2 1 504 43 1397 42
2574 2 2 1 504 1399 51 52
2575 2 2 1 504 1396 87 86
2576 2 2 1 504 95 1398 96
2577 2 2 1 504 1373 1448 1375
2578 2 2 1 504 1448 1373 1374
2579 2 2 1 504 1493 1403 1451
2580 2 2 1 504 1402 1494 1450
2581 2 2 1 504 1497 1400 1495
2582 2 2 1 504 1506 1438 1459
2583 2 2 1 504 1510 1430 1509
2584 2 2 1 504 1430 1510 1506
2585 2 2 1 504 1511 1437 1484
2586 2 2 1 504 1436 1512 1485
2587 2 2 1 504 1513 1389 1485
2588 2 2 1 504 1391 1514 1484
2589 2 2 1 504 1516 1376 1489
2590 2 2 1 504 1516 1438 1506
2591 2 2 1 504 1438 1516 1489
2592 2 2 1 504 1376 1519 1497
2593 2 2 1 504 1525 1401 1388
2594 2 2 1 504 1525 1438 1489
2595 2 2 1 504 1528 1402 1408
2596 2 2 1 504 1403 1529 1409
2597 2 2 1 504 101 1530 100
2598 2 2 1 504 1431 1531 1529
2599 2 2 1 504 1531 1409 1529
2600 2 2 1 504 1408 1532 1528
2601 2 2 1 504 1400 1534 1386
2602 2 2 1 504 1534 1400 1497
2603 2 2 1 504 1535 1429 1512
2604 2 2 1 504 1429 1535 1511
2605 2 2 1 504 1536 185 184
2606 2 2 1 504 1536 1397 1443
2607 2 2 1 504 1537 189 188
2608 2 2 1 504 1402 1538 1494
2609 2 2 1 504 1538 1437 1494
2610 2 2 1 504 1539 1403 1493
2611 2 2 1 504 1436 1539 1493
2612 2 2 1 504 186 1540 187
2613 2 2 1 504 1439 1540 1533
2614 2 2 1 504 1435 1542 1521
2615 2 2 1 504 1543 1434 1520
2616 2 2 1 504 1544 1389 1513
2617 2 2 1 504 1391 1545 1514
2618 2 2 1 504 1549 1437 1511
2619 2 2 1 504 1436 1550 1512
2620 2 2 1 504 187 1552 188
2621 2 2 1 504 1553 90 89
2622 2 2 1 504 1432 1553 89
2623 2 2 1 504 92 1554 93
2624 2 2 1 504 1554 1433 93
2625 2 2 1 504 1390 1555 1388
2626 2 2 1 504 1438 1555 1459
2627 2 2 1 504 1558 186 185
2628 2 2 1 504 1558 1443 1533
2629 2 2 1 504 1390 1559 1520
2630 2 2 1 504 1552 1537 188
2631 2 2 1 504 1555 1525 1388
2632 2 2 1 504 1438 1525 1555
2633 2 2 1 504 1534 1546 1386
2634 2 2 1 504 1530 1541 100
2635 2 2 1 504 1540 1552 187
2636 2 2 1 504 1540 1439 1552
2637 2 2 1 504 1536 1558 185
2638 2 2 1 504 1536 1443 1558
2639 2 2 1 504 93 1523 94
2640 2 2 1 504 93 1433 1523
2641 2 2 1 504 1524 89 88
2642 2 2 1 504 1432 89 1524
2643 2 2 1 504 1458 1521 1546
2644 2 2 1 504 1521 1501 1435
2645 2 2 1 504 1458 1501 1521
2646 2 2 1 504 1520 1555 1390
2647 2 2 1 504 1520 1459 1555
2648 2 2 1 504 1500 1520 1434
2649 2 2 1 504 1500 1459 1520
2650 2 2 1 504 1499 1514 1433
2651 2 2 1 504 1499 1484 1514
2652 2 2 1 504 1513 1498 1432
2653 2 2 1 504 1485 1498 1513
2654 2 2 1 504 1508 1531 1431
2655 2 2 1 504 1508 1490 1531
2656 2 2 1 504 1498 1553 1432
2657 2 2 1 504 1554 1499 1433
2658 2 2 1 504 1497 1551 1376
2659 2 2 1 504 1497 1495 1551
2660 2 2 1 504 1448 1502 1375
2661 2 2 1 504 1516 1510 1376
2662 2 2 1 504 1506 1510 1516
2663 2 2 1 504 1510 1519 1376
2664 2 2 1 504 1510 1509 1519
2665 2 2 1 504 1511 1535 1549
2666 2 2 1 504 1535 1512 1550
2667 2 2 1 504 1543 1559 1393
2668 2 2 1 504 1543 1520 1559
2669 2 2 1 504 1560 1542 1395
2670 2 2 1 504 1521 1542 1560
2671 2 2 1 504 1558 1540 186
2672 2 2 1 504 1533 1540 1558
2673 2 2 1 504 1378 1504 1446
2674 2 2 1 504 1424 1505 1455
2675 2 2 1 504 1542 1435 50
2676 2 2 1 504 1434 1543 44
2677 2 2 1 504 1523 1433 1514
2678 2 2 1 504 1432 1524 1513
2679 2 2 1 504 1528 1385 1402
2680 2 2 1 504 1556 1385 1528
2681 2 2 1 504 1440 1556 1528
2682 2 2 1 504 1387 1529 1403
2683 2 2 1 504 1387 1557 1529
2684 2 2 1 504 1431 1529 1441
2685 2 2 1 504 1557 1441 1529
2686 2 2 1 504 1385 1538 1402
2687 2 2 1 504 1539 1387 1403
2688 2 2 1 504 90 1496 91
2689 2 2 1 504 90 1553 1496
2690 2 2 1 504 1496 92 91
2691 2 2 1 504 1554 92 1496
2692 2 2 1 504 1547 120 121
2693 2 2 1 504 102 1530 101
2694 2 2 1 504 1437 1549 1494
2695 2 2 1 504 1550 1436 1493
2696 2 2 1 504 1548 1388 1515
2697 2 2 1 504 1439 1548 1515
2698 2 2 1 504 1548 1390 1388
2699 2 2 1 504 1439 1533 1548
2700 2 2 1 504 1422 1505 1424
2701 2 2 1 504 1502 1421 1423
2702 2 2 1 504 1556 1391 1385
2703 2 2 1 504 1389 1557 1387
2704 2 2 1 504 1557 1389 1544
2705 2 2 1 504 1445 1544 1392
2706 2 2 1 504 1391 1556 1545
2707 2 2 1 504 1559 1390 1548
2708 2 2 1 504 1559 1443 1393
2709 2 2 1 504 1559 1533 1443
2710 2 2 1 504 1559 1548 1533
2711 2 2 1 504 1442 1560 1395
2712 2 2 1 504 1522 1560 1442
2713 2 2 1 504 51 1542 50
2714 2 2 1 504 1395 51 1399
2715 2 2 1 504 1542 51 1395
2716 2 2 1 504 1543 43 44
2717 2 2 1 504 43 1393 1397
2718 2 2 1 504 43 1543 1393
2719 2 2 1 504 95 1394 1398
2720 2 2 1 504 1392 87 1396
2721 2 2 1 504 1410 1562 1426
2722 2 2 1 504 1565 1517 1400
2723 2 2 1 504 1517 1565 1447
2724 2 2 1 504 1567 1527 1417
2725 2 2 1 504 1526 1569 1418
2726 2 2 1 504 1486 1569 1490
2727 2 2 1 504 1572 120 1547
2728 2 2 1 504 1573 49 1435
2729 2 2 1 504 1501 1573 1435
2730 2 2 1 504 1574 191 190
2731 2 2 1 504 45 1575 1434
2732 2 2 1 504 1575 1500 1434
2733 2 2 1 504 1491 1577 1422
2734 2 2 1 504 1410 1577 1562
2735 2 2 1 504 1518 1578 1414
2736 2 2 1 504 1374 1580 1448
2737 2 2 1 504 1518 1581 1578
2738 2 2 1 504 1581 1518 1401
2739 2 2 1 504 1583 191 1574
2740 2 2 1 504 1379 1587 1570
2741 2 2 1 504 1588 1495 1400
2742 2 2 1 504 1517 1588 1400
2743 2 2 1 504 1454 1589 1574
2744 2 2 1 504 1589 1454 1584
2745 2 2 1 504 1378 1590 1504
2746 2 2 1 504 1590 1492 1504
2747 2 2 1 504 1591 1491 1422
2748 2 2 1 504 1598 1524 1392
2749 2 2 1 504 1598 1544 1513
2750 2 2 1 504 1544 1598 1392
2751 2 2 1 504 1524 1598 1513
2752 2 2 1 504 1523 1599 1394
2753 2 2 1 504 1545 1599 1514
2754 2 2 1 504 1599 1523 1514
2755 2 2 1 504 1600 1410 1426
2756 2 2 1 504 1601 1408 1402
2757 2 2 1 504 1450 1601 1402
2758 2 2 1 504 1409 1602 1403
2759 2 2 1 504 1602 1451 1403
2760 2 2 1 504 1456 1603 1469
2761 2 2 1 504 1502 1605 1375
2762 2 2 1 504 1605 1507 1375
2763 2 2 1 504 1421 1606 1423
2764 2 2 1 504 1607 1427 1412
2765 2 2 1 504 1428 1608 1413
2766 2 2 1 504 1414 1610 1584
2767 2 2 1 504 1613 1429 1511
2768 2 2 1 504 1484 1613 1511
2769 2 2 1 504 1429 1614 1512
2770 2 2 1 504 1614 1485 1512
2771 2 2 1 504 1617 1502 1448
2772 2 2 1 504 1618 1483 1562
2773 2 2 1 504 1620 1411 1404
2774 2 2 1 504 1623 1527 1567
2775 2 2 1 504 1527 1623 1408
2776 2 2 1 504 210 1624 211
2777 2 2 1 504 1624 1445 211
2778 2 2 1 504 1625 1507 1605
2779 2 2 1 504 1422 1626 1591
2780 2 2 1 504 99 1632 98
2781 2 2 1 504 1442 1632 1522
2782 2 2 1 504 1632 1442 98
2783 2 2 1 504 1455 1633 1424
2784 2 2 1 504 1633 1503 1424
2785 2 2 1 504 1638 1476 1460
2786 2 2 1 504 1430 1661 1509
2787 2 2 1 504 1501 1661 1586
2788 2 2 1 504 1662 1430 1506
2789 2 2 1 504 1662 1500 1585
2790 2 2 1 504 1663 1456 1469
2791 2 2 1 504 1495 1664 1551
2792 2 2 1 504 1496 1671 1554
2793 2 2 1 504 1671 1499 1554
2794 2 2 1 504 1671 1496 1582
2795 2 2 1 504 1672 1496 1553
2796 2 2 1 504 1498 1672 1553
2797 2 2 1 504 1496 1672 1582
2798 2 2 1 504 1502 1673 1605
2799 2 2 1 504 1673 1502 1423
2800 2 2 1 504 1675 1507 1625
2801 2 2 1 504 1679 1505 1422
2802 2 2 1 504 1681 1409 1531
2803 2 2 1 504 1490 1681 1531
2804 2 2 1 504 189 1692 190
2805 2 2 1 504 1692 189 1537
2806 2 2 1 504 1468 1693 1668
2807 2 2 1 504 1679 1577 1410
2808 2 2 1 504 1422 1577 1679
2809 2 2 1 504 1692 1574 190
2810 2 2 1 504 1454 1574 1692
2811 2 2 1 504 1571 1682 1411
2812 2 2 1 504 1609 1603 1425
2813 2 2 1 504 1469 1603 1609
2814 2 2 1 504 1628 1597 1427
2815 2 2 1 504 1596 1627 1428
2816 2 2 1 504 1608 1670 1413
2817 2 2 1 504 1669 1607 1412
2818 2 2 1 504 1691 1600 1426
2819 2 2 1 504 1458 1661 1501
2820 2 2 1 504 1458 1509 1661
2821 2 2 1 504 1662 1459 1500
2822 2 2 1 504 1506 1459 1662
2823 2 2 1 504 1580 1617 1448
2824 2 2 1 504 1606 1462 1668
2825 2 2 1 504 1692 1449 1454
2826 2 2 1 504 1537 1449 1692
2827 2 2 1 504 1547 1532 1572
2828 2 2 1 504 1386 1565 1400
2829 2 2 1 504 1586 1573 1501
2830 2 2 1 504 1575 1585 1500
2831 2 2 1 504 1568 1593 1383
2832 2 2 1 504 1592 1568 1383
2833 2 2 1 504 1618 1577 1491
2834 2 2 1 504 1562 1577 1618
2835 2 2 1 504 1587 1663 1377
2836 2 2 1 504 1567 1611 1623
2837 2 2 1 504 1616 1593 1463
2838 2 2 1 504 1592 1615 1464
2839 2 2 1 504 1583 1589 1468
2840 2 2 1 504 1583 1574 1589
2841 2 2 1 504 1687 1581 1488
2842 2 2 1 504 1578 1581 1687
2843 2 2 1 504 1589 1610 1468
2844 2 2 1 504 1589 1584 1610
2845 2 2 1 504 1662 1655 1430
2846 2 2 1 504 1585 1655 1662
2847 2 2 1 504 1655 1661 1430
2848 2 2 1 504 1655 1586 1661
2849 2 2 1 504 1625 1605 1673
2850 2 2 1 504 1625 1630 1675
2851 2 2 1 504 1606 1693 1423
2852 2 2 1 504 1668 1693 1606
2853 2 2 1 504 1476 1619 1460
2854 2 2 1 504 49 1573 48
2855 2 2 1 504 48 1573 1586
2856 2 2 1 504 1575 45 46
2857 2 2 1 504 1575 46 1585
2858 2 2 1 504 1657 1415 1406
2859 2 2 1 504 1616 1657 1481
2860 2 2 1 504 1416 1656 1407
2861 2 2 1 504 1656 1615 1482
2862 2 2 1 504 1674 1470 1690
2863 2 2 1 504 202 1689 203
2864 2 2 1 504 1678 203 1689
2865 2 2 1 504 1688 115 116
2866 2 2 1 504 116 1677 1688
2867 2 2 1 504 1404 1641 1420
2868 2 2 1 504 1480 1641 1470
2869 2 2 1 504 1642 1405 1419
2870 2 2 1 504 1405 1684 1419
2871 2 2 1 504 1634 1684 1405
2872 2 2 1 504 1477 1684 1474
2873 2 2 1 504 1474 1684 1634
2874 2 2 1 504 1680 1404 1420
2875 2 2 1 504 1680 1620 1404
2876 2 2 1 504 1680 1478 1475
2877 2 2 1 504 1680 1475 1620
2878 2 2 1 504 1638 1412 1427
2879 2 2 1 504 1412 1638 1418
2880 2 2 1 504 1597 1476 1638
2881 2 2 1 504 1427 1597 1638
2882 2 2 1 504 1637 1413 1417
2883 2 2 1 504 1418 1669 1412
2884 2 2 1 504 1669 1418 1569
2885 2 2 1 504 1486 1669 1569
2886 2 2 1 504 1670 1417 1413
2887 2 2 1 504 1417 1670 1567
2888 2 2 1 504 1606 1421 1646
2889 2 2 1 504 1646 1465 1462
2890 2 2 1 504 1462 1606 1646
2891 2 2 1 504 1425 1576 1646
2892 2 2 1 504 1643 1383 1381
2893 2 2 1 504 1592 1383 1643
2894 2 2 1 504 1482 1615 1643
2895 2 2 1 504 1592 1643 1615
2896 2 2 1 504 1383 1644 1381
2897 2 2 1 504 1383 1593 1644
2898 2 2 1 504 1616 1481 1644
2899 2 2 1 504 1644 1593 1616
2900 2 2 1 504 1424 1626 1422
2901 2 2 1 504 1420 1641 1649
2902 2 2 1 504 1467 1649 1480
2903 2 2 1 504 1641 1480 1649
2904 2 2 1 504 1642 1419 1648
2905 2 2 1 504 1648 1466 1479
2906 2 2 1 504 1479 1642 1648
2907 2 2 1 504 1680 1420 1650
2908 2 2 1 504 1478 1680 1650
2909 2 2 1 504 1419 1684 1653
2910 2 2 1 504 1684 1477 1653
2911 2 2 1 504 1503 1594 1561
2912 2 2 1 504 1651 199 198
2913 2 2 1 504 1651 1479 1466
2914 2 2 1 504 1677 116 117
2915 2 2 1 504 117 1683 1677
2916 2 2 1 504 203 1678 204
2917 2 2 1 504 112 1652 111
2918 2 2 1 504 1480 1652 1467
2919 2 2 1 504 1480 1658 1652
2920 2 2 1 504 1658 111 1652
2921 2 2 1 504 1660 200 199
2922 2 2 1 504 1660 1466 1472
2923 2 2 1 504 1651 1466 1660
2924 2 2 1 504 199 1651 1660
2925 2 2 1 504 113 1659 112
2926 2 2 1 504 1467 1659 1473
2927 2 2 1 504 1467 1652 1659
2928 2 2 1 504 1652 112 1659
2929 2 2 1 504 1473 1649 1467
2930 2 2 1 504 1648 1472 1466
2931 2 2 1 504 1658 110 111
2932 2 2 1 504 1674 110 1658
2933 2 2 1 504 1658 1480 1470
2934 2 2 1 504 1470 1674 1658
2935 2 2 1 504 1639 107 108
2936 2 2 1 504 1483 1618 1639
2937 2 2 1 504 1465 1635 1462
2938 2 2 1 504 192 1665 193
2939 2 2 1 504 1665 1668 1462
2940 2 2 1 504 1583 192 191
2941 2 2 1 504 1665 192 1583
2942 2 2 1 504 1468 1668 1583
2943 2 2 1 504 1665 1583 1668
2944 2 2 1 504 104 1631 103
2945 2 2 1 504 1572 119 120
2946 2 2 1 504 1657 1406 1653
2947 2 2 1 504 1481 1657 1653
2948 2 2 1 504 1407 1656 1650
2949 2 2 1 504 1656 1482 1650
2950 2 2 1 504 1530 1579 1447
2951 2 2 1 504 1579 1530 102
2952 2 2 1 504 1621 1478 1647
2953 2 2 1 504 1380 1621 1647
2954 2 2 1 504 1477 1622 1654
2955 2 2 1 504 1622 1380 1654
2956 2 2 1 504 1602 1409 1526
2957 2 2 1 504 1602 1452 1451
2958 2 2 1 504 1636 1452 1602
2959 2 2 1 504 1526 1636 1602
2960 2 2 1 504 1408 1601 1527
2961 2 2 1 504 1453 1601 1450
2962 2 2 1 504 1453 1640 1601
2963 2 2 1 504 1640 1527 1601
2964 2 2 1 504 1679 1410 1600
2965 2 2 1 504 1487 1679 1600
2966 2 2 1 504 1679 1487 1505
2967 2 2 1 504 1686 1687 1488
2968 2 2 1 504 1693 1468 1610
2969 2 2 1 504 1423 1693 1610
2970 2 2 1 504 1423 1610 1673
2971 2 2 1 504 1630 1414 1578
2972 2 2 1 504 1411 1620 1426
2973 2 2 1 504 1457 1620 1475
2974 2 2 1 504 1457 1691 1620
2975 2 2 1 504 1691 1426 1620
2976 2 2 1 504 1475 1570 1457
2977 2 2 1 504 1644 1481 1654
2978 2 2 1 504 1381 1644 1654
2979 2 2 1 504 1482 1643 1647
2980 2 2 1 504 1643 1381 1647
2981 2 2 1 504 1580 1374 1377
2982 2 2 1 504 1469 1580 1663
2983 2 2 1 504 1663 1580 1377
2984 2 2 1 504 1453 1612 1461
2985 2 2 1 504 1461 1640 1453
2986 2 2 1 504 1640 1461 1637
2987 2 2 1 504 1527 1640 1417
2988 2 2 1 504 1640 1637 1417
2989 2 2 1 504 1636 1460 1452
2990 2 2 1 504 1460 1636 1638
2991 2 2 1 504 1636 1526 1418
2992 2 2 1 504 1638 1636 1418
2993 2 2 1 504 1622 1379 1380
2994 2 2 1 504 1566 1379 1622
2995 2 2 1 504 1622 1477 1474
2996 2 2 1 504 1474 1566 1622
2997 2 2 1 504 1379 1621 1380
2998 2 2 1 504 1379 1570 1621
2999 2 2 1 504 1478 1621 1475
3000 2 2 1 504 1570 1475 1621
3001 2 2 1 504 1634 1456 1474
3002 2 2 1 504 1603 1456 1634
3003 2 2 1 504 1587 1379 1566
3004 2 2 1 504 1456 1566 1474
3005 2 2 1 504 1456 1663 1566
3006 2 2 1 504 1587 1566 1663
3007 2 2 1 504 1426 1571 1411
3008 2 2 1 504 1571 1426 1562
3009 2 2 1 504 1483 1571 1562
3010 2 2 1 504 1686 1604 1687
3011 2 2 1 504 1492 1590 1495
3012 2 2 1 504 1664 1495 1590
3013 2 2 1 504 1595 1503 1633
3014 2 2 1 504 1504 1633 1455
3015 2 2 1 504 1633 1504 1492
3016 2 2 1 504 1492 1595 1633
3017 2 2 1 504 1549 1535 1550
3018 2 2 1 504 1568 1382 1563
3019 2 2 1 504 1463 1593 1563
3020 2 2 1 504 1568 1563 1593
3021 2 2 1 504 1382 1568 1564
3022 2 2 1 504 1592 1464 1564
3023 2 2 1 504 1564 1568 1592
3024 2 2 1 504 1676 1405 1642
3025 2 2 1 504 1682 1404 1411
3026 2 2 1 504 1404 1682 1641
3027 2 2 1 504 1682 1470 1641
3028 2 2 1 504 1681 1490 1569
3029 2 2 1 504 1526 1681 1569
3030 2 2 1 504 1681 1526 1409
3031 2 2 1 504 1532 1440 1528
3032 2 2 1 504 1532 1547 1440
3033 2 2 1 504 97 98 1442
3034 2 2 1 504 1399 97 1442
3035 2 2 1 504 1431 208 1508
3036 2 2 1 504 208 207 1508
3037 2 2 1 504 212 211 1445
3038 2 2 1 504 1396 212 1445
3039 2 2 1 504 124 125 1444
3040 2 2 1 504 125 1398 1444
3041 2 2 1 504 1685 1560 1522
3042 2 2 1 504 1546 1685 1386
3043 2 2 1 504 1588 1492 1495
3044 2 2 1 504 1492 1588 1595
3045 2 2 1 504 1446 1373 1375
3046 2 2 1 504 1375 1507 1446
3047 2 2 1 504 1504 1455 1446
3048 2 2 1 504 1685 1522 1541
3049 2 2 1 504 1614 1429 1582
3050 2 2 1 504 1614 1498 1485
3051 2 2 1 504 1614 1672 1498
3052 2 2 1 504 1614 1582 1672
3053 2 2 1 504 1429 1613 1582
3054 2 2 1 504 1499 1613 1484
3055 2 2 1 504 1671 1613 1499
3056 2 2 1 504 1582 1613 1671
3057 2 2 1 504 1391 1538 1385
3058 2 2 1 504 1538 1391 1484
3059 2 2 1 504 1437 1538 1484
3060 2 2 1 504 1539 1389 1387
3061 2 2 1 504 1389 1539 1485
3062 2 2 1 504 1539 1436 1485
3063 2 2 1 504 1397 1536 184
3064 2 2 1 504 1534 1509 1458
3065 2 2 1 504 1546 1534 1458
3066 2 2 1 504 1519 1534 1497
3067 2 2 1 504 1534 1519 1509
3068 2 2 1 504 1471 1629 1676
3069 2 2 1 504 1515 1552 1439
3070 2 2 1 504 95 94 1394
3071 2 2 1 504 94 1523 1394
3072 2 2 1 504 88 87 1392
3073 2 2 1 504 1524 88 1392
3074 2 2 1 504 1645 1587 1377
3075 2 2 1 504 1667 202 201
3076 2 2 1 504 1689 202 1667
3077 2 2 1 504 115 1666 114
3078 2 2 1 504 115 1688 1666
3079 2 2 1 504 1674 109 110
3080 2 2 1 504 1690 109 1674
3081 2 2 1 504 1465 1646 1576
3082 2 2 1 504 200 1667 201
3083 2 2 1 504 200 1660 1667
3084 2 2 1 504 1666 113 114
3085 2 2 1 504 1659 113 1666
3086 2 2 1 504 1487 1694 1374
3087 2 2 1 504 1572 1695 119
3088 2 2 1 504 1695 1572 1611
3089 2 2 1 504 1696 1378 1446
3090 2 2 1 504 1507 1696 1446
3091 2 2 1 504 1378 1696 1604
3092 2 2 1 504 1697 1461 1612
3093 2 2 1 504 1698 1460 1619
3094 2 2 1 504 1701 1521 1560
3095 2 2 1 504 1701 1685 1546
3096 2 2 1 504 1685 1701 1560
3097 2 2 1 504 1521 1701 1546
3098 2 2 1 504 1447 1702 1517
3099 2 2 1 504 1594 1702 1579
3100 2 2 1 504 1702 1594 1517
3101 2 2 1 504 1702 1447 1579
3102 2 2 1 504 1453 1704 1612
3103 2 2 1 504 1549 1705 1494
3104 2 2 1 504 1564 1706 1382
3105 2 2 1 504 1707 1570 1587
3106 2 2 1 504 1707 1645 1457
3107 2 2 1 504 1645 1707 1587
3108 2 2 1 504 1570 1707 1457
3109 2 2 1 504 1708 1563 1382
3110 2 2 1 504 1709 1489 1376
3111 2 2 1 504 1709 1551 1686
3112 2 2 1 504 1551 1709 1376
3113 2 2 1 504 1711 1665 1462
3114 2 2 1 504 1665 1711 193
3115 2 2 1 504 1635 1711 1462
3116 2 2 1 504 1712 1642 1479
3117 2 2 1 504 1713 1545 1556
3118 2 2 1 504 1714 1550 1493
3119 2 2 1 504 184 1715 1397
3120 2 2 1 504 42 1715 4
3121 2 2 1 504 1715 42 1397
3122 2 2 1 504 1715 184 4
3123 2 2 1 504 1373 1716 1374
3124 2 2 1 504 1716 1487 1374
3125 2 2 1 504 1447 1717 1530
3126 2 2 1 504 1717 1541 1530
3127 2 2 1 504 1675 1696 1507
3128 2 2 1 504 1675 1604 1696
3129 2 2 1 504 1694 1377 1374
3130 2 2 1 504 1645 1377 1694
3131 2 2 1 504 1709 1488 1489
3132 2 2 1 504 1686 1488 1709
3133 2 2 1 504 1711 194 193
3134 2 2 1 504 1635 194 1711
3135 2 2 1 504 1695 118 119
3136 2 2 1 504 1706 1384 1382
3137 2 2 1 504 1384 1708 1382
3138 2 2 1 504 1384 1619 1708
3139 2 2 1 504 1619 1476 1708
3140 2 2 1 504 1705 1450 1494
3141 2 2 1 504 1451 1714 1493
3142 2 2 1 504 1463 1628 1700
3143 2 2 1 504 1627 1464 1699
3144 2 2 1 504 1631 1710 1561
3145 2 2 1 504 1648 1419 1406
3146 2 2 1 504 1653 1406 1419
3147 2 2 1 504 1420 1649 1407
3148 2 2 1 504 1407 1650 1420
3149 2 2 1 504 1609 1617 1469
3150 2 2 1 504 1580 1469 1617
3151 2 2 1 504 1687 1675 1578
3152 2 2 1 504 1675 1630 1578
3153 2 2 1 504 1675 1687 1604
3154 2 2 1 504 1626 1710 1591
3155 2 2 1 504 1532 1408 1623
3156 2 2 1 504 1572 1532 1623
3157 2 2 1 504 1623 1611 1572
3158 2 2 1 504 1647 1381 1380
3159 2 2 1 504 1381 1654 1380
3160 2 2 1 504 1604 1664 1378
3161 2 2 1 504 1664 1590 1378
3162 2 2 1 504 1664 1686 1551
3163 2 2 1 504 1686 1664 1604
3164 2 2 1 504 1386 1717 1565
3165 2 2 1 504 1717 1386 1685
3166 2 2 1 504 1565 1717 1447
3167 2 2 1 504 1717 1685 1541
3168 2 2 1 504 47 1655 1585
3169 2 2 1 504 47 1585 46
3170 2 2 1 504 1655 47 1586
3171 2 2 1 504 1586 47 48
3172 2 2 1 504 1415 1657 1700
3173 2 2 1 504 1616 1463 1700
3174 2 2 1 504 1700 1657 1616
3175 2 2 1 504 1656 1416 1699
3176 2 2 1 504 1464 1615 1699
3177 2 2 1 504 1656 1699 1615
3178 2 2 1 504 1608 1683 1670
3179 2 2 1 504 1628 1463 1597
3180 2 2 1 504 1463 1563 1597
3181 2 2 1 504 1708 1476 1597
3182 2 2 1 504 1563 1708 1597
3183 2 2 1 504 1464 1627 1596
3184 2 2 1 504 1564 1464 1596
3185 2 2 1 504 1706 1564 1596
3186 2 2 1 504 1650 1482 1478
3187 2 2 1 504 1647 1478 1482
3188 2 2 1 504 1481 1653 1477
3189 2 2 1 504 1477 1654 1481
3190 2 2 1 504 1594 1503 1595
3191 2 2 1 504 1517 1594 1595
3192 2 2 1 504 1588 1517 1595
3193 2 2 1 504 1626 1503 1561
3194 2 2 1 504 1503 1626 1424
3195 2 2 1 504 1626 1561 1710
3196 2 2 1 504 1584 1454 1449
3197 2 2 1 504 1518 1584 1449
3198 2 2 1 504 1584 1518 1414
3199 2 2 1 504 1576 1425 1629
3200 2 2 1 504 1603 1629 1425
3201 2 2 1 504 1705 1549 1550
3202 2 2 1 504 1550 1714 1705
3203 2 2 1 504 1691 1457 1600
3204 2 2 1 504 1457 1645 1600
3205 2 2 1 504 1694 1487 1600
3206 2 2 1 504 1645 1694 1600
3207 2 2 1 504 1676 1712 1471
3208 2 2 1 504 1676 1642 1712
3209 2 2 1 504 1649 1473 1407
3210 2 2 1 504 1472 1648 1406
3211 2 2 1 504 1699 1719 1627
3212 2 2 1 504 1720 1700 1628
3213 2 2 1 504 1721 123 124
3214 2 2 1 504 1721 1444 1713
3215 2 2 1 504 1444 1721 124
3216 2 2 1 504 1722 205 204
3217 2 2 1 504 1724 1677 1683
3218 2 2 1 504 1608 1724 1683
3219 2 2 1 504 1678 1725 1723
3220 2 2 1 504 1725 1678 1689
3221 2 2 1 504 1726 1677 1724
3222 2 2 1 504 1677 1726 1688
3223 2 2 1 504 1732 1486 1490
3224 2 2 1 504 1733 102 103
3225 2 2 1 504 102 1733 1579
3226 2 2 1 504 209 1734 210
3227 2 2 1 504 1431 1735 208
3228 2 2 1 504 1735 1431 1441
3229 2 2 1 504 1735 209 208
3230 2 2 1 504 1736 1607 1723
3231 2 2 1 504 1737 1444 1394
3232 2 2 1 504 1737 1545 1713
3233 2 2 1 504 1444 1737 1713
3234 2 2 1 504 1608 1738 1724
3235 2 2 1 504 1739 1596 1428
3236 2 2 1 504 1544 1740 1557
3237 2 2 1 504 1740 1544 1445
3238 2 2 1 504 1634 1741 1603
3239 2 2 1 504 1741 1634 1405
3240 2 2 1 504 1741 1629 1603
3241 2 2 1 504 1515 1742 1552
3242 2 2 1 504 1624 1740 1445
3243 2 2 1 504 1734 1624 210
3244 2 2 1 504 1599 1737 1394
3245 2 2 1 504 1599 1545 1737
3246 2 2 1 504 1689 1667 1728
3247 2 2 1 504 1666 1688 1727
3248 2 2 1 504 1413 1739 1428
3249 2 2 1 504 1413 1637 1739
3250 2 2 1 504 1537 1742 1449
3251 2 2 1 504 1537 1552 1742
3252 2 2 1 504 1718 197 196
3253 2 2 1 504 1631 1733 103
3254 2 2 1 504 1725 1689 1728
3255 2 2 1 504 1688 1726 1727
3256 2 2 1 504 195 1729 196
3257 2 2 1 504 1676 1741 1405
3258 2 2 1 504 1676 1629 1741
3259 2 2 1 504 1735 1734 209
3260 2 2 1 504 1441 1734 1735
3261 2 2 1 504 1729 1718 196
3262 2 2 1 504 1723 1725 1736
3263 2 2 1 504 1726 1724 1738
3264 2 2 1 504 1732 206 205
3265 2 2 1 504 1486 1732 1722
3266 2 2 1 504 1722 1732 205
3267 2 2 1 504 1720 1415 1700
3268 2 2 1 504 1731 1415 1720
3269 2 2 1 504 1720 1728 1731
3270 2 2 1 504 1416 1719 1699
3271 2 2 1 504 1416 1730 1719
3272 2 2 1 504 1727 1719 1730
3273 2 2 1 504 1730 1416 1407
3274 2 2 1 504 1407 1473 1730
3275 2 2 1 504 1415 1731 1406
3276 2 2 1 504 1472 1406 1731
3277 2 2 1 504 1738 1428 1627
3278 2 2 1 504 1428 1738 1608
3279 2 2 1 504 1719 1738 1627
3280 2 2 1 504 1427 1736 1628
3281 2 2 1 504 1736 1427 1607
3282 2 2 1 504 1736 1720 1628
3283 2 2 1 504 207 206 1508
3284 2 2 1 504 206 1490 1508
3285 2 2 1 504 206 1732 1490
3286 2 2 1 504 1729 1629 1471
3287 2 2 1 504 1471 1718 1729
3288 2 2 1 504 1697 1384 1706
3289 2 2 1 504 1710 104 105
3290 2 2 1 504 1710 1631 104
3291 2 2 1 504 1695 1670 1683
3292 2 2 1 504 1695 1611 1567
3293 2 2 1 504 1670 1695 1567
3294 2 2 1 504 1630 1610 1414
3295 2 2 1 504 1625 1673 1630
3296 2 2 1 504 1673 1610 1630
3297 2 2 1 504 198 1712 1651
3298 2 2 1 504 197 1712 198
3299 2 2 1 504 1712 1479 1651
3300 2 2 1 504 1660 1472 1667
3301 2 2 1 504 1472 1731 1667
3302 2 2 1 504 1731 1728 1667
3303 2 2 1 504 1473 1659 1666
3304 2 2 1 504 1730 1473 1666
3305 2 2 1 504 1727 1730 1666
3306 2 2 1 504 1704 1453 1450
3307 2 2 1 504 1704 1450 1705
3308 2 2 1 504 1425 1646 1609
3309 2 2 1 504 1646 1421 1609
3310 2 2 1 504 99 1541 1522
3311 2 2 1 504 1541 99 100
3312 2 2 1 504 1522 1632 99
3313 2 2 1 504 1697 1619 1384
3314 2 2 1 504 1697 1698 1619
3315 2 2 1 504 1612 1698 1697
3316 2 2 1 504 1739 1637 1461
3317 2 2 1 504 1697 1739 1461
3318 2 2 1 504 1739 1706 1596
3319 2 2 1 504 1739 1697 1706
3320 2 2 1 504 1723 204 1678
3321 2 2 1 504 1723 1722 204
3322 2 2 1 504 1669 1486 1723
3323 2 2 1 504 1722 1723 1486
3324 2 2 1 504 1723 1607 1669
3325 2 2 1 504 1452 1703 1451
3326 2 2 1 504 1451 1703 1714
3327 2 2 1 504 1716 1373 1446
3328 2 2 1 504 1505 1716 1455
3329 2 2 1 504 1455 1716 1446
3330 2 2 1 504 1716 1505 1487
3331 2 2 1 504 197 1718 1712
3332 2 2 1 504 1712 1718 1471
3333 2 2 1 504 1742 1518 1449
3334 2 2 1 504 1612 1703 1698
3335 2 2 1 504 1703 1612 1704
3336 2 2 1 504 1743 122 123
3337 2 2 1 504 1460 1744 1452
3338 2 2 1 504 1703 1744 1698
3339 2 2 1 504 1744 1703 1452
3340 2 2 1 504 1744 1460 1698
3341 2 2 1 504 1745 1710 105
3342 2 2 1 504 1710 1745 1591
3343 2 2 1 504 1703 1746 1714
3344 2 2 1 504 1705 1746 1704
3345 2 2 1 504 1746 1705 1714
3346 2 2 1 504 1746 1703 1704
3347 2 2 1 504 1747 1440 1547
3348 2 2 1 504 1747 122 1743
3349 2 2 1 504 1489 1748 1525
3350 2 2 1 504 1748 1489 1488
3351 2 2 1 504 1748 1401 1525
3352 2 2 1 504 1639 1749 107
3353 2 2 1 504 1749 1639 1618
3354 2 2 1 504 1742 1750 1518
3355 2 2 1 504 1750 1742 1515
3356 2 2 1 504 1750 1401 1518
3357 2 2 1 504 1751 1639 108
3358 2 2 1 504 1639 1751 1483
3359 2 2 1 504 1440 1752 1556
3360 2 2 1 504 1713 1752 1743
3361 2 2 1 504 1752 1713 1556
3362 2 2 1 504 1748 1581 1401
3363 2 2 1 504 1488 1581 1748
3364 2 2 1 504 1750 1388 1401
3365 2 2 1 504 1515 1388 1750
3366 2 2 1 504 109 1751 108
3367 2 2 1 504 109 1690 1751
3368 2 2 1 504 1749 106 107
3369 2 2 1 504 1491 1749 1618
3370 2 2 1 504 106 1745 105
3371 2 2 1 504 1721 1743 123
3372 2 2 1 504 1721 1713 1743
3373 2 2 1 504 1747 1752 1440
3374 2 2 1 504 1747 1743 1752
3375 2 2 1 504 121 122 1747
3376 2 2 1 504 1547 121 1747
3377 2 2 1 504 194 1635 195
3378 2 2 1 504 195 1635 1729
3379 2 2 1 504 1727 1726 1719
3380 2 2 1 504 1719 1726 1738
3381 2 2 1 504 1617 1421 1502
3382 2 2 1 504 1421 1617 1609
3383 2 2 1 504 1728 1720 1736
3384 2 2 1 504 1736 1725 1728
3385 2 2 1 504 1635 1465 1576
3386 2 2 1 504 1629 1729 1576
3387 2 2 1 504 1576 1729 1635
3388 2 2 1 504 1557 1740 1441
3389 2 2 1 504 1740 1734 1441
3390 2 2 1 504 1740 1624 1734
3391 2 2 1 504 1594 1733 1561
3392 2 2 1 504 1733 1631 1561
3393 2 2 1 504 1579 1733 1594
3394 2 2 1 504 1470 1682 1690
3395 2 2 1 504 1571 1483 1690
3396 2 2 1 504 1751 1690 1483
3397 2 2 1 504 1571 1690 1682
3398 2 2 1 504 1745 106 1749
3399 2 2 1 504 1591 1745 1491
3400 2 2 1 504 1491 1745 1749
3401 2 2 1 504 1683 118 1695
3402 2 2 1 504 118 1683 117
3403 2 2 1 504 125 1753 1398
3404 2 2 1 504 96 1753 5
3405 2 2 1 504 1753 96 1398
3406 2 2 1 504 1753 125 5
3407 2 2 1 504 52 1754 1399
3408 2 2 1 504 97 1754 1
3409 2 2 1 504 1754 97 1399
3410 2 2 1 504 1754 52 1
3411 2 2 1 504 1755 212 1396
3412 2 2 1 504 1755 86 8
3413 2 2 1 504 86 1755 1396
3414 2 2 1 504 212 1755 8
$EndElements
