$MeshFormat
2.2 0 8
$EndMeshFormat
$Nodes
7156
1 0.113637 0.04707 0.11
2 0.113637 0.04707 0.1
3 0.113637 0.04707 0.1050000000000136
4 0.113637 0.04707 0.1075000000000068
5 0.113637 0.04707 0.1025000000000068
6 0.113637 0.04707 -0.1
7 0.113637 0.04707 -0.11
8 0.113637 0.04707 -0.1049999999999837
9 0.113637 0.04707 -0.1024999999999918
10 0.113637 0.04707 -0.1074999999999919
11 0.04707 0.113637 0.11
12 0.04707 0.113637 0.1
13 0.04707 0.113637 0.1050000000000136
14 0.04707 0.113637 0.1075000000000068
15 0.04707 0.113637 0.1025000000000068
16 0.04707 0.113637 -0.1
17 0.04707 0.113637 -0.11
18 0.04707 0.113637 -0.1049999999999837
19 0.04707 0.113637 -0.1024999999999918
20 0.04707 0.113637 -0.1074999999999919
21 -0.04707 0.113637 0.11
22 -0.04707 0.113637 0.1
23 -0.04707 0.113637 0.1050000000000136
24 -0.04707 0.113637 0.1075000000000068
25 -0.04707 0.113637 0.1025000000000068
26 -0.04707 0.113637 -0.1
27 -0.04707 0.113637 -0.11
28 -0.04707 0.113637 -0.1049999999999837
29 -0.04707 0.113637 -0.1024999999999918
30 -0.04707 0.113637 -0.1074999999999919
31 -0.113637 0.04707 0.11
32 -0.113637 0.04707 0.1
33 -0.113637 0.04707 0.1050000000000136
34 -0.113637 0.04707 0.1075000000000068
35 -0.113637 0.04707 0.1025000000000068
36 -0.113637 0.04707 -0.1
37 -0.113637 0.04707 -0.11
38 -0.113637 0.04707 -0.1049999999999837
39 -0.113637 0.04707 -0.1024999999999918
40 -0.113637 0.04707 -0.1074999999999919
41 -0.113637 -0.04707 0.11
42 -0.113637 -0.04707 0.1
43 -0.113637 -0.04707 0.1050000000000136
44 -0.113637 -0.04707 0.1075000000000068
45 -0.113637 -0.04707 0.1025000000000068
46 -0.113637 -0.04707 -0.1
47 -0.113637 -0.04707 -0.11
48 -0.113637 -0.04707 -0.1049999999999837
49 -0.113637 -0.04707 -0.1024999999999918
50 -0.113637 -0.04707 -0.1074999999999919
51 -0.04707 -0.113637 0.11
52 -0.04707 -0.113637 0.1
53 -0.04707 -0.113637 0.1050000000000136
54 -0.04707 -0.113637 0.1075000000000068
55 -0.04707 -0.113637 0.1025000000000068
56 -0.04707 -0.113637 -0.1
57 -0.04707 -0.113637 -0.11
58 -0.04707 -0.113637 -0.1049999999999837
59 -0.04707 -0.113637 -0.1024999999999918
60 -0.04707 -0.113637 -0.1074999999999919
61 0.04707 -0.113637 0.11
62 0.04707 -0.113637 0.1
63 0.04707 -0.113637 0.1050000000000136
64 0.04707 -0.113637 0.1075000000000068
65 0.04707 -0.113637 0.1025000000000068
66 0.04707 -0.113637 -0.1
67 0.04707 -0.113637 -0.11
68 0.04707 -0.113637 -0.1049999999999837
69 0.04707 -0.113637 -0.1024999999999918
70 0.04707 -0.113637 -0.1074999999999919
71 0.113637 -0.04707 0.11
72 0.113637 -0.04707 0.1
73 0.113637 -0.04707 0.1050000000000136
74 0.113637 -0.04707 0.1075000000000068
75 0.113637 -0.04707 0.1025000000000068
76 0.113637 -0.04707 -0.1
77 0.113637 -0.04707 -0.11
78 0.113637 -0.04707 -0.1049999999999837
79 0.113637 -0.04707 -0.1024999999999918
80 0.113637 -0.04707 -0.1074999999999919
81 0.122898 -0.004999 0.11
82 0.122898 0.004999 0.11
83 0.122898 -0.004999 0.1
84 0.122898 0.004999 0.1
85 0.1229996276620381 -1.100595309333485e-14 0.11
86 0.1229996276620381 -1.100595309333485e-14 0.1
87 0.122898 -0.004999 0.1050000000000136
88 0.122898 0.004999 0.1050000000000136
89 0.1229996276620381 -6.420211584590163e-15 0.1050000000000034
90 0.1229742181219487 0.002500016459026257 0.1025000000000051
91 0.1229742181219485 -0.002500016459034515 0.1025000000000051
92 0.1229742181219487 0.002500016459026257 0.1075000000000051
93 0.1229742181219485 -0.002500016459034514 0.1075000000000051
94 0.1229869228919934 0.001250008229507626 0.1012500000000026
95 0.122948813831019 0.002499499999994497 0.1
96 0.1229361090609744 0.003749508229513128 0.1012500000000026
97 0.1229361090609744 0.003749508229513128 0.1037500000000093
98 0.122898 0.004999 0.1025000000000068
99 0.1229869228919934 0.001250008229509918 0.1037500000000043
100 0.1229996276620381 -8.713082338962506e-15 0.1025000000000017
101 0.1229869228919933 -0.001250008229522761 0.1012500000000026
102 0.1229361090609742 -0.003749508229517258 0.1012500000000026
103 0.122948813831019 -0.002499500000005503 0.1
104 0.1229361090609742 -0.003749508229517258 0.1037500000000093
105 0.122898 -0.004999 0.1025000000000068
106 0.1229869228919933 -0.001250008229520468 0.1037500000000043
107 0.1229869228919934 0.001250008229507626 0.1087500000000026
108 0.1229361090609744 0.003749508229513128 0.1087500000000026
109 0.122948813831019 0.002499499999994497 0.11
110 0.1229361090609744 0.003749508229513128 0.1062500000000094
111 0.122898 0.004999 0.1075000000000068
112 0.1229996276620381 -8.713082338962506e-15 0.1075000000000017
113 0.1229869228919934 0.001250008229509918 0.1062500000000043
114 0.1229869228919933 -0.00125000822952276 0.1087500000000026
115 0.122948813831019 -0.002499500000005503 0.11
116 0.1229361090609742 -0.003749508229517257 0.1087500000000026
117 0.1229361090609742 -0.003749508229517257 0.1062500000000094
118 0.122898 -0.004999 0.1075000000000068
119 0.1229869228919933 -0.001250008229520467 0.1062500000000043
120 0.1229742181219485 -0.002500016459034514 0.1050000000000051
121 0.1229742181219487 0.002500016459026257 0.1050000000000051
122 0.122898 -0.004999 -0.1
123 0.122898 0.004999 -0.1
124 0.122898 -0.004999 -0.11
125 0.122898 0.004999 -0.11
126 0.1229996276620381 -1.100595309333485e-14 -0.1
127 0.1229996276620381 -1.100595309333485e-14 -0.11
128 0.122898 -0.004999 -0.1049999999999837
129 0.122898 0.004999 -0.1049999999999837
130 0.1229996276620381 -6.420211584590163e-15 -0.104999999999996
131 0.1229742181219486 0.002500016459026257 -0.1074999999999939
132 0.1229742181219485 -0.002500016459034515 -0.1074999999999939
133 0.1229742181219487 0.002500016459026256 -0.1024999999999939
134 0.1229742181219485 -0.002500016459034514 -0.1024999999999939
135 0.1229869228919934 0.001250008229507626 -0.108749999999997
136 0.122948813831019 0.002499499999994497 -0.11
137 0.1229361090609743 0.003749508229513128 -0.108749999999997
138 0.1229361090609743 0.003749508229513128 -0.1062499999999888
139 0.122898 0.004999 -0.1074999999999919
140 0.1229869228919934 0.001250008229509918 -0.106249999999995
141 0.1229996276620381 -8.713082338962506e-15 -0.107499999999998
142 0.1229869228919933 -0.001250008229522761 -0.108749999999997
143 0.1229361090609742 -0.003749508229517258 -0.108749999999997
144 0.122948813831019 -0.002499500000005503 -0.11
145 0.1229361090609742 -0.003749508229517258 -0.1062499999999888
146 0.122898 -0.004999 -0.1074999999999919
147 0.1229869228919933 -0.001250008229520468 -0.106249999999995
148 0.1229869228919934 0.001250008229507625 -0.101249999999997
149 0.1229361090609744 0.003749508229513128 -0.101249999999997
150 0.122948813831019 0.002499499999994497 -0.1
151 0.1229361090609744 0.003749508229513128 -0.1037499999999888
152 0.122898 0.004999 -0.1024999999999918
153 0.1229996276620381 -8.713082338962506e-15 -0.102499999999998
154 0.1229869228919934 0.001250008229509918 -0.103749999999995
155 0.1229869228919933 -0.00125000822952276 -0.101249999999997
156 0.122948813831019 -0.002499500000005503 -0.1
157 0.1229361090609742 -0.003749508229517257 -0.101249999999997
158 0.1229361090609742 -0.003749508229517257 -0.1037499999999888
159 0.122898 -0.004999 -0.1024999999999918
160 0.1229869228919933 -0.001250008229520467 -0.103749999999995
161 0.1229742181219486 0.002500016459026257 -0.1049999999999939
162 0.1229742181219485 -0.002500016459034514 -0.1049999999999939
163 0.122898 -0.004999 0
164 0.122898 0.004999 0
165 0.1229996276620381 -1.100595309333485e-14 0
166 0.122898 -0.004999 -0.004999999999990302
167 0.122898 -0.004999 -0.009999999999982483
168 0.122898 -0.004999 -0.01499999999997171
169 0.122898 -0.004999 -0.019999999999956
170 0.122898 -0.004999 -0.02499999999994164
171 0.122898 -0.004999 -0.02999999999992728
172 0.122898 -0.004999 -0.03499999999991292
173 0.122898 -0.004999 -0.03999999999989585
174 0.122898 -0.004999 -0.0449999999998815
175 0.122898 -0.004999 -0.0499999999998685
176 0.122898 -0.004999 -0.05499999999988016
177 0.122898 -0.004999 -0.05999999999989426
178 0.122898 -0.004999 -0.06499999999990864
179 0.122898 -0.004999 -0.06999999999991974
180 0.122898 -0.004999 -0.07499999999993355
181 0.122898 -0.004999 -0.07999999999994738
182 0.122898 -0.004999 -0.0849999999999585
183 0.122898 -0.004999 -0.08999999999997287
184 0.122898 -0.004999 -0.0949999999999878
185 0.122898 0.004999 -0.004999999999990302
186 0.122898 0.004999 -0.009999999999982483
187 0.122898 0.004999 -0.01499999999997171
188 0.122898 0.004999 -0.019999999999956
189 0.122898 0.004999 -0.02499999999994164
190 0.122898 0.004999 -0.02999999999992728
191 0.122898 0.004999 -0.03499999999991292
192 0.122898 0.004999 -0.03999999999989585
193 0.122898 0.004999 -0.0449999999998815
194 0.122898 0.004999 -0.0499999999998685
195 0.122898 0.004999 -0.05499999999988016
196 0.122898 0.004999 -0.05999999999989426
197 0.122898 0.004999 -0.06499999999990864
198 0.122898 0.004999 -0.06999999999991974
199 0.122898 0.004999 -0.07499999999993355
200 0.122898 0.004999 -0.07999999999994738
201 0.122898 0.004999 -0.0849999999999585
202 0.122898 0.004999 -0.08999999999997287
203 0.122898 0.004999 -0.0949999999999878
204 0.1229996276620381 -3.469446951953614e-18 -0.03166666666658917
205 0.1229996276620381 -3.469446951953614e-18 -0.03749999999990446
206 0.1229993012795187 -0.0002833544603473642 -0.02744111111104575
207 0.1229996276620381 -3.469446951953614e-18 -0.04259259259248208
208 0.1229993012795187 -0.0002833544603474402 -0.01750476851848189
209 0.1229996276620381 -2.754009043384742e-15 -0.005624999999989798
210 0.1229996276620381 -4.613280243925821e-16 -0.01204861111108843
211 0.1229996276620381 -3.469446951953614e-18 -0.04805555555543335
212 0.1229996276620381 -3.469446951953614e-18 -0.05300925925913749
213 0.1229996192016066 -4.562082617347004e-05 -0.08179465951103398
214 0.1229988470800622 -0.0004382031212673927 -0.06747232546341406
215 0.1229993012795187 -0.0002833544603473648 -0.05755088183410315
216 0.1229993333623014 -0.0002690677042283818 -0.08756474041001909
217 0.1229742181219487 0.002500016459026946 -0.00265624999999502
218 0.1229742181219485 -0.002500016459033829 -0.002656249999995023
219 0.1229987617184938 -0.0004615416743963831 -0.09251079006832238
220 0.1229995913972995 -9.445156104308759e-05 -0.02249097993822049
221 0.1229995837817048 -0.0001038967150031049 -0.0623350146971378
222 0.1229953968576433 -0.001020174902082479 -0.07499915046694403
223 0.1229907143114874 0.001480742432055533 -0.07696528102420871
224 0.1229893870592645 0.00158715966003411 -0.07389267391493916
225 0.1229853345804301 0.001875068835986784 -0.09812499999999544
226 0.1229981749752813 -0.000597794069968132 -0.09677263167804889
227 0.1229846869030794 -0.001917079119789113 -0.07775181820041355
228 0.1229969478829807 -0.0008119214686995219 -0.07189402497417838
229 0.1229869228919934 0.00125000822950797 -0.00132812499999751
230 0.1229361090609744 0.003749508229513473 -0.00132812499999751
231 0.122948813831019 0.002499499999994497 0
232 0.1229361090609744 0.003749508229513473 -0.003828124999992661
233 0.1229869228919934 0.001250008229512096 -0.004140624999992409
234 0.122948813831019 0.002499499999998623 -0.00531249999999005
235 0.122898 0.004999 -0.002499999999995151
236 0.1229869228919933 -0.001250008229522418 -0.001328124999997511
237 0.122948813831019 -0.002499500000005503 0
238 0.1229361090609742 -0.003749508229516915 -0.001328124999997511
239 0.1229361090609742 -0.003749508229516915 -0.003828124999992662
240 0.122948813831019 -0.002499500000001377 -0.00531249999999005
241 0.1229869228919933 -0.001250008229518291 -0.004140624999992411
242 0.122898 -0.004999 -0.002499999999995151
243 0.122948813831019 -0.002499500000000002 -0.04652777777765743
244 0.122898 -0.004999 -0.047499999999875
245 0.122948813831019 -0.002499500000000002 -0.04902777777765092
246 0.122948813831019 -0.002499500000000002 -0.04379629629618179
247 0.1229996276620381 -3.469446951953614e-18 -0.04532407407395772
248 0.122948813831019 0.002499499999999998 -0.04902777777765092
249 0.122898 0.004999 -0.047499999999875
250 0.122948813831019 0.002499499999999998 -0.04652777777765743
251 0.122948813831019 0.002499499999999998 -0.04379629629618179
252 0.1229486506397593 -0.00264117723017372 -0.0162523842592268
253 0.122898 -0.004999 -0.01749999999996386
254 0.1229486506397593 -0.00264117723017372 -0.01875238425921895
255 0.1229486506397593 0.00235782276982628 -0.01875238425921895
256 0.122898 0.004999 -0.01749999999996386
257 0.1229486506397593 0.00235782276982628 -0.0162523842592268
258 0.1229488096008033 -0.002522310413086735 -0.08089732975549069
259 0.122898 -0.004999 -0.08249999999995294
260 0.1229488096008033 -0.002522310413086735 -0.08339732975549624
261 0.1229488096008033 0.002476689586913265 -0.08339732975549624
262 0.122898 0.004999 -0.08249999999995294
263 0.1229488096008033 0.002476689586913265 -0.08089732975549069
264 0.122948813831019 -0.002499500000000002 -0.03624999999990869
265 0.122898 -0.004999 -0.03749999999990439
266 0.122948813831019 -0.002499500000000002 -0.03874999999990016
267 0.122948813831019 0.002499499999999998 -0.03874999999990016
268 0.122898 0.004999 -0.03749999999990439
269 0.122948813831019 0.002499499999999998 -0.03624999999990869
270 0.122948813831019 -0.002499500000000231 -0.01352430555553007
271 0.122948813831019 -0.002499500000000231 -0.01102430555553546
272 0.122898 -0.004999 -0.0124999999999771
273 0.1229994644707784 -0.0001416772301739508 -0.01477668981478516
274 0.122948813831019 0.002499499999999769 -0.01102430555553546
275 0.122948813831019 0.002499499999999769 -0.01352430555553007
276 0.122898 0.004999 -0.0124999999999771
277 0.122948813831019 -0.002499500000000002 -0.05150462962950299
278 0.122898 -0.004999 -0.05249999999987433
279 0.122948813831019 -0.002499500000000002 -0.05400462962950883
280 0.1229996276620381 -3.469446951953614e-18 -0.05053240740728542
281 0.122948813831019 0.002499499999999998 -0.05400462962950883
282 0.122898 0.004999 -0.05249999999987433
283 0.122948813831019 0.002499499999999998 -0.05150462962950299
284 0.122948813831019 -0.002499500000000002 -0.04129629629618897
285 0.122898 -0.004999 -0.04249999999988868
286 0.122898 0.004999 -0.04249999999988868
287 0.122948813831019 0.002499499999999998 -0.04129629629618897
288 0.1229486666811507 -0.002634033852114191 -0.0862823702049888
289 0.122898 -0.004999 -0.08749999999996569
290 0.1229486666811507 -0.002634033852114191 -0.08878237020499598
291 0.122999476281954 -0.0001573442652009259 -0.08467969996052654
292 0.1229486666811507 0.002364966147885809 -0.08878237020499598
293 0.122898 0.004999 -0.08749999999996569
294 0.1229486666811507 0.002364966147885809 -0.0862823702049888
295 0.1229486506397593 -0.002641177230173682 -0.05627544091699166
296 0.122898 -0.004999 -0.05749999999988721
297 0.1229486506397593 -0.002641177230173682 -0.05877544091699871
298 0.1229994644707784 -0.0001416772301736841 -0.05528007054662032
299 0.1229486506397593 0.002357822769826318 -0.05877544091699871
300 0.122898 0.004999 -0.05749999999988721
301 0.1229486506397593 0.002357822769826318 -0.05627544091699166
302 0.122898 -0.004999 -0.007499999999986393
303 0.122948813831019 -0.002499500000001377 -0.00781249999998614
304 0.122948813831019 0.002499499999998623 -0.00781249999998614
305 0.122898 0.004999 -0.007499999999986393
306 0.1229996276620381 -1.607668533888662e-15 -0.008836805555539114
307 0.1229486506397593 -0.002641177230173682 -0.02622055555549369
308 0.122898 -0.004999 -0.02749999999993446
309 0.1229486506397593 -0.002641177230173682 -0.02872055555548651
310 0.1229486506397593 0.002357822769826318 -0.02872055555548651
311 0.122898 0.004999 -0.02749999999993446
312 0.1229486506397593 0.002357822769826318 -0.02622055555549369
313 0.122948813831019 0.002499499999999998 -0.03083333333325822
314 0.1229994644707784 -0.0001416772301736838 -0.02955388888881746
315 0.122948813831019 -0.002499500000000002 -0.03083333333325822
316 0.122948813831019 -0.002499500000000002 -0.03333333333325104
317 0.122898 -0.004999 -0.0324999999999201
318 0.1229996276620381 -3.469446951953614e-18 -0.03458333333324681
319 0.122948813831019 0.002499499999999998 -0.03333333333325104
320 0.122898 0.004999 -0.0324999999999201
321 0.1229742181219486 -3.441474535903488e-15 -0.002656249999995021
322 0.1229483808592469 -0.002730270837198191 -0.09375539503415509
323 0.1229483808592469 -0.002730270837198191 -0.09125539503414762
324 0.122898 -0.004999 -0.09249999999998033
325 0.1229990475403976 -0.0003653046893123825 -0.09003776523917073
326 0.1229487956986497 -0.002546725780521544 -0.02374548996908106
327 0.1229487956986497 -0.002546725780521544 -0.02124548996908825
328 0.122898 -0.004999 -0.02249999999994882
329 0.1229994463384091 -0.0001889030106952259 -0.02496604552463312
330 0.1229487918908524 -0.002551448357501552 -0.06116750734851603
331 0.122898 -0.004999 -0.06249999999990145
332 0.1229487918908524 -0.002551448357501552 -0.06366750734852322
333 0.1229992154308835 -0.0002710499181352488 -0.06490367008027592
334 0.1229484235400311 -0.002718601560633696 -0.06623616273166136
335 0.1229994425306117 -0.0001936255876752349 -0.05994294826562048
336 0.1229996276620381 -3.469446951953614e-18 -0.04004629629619327
337 0.1229483808592469 0.002268729162801809 -0.09375539503415509
338 0.122898 0.004999 -0.09249999999998033
339 0.1229483808592469 0.002268729162801809 -0.09125539503414762
340 0.1229487918908524 0.002447551642498448 -0.06116750734851603
341 0.1229487918908524 0.002447551642498448 -0.06366750734852322
342 0.122898 0.004999 -0.06249999999990145
343 0.1229484235400311 0.002280398439366304 -0.06623616273166136
344 0.1229487956986497 0.002452274219478456 -0.02374548996908106
345 0.122898 0.004999 -0.02249999999994882
346 0.1229487956986497 0.002452274219478456 -0.02124548996908825
347 0.1229994463384091 -0.0001889030106952639 -0.01999787422835119
348 0.122898 -0.004999 -0.06749999999991418
349 0.1229484235400311 -0.002718601560633696 -0.0687361627316669
350 0.122898 0.004999 -0.06749999999991418
351 0.1229484235400311 0.002280398439366304 -0.0687361627316669
352 0.1229443571557437 0.003239871216027766 -0.07848264051207804
353 0.122898 0.004999 -0.07749999999994046
354 0.1229443571557437 0.003239871216027766 -0.07598264051207113
355 0.122995166756547 0.0007175608029410315 -0.07937997026762135
356 0.1229436935296322 0.003293079830017055 -0.07194633695742944
357 0.1229436935296322 0.003293079830017055 -0.07444633695743635
358 0.122898 0.004999 -0.07249999999992665
359 0.1229924811212341 0.0009375344179878891 -0.09906249999999772
360 0.1229416672902151 0.003437034417993392 -0.09906249999999772
361 0.1229416672902151 0.003437034417993392 -0.09656249999999161
362 0.122898 0.004999 -0.0974999999999939
363 0.1229989013186597 -0.000298897034989569 -0.09838631583902445
364 0.1229480874876406 -0.002798397034984066 -0.09838631583902445
365 0.1229480874876406 -0.002798397034984066 -0.09588631583901835
366 0.122898 -0.004999 -0.0974999999999939
367 0.1229413434515397 -0.003458039559894556 -0.07887590910018047
368 0.1229413434515397 -0.003458039559894556 -0.07637590910017356
369 0.122898 -0.004999 -0.07749999999994046
370 0.1229900418803613 -0.001468627010935796 -0.07637548433367879
371 0.1229466984288216 -0.003009587451041239 -0.07499957523343878
372 0.1229474739414903 -0.002905460734349761 -0.07094701248704906
373 0.122898 -0.004999 -0.07249999999992665
374 0.1229474739414903 -0.002905460734349761 -0.07344701248705596
375 0.122996172370312 -0.0009160481853910004 -0.0734465877205612
376 0.122990050685376 0.001533951046044822 -0.07542897746957394
377 0.1229930555845654 0.000230283764986527 -0.07598221574557637
378 0.1229923919584539 0.0002834923789758155 -0.0744459121909416
379 0.122992153052343 -0.0009813499729812915 -0.07977323885572377
380 0.1229877006072834 -0.00021816834386679 -0.07735854961231113
381 0.1229978974815215 -0.0006250622949834573 -0.06968317521879622
382 0.1229474739414903 0.002093539265650239 -0.07094701248704906
383 0.1229931674711226 0.000387619095667294 -0.07289334944455877
384 0.1229917547778557 0.000638637383009326 -0.09744881583902217
385 0.1229984683468875 -0.0005296678721822576 -0.09464171087318564
386 0.1229480874876406 0.002200602965015934 -0.09588631583901835
387 0.122898 -0.004999 0.09500000000001382
388 0.122898 -0.004999 0.09000000000002764
389 0.122898 -0.004999 0.08500000000004147
390 0.122898 -0.004999 0.08000000000005529
391 0.122898 -0.004999 0.07500000000006912
392 0.122898 -0.004999 0.07000000000008294
393 0.122898 -0.004999 0.06500000000009676
394 0.122898 -0.004999 0.06000000000011058
395 0.122898 -0.004999 0.05500000000012441
396 0.122898 -0.004999 0.05000000000013687
397 0.122898 -0.004999 0.04500000000012466
398 0.122898 -0.004999 0.04000000000011003
399 0.122898 -0.004999 0.03500000000009511
400 0.122898 -0.004999 0.03000000000008349
401 0.122898 -0.004999 0.02500000000006912
402 0.122898 -0.004999 0.02000000000005478
403 0.122898 -0.004999 0.01500000000004312
404 0.122898 -0.004999 0.01000000000002821
405 0.122898 -0.004999 0.005000000000012744
406 0.122898 0.004999 0.09500000000001382
407 0.122898 0.004999 0.09000000000002764
408 0.122898 0.004999 0.08500000000004147
409 0.122898 0.004999 0.08000000000005529
410 0.122898 0.004999 0.07500000000006912
411 0.122898 0.004999 0.07000000000008294
412 0.122898 0.004999 0.06500000000009676
413 0.122898 0.004999 0.06000000000011058
414 0.122898 0.004999 0.05500000000012441
415 0.122898 0.004999 0.05000000000013687
416 0.122898 0.004999 0.04500000000012466
417 0.122898 0.004999 0.04000000000011003
418 0.122898 0.004999 0.03500000000009511
419 0.122898 0.004999 0.03000000000008349
420 0.122898 0.004999 0.02500000000006912
421 0.122898 0.004999 0.02000000000005478
422 0.122898 0.004999 0.01500000000004312
423 0.122898 0.004999 0.01000000000002821
424 0.122898 0.004999 0.005000000000012744
425 0.1229989421904007 0.0004106397965301568 0.06240397686388365
426 0.1229995989710831 -8.401162271516149e-05 0.0870439137272551
427 0.1229971973257874 -0.0007732108388693518 0.094165404803913
428 0.1229996276620381 -3.469446951953614e-18 0.05694444444456326
429 0.1229996276620381 -3.469446951953614e-18 0.05199074074086843
430 0.1229996276620381 -3.469446951953614e-18 0.02255787037043264
431 0.1229996276620381 -3.469446951953614e-18 0.02789303626550931
432 0.1229996276620381 -3.469446951953614e-18 0.04699845679025026
433 0.1229996276620381 -3.469446951953614e-18 0.01694444444449176
434 0.1229996276620381 -3.469446951953614e-18 0.03271274059079641
435 0.1229996276620381 -3.469446951953614e-18 0.04256364401160528
436 0.1229996276620381 -3.469446951953614e-18 0.01199074074077452
437 0.1229996276620381 -2.753439837244187e-15 0.005873842592608633
438 0.1229742181219487 0.002500016459026945 0.09729166666667417
439 0.1229742181219487 0.002500016459026945 0.002718460648155341
440 0.1229742181219485 -0.002500016459033828 0.09729166666667416
441 0.1229742181219485 -0.002500016459033828 0.002718460648155341
442 0.1229996276620381 -3.469446951953614e-18 0.03754606410046867
443 0.1229965850352402 -0.0008651443052634243 0.08185438687331802
444 0.1229995546945457 -0.000133977399111122 0.07668760290716958
445 0.1229968364951423 0.0008286236704566656 0.09124186370624746
446 0.1229978979728071 -0.0006523030514569401 0.07060956255375678
447 0.1229901909712321 0.001523591106520799 0.07204266648961874
448 0.1229994913224242 0.0001831377211731099 0.06786517227251691
449 0.1229856749198321 -0.001852611538718848 0.07286796639013943
450 0.1229869228919934 0.001250008229507969 0.0986458333333371
451 0.1229361090609744 0.003749508229513472 0.0986458333333371
452 0.1229361090609744 0.003749508229513472 0.09614583333334401
453 0.122985707723868 0.0008634028100787965 0.09572853573529358
454 0.1229475986628937 0.002112894580565324 0.09458270240196341
455 0.122898 0.004999 0.09750000000000691
456 0.1229869228919934 0.001250008229507969 0.00135923032407767
457 0.1229361090609744 0.003749508229513472 0.00135923032407767
458 0.1229361090609744 0.003749508229513472 0.003859230324084043
459 0.122948813831019 0.002499499999998623 0.005436921296310689
460 0.1229869228919934 0.001250008229512096 0.004296151620381987
461 0.122898 0.004999 0.002500000000006372
462 0.1229869228919933 -0.001250008229522417 0.09864583333333708
463 0.1229361090609742 -0.003749508229516914 0.09864583333333708
464 0.1229361090609742 -0.003749508229516914 0.09614583333334399
465 0.1229475986628937 -0.002886105419434676 0.09458270240196341
466 0.122985707723868 -0.00163661364895159 0.09572853573529358
467 0.122898 -0.004999 0.09750000000000691
468 0.1229869228919933 -0.001250008229522417 0.00135923032407767
469 0.1229361090609742 -0.003749508229516914 0.00135923032407767
470 0.1229361090609742 -0.003749508229516914 0.003859230324084043
471 0.1229869228919933 -0.001250008229518291 0.004296151620381987
472 0.122948813831019 -0.002499500000001376 0.005436921296310689
473 0.122898 -0.004999 0.002500000000006372
474 0.122948813831019 -0.002499500000000002 0.05349537037049642
475 0.122898 -0.004999 0.05250000000013064
476 0.122948813831019 -0.002499500000000002 0.05099537037050265
477 0.122948813831019 -0.002499500000000002 0.05597222222234383
478 0.1229996276620381 -3.469446951953614e-18 0.05446759259271584
479 0.122948813831019 0.002499499999999998 0.05099537037050265
480 0.122898 0.004999 0.05250000000013064
481 0.122948813831019 0.002499499999999998 0.05349537037049642
482 0.122948813831019 0.002499499999999998 0.05597222222234383
483 0.122948813831019 -0.002499500000000002 0.03385637029544576
484 0.122898 -0.004999 0.0325000000000893
485 0.122948813831019 -0.002499500000000002 0.03135637029543995
486 0.122948813831019 0.002499499999999998 0.03135637029543995
487 0.122898 0.004999 0.0325000000000893
488 0.122948813831019 0.002499499999999998 0.03385637029544576
489 0.122948813831019 0.002499499999999998 0.0289465181327964
490 0.1229996276620381 -3.469446951953614e-18 0.03030288842815286
491 0.122948813831019 -0.002499500000000002 0.0289465181327964
492 0.122948813831019 -0.002499500000000002 0.01847222222227327
493 0.122898 -0.004999 0.01750000000004895
494 0.122948813831019 -0.002499500000000002 0.01597222222226744
495 0.122948813831019 -0.002499500000000002 0.02127893518524371
496 0.1229996276620381 -3.469446951953614e-18 0.0197511574074622
497 0.122948813831019 0.002499499999999998 0.01597222222226744
498 0.122898 0.004999 0.01750000000004895
499 0.122948813831019 0.002499499999999998 0.01847222222227327
500 0.122948813831019 0.002499499999999998 0.02127893518524371
501 0.122948813831019 -0.002499500000000002 0.04599922839518746
502 0.122948813831019 -0.002499500000000002 0.04849922839519356
503 0.122898 -0.004999 0.04750000000013077
504 0.122948813831019 0.002499499999999998 0.04849922839519356
505 0.122948813831019 0.002499499999999998 0.04599922839518746
506 0.122898 0.004999 0.04750000000013077
507 0.1229996276620381 -3.469446951953614e-18 0.04949459876555935
508 0.122948813831019 -0.002499500000000002 0.05847222222233692
509 0.122898 -0.004999 0.0575000000001175
510 0.1229484710952004 -0.002294180101734922 0.06120198843199712
511 0.1229992849262194 0.0002053198982650767 0.05967421065422346
512 0.122898 0.004999 0.0575000000001175
513 0.122948813831019 0.002499499999999998 0.05847222222233692
514 0.1229484710952004 0.002704819898265078 0.06120198843199712
515 0.122948813831019 -0.002499500000000002 0.01349537037040882
516 0.122898 -0.004999 0.01250000000003566
517 0.122948813831019 -0.002499500000000002 0.01099537037040136
518 0.1229996276620381 -3.469446951953614e-18 0.01446759259263314
519 0.122948813831019 0.002499499999999998 0.01099537037040136
520 0.122898 0.004999 0.01250000000003566
521 0.122948813831019 0.002499499999999998 0.01349537037040882
522 0.122948813831019 -0.002499500000000002 0.04378182200586497
523 0.122898 -0.004999 0.04250000000011735
524 0.122948813831019 -0.002499500000000002 0.04128182200585766
525 0.1229996276620381 -3.469446951953614e-18 0.04478105040092777
526 0.122948813831019 0.002499499999999998 0.04128182200585766
527 0.122898 0.004999 0.04250000000011735
528 0.122948813831019 0.002499499999999998 0.04378182200586497
529 0.1229484710952004 -0.002294180101734922 0.06370198843199021
530 0.122898 -0.004999 0.06250000000010367
531 0.122898 0.004999 0.06250000000010367
532 0.1229484710952004 0.002704819898265078 0.06370198843199021
533 0.1229487994855415 -0.002541505811357581 0.08602195686364829
534 0.1229487994855415 -0.002541505811357581 0.08852195686364137
535 0.122898 -0.004999 0.08750000000003455
536 0.1229487994855415 0.002457494188642419 0.08852195686364137
537 0.1229487994855415 0.002457494188642419 0.08602195686364829
538 0.122898 0.004999 0.08750000000003455
539 0.122948813831019 -0.002499500000001376 0.007936921296318421
540 0.122898 -0.004999 0.007500000000020477
541 0.1229996276620381 -1.37845464209807e-15 0.008932291666691575
542 0.122898 0.004999 0.007500000000020477
543 0.122948813831019 0.002499499999998623 0.007936921296318421
544 0.122948813831019 -0.002499500000000002 0.02377893518525088
545 0.122898 -0.004999 0.02250000000006195
546 0.122948813831019 0.002499499999999998 0.02377893518525088
547 0.122898 0.004999 0.02250000000006195
548 0.122898 -0.004999 0.0275000000000763
549 0.122948813831019 -0.002499500000000002 0.02644651813278921
550 0.122948813831019 0.002499499999999998 0.02644651813278921
551 0.122898 0.004999 0.0275000000000763
552 0.122898 -0.004999 0.09250000000002073
553 0.1229475986628937 -0.002886105419434676 0.09208270240197032
554 0.1229742181219486 -3.441691376337985e-15 0.09729166666667416
555 0.1229742181219486 -3.441691376337985e-15 0.002718460648155341
556 0.1229472925176201 -0.002932072152631712 0.08342719343667974
557 0.122898 -0.004999 0.08250000000004838
558 0.1229472925176201 -0.002932072152631712 0.08092719343668665
559 0.1229487773472728 -0.002566488699555561 0.07584380145361935
560 0.1229487773472728 -0.002566488699555561 0.07834380145361244
561 0.122898 -0.004999 0.07750000000006221
562 0.122948813831019 -0.002499500000000002 0.03877303205028935
563 0.122898 -0.004999 0.03750000000010257
564 0.122948813831019 -0.002499500000000002 0.03627303205028189
565 0.1229996276620381 -3.469446951953614e-18 0.04005485405603697
566 0.1229996276620381 -3.469446951953614e-18 0.03512940234563254
567 0.122948813831019 0.002499499999999998 0.03877303205028935
568 0.122948813831019 0.002499499999999998 0.03627303205028189
569 0.122898 0.004999 0.03750000000010257
570 0.1229996276620381 -3.469446951953614e-18 0.02522545331797097
571 0.1229980920031617 -0.0004745779639892929 0.08444915030028656
572 0.122998069864893 -0.0004995608521872731 0.07927099489024381
573 0.1229487773472728 0.002432511300444439 0.07584380145361935
574 0.122898 0.004999 0.07750000000006221
575 0.1229487773472728 0.002432511300444439 0.07834380145361244
576 0.1229472925176201 0.002066927847368288 0.08092719343668665
577 0.1229472925176201 0.002066927847368288 0.08342719343667974
578 0.122898 0.004999 0.08250000000004838
579 0.1229982177331127 0.000372306023870752 0.08914288871675127
580 0.1229474182475711 0.002913811835228333 0.09062093185313755
581 0.1229970169104649 2.770641579365689e-05 0.09270363425508023
582 0.1229474182475711 -0.002085188164771667 0.09062093185313755
583 0.1229474182475711 0.002913811835228333 0.09312093185313064
584 0.122898 0.004999 0.09250000000002073
585 0.1229440954856161 0.003261295553260399 0.07352133324484393
586 0.1229948728328889 0.0006948068537048386 0.07436513469839416
587 0.1229440954856161 0.003261295553260399 0.07102133324485084
588 0.122898 0.004999 0.07250000000007603
589 0.1229487456612121 0.002591068860586555 0.06643258613630684
590 0.122898 0.004999 0.06750000000008985
591 0.1229487456612121 0.002591068860586555 0.06893258613629993
592 0.122941837459916 -0.003425805769359424 0.07393398319510427
593 0.1229926148071889 -0.000993294468914985 0.07477778464865451
594 0.1229917864463196 -0.001252457295087894 0.0717387644719481
595 0.122941837459916 -0.003425805769359424 0.07143398319511118
596 0.1229479489864035 -0.00282565152572847 0.07030478127691986
597 0.122898 -0.004999 0.07250000000007603
598 0.1229948411468282 0.0008533644138469544 0.06995391938106782
599 0.1229940444720196 0.0004356440275319295 0.07132611452168776
600 0.1229986946476156 -0.0002345826651419151 0.06923736741313685
601 0.1229879329455321 -0.0001645102160990245 0.07245531643987908
602 0.1229992167564125 0.0002968887588516334 0.06513457456820028
603 0.1229487456612121 -0.002407931139413445 0.06643258613630684
604 0.1229487456612121 -0.002407931139413445 0.06893258613629993
605 0.122898 -0.004999 0.06750000000008985
606 0.1226084984912612 0.009801250058967724 0.11
607 0.122131420673711 0.01458850537995754 0.11
608 0.1214674964192344 0.01935344203606397 0.11
609 0.1206177414523745 0.02408877024524386 0.11
610 0.1195834557963874 0.02878724552286066 0.11
611 0.1183662217843765 0.03344167976480558 0.11
612 0.1169679016385009 0.03804495224449593 0.11
613 0.1153906346210052 0.04259002050670671 0.11
614 0.1226084984912612 0.009801250058967724 0.1
615 0.122131420673711 0.01458850537995754 0.1
616 0.1214674964192344 0.01935344203606397 0.1
617 0.1206177414523745 0.02408877024524386 0.1
618 0.1195834557963874 0.02878724552286066 0.1
619 0.1183662217843765 0.03344167976480558 0.1
620 0.1169679016385009 0.03804495224449593 0.1
621 0.1153906346210052 0.04259002050670671 0.1
622 0.121839603678903 0.01685287454317114 0.1050000000000006
623 0.1225419954903575 0.01060036538243883 0.1050000000000034
624 0.1210532946376392 0.02179468426871391 0.1050000000000001
625 0.1200050684324008 0.02697576607873846 0.105
626 0.1174540026484041 0.03651664917361263 0.105
627 0.1189405724541587 0.03133765513367312 0.105
628 0.1156658402823415 0.04183684735708319 0.1050000000000034
629 0.1227645043041632 0.007601637188994896 0.1025000000000043
630 0.1146085670485314 0.04465181703001894 0.1025000000000043
631 0.1227645043041632 0.007601637188994896 0.1075000000000042
632 0.1146085670485315 0.04465181703001894 0.1075000000000042
633 0.1226865013977122 0.008701443623981311 0.1012500000000021
634 0.1228312521520816 0.006300318594497448 0.1012500000000021
635 0.1227532492456306 0.007400125029483862 0.1
636 0.1228312521520816 0.006300318594497448 0.1037500000000089
637 0.1225752469908094 0.01020080772070328 0.1025000000000017
638 0.1226532498972604 0.009101001285716863 0.1037500000000038
639 0.1149996008347683 0.04362091876836283 0.1012500000000021
640 0.1145138173105026 0.04483001025335336 0.1
641 0.1141227835242657 0.04586090851500947 0.1012500000000021
642 0.1141227835242657 0.04586090851500947 0.1037500000000089
643 0.1151372036654364 0.04324433219355107 0.1037500000000038
644 0.1155282374516733 0.04221343393189495 0.1025000000000017
645 0.1226865013977122 0.008701443623981311 0.1087500000000021
646 0.1227532492456306 0.007400125029483862 0.11
647 0.1228312521520816 0.006300318594497448 0.1087500000000021
648 0.1228312521520816 0.006300318594497448 0.1062500000000089
649 0.1226532498972604 0.009101001285716863 0.1062500000000038
650 0.1225752469908094 0.01020080772070328 0.1075000000000017
651 0.1149996008347683 0.04362091876836283 0.1087500000000021
652 0.1141227835242657 0.04586090851500947 0.1087500000000021
653 0.1145138173105026 0.04483001025335336 0.11
654 0.1141227835242657 0.04586090851500947 0.1062500000000089
655 0.1155282374516733 0.04221343393189495 0.1075000000000017
656 0.1151372036654365 0.04324433219355107 0.1062500000000038
657 0.1208355180450068 0.02294172725697888 0.1075
658 0.1210426189358045 0.02172110614065392 0.11
659 0.1212603955284368 0.02057406315238894 0.1075
660 0.1212603955284368 0.02057406315238894 0.1025
661 0.1210426189358045 0.02172110614065392 0.1
662 0.1208355180450068 0.02294172725697888 0.1025
663 0.1223367080820343 0.01259443538119819 0.1075000000000017
664 0.1223699595824861 0.01219487771946263 0.11
665 0.1223367080820343 0.01259443538119819 0.1025000000000017
666 0.1223699595824861 0.01219487771946263 0.1
667 0.121985512176307 0.01572068996156434 0.1025000000000003
668 0.1221907995846302 0.01372661996280498 0.105000000000002
669 0.121985512176307 0.01572068996156434 0.1075000000000003
670 0.1186533971192676 0.03238966744923935 0.1075
671 0.118974838790382 0.03111446264383312 0.11
672 0.1192620141252731 0.03006245032826689 0.1075
673 0.1192620141252731 0.03006245032826689 0.1025
674 0.118974838790382 0.03111446264383312 0.1
675 0.1186533971192676 0.03238966744923935 0.1025
676 0.1197942621143941 0.02788150580079956 0.1025
677 0.1194728204432798 0.02915671060620579 0.105
678 0.1197942621143941 0.02788150580079956 0.1075
679 0.120100598624381 0.02643800788405226 0.11
680 0.1203114049423877 0.02553226816199116 0.1075
681 0.1203114049423877 0.02553226816199116 0.1025
682 0.120100598624381 0.02643800788405226 0.1
683 0.12052918153502 0.02438522517372618 0.105
684 0.1163168709604212 0.03994089980078956 0.1075000000000017
685 0.116179268129753 0.04031748637560132 0.11
686 0.1172109521434525 0.03728080070905428 0.1075
687 0.1165599214653728 0.03917674826534791 0.1050000000000017
688 0.1163168709604212 0.03994089980078956 0.1025000000000017
689 0.116179268129753 0.04031748637560132 0.1
690 0.1172109521434525 0.03728080070905428 0.1025
691 0.1176670617114387 0.03574331600465076 0.11
692 0.1179101122163903 0.03497916446920911 0.1075
693 0.1179101122163903 0.03497916446920911 0.1025
694 0.1176670617114387 0.03574331600465076 0.1
695 0.1181972875512814 0.03392715215364288 0.105
696 0.1216535500490687 0.01810315828961755 0.1075000000000003
697 0.1217994585464727 0.01697097370801075 0.11
698 0.1217994585464727 0.01697097370801075 0.1
699 0.1216535500490687 0.01810315828961755 0.1025000000000003
700 0.1227645043041632 0.007601637188994896 0.1050000000000043
701 0.1146085670485315 0.04465181703001894 0.1050000000000043
702 0.1214464491582711 0.01932377940594253 0.1050000000000003
703 0.1226084984912612 0.009801250058967724 -0.1
704 0.122131420673711 0.01458850537995754 -0.1
705 0.1214674964192344 0.01935344203606397 -0.1
706 0.1206177414523745 0.02408877024524386 -0.1
707 0.1195834557963874 0.02878724552286066 -0.1
708 0.1183662217843765 0.03344167976480558 -0.1
709 0.1169679016385009 0.03804495224449593 -0.1
710 0.1153906346210052 0.04259002050670671 -0.1
711 0.1226084984912612 0.009801250058967724 -0.11
712 0.122131420673711 0.01458850537995754 -0.11
713 0.1214674964192344 0.01935344203606397 -0.11
714 0.1206177414523745 0.02408877024524386 -0.11
715 0.1195834557963874 0.02878724552286066 -0.11
716 0.1183662217843765 0.03344167976480558 -0.11
717 0.1169679016385009 0.03804495224449593 -0.11
718 0.1153906346210052 0.04259002050670671 -0.11
719 0.121839603678903 0.01685287454317114 -0.1049999999999994
720 0.1225419954903575 0.01060036538243884 -0.1049999999999959
721 0.1210532946376392 0.0217946842687139 -0.1049999999999998
722 0.1200050684324008 0.02697576607873846 -0.105
723 0.1174540026484041 0.03651664917361263 -0.105
724 0.1189405724541587 0.03133765513367312 -0.105
725 0.1156658402823415 0.04183684735708318 -0.1049999999999959
726 0.1227645043041632 0.007601637188994897 -0.1074999999999949
727 0.1146085670485315 0.04465181703001894 -0.1074999999999949
728 0.1227645043041632 0.007601637188994896 -0.1024999999999949
729 0.1146085670485314 0.04465181703001894 -0.1024999999999949
730 0.1226865013977122 0.008701443623981311 -0.1087499999999975
731 0.1228312521520816 0.006300318594497449 -0.1087499999999975
732 0.1227532492456306 0.007400125029483862 -0.11
733 0.1228312521520816 0.006300318594497449 -0.1062499999999893
734 0.1225752469908094 0.01020080772070328 -0.107499999999998
735 0.1226532498972604 0.009101001285716868 -0.1062499999999954
736 0.1149996008347683 0.04362091876836283 -0.1087499999999975
737 0.1145138173105026 0.04483001025335336 -0.11
738 0.1141227835242657 0.04586090851500947 -0.1087499999999975
739 0.1141227835242657 0.04586090851500947 -0.1062499999999893
740 0.1151372036654365 0.04324433219355106 -0.1062499999999954
741 0.1155282374516733 0.04221343393189494 -0.107499999999998
742 0.1226865013977122 0.008701443623981311 -0.1012499999999975
743 0.1227532492456306 0.007400125029483862 -0.1
744 0.1228312521520816 0.006300318594497448 -0.1012499999999975
745 0.1228312521520816 0.006300318594497448 -0.1037499999999893
746 0.1226532498972604 0.009101001285716868 -0.1037499999999954
747 0.1225752469908094 0.01020080772070328 -0.102499999999998
748 0.1149996008347683 0.04362091876836283 -0.1012499999999975
749 0.1141227835242657 0.04586090851500947 -0.1012499999999975
750 0.1145138173105026 0.04483001025335336 -0.1
751 0.1141227835242657 0.04586090851500947 -0.1037499999999893
752 0.1155282374516733 0.04221343393189494 -0.102499999999998
753 0.1151372036654364 0.04324433219355106 -0.1037499999999954
754 0.1208355180450068 0.02294172725697888 -0.1024999999999999
755 0.1210426189358045 0.02172110614065392 -0.1
756 0.1212603955284368 0.02057406315238893 -0.1024999999999999
757 0.1212603955284368 0.02057406315238893 -0.1074999999999999
758 0.1210426189358045 0.02172110614065392 -0.11
759 0.1208355180450068 0.02294172725697888 -0.1074999999999999
760 0.1223367080820343 0.01259443538119819 -0.102499999999998
761 0.1223699595824861 0.01219487771946263 -0.1
762 0.1223367080820343 0.01259443538119819 -0.107499999999998
763 0.1223699595824861 0.01219487771946263 -0.11
764 0.121985512176307 0.01572068996156434 -0.1074999999999997
765 0.1221907995846302 0.01372661996280499 -0.1049999999999977
766 0.121985512176307 0.01572068996156434 -0.1024999999999997
767 0.1192620141252731 0.03006245032826689 -0.1025
768 0.1186533971192676 0.03238966744923935 -0.1025
769 0.118974838790382 0.03111446264383312 -0.1
770 0.1197942621143941 0.02788150580079956 -0.1025
771 0.1194728204432798 0.02915671060620579 -0.105
772 0.1186533971192676 0.03238966744923935 -0.1075
773 0.1192620141252731 0.03006245032826689 -0.1075
774 0.118974838790382 0.03111446264383312 -0.11
775 0.1197942621143941 0.02788150580079956 -0.1075
776 0.120100598624381 0.02643800788405226 -0.1
777 0.1203114049423877 0.02553226816199116 -0.1025
778 0.1203114049423877 0.02553226816199116 -0.1075
779 0.120100598624381 0.02643800788405226 -0.11
780 0.12052918153502 0.02438522517372618 -0.1049999999999999
781 0.1163168709604212 0.03994089980078955 -0.102499999999998
782 0.116179268129753 0.04031748637560132 -0.1
783 0.1172109521434525 0.03728080070905428 -0.1025
784 0.1165599214653728 0.03917674826534791 -0.104999999999998
785 0.1163168709604212 0.03994089980078955 -0.107499999999998
786 0.116179268129753 0.04031748637560132 -0.11
787 0.1172109521434525 0.03728080070905428 -0.1075
788 0.1176670617114387 0.03574331600465076 -0.1
789 0.1179101122163903 0.03497916446920911 -0.1025
790 0.1179101122163903 0.03497916446920911 -0.1075
791 0.1176670617114387 0.03574331600465076 -0.11
792 0.1181972875512814 0.03392715215364288 -0.105
793 0.1216535500490687 0.01810315828961755 -0.1024999999999997
794 0.1217994585464727 0.01697097370801075 -0.1
795 0.1217994585464727 0.01697097370801075 -0.11
796 0.1216535500490687 0.01810315828961755 -0.1074999999999997
797 0.1227645043041632 0.007601637188994896 -0.1049999999999949
798 0.1146085670485315 0.04465181703001894 -0.1049999999999949
799 0.1214464491582711 0.01932377940594252 -0.1049999999999996
800 0.090437 0.083368 0.11
801 0.090437 0.083368 0.1
802 0.1117093239503079 0.05147795267456888 0.11
803 0.1096107423509527 0.05580714855888144 0.11
804 0.1073444658492657 0.06005096435974884 0.11
805 0.1049139616511699 0.06420290740812945 0.11
806 0.1023229482167166 0.06825662559223922 0.11
807 0.09957538957106327 0.07220591707589472 0.11
808 0.09667548924001521 0.07604473978654738 0.11
809 0.09362768381885 0.0797672206593501 0.11
810 0.1117093239503079 0.05147795267456888 0.1
811 0.1096107423509527 0.05580714855888144 0.1
812 0.1073444658492657 0.06005096435974884 0.1
813 0.1049139616511699 0.06420290740812945 0.1
814 0.1023229482167166 0.06825662559223922 0.1
815 0.09957538957106327 0.07220591707589472 0.1
816 0.09667548924001521 0.07604473978654738 0.1
817 0.09362768381885 0.0797672206593501 0.1
818 0.090437 0.083368 0.1050000000000136
819 0.09472114863902811 0.07846564005667156 0.1049900793650813
820 0.1109277857309337 0.05314112364103765 0.1050000000000012
821 0.1061217977335093 0.06218614568220269 0.1052427742412552
822 0.1084852365733475 0.05796469714080144 0.1050000000000002
823 0.09806658220755271 0.07424215866426101 0.1049305555555557
824 0.1126343877763678 0.04942112260200904 0.1025000000000042
825 0.1126343877763678 0.04942112260200905 0.1075000000000042
826 0.1009275413822796 0.07030351384908327 0.1052312001671811
827 0.1036269205108925 0.06626019932379588 0.1050789957347394
828 0.09227492083401385 0.08132829553160739 0.1034980158730203
829 0.09231986741207468 0.08127727080812291 0.106697619047623
830 0.1131356938881839 0.04824556130100452 0.1037500000000089
831 0.1131356938881839 0.04824556130100452 0.1012500000000021
832 0.1121718558633379 0.05044953763828896 0.1012500000000021
833 0.1113185548406208 0.05230953815780327 0.1025000000000006
834 0.1117810867536508 0.05128112312152334 0.1037500000000027
835 0.112673161975154 0.04927397633728444 0.1
836 0.1131356938881839 0.04824556130100453 0.1062500000000089
837 0.1131356938881839 0.04824556130100453 0.1087500000000021
838 0.1121718558633379 0.05044953763828897 0.1087500000000021
839 0.1117810867536508 0.05128112312152335 0.1062500000000027
840 0.1113185548406208 0.05230953815780327 0.1075000000000006
841 0.112673161975154 0.04927397633728444 0.11
842 0.09882098588930799 0.07322403787007786 0.1074652777777778
843 0.09737103572378396 0.0751434492254042 0.1074652777777778
844 0.09812543940553924 0.07412532843122105 0.11
845 0.09737103572378396 0.0751434492254042 0.1024652777777778
846 0.09882098588930799 0.07322403787007786 0.1024652777777778
847 0.09812543940553924 0.07412532843122105 0.1
848 0.09569831893952166 0.07725518992160947 0.1024950396825406
849 0.09639386542329041 0.07635389936046628 0.1049603174603185
850 0.09569831893952166 0.07725518992160947 0.1074950396825406
851 0.1090479894621501 0.05688592284984144 0.1075000000000001
852 0.1079148512113066 0.05900783075027514 0.1075000000000001
853 0.1084776041001092 0.05792905645931514 0.11
854 0.1079148512113066 0.05900783075027514 0.1025000000000001
855 0.1090479894621501 0.05688592284984144 0.1025000000000001
856 0.1084776041001092 0.05792905645931514 0.1
857 0.09417441622893906 0.07911643035801083 0.1074950396825406
858 0.09515158652943261 0.07790598022294874 0.11
859 0.09417441622893906 0.07911643035801083 0.1024950396825406
860 0.09515158652943261 0.07790598022294874 0.1
861 0.1102692640409432 0.05447413609995955 0.1075000000000006
862 0.1106600331506303 0.05364255061672516 0.11
863 0.1102692640409432 0.05447413609995955 0.1025000000000006
864 0.1106600331506303 0.05364255061672516 0.1
865 0.1055178796923396 0.06319452654516607 0.1076213871206276
866 0.1061292137502178 0.06212693588393915 0.11
867 0.1067331317913875 0.06111855502097577 0.1076213871206276
868 0.1067331317913875 0.06111855502097577 0.1026213871206276
869 0.1061292137502178 0.06212693588393915 0.1
870 0.1055178796923396 0.06319452654516607 0.1026213871206276
871 0.1073035171534284 0.06007542141150207 0.1051213871206277
872 0.1126343877763678 0.04942112260200904 0.1050000000000042
873 0.1042704410810312 0.06523155336596267 0.1075394978673697
874 0.1029749343638046 0.06725841245801756 0.1075394978673697
875 0.1036184549339433 0.06622976650018433 0.11
876 0.1048743591222009 0.06422317250299929 0.1051608849879973
877 0.1002514654766714 0.07125471546248899 0.1076156000835906
878 0.1009491688938899 0.07023127133406697 0.11
879 0.1016252447994981 0.06928006972066125 0.1076156000835906
880 0.09949706179491616 0.07227283625667213 0.1050808778613684
881 0.1002514654766714 0.07125471546248899 0.1026156000835906
882 0.1016252447994981 0.06928006972066125 0.1026156000835906
883 0.1009491688938899 0.07023127133406697 0.1
884 0.1097065111521406 0.05555291039091954 0.1050000000000007
885 0.1042704410810312 0.06523155336596267 0.1025394978673697
886 0.1036184549339433 0.06622976650018433 0.1
887 0.1029749343638046 0.06725841245801756 0.1025394978673697
888 0.1022772309465861 0.06828185658643958 0.1051550979509603
889 0.09295130232643192 0.08054775809547875 0.1017490079365101
890 0.092032341909425 0.08156761032967505 0.1
891 0.09135596041700693 0.08234814776580369 0.1017490079365101
892 0.09135596041700693 0.08234814776580369 0.104249007936517
893 0.090437 0.083368 0.1025000000000068
894 0.09349803473652099 0.07989696779413948 0.1042440476190508
895 0.09297377561546234 0.08052224573373651 0.1083488095238115
896 0.09137843370603735 0.08232263540406146 0.1083488095238115
897 0.092032341909425 0.08156761032967505 0.11
898 0.09137843370603735 0.08232263540406146 0.1058488095238183
899 0.090437 0.083368 0.1075000000000068
900 0.0935205080255514 0.07987145543239724 0.1058438492063521
901 0.09229739412304427 0.08130278316986515 0.1050978174603217
902 0.090437 0.083368 -0.1
903 0.090437 0.083368 -0.11
904 0.1117093239503079 0.05147795267456888 -0.1
905 0.1096107423509527 0.05580714855888144 -0.1
906 0.1073444658492657 0.06005096435974884 -0.1
907 0.1049139616511699 0.06420290740812945 -0.1
908 0.1023229482167166 0.06825662559223922 -0.1
909 0.09957538957106327 0.07220591707589472 -0.1
910 0.09667548924001521 0.07604473978654738 -0.1
911 0.09362768381885 0.0797672206593501 -0.1
912 0.1117093239503079 0.05147795267456888 -0.11
913 0.1096107423509527 0.05580714855888144 -0.11
914 0.1073444658492657 0.06005096435974884 -0.11
915 0.1049139616511699 0.06420290740812945 -0.11
916 0.1023229482167166 0.06825662559223922 -0.11
917 0.09957538957106327 0.07220591707589472 -0.11
918 0.09667548924001521 0.07604473978654738 -0.11
919 0.09362768381885 0.0797672206593501 -0.11
920 0.090437 0.083368 -0.1049999999999837
921 0.09535423107821994 0.0776950660240496 -0.1050107473544958
922 0.1109262390322494 0.05314435212852127 -0.1049999999999985
923 0.1057571851794492 0.06280422320130775 -0.105
924 0.108482018533723 0.05797071953882395 -0.1049999999999997
925 0.09855832211840157 0.07358810916313446 -0.1050595238095237
926 0.1126343877763677 0.04942112260200913 -0.1074999999999949
927 0.1126343877763678 0.04942112260200913 -0.1024999999999949
928 0.103532813459775 0.06640714725165826 -0.1069464285714286
929 0.1031979239188473 0.06692638618541874 -0.1036304563492063
930 0.1014392923189599 0.06956308390826707 -0.1064891699735449
931 0.1010488873165326 0.07012898859309674 -0.103035830026455
932 0.09234731923033535 0.08124607867442302 -0.1050017912257466
933 0.1131356938881838 0.04824556130100456 -0.1062499999999893
934 0.1131356938881838 0.04824556130100456 -0.1087499999999975
935 0.1121718558633378 0.05044953763828901 -0.1087499999999975
936 0.1113177814912786 0.05231115240154507 -0.1074999999999992
937 0.1117803134043086 0.0512827373652652 -0.1062499999999967
938 0.112673161975154 0.04927397633728444 -0.11
939 0.1131356938881839 0.04824556130100456 -0.1037499999999893
940 0.1131356938881839 0.04824556130100456 -0.1012499999999975
941 0.1121718558633379 0.05044953763828901 -0.1012499999999975
942 0.1117803134043086 0.0512827373652652 -0.1037499999999967
943 0.1113177814912786 0.05231115240154507 -0.1024999999999993
944 0.112673161975154 0.04927397633728444 -0.1
945 0.09906685584473242 0.07289701311951459 -0.1025297619047618
946 0.09761690567920839 0.07481642447484092 -0.1025297619047618
947 0.09812543940553924 0.07412532843122105 -0.1
948 0.09761690567920839 0.07481642447484092 -0.1075297619047619
949 0.09906685584473242 0.07289701311951459 -0.1075297619047619
950 0.09812543940553924 0.07412532843122105 -0.11
951 0.09601486015911757 0.07686990290529849 -0.1075053736772479
952 0.09695627659831076 0.07564158759359203 -0.1050351355820097
953 0.09601486015911757 0.07686990290529849 -0.1025053736772479
954 0.1090463804423378 0.05688893404885269 -0.1024999999999999
955 0.1079132421914943 0.05901084194928639 -0.1024999999999999
956 0.1084776041001092 0.05792905645931514 -0.1
957 0.1079132421914943 0.05901084194928639 -0.1074999999999998
958 0.1090463804423378 0.05688893404885269 -0.1074999999999998
959 0.1084776041001092 0.05792905645931514 -0.11
960 0.09449095744853497 0.07873114334169985 -0.1025053736772479
961 0.09515158652943261 0.07790598022294874 -0.1
962 0.09449095744853497 0.07873114334169985 -0.1075053736772479
963 0.09515158652943261 0.07790598022294874 -0.11
964 0.1102684906916011 0.05447575034370136 -0.1024999999999993
965 0.1106600331506303 0.05364255061672516 -0.1
966 0.1102684906916011 0.05447575034370136 -0.1074999999999992
967 0.1106600331506303 0.05364255061672516 -0.11
968 0.1053355734153096 0.0635035653047186 -0.1025
969 0.1061292137502178 0.06212693588393915 -0.1
970 0.1065508255143574 0.0614275937805283 -0.1025
971 0.1065508255143574 0.0614275937805283 -0.1075
972 0.1061292137502178 0.06212693588393915 -0.11
973 0.1053355734153096 0.0635035653047186 -0.1075
974 0.1071196018565861 0.06038747137006585 -0.1049999999999998
975 0.1126343877763678 0.04942112260200913 -0.1049999999999949
976 0.1042233875554724 0.06530502732989385 -0.1084732142857143
977 0.1036184549339433 0.06622976650018433 -0.11
978 0.1029278808382458 0.06733188642194873 -0.1084732142857143
979 0.1046449993196121 0.06460568522648301 -0.1059732142857143
980 0.1040559427850086 0.0655646467967741 -0.1018152281746031
981 0.102760436067782 0.06759150588882898 -0.1018152281746031
982 0.1036184549339433 0.06622976650018433 -0.1
983 0.1044775545491483 0.06486530469336324 -0.1043152281746031
984 0.1005073409450116 0.07088450049208089 -0.1082445849867724
985 0.1018811202678382 0.06890985475025314 -0.1082445849867724
986 0.1009491688938899 0.07023127133406697 -0.11
987 0.09999880721868074 0.07157559653570077 -0.1057743468915343
988 0.1003121384437979 0.07116745283449573 -0.1015179150132275
989 0.1009491688938899 0.07023127133406697 -0.1
990 0.1016859177666246 0.06919280709266798 -0.1015179150132275
991 0.09980360471746708 0.0718585488781156 -0.1040476769179894
992 0.10212340561769 0.06852768738925774 -0.1033331431878307
993 0.1024860528893674 0.06798511557996267 -0.1067177992724868
994 0.1033653686893111 0.06666676671853849 -0.1052884424603174
995 0.1012440898177462 0.06984603625068191 -0.1047625
996 0.1097041287829862 0.05555753583367261 -0.1049999999999991
997 0.1023186081189036 0.06824473504684291 -0.1050598131613756
998 0.09298750152459268 0.08050664966688656 -0.1075008956128733
999 0.09385077515427764 0.07947057234923631 -0.1050062692901212
1000 0.092032341909425 0.08156761032967505 -0.11
1001 0.09139215961516767 0.08230703933721151 -0.1075008956128733
1002 0.09139215961516767 0.08230703933721151 -0.1050008956128652
1003 0.090437 0.083368 -0.1074999999999919
1004 0.09298750152459268 0.08050664966688656 -0.1025008956128733
1005 0.09139215961516767 0.08230703933721151 -0.1025008956128733
1006 0.092032341909425 0.08156761032967505 -0.1
1007 0.090437 0.083368 -0.1024999999999918
1008 0.083368 0.090437 0.11
1009 0.083368 0.090437 0.1
1010 0.08697434792225936 0.08697434792223382 0.11
1011 0.08697434792225936 0.08697434792223382 0.1
1012 0.083368 0.090437 0.1050000000000136
1013 0.08697434792225024 0.08697434792224296 0.1035714285714344
1014 0.08590726501254176 0.0880284965852815 0.107214285714291
1015 0.08816806404082238 0.08576401854095603 0.1071571428571478
1016 0.08697434792225481 0.08697434792223839 0.1017857142857172
1017 0.08870567396112512 0.08517117396112148 0.1017857142857172
1018 0.08870567396112969 0.08517117396111691 0.1
1019 0.08870567396112512 0.08517117396112148 0.104285714285724
1020 0.08517117396112968 0.08870567396111692 0.1
1021 0.08517117396112511 0.08870567396112147 0.1017857142857172
1022 0.08517117396112511 0.08870567396112147 0.104285714285724
1023 0.083368 0.090437 0.1025000000000068
1024 0.08463763250627088 0.08923274829264075 0.1061071428571523
1025 0.083368 0.090437 0.1075000000000068
1026 0.08463763250627088 0.08923274829264075 0.1086071428571455
1027 0.08644080646739599 0.08750142225376223 0.1053928571428627
1028 0.08644080646740056 0.08750142225375766 0.1086071428571455
1029 0.08517117396112968 0.08870567396111692 0.11
1030 0.08757120598154086 0.08636918323159493 0.1085785714285739
1031 0.08870567396112969 0.08517117396111691 0.11
1032 0.08930253202041119 0.08456600927047801 0.1085785714285739
1033 0.08930253202041119 0.08456600927047801 0.1060785714285807
1034 0.08757120598153631 0.08636918323159949 0.1053642857142911
1035 0.08703766452668207 0.08689625756311876 0.1071857142857194
1036 0.083368 0.090437 -0.1
1037 0.083368 0.090437 -0.11
1038 0.08697434792225936 0.08697434792223382 -0.1
1039 0.08697434792225936 0.08697434792223382 -0.11
1040 0.083368 0.090437 -0.1049999999999837
1041 0.08697434792225026 0.08697434792224296 -0.1064285714285645
1042 0.08590726501254176 0.08802849658528152 -0.102785714285708
1043 0.08816806404082235 0.085764018540956 -0.1028428571428513
1044 0.08697434792225481 0.08697434792223839 -0.1082142857142823
1045 0.08870567396112514 0.08517117396112148 -0.1082142857142823
1046 0.08870567396112969 0.08517117396111691 -0.11
1047 0.08870567396112514 0.08517117396112148 -0.1057142857142741
1048 0.08517117396112968 0.08870567396111692 -0.11
1049 0.08517117396112513 0.08870567396112147 -0.1082142857142823
1050 0.08517117396112513 0.08870567396112147 -0.1057142857142741
1051 0.083368 0.090437 -0.1074999999999919
1052 0.08463763250627088 0.08923274829264076 -0.1038928571428459
1053 0.083368 0.090437 -0.1024999999999918
1054 0.08463763250627088 0.08923274829264076 -0.101392857142854
1055 0.08644080646739601 0.08750142225376223 -0.1046071428571363
1056 0.08644080646740056 0.08750142225375768 -0.101392857142854
1057 0.08517117396112968 0.08870567396111692 -0.1
1058 0.08757120598154086 0.08636918323159491 -0.1014214285714257
1059 0.08870567396112969 0.08517117396111691 -0.1
1060 0.08930253202041118 0.084566009270478 -0.1014214285714257
1061 0.08930253202041118 0.084566009270478 -0.1039214285714175
1062 0.08757120598153631 0.08636918323159948 -0.1046357142857079
1063 0.08703766452668205 0.08689625756311875 -0.1028142857142796
1064 0.090437 0.083368 0
1065 0.083368 0.090437 0
1066 0.08697434792225936 0.08697434792223382 0
1067 0.090437 0.083368 -0.004999999999990302
1068 0.090437 0.083368 -0.009999999999982483
1069 0.090437 0.083368 -0.01499999999997171
1070 0.090437 0.083368 -0.019999999999956
1071 0.090437 0.083368 -0.02499999999994164
1072 0.090437 0.083368 -0.02999999999992728
1073 0.090437 0.083368 -0.03499999999991292
1074 0.090437 0.083368 -0.03999999999989585
1075 0.090437 0.083368 -0.0449999999998815
1076 0.090437 0.083368 -0.0499999999998685
1077 0.090437 0.083368 -0.05499999999988016
1078 0.090437 0.083368 -0.05999999999989426
1079 0.090437 0.083368 -0.06499999999990864
1080 0.090437 0.083368 -0.06999999999991974
1081 0.090437 0.083368 -0.07499999999993355
1082 0.090437 0.083368 -0.07999999999994738
1083 0.090437 0.083368 -0.0849999999999585
1084 0.090437 0.083368 -0.08999999999997287
1085 0.090437 0.083368 -0.0949999999999878
1086 0.083368 0.090437 -0.004999999999990302
1087 0.083368 0.090437 -0.009999999999982483
1088 0.083368 0.090437 -0.01499999999997171
1089 0.083368 0.090437 -0.019999999999956
1090 0.083368 0.090437 -0.02499999999994164
1091 0.083368 0.090437 -0.02999999999992728
1092 0.083368 0.090437 -0.03499999999991292
1093 0.083368 0.090437 -0.03999999999989585
1094 0.083368 0.090437 -0.0449999999998815
1095 0.083368 0.090437 -0.0499999999998685
1096 0.083368 0.090437 -0.05499999999988016
1097 0.083368 0.090437 -0.05999999999989426
1098 0.083368 0.090437 -0.06499999999990864
1099 0.083368 0.090437 -0.06999999999991974
1100 0.083368 0.090437 -0.07499999999993355
1101 0.083368 0.090437 -0.07999999999994738
1102 0.083368 0.090437 -0.0849999999999585
1103 0.083368 0.090437 -0.08999999999997287
1104 0.083368 0.090437 -0.0949999999999878
1105 0.08697434792224661 0.08697434792224655 -0.02666666666660352
1106 0.08697434792224658 0.08697434792224656 -0.03194444444436614
1107 0.08697434792224662 0.08697434792224656 -0.03754629629620061
1108 0.08697434792224662 0.08697434792224656 -0.02194444444439508
1109 0.08697434792224661 0.08697434792224656 -0.04260030864186477
1110 0.08697434792224658 0.08697434792224655 -0.0169907407407055
1111 0.08697434792224794 0.08697434792224523 -0.007626044116192154
1112 0.08697434792224693 0.08697434792224625 -0.01223655202819561
1113 0.08697434792224662 0.08697434792224656 -0.04805555555543335
1114 0.08697434792224658 0.08697434792224655 -0.07833333333327565
1115 0.08677377385300999 0.08717446050482149 -0.07264651675477726
1116 0.08697434792224661 0.08697434792224656 -0.05300925925913749
1117 0.08697434792224662 0.08697434792224656 -0.08305555555551004
1118 0.08697434792224662 0.08697434792224655 -0.05800154320976583
1119 0.08677377385300999 0.08717446050482149 -0.0625912184008422
1120 0.08717446050482161 0.08677377385300988 -0.08752350992060096
1121 0.08690754112295836 0.0870411034452189 -0.06753962252587936
1122 0.08730174199621646 0.08664571678638279 -0.09250391832008603
1123 0.08563849186356676 0.08828999436138732 -0.09812499999999542
1124 0.08739626527764818 0.08655037382079264 -0.09677148638667618
1125 0.08697434792224894 0.08697434792224425 -0.002937674019362125
1126 0.0887056739611233 0.08517117396112328 -0.04652777777765743
1127 0.090437 0.083368 -0.047499999999875
1128 0.0887056739611233 0.08517117396112328 -0.04902777777765092
1129 0.0887056739611233 0.08517117396112328 -0.04380015432087314
1130 0.08697434792224662 0.08697434792224656 -0.04532793209864906
1131 0.08517117396112331 0.08870567396112328 -0.04902777777765092
1132 0.083368 0.090437 -0.047499999999875
1133 0.08517117396112331 0.08870567396112328 -0.04652777777765743
1134 0.08517117396112331 0.08870567396112328 -0.04380015432087314
1135 0.08870567396112329 0.08517117396112328 -0.01599537037033861
1136 0.090437 0.083368 -0.01749999999996386
1137 0.08870567396112329 0.08517117396112328 -0.01849537037033075
1138 0.08517117396112328 0.08870567396112328 -0.01849537037033075
1139 0.083368 0.090437 -0.01749999999996386
1140 0.08517117396112328 0.08870567396112328 -0.01599537037033861
1141 0.08517117396112331 0.08870567396112328 -0.02097222222217554
1142 0.08697434792224659 0.08697434792224656 -0.01946759259255029
1143 0.0887056739611233 0.08517117396112328 -0.02097222222217554
1144 0.0887056739611233 0.08517117396112328 -0.08152777777772871
1145 0.090437 0.083368 -0.08249999999995294
1146 0.0887056739611233 0.08517117396112328 -0.08402777777773426
1147 0.08870567396112329 0.08517117396112328 -0.07916666666661151
1148 0.08697434792224659 0.08697434792224656 -0.08069444444439285
1149 0.08517117396112331 0.08870567396112328 -0.08402777777773426
1150 0.083368 0.090437 -0.08249999999995294
1151 0.08517117396112331 0.08870567396112328 -0.08152777777772871
1152 0.08517117396112328 0.08870567396112328 -0.07916666666661151
1153 0.0887056739611233 0.08517117396112328 -0.03877314814804823
1154 0.0887056739611233 0.08517117396112328 -0.03627314814805677
1155 0.090437 0.083368 -0.03749999999990439
1156 0.08517117396112331 0.08870567396112328 -0.03627314814805677
1157 0.08517117396112331 0.08870567396112328 -0.03877314814804823
1158 0.083368 0.090437 -0.03749999999990439
1159 0.08870567396112347 0.08517117396112311 -0.01111827601408905
1160 0.090437 0.083368 -0.0124999999999771
1161 0.08870567396112347 0.08517117396112311 -0.01361827601408366
1162 0.08517117396112346 0.08870567396112312 -0.01361827601408366
1163 0.083368 0.090437 -0.0124999999999771
1164 0.08517117396112346 0.08870567396112312 -0.01111827601408905
1165 0.08697434792224676 0.0869743479222464 -0.01461364638445056
1166 0.0887056739611233 0.08517117396112328 -0.05400462962950883
1167 0.0887056739611233 0.08517117396112328 -0.05150462962950299
1168 0.090437 0.083368 -0.05249999999987433
1169 0.08517117396112331 0.08870567396112328 -0.05150462962950299
1170 0.08517117396112331 0.08870567396112328 -0.05400462962950883
1171 0.083368 0.090437 -0.05249999999987433
1172 0.08697434792224662 0.08697434792224656 -0.05053240740728542
1173 0.0887056739611233 0.08517117396112328 -0.04130015432088031
1174 0.090437 0.083368 -0.04249999999988868
1175 0.083368 0.090437 -0.04249999999988868
1176 0.08517117396112331 0.08870567396112328 -0.04130015432088031
1177 0.08880573025241081 0.08507088692650494 -0.0887617549602869
1178 0.08880573025241081 0.08507088692650494 -0.08626175496027973
1179 0.090437 0.083368 -0.08749999999996569
1180 0.0852712302524108 0.08860538692650494 -0.08626175496027973
1181 0.0852712302524108 0.08860538692650494 -0.0887617549602869
1182 0.083368 0.090437 -0.08749999999996569
1183 0.08707440421353412 0.08687406088762822 -0.08528953273805551
1184 0.0887056739611233 0.08517117396112328 -0.05900077160483005
1185 0.0887056739611233 0.08517117396112328 -0.056500771604823
1186 0.090437 0.083368 -0.05749999999988721
1187 0.08517117396112331 0.08870567396112328 -0.056500771604823
1188 0.08517117396112331 0.08870567396112328 -0.05900077160483005
1189 0.083368 0.090437 -0.05749999999988721
1190 0.08697434792224662 0.08697434792224656 -0.05550540123445166
1191 0.08860538692650499 0.08527123025241073 -0.0713232583773485
1192 0.090437 0.083368 -0.07249999999992665
1193 0.08860538692650499 0.08527123025241073 -0.0738232583773554
1194 0.085070886926505 0.08880573025241074 -0.0738232583773554
1195 0.083368 0.090437 -0.07249999999992665
1196 0.085070886926505 0.08880573025241074 -0.0713232583773485
1197 0.08860538692650499 0.08527123025241073 -0.06129560920036823
1198 0.090437 0.083368 -0.06249999999990145
1199 0.08860538692650499 0.08527123025241073 -0.06379560920037541
1200 0.08687406088762831 0.08707440421353402 -0.06029638080530401
1201 0.085070886926505 0.08880573025241074 -0.06379560920037541
1202 0.083368 0.090437 -0.06249999999990145
1203 0.085070886926505 0.08880573025241074 -0.06129560920036823
1204 0.0887056739611233 0.08517117396112328 -0.02347222222216836
1205 0.090437 0.083368 -0.02249999999994882
1206 0.0887056739611233 0.08517117396112328 -0.02583333333327258
1207 0.08697434792224662 0.08697434792224656 -0.0243055555554993
1208 0.08517117396112331 0.08870567396112328 -0.02347222222216836
1209 0.083368 0.090437 -0.02249999999994882
1210 0.08517117396112331 0.08870567396112328 -0.02583333333327258
1211 0.08870567396112397 0.08517117396112261 -0.006313022058091228
1212 0.090437 0.083368 -0.007499999999986393
1213 0.08870567396112397 0.08517117396112261 -0.008813022058087318
1214 0.08517117396112397 0.08870567396112261 -0.008813022058087318
1215 0.083368 0.090437 -0.007499999999986393
1216 0.08517117396112397 0.08870567396112261 -0.006313022058091228
1217 0.08697434792224742 0.08697434792224573 -0.009931298072193883
1218 0.090437 0.083368 -0.02749999999993446
1219 0.0887056739611233 0.08517117396112328 -0.0283333333332654
1220 0.08517117396112331 0.08870567396112328 -0.0283333333332654
1221 0.083368 0.090437 -0.02749999999993446
1222 0.08517117396112328 0.08870567396112328 -0.03097222222214671
1223 0.08697434792224659 0.08697434792224656 -0.02930555555548483
1224 0.08870567396112329 0.08517117396112328 -0.03097222222214671
1225 0.08870567396112329 0.08517117396112328 -0.03347222222213952
1226 0.090437 0.083368 -0.0324999999999201
1227 0.08697434792224659 0.08697434792224656 -0.03474537037028337
1228 0.08517117396112328 0.08870567396112328 -0.03347222222213952
1229 0.083368 0.090437 -0.0324999999999201
1230 0.08870567396112329 0.08517117396112328 -0.0766666666666046
1231 0.090437 0.083368 -0.07749999999994046
1232 0.08687406088762828 0.08707440421353402 -0.07548992504402646
1233 0.083368 0.090437 -0.07749999999994046
1234 0.08517117396112328 0.08870567396112328 -0.0766666666666046
1235 0.08513777056147917 0.08873905172260946 -0.066269811262894
1236 0.08513777056147917 0.08873905172260946 -0.06876981126289955
1237 0.083368 0.090437 -0.06749999999991418
1238 0.08684065748798417 0.0871077819750202 -0.06506542046336078
1239 0.08886937099810824 0.08500685839319139 -0.09125195916002946
1240 0.090437 0.083368 -0.09249999999998033
1241 0.08886937099810824 0.08500685839319139 -0.09375195916003692
1242 0.08723810125051903 0.08670974531969633 -0.09001371412034349
1243 0.08697434792224662 0.08697434792224656 -0.04007330246903269
1244 0.08684065748798417 0.0871077819750202 -0.07009306964032831
1245 0.08867227056147918 0.08520455172260945 -0.066269811262894
1246 0.090437 0.083368 -0.06749999999991418
1247 0.08867227056147918 0.08520455172260945 -0.06876981126289955
1248 0.08533487099810823 0.0885413583931914 -0.09125195916002946
1249 0.08533487099810823 0.0885413583931914 -0.09375195916003692
1250 0.083368 0.090437 -0.09249999999998033
1251 0.08630641989291306 0.08763217114181057 -0.09906249999999772
1252 0.08450324593178338 0.08936349718069367 -0.09906249999999772
1253 0.08450324593178338 0.08936349718069367 -0.09656249999999161
1254 0.083368 0.090437 -0.0974999999999939
1255 0.08718530659995377 0.08676236087151323 -0.09838574319333809
1256 0.0889166326388241 0.08495918691039632 -0.09838574319333809
1257 0.0889166326388241 0.08495918691039632 -0.09588574319333198
1258 0.090437 0.083368 -0.0974999999999939
1259 0.08651737857060747 0.08742018409108998 -0.09744824319333581
1260 0.08734900363693232 0.08659804530358772 -0.09463770235338111
1261 0.08538213263882409 0.08849368691039633 -0.09588574319333198
1262 0.08697434792225414 0.08697434792223904 -0.001468837009681063
1263 0.08870567396112969 0.08517117396111691 0
1264 0.08870567396112447 0.08517117396112212 -0.001468837009681063
1265 0.08870567396112447 0.08517117396112212 -0.003968837009676214
1266 0.090437 0.083368 -0.002499999999995151
1267 0.08697434792224844 0.08697434792224473 -0.00528185906777714
1268 0.08517117396112447 0.08870567396112213 -0.001468837009681063
1269 0.08517117396112968 0.08870567396111692 0
1270 0.08517117396112447 0.08870567396112213 -0.003968837009676214
1271 0.083368 0.090437 -0.002499999999995151
1272 0.090437 0.083368 0.09500000000001382
1273 0.090437 0.083368 0.09000000000002764
1274 0.090437 0.083368 0.08500000000004147
1275 0.090437 0.083368 0.08000000000005529
1276 0.090437 0.083368 0.07500000000006912
1277 0.090437 0.083368 0.07000000000008294
1278 0.090437 0.083368 0.06500000000009676
1279 0.090437 0.083368 0.06000000000011058
1280 0.090437 0.083368 0.05500000000012441
1281 0.090437 0.083368 0.05000000000013687
1282 0.090437 0.083368 0.04500000000012466
1283 0.090437 0.083368 0.04000000000011003
1284 0.090437 0.083368 0.03500000000009511
1285 0.090437 0.083368 0.03000000000008349
1286 0.090437 0.083368 0.02500000000006912
1287 0.090437 0.083368 0.02000000000005478
1288 0.090437 0.083368 0.01500000000004312
1289 0.090437 0.083368 0.01000000000002821
1290 0.090437 0.083368 0.005000000000012744
1291 0.083368 0.090437 0.09500000000001382
1292 0.083368 0.090437 0.09000000000002764
1293 0.083368 0.090437 0.08500000000004147
1294 0.083368 0.090437 0.08000000000005529
1295 0.083368 0.090437 0.07500000000006912
1296 0.083368 0.090437 0.07000000000008294
1297 0.083368 0.090437 0.06500000000009676
1298 0.083368 0.090437 0.06000000000011058
1299 0.083368 0.090437 0.05500000000012441
1300 0.083368 0.090437 0.05000000000013687
1301 0.083368 0.090437 0.04500000000012466
1302 0.083368 0.090437 0.04000000000011003
1303 0.083368 0.090437 0.03500000000009511
1304 0.083368 0.090437 0.03000000000008349
1305 0.083368 0.090437 0.02500000000006912
1306 0.083368 0.090437 0.02000000000005478
1307 0.083368 0.090437 0.01500000000004312
1308 0.083368 0.090437 0.01000000000002821
1309 0.083368 0.090437 0.005000000000012744
1310 0.08717446050482215 0.08677377385300931 0.09253117913834265
1311 0.0869743479222469 0.08697434792224626 0.08809523809527101
1312 0.08698937238697084 0.08695932086165871 0.08255892008382248
1313 0.0872684975764598 0.08667920006407208 0.06240638614698531
1314 0.08697434792224661 0.08697434792224656 0.05694444444456326
1315 0.08697434792224662 0.08697434792224656 0.05199074074086843
1316 0.08697434792224662 0.08697434792224656 0.02166666666672666
1317 0.08701329487800219 0.08693538351829964 0.02738270617262615
1318 0.08697434792224658 0.08697434792224655 0.04699845679025026
1319 0.08697434792224662 0.08697434792224656 0.01694444444449176
1320 0.08717446050482154 0.08677377385300994 0.04248590389549686
1321 0.08697434792224792 0.08697434792224526 0.007624650940644184
1322 0.08697434792224693 0.08697434792224625 0.01222883597887056
1323 0.08699289626821194 0.08695579561977523 0.03248365864729257
1324 0.08727099333573958 0.08667668726476167 0.07750879875349856
1325 0.08704666408967682 0.08690197157636276 0.03751924571077203
1326 0.08709336119001738 0.08685517157674132 0.07237715390213417
1327 0.0870432779393121 0.0869053632325397 0.0674639233415798
1328 0.08697434792224895 0.08697434792224423 0.002937441823444935
1329 0.08700773209573499 0.08694095092967878 0.09708852985639504
1330 0.0887056739611233 0.08517117396112328 0.05099537037050265
1331 0.0887056739611233 0.08517117396112328 0.05349537037049642
1332 0.090437 0.083368 0.05250000000013064
1333 0.08517117396112331 0.08870567396112328 0.05349537037049642
1334 0.08517117396112331 0.08870567396112328 0.05099537037050265
1335 0.083368 0.090437 0.05250000000013064
1336 0.08517117396112331 0.08870567396112328 0.05597222222234383
1337 0.08697434792224662 0.08697434792224656 0.05446759259271584
1338 0.0887056739611233 0.08517117396112328 0.05597222222234383
1339 0.0887056739611233 0.08517117396112328 0.01847222222227327
1340 0.090437 0.083368 0.01750000000004895
1341 0.0887056739611233 0.08517117396112328 0.01597222222226744
1342 0.0887056739611233 0.08517117396112328 0.02083333333339072
1343 0.08697434792224662 0.08697434792224656 0.01930555555560921
1344 0.08517117396112331 0.08870567396112328 0.01597222222226744
1345 0.083368 0.090437 0.01750000000004895
1346 0.08517117396112331 0.08870567396112328 0.01847222222227327
1347 0.08517117396112331 0.08870567396112328 0.02083333333339072
1348 0.08870567396112329 0.08517117396112328 0.04599922839518746
1349 0.08870567396112329 0.08517117396112328 0.04849922839519356
1350 0.090437 0.083368 0.04750000000013077
1351 0.08517117396112328 0.08870567396112328 0.04849922839519356
1352 0.08517117396112328 0.08870567396112328 0.04599922839518746
1353 0.083368 0.090437 0.04750000000013077
1354 0.08697434792224659 0.08697434792224656 0.04949459876555935
1355 0.0887056739611233 0.08517117396112328 0.05847222222233692
1356 0.090437 0.083368 0.0575000000001175
1357 0.08517117396112331 0.08870567396112328 0.05847222222233692
1358 0.083368 0.090437 0.0575000000001175
1359 0.0853182487882299 0.08855810003203604 0.06120319307354795
1360 0.08712142274935319 0.08682677399315933 0.05967541529577428
1361 0.08885274878822991 0.08502360003203605 0.06120319307354795
1362 0.08870567396112347 0.08517117396112311 0.01361441798945684
1363 0.090437 0.083368 0.01250000000003566
1364 0.08870567396112347 0.08517117396112311 0.01111441798944938
1365 0.08697434792224677 0.0869743479222464 0.01458664021168116
1366 0.08517117396112346 0.08870567396112312 0.01111441798944938
1367 0.083368 0.090437 0.01250000000003566
1368 0.08517117396112346 0.08870567396112312 0.01361441798945684
1369 0.08880573025241077 0.08507088692650497 0.04374295194781076
1370 0.090437 0.083368 0.04250000000011735
1371 0.08880573025241077 0.08507088692650497 0.04124295194780345
1372 0.08707440421353406 0.08687406088762825 0.04474218034287356
1373 0.08527123025241076 0.08860538692650496 0.04124295194780345
1374 0.083368 0.090437 0.04250000000011735
1375 0.08527123025241076 0.08860538692650496 0.04374295194781076
1376 0.08885274878822991 0.08502360003203605 0.06370319307354103
1377 0.090437 0.083368 0.06250000000010367
1378 0.083368 0.090437 0.06250000000010367
1379 0.0853182487882299 0.08855810003203604 0.06370319307354103
1380 0.08870567396112344 0.08517117396112313 0.08654761904765623
1381 0.08870567396112344 0.08517117396112313 0.08904761904764932
1382 0.090437 0.083368 0.08750000000003455
1383 0.08871318619348542 0.08516366043082935 0.08377946004193199
1384 0.08698186015460888 0.08696683439195249 0.08532707908954675
1385 0.08517117396112345 0.08870567396112314 0.08904761904764932
1386 0.08517117396112345 0.08870567396112314 0.08654761904765623
1387 0.083368 0.090437 0.08750000000003455
1388 0.08517868619348543 0.08869816043082936 0.08377946004193199
1389 0.08870567396112397 0.08517117396112263 0.008812325470336196
1390 0.090437 0.083368 0.007500000000020477
1391 0.08870567396112397 0.08517117396112263 0.006312325470328464
1392 0.08697434792224742 0.08697434792224576 0.009926743459757373
1393 0.08517117396112396 0.08870567396112264 0.006312325470328464
1394 0.083368 0.090437 0.007500000000020477
1395 0.08517117396112396 0.08870567396112264 0.008812325470336196
1396 0.0887056739611233 0.08517117396112328 0.02333333333339789
1397 0.090437 0.083368 0.02250000000006195
1398 0.08872514743900109 0.08515169175914983 0.02619135308634763
1399 0.0869938214001244 0.08695486572027311 0.02452468641967641
1400 0.083368 0.090437 0.02250000000006195
1401 0.08517117396112331 0.08870567396112328 0.02333333333339789
1402 0.08519064743900109 0.08868619175914982 0.02619135308634763
1403 0.08880573025241108 0.08507088692650466 0.09126558956918515
1404 0.08880573025241108 0.08507088692650466 0.09376558956917824
1405 0.090437 0.083368 0.09250000000002073
1406 0.08707440421353452 0.08687406088762778 0.09031320861680683
1407 0.08527123025241107 0.08860538692650466 0.09376558956917824
1408 0.08527123025241107 0.08860538692650466 0.09126558956918515
1409 0.083368 0.090437 0.09250000000002073
1410 0.08871318619348542 0.08516366043082935 0.08127946004193889
1411 0.090437 0.083368 0.08250000000004838
1412 0.08517868619348543 0.08869816043082936 0.08127946004193889
1413 0.083368 0.090437 0.08250000000004838
1414 0.08871494813410596 0.08516189780988762 0.03124182932368803
1415 0.08871494813410596 0.08516189780988762 0.03374182932369384
1416 0.090437 0.083368 0.0325000000000893
1417 0.08885399666786979 0.08502234363238084 0.07625439937678384
1418 0.08885399666786979 0.08502234363238084 0.07875439937677692
1419 0.090437 0.083368 0.07750000000006221
1420 0.0887418320448384 0.08513498578818138 0.03875962285544103
1421 0.090437 0.083368 0.03750000000010257
1422 0.0887418320448384 0.08513498578818138 0.03625962285543357
1423 0.08711056229724917 0.08683787271468635 0.04000257480313445
1424 0.08518044813410597 0.08869639780988761 0.03124182932368803
1425 0.083368 0.090437 0.0325000000000893
1426 0.08518044813410597 0.08869639780988761 0.03374182932369384
1427 0.08701978017894438 0.086928883598069 0.03500145217903231
1428 0.08520733204483841 0.08866948578818137 0.03875962285544103
1429 0.08520733204483841 0.08866948578818137 0.03625962285543357
1430 0.083368 0.090437 0.03750000000010257
1431 0.08531949666786978 0.08855684363238084 0.07625439937678384
1432 0.083368 0.090437 0.07750000000006221
1433 0.08531949666786978 0.08855684363238084 0.07875439937677692
1434 0.08872514743900109 0.08515169175914983 0.02869135308635482
1435 0.090437 0.083368 0.0275000000000763
1436 0.08700309557310706 0.08694558956903745 0.02993318240995936
1437 0.083368 0.090437 0.0275000000000763
1438 0.08519064743900109 0.08868619175914982 0.02869135308635482
1439 0.08713018286135521 0.08681800406321019 0.08003385941866052
1440 0.08876518059500869 0.08511158578837066 0.07368857695110165
1441 0.090437 0.083368 0.07250000000007603
1442 0.08876518059500869 0.08511158578837066 0.07118857695110856
1443 0.08874013896965605 0.08513668161626985 0.06623196167083828
1444 0.08874013896965605 0.08513668161626985 0.06873196167083137
1445 0.090437 0.083368 0.06750000000008985
1446 0.08718217726287848 0.08676592942075149 0.07494297632781637
1447 0.08523068059500868 0.08864608578837066 0.07368857695110165
1448 0.08715588775788595 0.08679228164830588 0.06493515474428255
1449 0.08520563896965605 0.08867118161626986 0.06623196167083828
1450 0.08697434792225416 0.08697434792223903 0.001468720911722467
1451 0.08870567396112447 0.08517117396112212 0.001468720911722467
1452 0.08870567396112447 0.08517117396112212 0.003968720911728839
1453 0.090437 0.083368 0.002500000000006372
1454 0.08697434792224844 0.08697434792224475 0.005281046382044559
1455 0.08517117396112447 0.08870567396112211 0.001468720911722467
1456 0.08517117396112447 0.08870567396112211 0.003968720911728839
1457 0.083368 0.090437 0.002500000000006372
1458 0.08523068059500868 0.08864608578837066 0.07118857695110856
1459 0.083368 0.090437 0.07250000000007603
1460 0.083368 0.090437 0.06750000000008985
1461 0.08520563896965605 0.08867118161626986 0.06873196167083137
1462 0.08706831956466474 0.0868802674046405 0.06992053862185699
1463 0.0887223660478675 0.0851544754648394 0.09604426492820443
1464 0.0887223660478675 0.0851544754648394 0.09854426492819753
1465 0.090437 0.083368 0.09750000000000691
1466 0.08709109630027857 0.08685736239134405 0.09480985449736884
1467 0.08699104000899718 0.0869576494259563 0.09854426492819753
1468 0.08518786604786749 0.08868897546483939 0.09854426492819753
1469 0.08518786604786749 0.08868897546483939 0.09604426492820443
1470 0.083368 0.090437 0.09750000000000691
1471 0.07976754155286175 0.09362806047127366 0.11
1472 0.07604504570496713 0.09667587815339182 0.11
1473 0.07220620755122009 0.09957579015036801 0.11
1474 0.06825690018009882 0.1023233598490786 0.11
1475 0.06420316568836988 0.104914383706867 0.11
1476 0.06005120593724587 0.107344897682575 0.11
1477 0.05580737306402579 0.1096111833012154 0.11
1478 0.05147815976390287 0.1117097733429 0.11
1479 0.07976754155286175 0.09362806047127366 0.1
1480 0.07604504570496713 0.09667587815339182 0.1
1481 0.07220620755122009 0.09957579015036801 0.1
1482 0.06825690018009882 0.1023233598490786 0.1
1483 0.06420316568836988 0.104914383706867 0.1
1484 0.06005120593724587 0.107344897682575 0.1
1485 0.05580737306402579 0.1096111833012154 0.1
1486 0.05147815976390287 0.1117097733429 0.1
1487 0.07220620755122019 0.09957579015036794 0.105
1488 0.07477807345814197 0.0976591732654374 0.105
1489 0.07915544885998722 0.09414610617956512 0.1050000000000034
1490 0.06958524073618591 0.1014246945506224 0.105
1491 0.06579163443105435 0.1039256235578623 0.105
1492 0.06219152626369865 0.1061192181180755 0.1050000000000001
1493 0.08143323724099864 0.09218298251549052 0.1025000000000042
1494 0.05017567786245906 0.1123008269962548 0.104272619047622
1495 0.08143323724099863 0.09218298251549054 0.1075000000000042
1496 0.05366843396941812 0.1106741776037672 0.1048767857142862
1497 0.05795182521467199 0.1084926741641486 0.1049794642857144
1498 0.08060038939693021 0.09290552149338209 0.1012500000000021
1499 0.08240061862049933 0.09130999125774526 0.1012500000000021
1500 0.08156777077643088 0.09203253023563683 0.1
1501 0.08240061862049933 0.09130999125774526 0.1037500000000089
1502 0.07946149520642448 0.0938870833254194 0.1025000000000017
1503 0.08029434305049293 0.09316454434752783 0.1037500000000038
1504 0.05082691881318097 0.1120053001695774 0.102136309523811
1505 0.04927407988195143 0.11267338667145 0.1
1506 0.04862283893122953 0.1129689134981274 0.102136309523811
1507 0.04862283893122953 0.1129689134981274 0.1046363095238178
1508 0.08060038939693019 0.0929055214933821 0.1087500000000021
1509 0.08156777077643088 0.09203253023563683 0.11
1510 0.08240061862049931 0.09130999125774528 0.1087500000000021
1511 0.08240061862049931 0.09130999125774528 0.1062500000000089
1512 0.08029434305049293 0.09316454434752783 0.1062500000000038
1513 0.07946149520642448 0.0938870833254194 0.1075000000000017
1514 0.070895724143703 0.1005002423504952 0.1075
1515 0.06892107045814236 0.1018740271998505 0.1075
1516 0.07023155386565946 0.1009495749997233 0.11
1517 0.07220620755122015 0.09957579015036797 0.1075
1518 0.07089572414370304 0.1005002423504952 0.105
1519 0.06892107045814236 0.1018740271998505 0.1025
1520 0.070895724143703 0.1005002423504952 0.1025
1521 0.07023155386565946 0.1009495749997233 0.1
1522 0.07220620755122015 0.09957579015036797 0.1025
1523 0.07349214050468103 0.0986174817079027 0.1075
1524 0.0741256266280936 0.09812583415187992 0.11
1525 0.07541155958155454 0.09716752570941461 0.1075
1526 0.07349214050468109 0.09861748170790266 0.105
1527 0.07541155958155454 0.09716752570941461 0.1025
1528 0.0741256266280936 0.09812583415187992 0.1
1529 0.07349214050468103 0.0986174817079027 0.1025
1530 0.06112136610047226 0.1067320579003253 0.1075
1531 0.06212718581280788 0.106129640694721 0.11
1532 0.06319734597603427 0.1055168009124712 0.1075
1533 0.06319734597603427 0.1055168009124712 0.1025
1534 0.06212718581280788 0.106129640694721 0.1
1535 0.06112136610047226 0.1067320579003253 0.1025
1536 0.06499740005971211 0.1044200036323646 0.1025
1537 0.06399158034737649 0.1050224208379689 0.105
1538 0.06499740005971211 0.1044200036323646 0.1075
1539 0.06702426730557659 0.1031244917034705 0.1075
1540 0.06623003293423435 0.1036188717779728 0.11
1541 0.06768843758362013 0.1026751590542423 0.105
1542 0.06702426730557659 0.1031244917034705 0.1025
1543 0.06623003293423435 0.1036188717779728 0.1
1544 0.07760024728247718 0.09541099216647847 0.1075000000000017
1545 0.07790629362891444 0.09515196931233275 0.11
1546 0.07760024728247718 0.09541099216647847 0.1025000000000017
1547 0.07790629362891444 0.09515196931233275 0.1
1548 0.07696676115906459 0.09590263972250127 0.1050000000000017
1549 0.08143323724099863 0.09218298251549054 0.1050000000000042
1550 0.05257329686666049 0.1111919754733336 0.1074383928571431
1551 0.05364276641396433 0.1106604783220577 0.11
1552 0.05473790351672195 0.1101426804524913 0.1074383928571431
1553 0.05900151557595892 0.1079187859233618 0.1024897321428572
1554 0.05792928950063583 0.1084780404918952 0.1
1555 0.05687959913934889 0.109051928732682 0.1024897321428572
1556 0.06007167573918532 0.1073059461411121 0.1049897321428573
1557 0.05900151557595892 0.1079187859233618 0.1074897321428572
1558 0.05687959913934889 0.109051928732682 0.1074897321428572
1559 0.05792928950063583 0.1084780404918952 0.11
1560 0.05257329686666049 0.1111919754733336 0.1024383928571431
1561 0.05473790351672195 0.1101426804524913 0.1024383928571431
1562 0.05364276641396433 0.1106604783220577 0.1
1563 0.05192205591593858 0.111487502300011 0.1045747023809541
1564 0.05581012959204505 0.1095834258839579 0.1049281250000003
1565 0.05082691881318097 0.1120053001695774 0.107136309523811
1566 0.04862283893122953 0.1129689134981274 0.107136309523811
1567 0.04927407988195143 0.11267338667145 0.11
1568 0.07976754155286175 0.09362806047127366 -0.1
1569 0.07604504570496713 0.09667587815339182 -0.1
1570 0.07220620755122009 0.09957579015036801 -0.1
1571 0.06825690018009882 0.1023233598490786 -0.1
1572 0.06420316568836988 0.104914383706867 -0.1
1573 0.06005120593724587 0.107344897682575 -0.1
1574 0.05580737306402579 0.1096111833012154 -0.1
1575 0.05147815976390287 0.1117097733429 -0.1
1576 0.07976754155286175 0.09362806047127366 -0.11
1577 0.07604504570496713 0.09667587815339182 -0.11
1578 0.07220620755122009 0.09957579015036801 -0.11
1579 0.06825690018009882 0.1023233598490786 -0.11
1580 0.06420316568836988 0.104914383706867 -0.11
1581 0.06005120593724587 0.107344897682575 -0.11
1582 0.05580737306402579 0.1096111833012154 -0.11
1583 0.05147815976390287 0.1117097733429 -0.11
1584 0.07220620755122019 0.09957579015036794 -0.105
1585 0.07477807345814197 0.0976591732654374 -0.105
1586 0.0791554488599872 0.09414610617956513 -0.104999999999996
1587 0.06958524073618591 0.1014246945506224 -0.105
1588 0.06579163443105435 0.1039256235578623 -0.105
1589 0.06219152626369866 0.1061192181180755 -0.1049999999999999
1590 0.08143323724099866 0.09218298251549051 -0.1074999999999949
1591 0.05017567786245906 0.1123008269962547 -0.1057273809523774
1592 0.08143323724099864 0.09218298251549049 -0.1024999999999949
1593 0.05366843396941812 0.1106741776037672 -0.1051232142857137
1594 0.05795182521467199 0.1084926741641486 -0.1050205357142856
1595 0.08060038939693021 0.09290552149338208 -0.1087499999999975
1596 0.08240061862049933 0.09130999125774525 -0.1087499999999975
1597 0.08156777077643088 0.09203253023563683 -0.11
1598 0.08240061862049933 0.09130999125774525 -0.1062499999999893
1599 0.07946149520642448 0.0938870833254194 -0.107499999999998
1600 0.08029434305049293 0.09316454434752783 -0.1062499999999955
1601 0.05082691881318097 0.1120053001695774 -0.1078636904761887
1602 0.04927407988195143 0.11267338667145 -0.11
1603 0.04862283893122953 0.1129689134981273 -0.1078636904761887
1604 0.04862283893122953 0.1129689134981273 -0.1053636904761805
1605 0.08060038939693021 0.09290552149338208 -0.1012499999999975
1606 0.08156777077643088 0.09203253023563683 -0.1
1607 0.08240061862049933 0.09130999125774525 -0.1012499999999975
1608 0.08240061862049933 0.09130999125774525 -0.1037499999999893
1609 0.08029434305049292 0.09316454434752781 -0.1037499999999955
1610 0.07946149520642448 0.0938870833254194 -0.102499999999998
1611 0.070895724143703 0.1005002423504952 -0.1025
1612 0.06892107045814236 0.1018740271998505 -0.1025
1613 0.07023155386565946 0.1009495749997233 -0.1
1614 0.07220620755122015 0.09957579015036797 -0.1025
1615 0.07089572414370304 0.1005002423504952 -0.105
1616 0.06892107045814236 0.1018740271998505 -0.1075
1617 0.070895724143703 0.1005002423504952 -0.1075
1618 0.07023155386565946 0.1009495749997233 -0.11
1619 0.07220620755122015 0.09957579015036797 -0.1075
1620 0.07349214050468103 0.0986174817079027 -0.1025
1621 0.0741256266280936 0.09812583415187992 -0.1
1622 0.07541155958155454 0.09716752570941461 -0.1025
1623 0.07349214050468109 0.09861748170790266 -0.105
1624 0.07541155958155454 0.09716752570941461 -0.1075
1625 0.0741256266280936 0.09812583415187992 -0.11
1626 0.07349214050468103 0.0986174817079027 -0.1075
1627 0.06319734597603427 0.1055168009124712 -0.1025
1628 0.06112136610047227 0.1067320579003253 -0.1025
1629 0.06212718581280788 0.106129640694721 -0.1
1630 0.06499740005971211 0.1044200036323646 -0.1025
1631 0.06399158034737651 0.1050224208379689 -0.105
1632 0.06112136610047227 0.1067320579003253 -0.1075
1633 0.06319734597603427 0.1055168009124712 -0.1075
1634 0.06212718581280788 0.106129640694721 -0.11
1635 0.06499740005971211 0.1044200036323646 -0.1075
1636 0.06702426730557659 0.1031244917034705 -0.1025
1637 0.06623003293423435 0.1036188717779728 -0.1
1638 0.06768843758362013 0.1026751590542423 -0.105
1639 0.06702426730557659 0.1031244917034705 -0.1075
1640 0.06623003293423435 0.1036188717779728 -0.11
1641 0.07760024728247716 0.09541099216647847 -0.102499999999998
1642 0.07790629362891444 0.09515196931233275 -0.1
1643 0.07760024728247716 0.09541099216647847 -0.107499999999998
1644 0.07790629362891444 0.09515196931233275 -0.11
1645 0.07696676115906459 0.09590263972250127 -0.104999999999998
1646 0.08143323724099866 0.09218298251549051 -0.1049999999999949
1647 0.05257329686666049 0.1111919754733336 -0.1025616071428569
1648 0.05364276641396433 0.1106604783220577 -0.1
1649 0.05473790351672195 0.1101426804524913 -0.1025616071428569
1650 0.05900151557595892 0.1079187859233618 -0.1075102678571428
1651 0.05792928950063583 0.1084780404918952 -0.11
1652 0.05687959913934889 0.109051928732682 -0.1075102678571428
1653 0.06007167573918532 0.1073059461411121 -0.1050102678571428
1654 0.05900151557595892 0.1079187859233618 -0.1025102678571428
1655 0.05687959913934889 0.109051928732682 -0.1025102678571428
1656 0.05792928950063583 0.1084780404918952 -0.1
1657 0.05257329686666049 0.1111919754733336 -0.1075616071428568
1658 0.05473790351672195 0.1101426804524913 -0.1075616071428568
1659 0.05364276641396433 0.1106604783220577 -0.11
1660 0.05192205591593858 0.1114875023000109 -0.1054252976190455
1661 0.05581012959204505 0.1095834258839579 -0.1050718749999996
1662 0.05082691881318097 0.1120053001695774 -0.1028636904761887
1663 0.04862283893122953 0.1129689134981273 -0.1028636904761887
1664 0.04927407988195143 0.11267338667145 -0.1
1665 0.004999 0.122898 0.11
1666 0.004999 0.122898 0.1
1667 0.04259008281139887 0.1153908034252218 0.11
1668 0.03804500790025472 0.1169680727500866 0.11
1669 0.03344172868648298 0.1183663949415528 0.11
1670 0.0287872876356336 0.1195836307342409 0.11
1671 0.02408880548464688 0.1206179179032819 0.11
1672 0.01935347034815707 0.1214676741132512 0.11
1673 0.01458852672143162 0.1221315993389838 0.11
1674 0.009801264397166123 0.1226086778544522 0.11
1675 0.04259008281139887 0.1153908034252218 0.1
1676 0.03804500790025472 0.1169680727500866 0.1
1677 0.03344172868648298 0.1183663949415528 0.1
1678 0.0287872876356336 0.1195836307342409 0.1
1679 0.02408880548464688 0.1206179179032819 0.1
1680 0.01935347034815707 0.1214676741132512 0.1
1681 0.01458852672143162 0.1221315993389838 0.1
1682 0.009801264397166123 0.1226086778544522 0.1
1683 0.004999 0.122898 0.1050000000000136
1684 0.03498218923024432 0.1179203082834309 0.105
1685 0.0400305214389638 0.11630352540798 0.1050000000000013
1686 0.03060297466201985 0.1191319042525375 0.105
1687 0.01302303137839344 0.1223084352067239 0.1045743305258622
1688 0.0257022063259764 0.1202844514431393 0.105
1689 0.01715906680209727 0.1217970405858909 0.1030918367346941
1690 0.01777942997144427 0.1217080298866533 0.1064284769463343
1691 0.02089198379436333 0.121212531044179 0.1035344702695894
1692 0.02156958449846447 0.1210937888314822 0.1069925894431848
1693 0.008339865681724066 0.1227167442096261 0.1045123884209804
1694 0.007035833641880838 0.1227984108771925 0.1073780971052485
1695 0.04441656642643684 0.1147001364248793 0.1050000000000025
1696 0.02969513114882672 0.1193577674933892 0.1075
1697 0.03111450816105829 0.1189750128378969 0.11
1698 0.03202235167425142 0.1187491495970451 0.1075
1699 0.03202235167425142 0.1187491495970451 0.1025
1700 0.03111450816105829 0.1189750128378969 0.1
1701 0.02969513114882672 0.1193577674933892 0.1025
1702 0.03421195895836365 0.1181433516124918 0.1025
1703 0.03279258194613208 0.1185261062679842 0.105
1704 0.03421195895836365 0.1181433516124918 0.1075
1705 0.027244746980805 0.1199340410886901 0.1075
1706 0.02489550590531164 0.1204511846732106 0.1075
1707 0.02643804656014024 0.1201007743187614 0.11
1708 0.02815259049399813 0.1197081778478384 0.105
1709 0.02489550590531164 0.1204511846732106 0.1025
1710 0.027244746980805 0.1199340410886901 0.1025
1711 0.02643804656014024 0.1201007743187614 0.1
1712 0.03903776466960926 0.1166357990790333 0.1075000000000007
1713 0.04031754535582679 0.1161794380876542 0.11
1714 0.04131030212518134 0.1158471644166009 0.1075000000000007
1715 0.04131030212518134 0.1158471644166009 0.1025000000000006
1716 0.04031754535582679 0.1161794380876542 0.1
1717 0.03903776466960926 0.1166357990790333 0.1025000000000006
1718 0.01141214788777978 0.122458556530588 0.1072871652629311
1719 0.01219489555929887 0.122370138596718 0.11
1720 0.01380577904991253 0.1222200172728539 0.1072871652629311
1721 0.01380577904991253 0.1222200172728539 0.1022871652629311
1722 0.01219489555929887 0.122370138596718 0.1
1723 0.01141214788777978 0.122458556530588 0.1022871652629311
1724 0.03651359856524952 0.1174441905167588 0.1075
1725 0.03574336829336885 0.1176672338458197 0.11
1726 0.03750635533460406 0.1171119168457055 0.1050000000000006
1727 0.03651359856524952 0.1174441905167588 0.1025
1728 0.03574336829336885 0.1176672338458197 0.1
1729 0.01587379676176445 0.1219643199624374 0.1015459183673471
1730 0.01825626857512717 0.121632357349571 0.1015459183673471
1731 0.01697099853479435 0.1217996367261175 0.1
1732 0.01509104909024536 0.1220527378963074 0.1038330836302782
1733 0.01618397834643795 0.1219198146128186 0.1082142384731671
1734 0.01697099853479435 0.1217996367261175 0.11
1735 0.01856645015980067 0.1215878519999523 0.1082142384731671
1736 0.01540123067491886 0.1220082325466886 0.1055014037360982
1737 0.02249039463950511 0.1209152244737305 0.1017672351347947
1738 0.02172113791640198 0.1210427960082665 0.1
1739 0.0201227270712602 0.1213401025787151 0.1017672351347947
1740 0.02329709506016987 0.1207484912436592 0.1042672351347947
1741 0.02282919499155567 0.1208558533673821 0.1084962947215924
1742 0.02046152742331077 0.1212807314723667 0.1084962947215924
1743 0.02172113791640198 0.1210427960082665 0.11
1744 0.02363589541222044 0.1206891201373108 0.1059962947215924
1745 0.01967450723495437 0.1214009093590677 0.1067105331947595
1746 0.0190255252982303 0.121504785815035 0.1033131535021417
1747 0.01746924838677077 0.1217525352362721 0.1047601568405142
1748 0.0212307841464139 0.1211531599378306 0.1052635298563871
1749 0.0193357068829038 0.1214602804654162 0.1049814736079618
1750 0.009070565039445096 0.1226627110320392 0.1022561942104902
1751 0.007400132198583062 0.1227533389272261 0.1
1752 0.006669432840862033 0.122807372104813 0.1022561942104902
1753 0.006669432840862033 0.122807372104813 0.104756194210497
1754 0.004999 0.122898 0.1025000000000068
1755 0.008418549019523481 0.1227035443658223 0.1086890485526242
1756 0.006017416820940419 0.1228482054385962 0.1086890485526242
1757 0.007400132198583062 0.1227533389272261 0.11
1758 0.006017416820940419 0.1228482054385962 0.106189048552631
1759 0.004999 0.122898 0.1075000000000068
1760 0.04350332461891786 0.1150454699250505 0.1025000000000013
1761 0.04222354393270032 0.1155018309164297 0.1050000000000019
1762 0.04350332461891786 0.1150454699250505 0.1075000000000012
1763 0.04574328321321842 0.1141685682124396 0.105000000000008
1764 0.04574328321321842 0.1141685682124396 0.1075000000000012
1765 0.04483004140569943 0.1145139017126109 0.11
1766 0.04574328321321842 0.1141685682124396 0.1025000000000013
1767 0.04483004140569943 0.1145139017126109 0.1
1768 0.007687849661802452 0.1227575775434093 0.1059452427631145
1769 0.01068144853005875 0.122512589708175 0.1045433594734213
1770 0.009070565039445096 0.1226627110320392 0.1072561942104902
1771 0.004999 0.122898 -0.1
1772 0.004999 0.122898 -0.11
1773 0.04259008281139887 0.1153908034252218 -0.1
1774 0.03804500790025472 0.1169680727500866 -0.1
1775 0.03344172868648298 0.1183663949415528 -0.1
1776 0.0287872876356336 0.1195836307342409 -0.1
1777 0.02408880548464688 0.1206179179032819 -0.1
1778 0.01935347034815707 0.1214676741132512 -0.1
1779 0.01458852672143162 0.1221315993389838 -0.1
1780 0.009801264397166123 0.1226086778544522 -0.1
1781 0.04259008281139887 0.1153908034252218 -0.11
1782 0.03804500790025472 0.1169680727500866 -0.11
1783 0.03344172868648298 0.1183663949415528 -0.11
1784 0.0287872876356336 0.1195836307342409 -0.11
1785 0.02408880548464688 0.1206179179032819 -0.11
1786 0.01935347034815707 0.1214676741132512 -0.11
1787 0.01458852672143162 0.1221315993389838 -0.11
1788 0.009801264397166123 0.1226086778544522 -0.11
1789 0.004999 0.122898 -0.1049999999999837
1790 0.03498218923024432 0.1179203082834309 -0.105
1791 0.0400305214389638 0.11630352540798 -0.1049999999999984
1792 0.03060297466201985 0.1191319042525375 -0.105
1793 0.01225824015687628 0.1223874512246102 -0.1052536076512607
1794 0.02649295365624202 0.1201127639993694 -0.105
1795 0.02176950529027191 0.1210580080309304 -0.1052662037037037
1796 0.01698767052632234 0.1218210643488601 -0.1050192901234566
1797 0.007811923657737982 0.1227514827518009 -0.1050422679418741
1798 0.04441656642643683 0.1147001364248793 -0.104999999999997
1799 0.02969513114882672 0.1193577674933892 -0.1025
1800 0.03111450816105829 0.1189750128378969 -0.1
1801 0.03202235167425142 0.1187491495970451 -0.1025
1802 0.03202235167425142 0.1187491495970451 -0.1075
1803 0.03111450816105829 0.1189750128378969 -0.11
1804 0.02969513114882672 0.1193577674933892 -0.1075
1805 0.03421195895836365 0.1181433516124918 -0.1075
1806 0.03279258194613208 0.1185261062679842 -0.105
1807 0.03421195895836365 0.1181433516124918 -0.1025
1808 0.02764012064593781 0.1198481973668052 -0.1025
1809 0.02529087957044445 0.1203653409513256 -0.1025
1810 0.02643804656014024 0.1201007743187614 -0.1
1811 0.02854796415913093 0.1196223341259535 -0.105
1812 0.02529087957044445 0.1203653409513256 -0.1075
1813 0.02764012064593781 0.1198481973668052 -0.1075
1814 0.02643804656014024 0.1201007743187614 -0.11
1815 0.03903776466960926 0.1166357990790333 -0.1024999999999992
1816 0.04031754535582679 0.1161794380876542 -0.1
1817 0.04131030212518134 0.1158471644166009 -0.1024999999999992
1818 0.04131030212518134 0.1158471644166009 -0.1074999999999992
1819 0.04031754535582679 0.1161794380876542 -0.11
1820 0.03903776466960926 0.1166357990790333 -0.1074999999999992
1821 0.0110297522770212 0.1224980645395312 -0.1026268038256304
1822 0.01219489555929887 0.122370138596718 -0.1
1823 0.01342338343915395 0.122259525281797 -0.1026268038256304
1824 0.01342338343915395 0.122259525281797 -0.1076268038256303
1825 0.01219489555929887 0.122370138596718 -0.11
1826 0.0110297522770212 0.1224980645395312 -0.1076268038256303
1827 0.03651359856524952 0.1174441905167588 -0.1025
1828 0.03574336829336885 0.1176672338458197 -0.1
1829 0.03750635533460406 0.1171119168457055 -0.1049999999999992
1830 0.03651359856524952 0.1174441905167588 -0.1075
1831 0.03574336829336885 0.1176672338458197 -0.11
1832 0.01578809862387698 0.121976331843922 -0.1075096450617283
1833 0.01817057043723971 0.1216443692310556 -0.1075096450617283
1834 0.01697099853479435 0.1217996367261175 -0.11
1835 0.01462295534159931 0.1221042577867351 -0.1051364488873587
1836 0.02292915538745939 0.1208379629671062 -0.1076331018518518
1837 0.02172113791640198 0.1210427960082665 -0.11
1838 0.02056148781921449 0.1212628410720908 -0.1076331018518518
1839 0.02413122947325697 0.1205853860151499 -0.1051331018518518
1840 0.02292915538745939 0.1208379629671062 -0.1026331018518518
1841 0.02056148781921449 0.1212628410720908 -0.1026331018518518
1842 0.02172113791640198 0.1210427960082665 -0.1
1843 0.01578809862387698 0.121976331843922 -0.1025096450617283
1844 0.01697099853479435 0.1217996367261175 -0.1
1845 0.01817057043723971 0.1216443692310556 -0.1025096450617283
1846 0.01937858790829712 0.1214395361898953 -0.1051427469135801
1847 0.008806594027452052 0.1226800803031265 -0.107521133970937
1848 0.007400132198583062 0.1227533389272261 -0.11
1849 0.006405461828868991 0.1228247413759004 -0.107521133970937
1850 0.006405461828868991 0.1228247413759004 -0.1050211339709289
1851 0.004999 0.122898 -0.1074999999999919
1852 0.01003508190730713 0.1225694669882055 -0.1051479377965674
1853 0.008806594027452052 0.1226800803031265 -0.1025211339709371
1854 0.006405461828868991 0.1228247413759004 -0.1025211339709371
1855 0.007400132198583062 0.1227533389272261 -0.1
1856 0.004999 0.122898 -0.1024999999999918
1857 0.04350332461891785 0.1150454699250505 -0.1074999999999985
1858 0.04222354393270032 0.1155018309164297 -0.1049999999999977
1859 0.04350332461891785 0.1150454699250505 -0.1024999999999985
1860 0.04574328321321841 0.1141685682124396 -0.1049999999999904
1861 0.04574328321321841 0.1141685682124396 -0.1024999999999985
1862 0.04483004140569943 0.1145139017126109 -0.1
1863 0.04574328321321841 0.1141685682124396 -0.1074999999999985
1864 0.04483004140569943 0.1145139017126109 -0.11
1865 -0.004999 0.122898 0.11
1866 -0.004999 0.122898 0.1
1867 1.100595309333485e-14 0.1229996276620381 0.11
1868 1.100595309333485e-14 0.1229996276620381 0.1
1869 -0.004999 0.122898 0.1050000000000136
1870 6.420211584590163e-15 0.1229996276620381 0.1050000000000034
1871 -0.002500016459026257 0.1229742181219487 0.1025000000000051
1872 0.002500016459034515 0.1229742181219485 0.1025000000000051
1873 -0.002500016459026257 0.1229742181219487 0.1075000000000051
1874 0.002500016459034514 0.1229742181219485 0.1075000000000051
1875 -0.001250008229507626 0.1229869228919934 0.1012500000000026
1876 -0.002499499999994497 0.122948813831019 0.1
1877 -0.003749508229513128 0.1229361090609744 0.1012500000000026
1878 -0.003749508229513128 0.1229361090609744 0.1037500000000093
1879 -0.004999 0.122898 0.1025000000000068
1880 -0.001250008229509918 0.1229869228919934 0.1037500000000043
1881 8.713082338962506e-15 0.1229996276620381 0.1025000000000017
1882 0.001250008229522761 0.1229869228919933 0.1012500000000026
1883 0.003749508229517258 0.1229361090609742 0.1012500000000026
1884 0.002499500000005503 0.122948813831019 0.1
1885 0.003749508229517258 0.1229361090609742 0.1037500000000093
1886 0.001250008229520468 0.1229869228919933 0.1037500000000043
1887 -0.001250008229507626 0.1229869228919934 0.1087500000000026
1888 -0.003749508229513128 0.1229361090609744 0.1087500000000026
1889 -0.002499499999994497 0.122948813831019 0.11
1890 -0.003749508229513128 0.1229361090609744 0.1062500000000094
1891 -0.004999 0.122898 0.1075000000000068
1892 8.713082338962506e-15 0.1229996276620381 0.1075000000000017
1893 -0.001250008229509918 0.1229869228919934 0.1062500000000043
1894 0.00125000822952276 0.1229869228919933 0.1087500000000026
1895 0.002499500000005503 0.122948813831019 0.11
1896 0.003749508229517257 0.1229361090609742 0.1087500000000026
1897 0.003749508229517257 0.1229361090609742 0.1062500000000094
1898 0.001250008229520467 0.1229869228919933 0.1062500000000043
1899 0.002500016459034514 0.1229742181219485 0.1050000000000051
1900 -0.002500016459026257 0.1229742181219487 0.1050000000000051
1901 -0.004999 0.122898 -0.1
1902 -0.004999 0.122898 -0.11
1903 1.100595309333485e-14 0.1229996276620381 -0.1
1904 1.100595309333485e-14 0.1229996276620381 -0.11
1905 -0.004999 0.122898 -0.1049999999999837
1906 6.420211584590163e-15 0.1229996276620381 -0.104999999999996
1907 -0.002500016459026257 0.1229742181219486 -0.1074999999999939
1908 0.002500016459034515 0.1229742181219485 -0.1074999999999939
1909 -0.002500016459026256 0.1229742181219487 -0.1024999999999939
1910 0.002500016459034514 0.1229742181219485 -0.1024999999999939
1911 -0.001250008229507626 0.1229869228919934 -0.108749999999997
1912 -0.002499499999994497 0.122948813831019 -0.11
1913 -0.003749508229513128 0.1229361090609743 -0.108749999999997
1914 -0.003749508229513128 0.1229361090609743 -0.1062499999999888
1915 -0.004999 0.122898 -0.1074999999999919
1916 -0.001250008229509918 0.1229869228919934 -0.106249999999995
1917 8.713082338962506e-15 0.1229996276620381 -0.107499999999998
1918 0.001250008229522761 0.1229869228919933 -0.108749999999997
1919 0.003749508229517258 0.1229361090609742 -0.108749999999997
1920 0.002499500000005503 0.122948813831019 -0.11
1921 0.003749508229517258 0.1229361090609742 -0.1062499999999888
1922 0.001250008229520468 0.1229869228919933 -0.106249999999995
1923 -0.001250008229507625 0.1229869228919934 -0.101249999999997
1924 -0.003749508229513128 0.1229361090609744 -0.101249999999997
1925 -0.002499499999994497 0.122948813831019 -0.1
1926 -0.003749508229513128 0.1229361090609744 -0.1037499999999888
1927 -0.004999 0.122898 -0.1024999999999918
1928 8.713082338962506e-15 0.1229996276620381 -0.102499999999998
1929 -0.001250008229509918 0.1229869228919934 -0.103749999999995
1930 0.00125000822952276 0.1229869228919933 -0.101249999999997
1931 0.002499500000005503 0.122948813831019 -0.1
1932 0.003749508229517257 0.1229361090609742 -0.101249999999997
1933 0.003749508229517257 0.1229361090609742 -0.1037499999999888
1934 0.001250008229520467 0.1229869228919933 -0.103749999999995
1935 -0.002500016459026257 0.1229742181219486 -0.1049999999999939
1936 0.002500016459034514 0.1229742181219485 -0.1049999999999939
1937 0.004999 0.122898 0
1938 -0.004999 0.122898 0
1939 1.100595309333485e-14 0.1229996276620381 0
1940 0.004999 0.122898 -0.004999999999990302
1941 0.004999 0.122898 -0.009999999999982483
1942 0.004999 0.122898 -0.01499999999997171
1943 0.004999 0.122898 -0.019999999999956
1944 0.004999 0.122898 -0.02499999999994164
1945 0.004999 0.122898 -0.02999999999992728
1946 0.004999 0.122898 -0.03499999999991292
1947 0.004999 0.122898 -0.03999999999989585
1948 0.004999 0.122898 -0.0449999999998815
1949 0.004999 0.122898 -0.0499999999998685
1950 0.004999 0.122898 -0.05499999999988016
1951 0.004999 0.122898 -0.05999999999989426
1952 0.004999 0.122898 -0.06499999999990864
1953 0.004999 0.122898 -0.06999999999991974
1954 0.004999 0.122898 -0.07499999999993355
1955 0.004999 0.122898 -0.07999999999994738
1956 0.004999 0.122898 -0.0849999999999585
1957 0.004999 0.122898 -0.08999999999997287
1958 0.004999 0.122898 -0.0949999999999878
1959 -0.004999 0.122898 -0.004999999999990302
1960 -0.004999 0.122898 -0.009999999999982483
1961 -0.004999 0.122898 -0.01499999999997171
1962 -0.004999 0.122898 -0.019999999999956
1963 -0.004999 0.122898 -0.02499999999994164
1964 -0.004999 0.122898 -0.02999999999992728
1965 -0.004999 0.122898 -0.03499999999991292
1966 -0.004999 0.122898 -0.03999999999989585
1967 -0.004999 0.122898 -0.0449999999998815
1968 -0.004999 0.122898 -0.0499999999998685
1969 -0.004999 0.122898 -0.05499999999988016
1970 -0.004999 0.122898 -0.05999999999989426
1971 -0.004999 0.122898 -0.06499999999990864
1972 -0.004999 0.122898 -0.06999999999991974
1973 -0.004999 0.122898 -0.07499999999993355
1974 -0.004999 0.122898 -0.07999999999994738
1975 -0.004999 0.122898 -0.0849999999999585
1976 -0.004999 0.122898 -0.08999999999997287
1977 -0.004999 0.122898 -0.0949999999999878
1978 3.469446951953614e-18 0.1229996276620381 -0.03166666666658917
1979 3.469446951953614e-18 0.1229996276620381 -0.03751350308632415
1980 0.0002833544603473642 0.1229993012795187 -0.02744111111104575
1981 3.469446951953614e-18 0.1229996276620381 -0.04259709362128866
1982 0.0002833544603474402 0.1229993012795187 -0.01750476851848189
1983 2.754009043384742e-15 0.1229996276620381 -0.005624999999989798
1984 4.613280243925821e-16 0.1229996276620381 -0.01204861111108843
1985 3.469446951953614e-18 0.1229996276620381 -0.04806905864185305
1986 3.469446951953614e-18 0.1229996276620381 -0.05301150977354078
1987 0.0004166973072913299 0.1229989218178522 -0.08259197255286334
1988 3.469446951953614e-18 0.1229996276620381 -0.05800191829549971
1989 0.0002833544603473642 0.1229993012795187 -0.06254366401085906
1990 0.0003385171755388881 0.122999161830973 -0.08748958471116525
1991 -0.002500016459026946 0.1229742181219487 -0.00265624999999502
1992 0.002500016459033829 0.1229742181219485 -0.002656249999995023
1993 0.0004731165381893633 0.1229987177402322 -0.09249826411851342
1994 9.445156104308759e-05 0.1229995913972995 -0.02249097993822049
1995 0.000213904919092804 0.1229994416641214 -0.07747330960080817
1996 6.75976890851665e-05 0.1229996090869903 -0.07248976129627299
1997 0.0001916810504285756 0.1229994783052958 -0.06746525817712329
1998 -0.001875068835986784 0.1229853345804301 -0.09812499999999544
1999 0.0005997232050008483 0.1229981655841964 -0.09677054401974741
2000 -0.00125000822950797 0.1229869228919934 -0.00132812499999751
2001 -0.003749508229513473 0.1229361090609744 -0.00132812499999751
2002 -0.002499499999994497 0.122948813831019 0
2003 -0.003749508229513473 0.1229361090609744 -0.003828124999992661
2004 -0.001250008229512096 0.1229869228919934 -0.004140624999992409
2005 -0.002499499999998623 0.122948813831019 -0.00531249999999005
2006 -0.004999 0.122898 -0.002499999999995151
2007 0.001250008229522418 0.1229869228919933 -0.001328124999997511
2008 0.002499500000005503 0.122948813831019 0
2009 0.003749508229516915 0.1229361090609742 -0.001328124999997511
2010 0.003749508229516915 0.1229361090609742 -0.003828124999992662
2011 0.002499500000001377 0.122948813831019 -0.00531249999999005
2012 0.001250008229518291 0.1229869228919933 -0.004140624999992411
2013 0.004999 0.122898 -0.002499999999995151
2014 0.002499500000000002 0.122948813831019 -0.04653452932086728
2015 0.004999 0.122898 -0.047499999999875
2016 0.002499500000000002 0.122948813831019 -0.04903452932086078
2017 0.002499500000000002 0.122948813831019 -0.04379854681058508
2018 3.469446951953614e-18 0.1229996276620381 -0.04533307613157085
2019 -0.002499499999999998 0.122948813831019 -0.04903452932086078
2020 -0.004999 0.122898 -0.047499999999875
2021 -0.002499499999999998 0.122948813831019 -0.04653452932086728
2022 -0.002499499999999998 0.122948813831019 -0.04379854681058508
2023 0.00264117723017372 0.1229486506397593 -0.0162523842592268
2024 0.004999 0.122898 -0.01749999999996386
2025 0.00264117723017372 0.1229486506397593 -0.01875238425921895
2026 -0.00235782276982628 0.1229486506397593 -0.01875238425921895
2027 -0.004999 0.122898 -0.01749999999996386
2028 -0.00235782276982628 0.1229486506397593 -0.0162523842592268
2029 0.002707848653645665 0.1229484609089261 -0.08129598627640536
2030 0.004999 0.122898 -0.08249999999995294
2031 0.002707848653645665 0.1229484609089261 -0.08379598627641091
2032 -0.002291151346354335 0.1229484609089261 -0.08379598627641091
2033 -0.004999 0.122898 -0.08249999999995294
2034 -0.002291151346354335 0.1229484609089261 -0.08129598627640536
2035 0.002499500000000002 0.122948813831019 -0.03625675154311854
2036 0.004999 0.122898 -0.03749999999990439
2037 0.002499500000000002 0.122948813831019 -0.03875675154311
2038 -0.002499499999999998 0.122948813831019 -0.03875675154311
2039 -0.004999 0.122898 -0.03749999999990439
2040 -0.002499499999999998 0.122948813831019 -0.03625675154311854
2041 0.002499500000000231 0.122948813831019 -0.01352430555553007
2042 0.002499500000000231 0.122948813831019 -0.01102430555553546
2043 0.004999 0.122898 -0.0124999999999771
2044 0.0001416772301739508 0.1229994644707784 -0.01477668981478516
2045 -0.002499499999999769 0.122948813831019 -0.01102430555553546
2046 -0.002499499999999769 0.122948813831019 -0.01352430555553007
2047 -0.004999 0.122898 -0.0124999999999771
2048 0.002499500000000002 0.122948813831019 -0.05150575488670464
2049 0.004999 0.122898 -0.05249999999987433
2050 0.002499500000000002 0.122948813831019 -0.05400575488671047
2051 3.469446951953614e-18 0.1229996276620381 -0.05054028420769691
2052 -0.002499499999999998 0.122948813831019 -0.05400575488671047
2053 -0.004999 0.122898 -0.05249999999987433
2054 -0.002499499999999998 0.122948813831019 -0.05150575488670464
2055 0.002499500000000002 0.122948813831019 -0.04129854681059225
2056 0.004999 0.122898 -0.04249999999988868
2057 -0.004999 0.122898 -0.04249999999988868
2058 -0.002499499999999998 0.122948813831019 -0.04129854681059225
2059 0.002668758587769444 0.1229485809154865 -0.08624479235556187
2060 0.004999 0.122898 -0.08749999999996569
2061 0.002668758587769444 0.1229485809154865 -0.08874479235556906
2062 0.000377607241415109 0.1229990418244126 -0.08504077863201429
2063 -0.002330241412230556 0.1229485809154865 -0.08874479235556906
2064 -0.004999 0.122898 -0.08749999999996569
2065 -0.002330241412230556 0.1229485809154865 -0.08624479235556187
2066 0.002499500000000002 0.122948813831019 -0.05650095914768993
2067 0.004999 0.122898 -0.05749999999988721
2068 0.002499500000000002 0.122948813831019 -0.05900095914769699
2069 3.469446951953614e-18 0.1229996276620381 -0.05550671403452025
2070 -0.002499499999999998 0.122948813831019 -0.05900095914769699
2071 -0.004999 0.122898 -0.05749999999988721
2072 -0.002499499999999998 0.122948813831019 -0.05650095914768993
2073 0.002641177230173682 0.1229486506397593 -0.06127183200537666
2074 0.004999 0.122898 -0.06249999999990145
2075 0.002641177230173682 0.1229486506397593 -0.06377183200538386
2076 0.0001416772301736838 0.1229994644707784 -0.06027279115317939
2077 -0.002357822769826318 0.1229486506397593 -0.06377183200538386
2078 -0.004999 0.122898 -0.06249999999990145
2079 -0.002357822769826318 0.1229486506397593 -0.06127183200537666
2080 0.002641177230173682 0.1229486506397593 -0.02872055555548651
2081 0.002641177230173682 0.1229486506397593 -0.02622055555549369
2082 0.004999 0.122898 -0.02749999999993446
2083 0.002499500000000002 0.122948813831019 -0.03083333333325822
2084 0.0001416772301736838 0.1229994644707784 -0.02955388888881746
2085 -0.002357822769826318 0.1229486506397593 -0.02622055555549369
2086 -0.002357822769826318 0.1229486506397593 -0.02872055555548651
2087 -0.004999 0.122898 -0.02749999999993446
2088 -0.002499499999999998 0.122948813831019 -0.03083333333325822
2089 0.004999 0.122898 -0.007499999999986393
2090 0.002499500000001377 0.122948813831019 -0.00781249999998614
2091 -0.002499499999998623 0.122948813831019 -0.00781249999998614
2092 -0.004999 0.122898 -0.007499999999986393
2093 1.607668533888662e-15 0.1229996276620381 -0.008836805555539114
2094 0.002499500000000002 0.122948813831019 -0.03333333333325104
2095 0.004999 0.122898 -0.0324999999999201
2096 3.469446951953614e-18 0.1229996276620381 -0.03459008487645666
2097 -0.002499499999999998 0.122948813831019 -0.03333333333325104
2098 -0.004999 0.122898 -0.0324999999999201
2099 3.441474535903488e-15 0.1229742181219486 -0.002656249999995021
2100 0.002736058269094682 0.1229483588701161 -0.09374913205925062
2101 0.002736058269094682 0.1229483588701161 -0.09124913205924315
2102 0.004999 0.122898 -0.09249999999998033
2103 0.0004058168568641257 0.1229989397856026 -0.08999392441483933
2104 0.002546725780521544 0.1229487956986497 -0.02374548996908106
2105 0.002546725780521544 0.1229487956986497 -0.02124548996908825
2106 0.004999 0.122898 -0.02249999999994882
2107 0.0001889030106952259 0.1229994463384091 -0.02496604552463312
2108 0.002606452459546402 0.1229487208320607 -0.07623665480037087
2109 0.004999 0.122898 -0.07749999999994046
2110 0.002606452459546402 0.1229487208320607 -0.07873665480037778
2111 0.002533298844542583 0.1229488045434951 -0.07374488064810328
2112 0.002533298844542583 0.1229488045434951 -0.07124488064809636
2113 0.004999 0.122898 -0.07249999999992665
2114 0.002595340525214288 0.1229487391526479 -0.06623262908851596
2115 0.004999 0.122898 -0.06749999999991418
2116 0.002595340525214288 0.1229487391526479 -0.06873262908852151
2117 0.0002375177553879699 0.1229993897924073 -0.06500446109399118
2118 3.469446951953614e-18 0.1229996276620381 -0.0400552983538064
2119 0.0001407513040889853 0.1229995253755558 -0.07498153544854058
2120 0.000315301113192067 0.1229991817409868 -0.08003264107683575
2121 -0.002392547540453598 0.1229487208320607 -0.07873665480037778
2122 -0.002262941730905318 0.1229483588701161 -0.09374913205925062
2123 -0.004999 0.122898 -0.09249999999998033
2124 -0.002262941730905318 0.1229483588701161 -0.09124913205924315
2125 0.000129639369756871 0.122999543696143 -0.06997750973669814
2126 -0.002403659474785712 0.1229487391526479 -0.06623262908851596
2127 -0.002403659474785712 0.1229487391526479 -0.06873262908852151
2128 -0.004999 0.122898 -0.06749999999991418
2129 -0.002465701155457417 0.1229488045434951 -0.07124488064809636
2130 -0.002452274219478456 0.1229487956986497 -0.02374548996908106
2131 -0.004999 0.122898 -0.02249999999994882
2132 -0.002452274219478456 0.1229487956986497 -0.02124548996908825
2133 0.0001889030106952639 0.1229994463384091 -0.01999787422835119
2134 -0.002465701155457417 0.1229488045434951 -0.07374488064810328
2135 -0.004999 0.122898 -0.07249999999992665
2136 -0.002392547540453598 0.1229487208320607 -0.07623665480037087
2137 -0.004999 0.122898 -0.07749999999994046
2138 -0.0009375344179878891 0.1229924811212341 -0.09906249999999772
2139 -0.003437034417993392 0.1229416672902151 -0.09906249999999772
2140 -0.003437034417993392 0.1229416672902151 -0.09656249999999161
2141 -0.004999 0.122898 -0.0974999999999939
2142 0.0002998616025059271 0.1229988966231172 -0.09838527200987371
2143 0.002799361602500424 0.1229480827920982 -0.09838527200987371
2144 0.002799361602500424 0.1229480827920982 -0.0958852720098676
2145 0.004999 0.122898 -0.0974999999999939
2146 -0.0006376728154929679 0.1229917500823133 -0.09744777200987143
2147 0.0005364198715951058 0.1229984416622143 -0.09463440406913042
2148 -0.002199638397499576 0.1229480827920982 -0.0958852720098676
2149 0.004999 0.122898 0.09500000000001382
2150 0.004999 0.122898 0.09000000000002764
2151 0.004999 0.122898 0.08500000000004147
2152 0.004999 0.122898 0.08000000000005529
2153 0.004999 0.122898 0.07500000000006912
2154 0.004999 0.122898 0.07000000000008294
2155 0.004999 0.122898 0.06500000000009676
2156 0.004999 0.122898 0.06000000000011058
2157 0.004999 0.122898 0.05500000000012441
2158 0.004999 0.122898 0.05000000000013687
2159 0.004999 0.122898 0.04500000000012466
2160 0.004999 0.122898 0.04000000000011003
2161 0.004999 0.122898 0.03500000000009511
2162 0.004999 0.122898 0.03000000000008349
2163 0.004999 0.122898 0.02500000000006912
2164 0.004999 0.122898 0.02000000000005478
2165 0.004999 0.122898 0.01500000000004312
2166 0.004999 0.122898 0.01000000000002821
2167 0.004999 0.122898 0.005000000000012744
2168 -0.004999 0.122898 0.09500000000001382
2169 -0.004999 0.122898 0.09000000000002764
2170 -0.004999 0.122898 0.08500000000004147
2171 -0.004999 0.122898 0.08000000000005529
2172 -0.004999 0.122898 0.07500000000006912
2173 -0.004999 0.122898 0.07000000000008294
2174 -0.004999 0.122898 0.06500000000009676
2175 -0.004999 0.122898 0.06000000000011058
2176 -0.004999 0.122898 0.05500000000012441
2177 -0.004999 0.122898 0.05000000000013687
2178 -0.004999 0.122898 0.04500000000012466
2179 -0.004999 0.122898 0.04000000000011003
2180 -0.004999 0.122898 0.03500000000009511
2181 -0.004999 0.122898 0.03000000000008349
2182 -0.004999 0.122898 0.02500000000006912
2183 -0.004999 0.122898 0.02000000000005478
2184 -0.004999 0.122898 0.01500000000004312
2185 -0.004999 0.122898 0.01000000000002821
2186 -0.004999 0.122898 0.005000000000012744
2187 -0.0004106397965301568 0.1229989421904007 0.06240397686388365
2188 8.401162271516149e-05 0.1229995989710831 0.0870439137272551
2189 0.0007732108388693518 0.1229971973257874 0.094165404803913
2190 3.469446951953614e-18 0.1229996276620381 0.05694444444456326
2191 3.469446951953614e-18 0.1229996276620381 0.05199074074086843
2192 3.469446951953614e-18 0.1229996276620381 0.02166666666672666
2193 3.469446951953614e-18 0.1229996276620381 0.02833333333341158
2194 3.469446951953614e-18 0.1229996276620381 0.02500000000006912
2195 3.469446951953614e-18 0.1229996276620381 0.04699845679025026
2196 3.469446951953614e-18 0.1229996276620381 0.01694444444449176
2197 3.469446951953614e-18 0.1229996276620381 0.03278527949254557
2198 3.469446951953614e-18 0.1229996276620381 0.04256280006870405
2199 3.469446951953614e-18 0.1229996276620381 0.01199074074077452
2200 2.753439837244187e-15 0.1229996276620381 0.005873842592608633
2201 -0.002500016459026945 0.1229742181219487 0.09729166666667417
2202 -0.002500016459026945 0.1229742181219487 0.002718460648155341
2203 0.002500016459033828 0.1229742181219485 0.09729166666667416
2204 0.002500016459033828 0.1229742181219485 0.002718460648155341
2205 3.469446951953614e-18 0.1229996276620381 0.03755801326027665
2206 0.0008651443052634243 0.1229965850352402 0.08185438687331802
2207 0.000133977399111122 0.1229995546945457 0.07668760290716958
2208 -0.0008286236704566656 0.1229968364951423 0.09124186370624746
2209 0.0006523030514569401 0.1229978979728071 0.07060956255375678
2210 -0.001523591106520799 0.1229901909712321 0.07204266648961874
2211 -0.0001831377211731099 0.1229994913224242 0.06786517227251691
2212 0.001852611538718848 0.1229856749198321 0.07286796639013943
2213 -0.001250008229507969 0.1229869228919934 0.0986458333333371
2214 -0.003749508229513472 0.1229361090609744 0.0986458333333371
2215 -0.003749508229513472 0.1229361090609744 0.09614583333334401
2216 -0.0008634028100787965 0.122985707723868 0.09572853573529358
2217 -0.002112894580565324 0.1229475986628937 0.09458270240196341
2218 -0.004999 0.122898 0.09750000000000691
2219 -0.001250008229507969 0.1229869228919934 0.00135923032407767
2220 -0.003749508229513472 0.1229361090609744 0.00135923032407767
2221 -0.003749508229513472 0.1229361090609744 0.003859230324084043
2222 -0.002499499999998623 0.122948813831019 0.005436921296310689
2223 -0.001250008229512096 0.1229869228919934 0.004296151620381987
2224 -0.004999 0.122898 0.002500000000006372
2225 0.001250008229522417 0.1229869228919933 0.09864583333333708
2226 0.003749508229516914 0.1229361090609742 0.09864583333333708
2227 0.003749508229516914 0.1229361090609742 0.09614583333334399
2228 0.002886105419434676 0.1229475986628937 0.09458270240196341
2229 0.00163661364895159 0.122985707723868 0.09572853573529358
2230 0.004999 0.122898 0.09750000000000691
2231 0.001250008229522417 0.1229869228919933 0.00135923032407767
2232 0.003749508229516914 0.1229361090609742 0.00135923032407767
2233 0.003749508229516914 0.1229361090609742 0.003859230324084043
2234 0.001250008229518291 0.1229869228919933 0.004296151620381987
2235 0.002499500000001376 0.122948813831019 0.005436921296310689
2236 0.004999 0.122898 0.002500000000006372
2237 0.002499500000000002 0.122948813831019 0.05349537037049642
2238 0.004999 0.122898 0.05250000000013064
2239 0.002499500000000002 0.122948813831019 0.05099537037050265
2240 0.002499500000000002 0.122948813831019 0.05597222222234383
2241 3.469446951953614e-18 0.1229996276620381 0.05446759259271584
2242 -0.002499499999999998 0.122948813831019 0.05099537037050265
2243 -0.004999 0.122898 0.05250000000013064
2244 -0.002499499999999998 0.122948813831019 0.05349537037049642
2245 -0.002499499999999998 0.122948813831019 0.05597222222234383
2246 0.002499500000000002 0.122948813831019 0.03389263974632034
2247 0.004999 0.122898 0.0325000000000893
2248 0.002499500000000002 0.122948813831019 0.03139263974631453
2249 -0.002499499999999998 0.122948813831019 0.03139263974631453
2250 -0.004999 0.122898 0.0325000000000893
2251 -0.002499499999999998 0.122948813831019 0.03389263974632034
2252 -0.002499499999999998 0.122948813831019 0.02916666666674753
2253 3.469446951953614e-18 0.1229996276620381 0.03055930641297857
2254 0.002499500000000002 0.122948813831019 0.02916666666674753
2255 0.002499500000000002 0.122948813831019 0.01847222222227327
2256 0.004999 0.122898 0.01750000000004895
2257 0.002499500000000002 0.122948813831019 0.01597222222226744
2258 0.002499500000000002 0.122948813831019 0.02083333333339072
2259 3.469446951953614e-18 0.1229996276620381 0.01930555555560921
2260 -0.002499499999999998 0.122948813831019 0.01597222222226744
2261 -0.004999 0.122898 0.01750000000004895
2262 -0.002499499999999998 0.122948813831019 0.01847222222227327
2263 -0.002499499999999998 0.122948813831019 0.02083333333339072
2264 0.002499500000000002 0.122948813831019 0.04599922839518746
2265 0.002499500000000002 0.122948813831019 0.04849922839519356
2266 0.004999 0.122898 0.04750000000013077
2267 -0.002499499999999998 0.122948813831019 0.04849922839519356
2268 -0.002499499999999998 0.122948813831019 0.04599922839518746
2269 -0.004999 0.122898 0.04750000000013077
2270 3.469446951953614e-18 0.1229996276620381 0.04949459876555935
2271 0.002499500000000002 0.122948813831019 0.05847222222233692
2272 0.004999 0.122898 0.0575000000001175
2273 0.002294180101734922 0.1229484710952004 0.06120198843199712
2274 -0.0002053198982650767 0.1229992849262194 0.05967421065422346
2275 -0.004999 0.122898 0.0575000000001175
2276 -0.002499499999999998 0.122948813831019 0.05847222222233692
2277 -0.002704819898265078 0.1229484710952004 0.06120198843199712
2278 0.002499500000000002 0.122948813831019 0.01349537037040882
2279 0.004999 0.122898 0.01250000000003566
2280 0.002499500000000002 0.122948813831019 0.01099537037040136
2281 3.469446951953614e-18 0.1229996276620381 0.01446759259263314
2282 -0.002499499999999998 0.122948813831019 0.01099537037040136
2283 -0.004999 0.122898 0.01250000000003566
2284 -0.002499499999999998 0.122948813831019 0.01349537037040882
2285 0.002499500000000002 0.122948813831019 0.04378140003441436
2286 0.004999 0.122898 0.04250000000011735
2287 0.002499500000000002 0.122948813831019 0.04128140003440704
2288 3.469446951953614e-18 0.1229996276620381 0.04478062842947715
2289 -0.002499499999999998 0.122948813831019 0.04128140003440704
2290 -0.004999 0.122898 0.04250000000011735
2291 -0.002499499999999998 0.122948813831019 0.04378140003441436
2292 0.002294180101734922 0.1229484710952004 0.06370198843199021
2293 0.004999 0.122898 0.06250000000010367
2294 -0.004999 0.122898 0.06250000000010367
2295 -0.002704819898265078 0.1229484710952004 0.06370198843199021
2296 0.002541505811357581 0.1229487994855415 0.08602195686364829
2297 0.002541505811357581 0.1229487994855415 0.08852195686364137
2298 0.004999 0.122898 0.08750000000003455
2299 -0.002457494188642419 0.1229487994855415 0.08852195686364137
2300 -0.002457494188642419 0.1229487994855415 0.08602195686364829
2301 -0.004999 0.122898 0.08750000000003455
2302 0.002499500000001376 0.122948813831019 0.007936921296318421
2303 0.004999 0.122898 0.007500000000020477
2304 1.37845464209807e-15 0.1229996276620381 0.008932291666691575
2305 -0.004999 0.122898 0.007500000000020477
2306 -0.002499499999998623 0.122948813831019 0.007936921296318421
2307 0.002499500000000002 0.122948813831019 0.02333333333339789
2308 0.004999 0.122898 0.02250000000006195
2309 -0.002499499999999998 0.122948813831019 0.02333333333339789
2310 -0.004999 0.122898 0.02250000000006195
2311 -0.002499499999999998 0.122948813831019 0.02500000000006912
2312 3.469446951953614e-18 0.1229996276620381 0.02333333333339789
2313 0.002499500000000002 0.122948813831019 0.02500000000006912
2314 0.004999 0.122898 0.0275000000000763
2315 0.002499500000000002 0.122948813831019 0.02666666666674035
2316 -0.002499499999999998 0.122948813831019 0.02666666666674035
2317 -0.004999 0.122898 0.0275000000000763
2318 3.469446951953614e-18 0.1229996276620381 0.02666666666674035
2319 0.004999 0.122898 0.09250000000002073
2320 0.002886105419434676 0.1229475986628937 0.09208270240197032
2321 3.441691376337985e-15 0.1229742181219486 0.09729166666667416
2322 3.441691376337985e-15 0.1229742181219486 0.002718460648155341
2323 0.002932072152631712 0.1229472925176201 0.08342719343667974
2324 0.004999 0.122898 0.08250000000004838
2325 0.002932072152631712 0.1229472925176201 0.08092719343668665
2326 0.002566488699555561 0.1229487773472728 0.07584380145361935
2327 0.002566488699555561 0.1229487773472728 0.07834380145361244
2328 0.004999 0.122898 0.07750000000006221
2329 0.002499500000000002 0.122948813831019 0.03877900663019334
2330 0.004999 0.122898 0.03750000000010257
2331 0.002499500000000002 0.122948813831019 0.03627900663018588
2332 3.469446951953614e-18 0.1229996276620381 0.04006040666449034
2333 3.469446951953614e-18 0.1229996276620381 0.03517164637641111
2334 -0.002499499999999998 0.122948813831019 0.03877900663019334
2335 -0.002499499999999998 0.122948813831019 0.03627900663018588
2336 -0.004999 0.122898 0.03750000000010257
2337 0.0004745779639892929 0.1229980920031617 0.08444915030028656
2338 0.0004995608521872731 0.122998069864893 0.07927099489024381
2339 -0.002432511300444439 0.1229487773472728 0.07584380145361935
2340 -0.004999 0.122898 0.07750000000006221
2341 -0.002432511300444439 0.1229487773472728 0.07834380145361244
2342 -0.002066927847368288 0.1229472925176201 0.08092719343668665
2343 -0.002066927847368288 0.1229472925176201 0.08342719343667974
2344 -0.004999 0.122898 0.08250000000004838
2345 -0.000372306023870752 0.1229982177331127 0.08914288871675127
2346 -0.002913811835228333 0.1229474182475711 0.09062093185313755
2347 -2.770641579365689e-05 0.1229970169104649 0.09270363425508023
2348 0.002085188164771667 0.1229474182475711 0.09062093185313755
2349 -0.002913811835228333 0.1229474182475711 0.09312093185313064
2350 -0.004999 0.122898 0.09250000000002073
2351 -0.003261295553260399 0.1229440954856161 0.07352133324484393
2352 -0.0006948068537048386 0.1229948728328889 0.07436513469839416
2353 -0.003261295553260399 0.1229440954856161 0.07102133324485084
2354 -0.004999 0.122898 0.07250000000007603
2355 -0.002591068860586555 0.1229487456612121 0.06643258613630684
2356 -0.004999 0.122898 0.06750000000008985
2357 -0.002591068860586555 0.1229487456612121 0.06893258613629993
2358 0.003425805769359424 0.122941837459916 0.07393398319510427
2359 0.000993294468914985 0.1229926148071889 0.07477778464865451
2360 0.001252457295087894 0.1229917864463196 0.0717387644719481
2361 0.003425805769359424 0.122941837459916 0.07143398319511118
2362 0.00282565152572847 0.1229479489864035 0.07030478127691986
2363 0.004999 0.122898 0.07250000000007603
2364 -0.0008533644138469544 0.1229948411468282 0.06995391938106782
2365 -0.0004356440275319295 0.1229940444720196 0.07132611452168776
2366 0.0002345826651419151 0.1229986946476156 0.06923736741313685
2367 0.0001645102160990245 0.1229879329455321 0.07245531643987908
2368 -0.0002968887588516334 0.1229992167564125 0.06513457456820028
2369 0.002407931139413445 0.1229487456612121 0.06643258613630684
2370 0.002407931139413445 0.1229487456612121 0.06893258613629993
2371 0.004999 0.122898 0.06750000000008985
2372 -0.009801250058967724 0.1226084984912612 0.11
2373 -0.01458850537995754 0.122131420673711 0.11
2374 -0.01935344203606397 0.1214674964192344 0.11
2375 -0.02408877024524386 0.1206177414523745 0.11
2376 -0.02878724552286066 0.1195834557963874 0.11
2377 -0.03344167976480558 0.1183662217843765 0.11
2378 -0.03804495224449593 0.1169679016385009 0.11
2379 -0.04259002050670671 0.1153906346210052 0.11
2380 -0.009801250058967724 0.1226084984912612 0.1
2381 -0.01458850537995754 0.122131420673711 0.1
2382 -0.01935344203606397 0.1214674964192344 0.1
2383 -0.02408877024524386 0.1206177414523745 0.1
2384 -0.02878724552286066 0.1195834557963874 0.1
2385 -0.03344167976480558 0.1183662217843765 0.1
2386 -0.03804495224449593 0.1169679016385009 0.1
2387 -0.04259002050670671 0.1153906346210052 0.1
2388 -0.01685287454317114 0.121839603678903 0.1050000000000006
2389 -0.01060036538243883 0.1225419954903575 0.1050000000000034
2390 -0.02179468426871391 0.1210532946376392 0.1050000000000001
2391 -0.02697576607873846 0.1200050684324008 0.105
2392 -0.03651664917361263 0.1174540026484041 0.105
2393 -0.03133765513367312 0.1189405724541587 0.105
2394 -0.04183684735708319 0.1156658402823415 0.1050000000000034
2395 -0.007601637188994896 0.1227645043041632 0.1025000000000043
2396 -0.04465181703001894 0.1146085670485314 0.1025000000000043
2397 -0.007601637188994896 0.1227645043041632 0.1075000000000042
2398 -0.04465181703001894 0.1146085670485315 0.1075000000000042
2399 -0.008701443623981311 0.1226865013977122 0.1012500000000021
2400 -0.006300318594497448 0.1228312521520816 0.1012500000000021
2401 -0.007400125029483862 0.1227532492456306 0.1
2402 -0.006300318594497448 0.1228312521520816 0.1037500000000089
2403 -0.01020080772070328 0.1225752469908094 0.1025000000000017
2404 -0.009101001285716863 0.1226532498972604 0.1037500000000038
2405 -0.04362091876836283 0.1149996008347683 0.1012500000000021
2406 -0.04483001025335336 0.1145138173105026 0.1
2407 -0.04586090851500947 0.1141227835242657 0.1012500000000021
2408 -0.04586090851500947 0.1141227835242657 0.1037500000000089
2409 -0.04324433219355107 0.1151372036654364 0.1037500000000038
2410 -0.04221343393189495 0.1155282374516733 0.1025000000000017
2411 -0.008701443623981311 0.1226865013977122 0.1087500000000021
2412 -0.007400125029483862 0.1227532492456306 0.11
2413 -0.006300318594497448 0.1228312521520816 0.1087500000000021
2414 -0.006300318594497448 0.1228312521520816 0.1062500000000089
2415 -0.009101001285716863 0.1226532498972604 0.1062500000000038
2416 -0.01020080772070328 0.1225752469908094 0.1075000000000017
2417 -0.04362091876836283 0.1149996008347683 0.1087500000000021
2418 -0.04586090851500947 0.1141227835242657 0.1087500000000021
2419 -0.04483001025335336 0.1145138173105026 0.11
2420 -0.04586090851500947 0.1141227835242657 0.1062500000000089
2421 -0.04221343393189495 0.1155282374516733 0.1075000000000017
2422 -0.04324433219355107 0.1151372036654365 0.1062500000000038
2423 -0.02294172725697888 0.1208355180450068 0.1075
2424 -0.02172110614065392 0.1210426189358045 0.11
2425 -0.02057406315238894 0.1212603955284368 0.1075
2426 -0.02057406315238894 0.1212603955284368 0.1025
2427 -0.02172110614065392 0.1210426189358045 0.1
2428 -0.02294172725697888 0.1208355180450068 0.1025
2429 -0.01259443538119819 0.1223367080820343 0.1075000000000017
2430 -0.01219487771946263 0.1223699595824861 0.11
2431 -0.01259443538119819 0.1223367080820343 0.1025000000000017
2432 -0.01219487771946263 0.1223699595824861 0.1
2433 -0.01572068996156434 0.121985512176307 0.1025000000000003
2434 -0.01372661996280498 0.1221907995846302 0.105000000000002
2435 -0.01572068996156434 0.121985512176307 0.1075000000000003
2436 -0.03238966744923935 0.1186533971192676 0.1075
2437 -0.03111446264383312 0.118974838790382 0.11
2438 -0.03006245032826689 0.1192620141252731 0.1075
2439 -0.03006245032826689 0.1192620141252731 0.1025
2440 -0.03111446264383312 0.118974838790382 0.1
2441 -0.03238966744923935 0.1186533971192676 0.1025
2442 -0.02788150580079956 0.1197942621143941 0.1025
2443 -0.02915671060620579 0.1194728204432798 0.105
2444 -0.02788150580079956 0.1197942621143941 0.1075
2445 -0.02643800788405226 0.120100598624381 0.11
2446 -0.02553226816199116 0.1203114049423877 0.1075
2447 -0.02553226816199116 0.1203114049423877 0.1025
2448 -0.02643800788405226 0.120100598624381 0.1
2449 -0.02438522517372618 0.12052918153502 0.105
2450 -0.03994089980078956 0.1163168709604212 0.1075000000000017
2451 -0.04031748637560132 0.116179268129753 0.11
2452 -0.03728080070905428 0.1172109521434525 0.1075
2453 -0.03917674826534791 0.1165599214653728 0.1050000000000017
2454 -0.03994089980078956 0.1163168709604212 0.1025000000000017
2455 -0.04031748637560132 0.116179268129753 0.1
2456 -0.03728080070905428 0.1172109521434525 0.1025
2457 -0.03574331600465076 0.1176670617114387 0.11
2458 -0.03497916446920911 0.1179101122163903 0.1075
2459 -0.03497916446920911 0.1179101122163903 0.1025
2460 -0.03574331600465076 0.1176670617114387 0.1
2461 -0.03392715215364288 0.1181972875512814 0.105
2462 -0.01810315828961755 0.1216535500490687 0.1075000000000003
2463 -0.01697097370801075 0.1217994585464727 0.11
2464 -0.01697097370801075 0.1217994585464727 0.1
2465 -0.01810315828961755 0.1216535500490687 0.1025000000000003
2466 -0.007601637188994896 0.1227645043041632 0.1050000000000043
2467 -0.04465181703001894 0.1146085670485315 0.1050000000000043
2468 -0.01932377940594253 0.1214464491582711 0.1050000000000003
2469 -0.009801250058967724 0.1226084984912612 -0.1
2470 -0.01458850537995754 0.122131420673711 -0.1
2471 -0.01935344203606397 0.1214674964192344 -0.1
2472 -0.02408877024524386 0.1206177414523745 -0.1
2473 -0.02878724552286066 0.1195834557963874 -0.1
2474 -0.03344167976480558 0.1183662217843765 -0.1
2475 -0.03804495224449593 0.1169679016385009 -0.1
2476 -0.04259002050670671 0.1153906346210052 -0.1
2477 -0.009801250058967724 0.1226084984912612 -0.11
2478 -0.01458850537995754 0.122131420673711 -0.11
2479 -0.01935344203606397 0.1214674964192344 -0.11
2480 -0.02408877024524386 0.1206177414523745 -0.11
2481 -0.02878724552286066 0.1195834557963874 -0.11
2482 -0.03344167976480558 0.1183662217843765 -0.11
2483 -0.03804495224449593 0.1169679016385009 -0.11
2484 -0.04259002050670671 0.1153906346210052 -0.11
2485 -0.01685287454317114 0.121839603678903 -0.1049999999999994
2486 -0.01060036538243884 0.1225419954903575 -0.1049999999999959
2487 -0.0217946842687139 0.1210532946376392 -0.1049999999999998
2488 -0.02697576607873846 0.1200050684324008 -0.105
2489 -0.03651664917361263 0.1174540026484041 -0.105
2490 -0.03133765513367312 0.1189405724541587 -0.105
2491 -0.04183684735708318 0.1156658402823415 -0.1049999999999959
2492 -0.007601637188994897 0.1227645043041632 -0.1074999999999949
2493 -0.04465181703001894 0.1146085670485315 -0.1074999999999949
2494 -0.007601637188994896 0.1227645043041632 -0.1024999999999949
2495 -0.04465181703001894 0.1146085670485314 -0.1024999999999949
2496 -0.008701443623981311 0.1226865013977122 -0.1087499999999975
2497 -0.006300318594497449 0.1228312521520816 -0.1087499999999975
2498 -0.007400125029483862 0.1227532492456306 -0.11
2499 -0.006300318594497449 0.1228312521520816 -0.1062499999999893
2500 -0.01020080772070328 0.1225752469908094 -0.107499999999998
2501 -0.009101001285716868 0.1226532498972604 -0.1062499999999954
2502 -0.04362091876836283 0.1149996008347683 -0.1087499999999975
2503 -0.04483001025335336 0.1145138173105026 -0.11
2504 -0.04586090851500947 0.1141227835242657 -0.1087499999999975
2505 -0.04586090851500947 0.1141227835242657 -0.1062499999999893
2506 -0.04324433219355106 0.1151372036654365 -0.1062499999999954
2507 -0.04221343393189494 0.1155282374516733 -0.107499999999998
2508 -0.008701443623981311 0.1226865013977122 -0.1012499999999975
2509 -0.007400125029483862 0.1227532492456306 -0.1
2510 -0.006300318594497448 0.1228312521520816 -0.1012499999999975
2511 -0.006300318594497448 0.1228312521520816 -0.1037499999999893
2512 -0.009101001285716868 0.1226532498972604 -0.1037499999999954
2513 -0.01020080772070328 0.1225752469908094 -0.102499999999998
2514 -0.04362091876836283 0.1149996008347683 -0.1012499999999975
2515 -0.04586090851500947 0.1141227835242657 -0.1012499999999975
2516 -0.04483001025335336 0.1145138173105026 -0.1
2517 -0.04586090851500947 0.1141227835242657 -0.1037499999999893
2518 -0.04221343393189494 0.1155282374516733 -0.102499999999998
2519 -0.04324433219355106 0.1151372036654364 -0.1037499999999954
2520 -0.02294172725697888 0.1208355180450068 -0.1024999999999999
2521 -0.02172110614065392 0.1210426189358045 -0.1
2522 -0.02057406315238893 0.1212603955284368 -0.1024999999999999
2523 -0.02057406315238893 0.1212603955284368 -0.1074999999999999
2524 -0.02172110614065392 0.1210426189358045 -0.11
2525 -0.02294172725697888 0.1208355180450068 -0.1074999999999999
2526 -0.01259443538119819 0.1223367080820343 -0.102499999999998
2527 -0.01219487771946263 0.1223699595824861 -0.1
2528 -0.01259443538119819 0.1223367080820343 -0.107499999999998
2529 -0.01219487771946263 0.1223699595824861 -0.11
2530 -0.01572068996156434 0.121985512176307 -0.1074999999999997
2531 -0.01372661996280499 0.1221907995846302 -0.1049999999999977
2532 -0.01572068996156434 0.121985512176307 -0.1024999999999997
2533 -0.03006245032826689 0.1192620141252731 -0.1025
2534 -0.03238966744923935 0.1186533971192676 -0.1025
2535 -0.03111446264383312 0.118974838790382 -0.1
2536 -0.02788150580079956 0.1197942621143941 -0.1025
2537 -0.02915671060620579 0.1194728204432798 -0.105
2538 -0.03238966744923935 0.1186533971192676 -0.1075
2539 -0.03006245032826689 0.1192620141252731 -0.1075
2540 -0.03111446264383312 0.118974838790382 -0.11
2541 -0.02788150580079956 0.1197942621143941 -0.1075
2542 -0.02643800788405226 0.120100598624381 -0.1
2543 -0.02553226816199116 0.1203114049423877 -0.1025
2544 -0.02553226816199116 0.1203114049423877 -0.1075
2545 -0.02643800788405226 0.120100598624381 -0.11
2546 -0.02438522517372618 0.12052918153502 -0.1049999999999999
2547 -0.03994089980078955 0.1163168709604212 -0.102499999999998
2548 -0.04031748637560132 0.116179268129753 -0.1
2549 -0.03728080070905428 0.1172109521434525 -0.1025
2550 -0.03917674826534791 0.1165599214653728 -0.104999999999998
2551 -0.03994089980078955 0.1163168709604212 -0.107499999999998
2552 -0.04031748637560132 0.116179268129753 -0.11
2553 -0.03728080070905428 0.1172109521434525 -0.1075
2554 -0.03574331600465076 0.1176670617114387 -0.1
2555 -0.03497916446920911 0.1179101122163903 -0.1025
2556 -0.03497916446920911 0.1179101122163903 -0.1075
2557 -0.03574331600465076 0.1176670617114387 -0.11
2558 -0.03392715215364288 0.1181972875512814 -0.105
2559 -0.01810315828961755 0.1216535500490687 -0.1024999999999997
2560 -0.01697097370801075 0.1217994585464727 -0.1
2561 -0.01697097370801075 0.1217994585464727 -0.11
2562 -0.01810315828961755 0.1216535500490687 -0.1074999999999997
2563 -0.007601637188994896 0.1227645043041632 -0.1049999999999949
2564 -0.04465181703001894 0.1146085670485315 -0.1049999999999949
2565 -0.01932377940594252 0.1214464491582711 -0.1049999999999996
2566 -0.083368 0.090437 0.11
2567 -0.083368 0.090437 0.1
2568 -0.05147795267456888 0.1117093239503079 0.11
2569 -0.05580714855888144 0.1096107423509527 0.11
2570 -0.06005096435974884 0.1073444658492657 0.11
2571 -0.06420290740812945 0.1049139616511699 0.11
2572 -0.06825662559223922 0.1023229482167166 0.11
2573 -0.07220591707589472 0.09957538957106327 0.11
2574 -0.07604473978654738 0.09667548924001521 0.11
2575 -0.0797672206593501 0.09362768381885 0.11
2576 -0.05147795267456888 0.1117093239503079 0.1
2577 -0.05580714855888144 0.1096107423509527 0.1
2578 -0.06005096435974884 0.1073444658492657 0.1
2579 -0.06420290740812945 0.1049139616511699 0.1
2580 -0.06825662559223922 0.1023229482167166 0.1
2581 -0.07220591707589472 0.09957538957106327 0.1
2582 -0.07604473978654738 0.09667548924001521 0.1
2583 -0.0797672206593501 0.09362768381885 0.1
2584 -0.083368 0.090437 0.1050000000000136
2585 -0.07846564005667156 0.09472114863902811 0.1049900793650813
2586 -0.05314112364103765 0.1109277857309337 0.1050000000000012
2587 -0.06218614568220269 0.1061217977335093 0.1052427742412552
2588 -0.05796469714080144 0.1084852365733475 0.1050000000000002
2589 -0.07424215866426101 0.09806658220755271 0.1049305555555557
2590 -0.04942112260200904 0.1126343877763678 0.1025000000000042
2591 -0.04942112260200905 0.1126343877763678 0.1075000000000042
2592 -0.07030351384908327 0.1009275413822796 0.1052312001671811
2593 -0.06626019932379588 0.1036269205108925 0.1050789957347394
2594 -0.08132829553160739 0.09227492083401385 0.1034980158730203
2595 -0.08127727080812291 0.09231986741207468 0.106697619047623
2596 -0.04824556130100452 0.1131356938881839 0.1037500000000089
2597 -0.04824556130100452 0.1131356938881839 0.1012500000000021
2598 -0.05044953763828896 0.1121718558633379 0.1012500000000021
2599 -0.05230953815780327 0.1113185548406208 0.1025000000000006
2600 -0.05128112312152334 0.1117810867536508 0.1037500000000027
2601 -0.04927397633728444 0.112673161975154 0.1
2602 -0.04824556130100453 0.1131356938881839 0.1062500000000089
2603 -0.04824556130100453 0.1131356938881839 0.1087500000000021
2604 -0.05044953763828897 0.1121718558633379 0.1087500000000021
2605 -0.05128112312152335 0.1117810867536508 0.1062500000000027
2606 -0.05230953815780327 0.1113185548406208 0.1075000000000006
2607 -0.04927397633728444 0.112673161975154 0.11
2608 -0.07322403787007786 0.09882098588930799 0.1074652777777778
2609 -0.0751434492254042 0.09737103572378396 0.1074652777777778
2610 -0.07412532843122105 0.09812543940553924 0.11
2611 -0.0751434492254042 0.09737103572378396 0.1024652777777778
2612 -0.07322403787007786 0.09882098588930799 0.1024652777777778
2613 -0.07412532843122105 0.09812543940553924 0.1
2614 -0.07725518992160947 0.09569831893952166 0.1024950396825406
2615 -0.07635389936046628 0.09639386542329041 0.1049603174603185
2616 -0.07725518992160947 0.09569831893952166 0.1074950396825406
2617 -0.05688592284984144 0.1090479894621501 0.1075000000000001
2618 -0.05900783075027514 0.1079148512113066 0.1075000000000001
2619 -0.05792905645931514 0.1084776041001092 0.11
2620 -0.05900783075027514 0.1079148512113066 0.1025000000000001
2621 -0.05688592284984144 0.1090479894621501 0.1025000000000001
2622 -0.05792905645931514 0.1084776041001092 0.1
2623 -0.07911643035801083 0.09417441622893906 0.1074950396825406
2624 -0.07790598022294874 0.09515158652943261 0.11
2625 -0.07911643035801083 0.09417441622893906 0.1024950396825406
2626 -0.07790598022294874 0.09515158652943261 0.1
2627 -0.05447413609995955 0.1102692640409432 0.1075000000000006
2628 -0.05364255061672516 0.1106600331506303 0.11
2629 -0.05447413609995955 0.1102692640409432 0.1025000000000006
2630 -0.05364255061672516 0.1106600331506303 0.1
2631 -0.06319452654516607 0.1055178796923396 0.1076213871206276
2632 -0.06212693588393915 0.1061292137502178 0.11
2633 -0.06111855502097577 0.1067331317913875 0.1076213871206276
2634 -0.06111855502097577 0.1067331317913875 0.1026213871206276
2635 -0.06212693588393915 0.1061292137502178 0.1
2636 -0.06319452654516607 0.1055178796923396 0.1026213871206276
2637 -0.06007542141150207 0.1073035171534284 0.1051213871206277
2638 -0.04942112260200904 0.1126343877763678 0.1050000000000042
2639 -0.06523155336596267 0.1042704410810312 0.1075394978673697
2640 -0.06725841245801756 0.1029749343638046 0.1075394978673697
2641 -0.06622976650018433 0.1036184549339433 0.11
2642 -0.06422317250299929 0.1048743591222009 0.1051608849879973
2643 -0.07125471546248899 0.1002514654766714 0.1076156000835906
2644 -0.07023127133406697 0.1009491688938899 0.11
2645 -0.06928006972066125 0.1016252447994981 0.1076156000835906
2646 -0.07227283625667213 0.09949706179491616 0.1050808778613684
2647 -0.07125471546248899 0.1002514654766714 0.1026156000835906
2648 -0.06928006972066125 0.1016252447994981 0.1026156000835906
2649 -0.07023127133406697 0.1009491688938899 0.1
2650 -0.05555291039091954 0.1097065111521406 0.1050000000000007
2651 -0.06523155336596267 0.1042704410810312 0.1025394978673697
2652 -0.06622976650018433 0.1036184549339433 0.1
2653 -0.06725841245801756 0.1029749343638046 0.1025394978673697
2654 -0.06828185658643958 0.1022772309465861 0.1051550979509603
2655 -0.08054775809547875 0.09295130232643192 0.1017490079365101
2656 -0.08156761032967505 0.092032341909425 0.1
2657 -0.08234814776580369 0.09135596041700693 0.1017490079365101
2658 -0.08234814776580369 0.09135596041700693 0.104249007936517
2659 -0.083368 0.090437 0.1025000000000068
2660 -0.07989696779413948 0.09349803473652099 0.1042440476190508
2661 -0.08052224573373651 0.09297377561546234 0.1083488095238115
2662 -0.08232263540406146 0.09137843370603735 0.1083488095238115
2663 -0.08156761032967505 0.092032341909425 0.11
2664 -0.08232263540406146 0.09137843370603735 0.1058488095238183
2665 -0.083368 0.090437 0.1075000000000068
2666 -0.07987145543239724 0.0935205080255514 0.1058438492063521
2667 -0.08130278316986515 0.09229739412304427 0.1050978174603217
2668 -0.083368 0.090437 -0.1
2669 -0.083368 0.090437 -0.11
2670 -0.05147795267456888 0.1117093239503079 -0.1
2671 -0.05580714855888144 0.1096107423509527 -0.1
2672 -0.06005096435974884 0.1073444658492657 -0.1
2673 -0.06420290740812945 0.1049139616511699 -0.1
2674 -0.06825662559223922 0.1023229482167166 -0.1
2675 -0.07220591707589472 0.09957538957106327 -0.1
2676 -0.07604473978654738 0.09667548924001521 -0.1
2677 -0.0797672206593501 0.09362768381885 -0.1
2678 -0.05147795267456888 0.1117093239503079 -0.11
2679 -0.05580714855888144 0.1096107423509527 -0.11
2680 -0.06005096435974884 0.1073444658492657 -0.11
2681 -0.06420290740812945 0.1049139616511699 -0.11
2682 -0.06825662559223922 0.1023229482167166 -0.11
2683 -0.07220591707589472 0.09957538957106327 -0.11
2684 -0.07604473978654738 0.09667548924001521 -0.11
2685 -0.0797672206593501 0.09362768381885 -0.11
2686 -0.083368 0.090437 -0.1049999999999837
2687 -0.0776950660240496 0.09535423107821994 -0.1050107473544958
2688 -0.05314112364103767 0.1109277857309337 -0.1049999999999985
2689 -0.06280114515303159 0.1057590130271073 -0.105
2690 -0.05796966709379922 0.1084825809336876 -0.1049999999999998
2691 -0.07358810916313446 0.09855832211840157 -0.1050595238095237
2692 -0.04942112260200904 0.1126343877763678 -0.1074999999999949
2693 -0.04942112260200904 0.1126343877763678 -0.1024999999999949
2694 -0.06640641066988329 0.1035332859081697 -0.1069464285714285
2695 -0.06692573078298579 0.1031983489604524 -0.1036304563492064
2696 -0.06956283803067537 0.1014394609317204 -0.1064891699735449
2697 -0.07012881125622324 0.1010490103899539 -0.103035830026455
2698 -0.08124607867442302 0.09234731923033535 -0.1050017912257466
2699 -0.04824556130100452 0.1131356938881839 -0.1062499999999893
2700 -0.04824556130100452 0.1131356938881839 -0.1087499999999975
2701 -0.05044953763828896 0.1121718558633379 -0.1087499999999975
2702 -0.05230953815780327 0.1113185548406208 -0.1074999999999992
2703 -0.05128112312152336 0.1117810867536508 -0.1062499999999967
2704 -0.04927397633728444 0.112673161975154 -0.11
2705 -0.04824556130100452 0.1131356938881839 -0.1037499999999893
2706 -0.04824556130100452 0.1131356938881839 -0.1012499999999975
2707 -0.05044953763828896 0.1121718558633379 -0.1012499999999975
2708 -0.05128112312152336 0.1117810867536508 -0.1037499999999967
2709 -0.05230953815780327 0.1113185548406208 -0.1024999999999993
2710 -0.04927397633728444 0.112673161975154 -0.1
2711 -0.07289701311951459 0.09906685584473242 -0.1025297619047618
2712 -0.07481642447484092 0.09761690567920839 -0.1025297619047618
2713 -0.07412532843122105 0.09812543940553924 -0.1
2714 -0.07481642447484092 0.09761690567920839 -0.1075297619047619
2715 -0.07289701311951459 0.09906685584473242 -0.1075297619047619
2716 -0.07412532843122105 0.09812543940553924 -0.11
2717 -0.07686990290529849 0.09601486015911757 -0.1075053736772479
2718 -0.07564158759359203 0.09695627659831076 -0.1050351355820097
2719 -0.07686990290529849 0.09601486015911757 -0.1025053736772479
2720 -0.05688840782634033 0.1090466616423201 -0.1024999999999999
2721 -0.05901031572677403 0.1079135233914766 -0.1024999999999999
2722 -0.05792905645931514 0.1084776041001092 -0.1
2723 -0.05901031572677403 0.1079135233914766 -0.1074999999999999
2724 -0.05688840782634033 0.1090466616423201 -0.1074999999999999
2725 -0.05792905645931514 0.1084776041001092 -0.11
2726 -0.07873114334169985 0.09449095744853497 -0.1025053736772479
2727 -0.07790598022294874 0.09515158652943261 -0.1
2728 -0.07873114334169985 0.09449095744853497 -0.1075053736772479
2729 -0.07790598022294874 0.09515158652943261 -0.11
2730 -0.05447413609995956 0.1102692640409432 -0.1024999999999993
2731 -0.05364255061672516 0.1106600331506303 -0.1
2732 -0.05447413609995956 0.1102692640409432 -0.1074999999999992
2733 -0.05364255061672516 0.1106600331506303 -0.11
2734 -0.06350202628058052 0.1053364873391386 -0.1025
2735 -0.06212693588393915 0.1061292137502178 -0.1
2736 -0.06142605475639022 0.1065517394381865 -0.1025
2737 -0.06142605475639022 0.1065517394381865 -0.1075
2738 -0.06212693588393915 0.1061292137502178 -0.11
2739 -0.06350202628058052 0.1053364873391386 -0.1075
2740 -0.06038540612341541 0.1071207969803974 -0.1049999999999999
2741 -0.04942112260200904 0.1126343877763678 -0.1049999999999949
2742 -0.06530465903900637 0.1042236237796698 -0.1084732142857142
2743 -0.06622976650018433 0.1036184549339433 -0.11
2744 -0.06733151813106125 0.1029281170624431 -0.1084732142857142
2745 -0.06460377791145744 0.1046461494676385 -0.1059732142857142
2746 -0.06556431909555763 0.1040561553058111 -0.1018152281746032
2747 -0.06759117818761251 0.1027606485885845 -0.1018152281746032
2748 -0.06622976650018433 0.1036184549339433 -0.1
2749 -0.0648634379680087 0.1044786809937799 -0.1043152281746032
2750 -0.07088437755328504 0.1005074252513918 -0.1082445849867724
2751 -0.06890973181145729 0.1018812045742185 -0.1082445849867724
2752 -0.07023127133406697 0.1009491688938899 -0.11
2753 -0.07157547359690491 0.09999889152506099 -0.1057743468915343
2754 -0.07116736416605898 0.1003121999805086 -0.1015179150132275
2755 -0.07023127133406697 0.1009491688938899 -0.1
2756 -0.06919271842423122 0.1016859793033353 -0.1015179150132275
2757 -0.07185846020967884 0.09980366625417773 -0.1040476769179894
2758 -0.06852727101960451 0.1021236796752031 -0.1033331431878307
2759 -0.06798462435027933 0.102486373419945 -0.1067177992724867
2760 -0.06666607072643455 0.103365817434311 -0.1052884424603174
2761 -0.06984582464344929 0.1012442356608372 -0.1047625
2762 -0.05555539536741845 0.1097051833323106 -0.1049999999999991
2763 -0.06824428440683059 0.1023189049460864 -0.1050598131613757
2764 -0.08050664966688656 0.09298750152459268 -0.1075008956128733
2765 -0.07947057234923631 0.09385077515427764 -0.1050062692901212
2766 -0.08156761032967505 0.092032341909425 -0.11
2767 -0.08230703933721151 0.09139215961516767 -0.1075008956128733
2768 -0.08230703933721151 0.09139215961516767 -0.1050008956128652
2769 -0.083368 0.090437 -0.1074999999999919
2770 -0.08050664966688656 0.09298750152459268 -0.1025008956128733
2771 -0.08230703933721151 0.09139215961516767 -0.1025008956128733
2772 -0.08156761032967505 0.092032341909425 -0.1
2773 -0.083368 0.090437 -0.1024999999999918
2774 -0.090437 0.083368 0.11
2775 -0.090437 0.083368 0.1
2776 -0.08697434792223382 0.08697434792225936 0.11
2777 -0.08697434792223382 0.08697434792225936 0.1
2778 -0.090437 0.083368 0.1050000000000136
2779 -0.08697434792224296 0.08697434792225024 0.1035714285714344
2780 -0.0880284965852815 0.08590726501254176 0.107214285714291
2781 -0.08576401854095603 0.08816806404082238 0.1071571428571478
2782 -0.08697434792223839 0.08697434792225481 0.1017857142857172
2783 -0.08517117396112148 0.08870567396112512 0.1017857142857172
2784 -0.08517117396111691 0.08870567396112969 0.1
2785 -0.08517117396112148 0.08870567396112512 0.104285714285724
2786 -0.08870567396111692 0.08517117396112968 0.1
2787 -0.08870567396112147 0.08517117396112511 0.1017857142857172
2788 -0.08870567396112147 0.08517117396112511 0.104285714285724
2789 -0.090437 0.083368 0.1025000000000068
2790 -0.08923274829264075 0.08463763250627088 0.1061071428571523
2791 -0.090437 0.083368 0.1075000000000068
2792 -0.08923274829264075 0.08463763250627088 0.1086071428571455
2793 -0.08750142225376223 0.08644080646739599 0.1053928571428627
2794 -0.08750142225375766 0.08644080646740056 0.1086071428571455
2795 -0.08870567396111692 0.08517117396112968 0.11
2796 -0.08636918323159493 0.08757120598154086 0.1085785714285739
2797 -0.08517117396111691 0.08870567396112969 0.11
2798 -0.08456600927047801 0.08930253202041119 0.1085785714285739
2799 -0.08456600927047801 0.08930253202041119 0.1060785714285807
2800 -0.08636918323159949 0.08757120598153631 0.1053642857142911
2801 -0.08689625756311876 0.08703766452668207 0.1071857142857194
2802 -0.090437 0.083368 -0.1
2803 -0.090437 0.083368 -0.11
2804 -0.08697434792223382 0.08697434792225936 -0.1
2805 -0.08697434792223382 0.08697434792225936 -0.11
2806 -0.090437 0.083368 -0.1049999999999837
2807 -0.08697434792224296 0.08697434792225026 -0.1064285714285645
2808 -0.08802849658528152 0.08590726501254176 -0.102785714285708
2809 -0.085764018540956 0.08816806404082235 -0.1028428571428513
2810 -0.08697434792223839 0.08697434792225481 -0.1082142857142823
2811 -0.08517117396112148 0.08870567396112514 -0.1082142857142823
2812 -0.08517117396111691 0.08870567396112969 -0.11
2813 -0.08517117396112148 0.08870567396112514 -0.1057142857142741
2814 -0.08870567396111692 0.08517117396112968 -0.11
2815 -0.08870567396112147 0.08517117396112513 -0.1082142857142823
2816 -0.08870567396112147 0.08517117396112513 -0.1057142857142741
2817 -0.090437 0.083368 -0.1074999999999919
2818 -0.08923274829264076 0.08463763250627088 -0.1038928571428459
2819 -0.090437 0.083368 -0.1024999999999918
2820 -0.08923274829264076 0.08463763250627088 -0.101392857142854
2821 -0.08750142225376223 0.08644080646739601 -0.1046071428571363
2822 -0.08750142225375768 0.08644080646740056 -0.101392857142854
2823 -0.08870567396111692 0.08517117396112968 -0.1
2824 -0.08636918323159491 0.08757120598154086 -0.1014214285714257
2825 -0.08517117396111691 0.08870567396112969 -0.1
2826 -0.084566009270478 0.08930253202041118 -0.1014214285714257
2827 -0.084566009270478 0.08930253202041118 -0.1039214285714175
2828 -0.08636918323159948 0.08757120598153631 -0.1046357142857079
2829 -0.08689625756311875 0.08703766452668205 -0.1028142857142796
2830 -0.083368 0.090437 0
2831 -0.090437 0.083368 0
2832 -0.08697434792223382 0.08697434792225936 0
2833 -0.083368 0.090437 -0.004999999999990302
2834 -0.083368 0.090437 -0.009999999999982483
2835 -0.083368 0.090437 -0.01499999999997171
2836 -0.083368 0.090437 -0.019999999999956
2837 -0.083368 0.090437 -0.02499999999994164
2838 -0.083368 0.090437 -0.02999999999992728
2839 -0.083368 0.090437 -0.03499999999991292
2840 -0.083368 0.090437 -0.03999999999989585
2841 -0.083368 0.090437 -0.0449999999998815
2842 -0.083368 0.090437 -0.0499999999998685
2843 -0.083368 0.090437 -0.05499999999988016
2844 -0.083368 0.090437 -0.05999999999989426
2845 -0.083368 0.090437 -0.06499999999990864
2846 -0.083368 0.090437 -0.06999999999991974
2847 -0.083368 0.090437 -0.07499999999993355
2848 -0.083368 0.090437 -0.07999999999994738
2849 -0.083368 0.090437 -0.0849999999999585
2850 -0.083368 0.090437 -0.08999999999997287
2851 -0.083368 0.090437 -0.0949999999999878
2852 -0.090437 0.083368 -0.004999999999990302
2853 -0.090437 0.083368 -0.009999999999982483
2854 -0.090437 0.083368 -0.01499999999997171
2855 -0.090437 0.083368 -0.019999999999956
2856 -0.090437 0.083368 -0.02499999999994164
2857 -0.090437 0.083368 -0.02999999999992728
2858 -0.090437 0.083368 -0.03499999999991292
2859 -0.090437 0.083368 -0.03999999999989585
2860 -0.090437 0.083368 -0.0449999999998815
2861 -0.090437 0.083368 -0.0499999999998685
2862 -0.090437 0.083368 -0.05499999999988016
2863 -0.090437 0.083368 -0.05999999999989426
2864 -0.090437 0.083368 -0.06499999999990864
2865 -0.090437 0.083368 -0.06999999999991974
2866 -0.090437 0.083368 -0.07499999999993355
2867 -0.090437 0.083368 -0.07999999999994738
2868 -0.090437 0.083368 -0.0849999999999585
2869 -0.090437 0.083368 -0.08999999999997287
2870 -0.090437 0.083368 -0.0949999999999878
2871 -0.08697434792224655 0.08697434792224661 -0.02666666666660352
2872 -0.08697434792224656 0.08697434792224658 -0.03194444444436614
2873 -0.08697434792224656 0.08697434792224662 -0.03754629629620061
2874 -0.08697434792224656 0.08697434792224662 -0.02194444444439508
2875 -0.08697434792224656 0.08697434792224661 -0.04260030864186477
2876 -0.08697434792224655 0.08697434792224658 -0.0169907407407055
2877 -0.08697434792224523 0.08697434792224794 -0.007626044116192154
2878 -0.08697434792224625 0.08697434792224693 -0.01223655202819561
2879 -0.08697434792224656 0.08697434792224662 -0.04805555555543335
2880 -0.08697434792224655 0.08697434792224658 -0.07833333333327565
2881 -0.0871744605048215 0.08677377385300999 -0.07271507936500676
2882 -0.08697434792224656 0.08697434792224661 -0.05300925925913749
2883 -0.08697434792224656 0.08697434792224662 -0.08305555555551004
2884 -0.08717446050482149 0.08677377385300999 -0.05751635802457924
2885 -0.08677377385300988 0.08717446050482161 -0.08752350992060096
2886 -0.08702998108724945 0.08691867914869053 -0.06257846487350528
2887 -0.08701700320160256 0.086931671712974 -0.06754892403969481
2888 -0.08664571678638279 0.08730174199621646 -0.09250391832008603
2889 -0.08828999436138732 0.08563849186356676 -0.09812499999999542
2890 -0.08655037382079264 0.08739626527764818 -0.09677148638667618
2891 -0.08697434792224425 0.08697434792224894 -0.002937674019362125
2892 -0.08517117396112328 0.0887056739611233 -0.04652777777765743
2893 -0.083368 0.090437 -0.047499999999875
2894 -0.08517117396112328 0.0887056739611233 -0.04902777777765092
2895 -0.08517117396112328 0.0887056739611233 -0.04380015432087314
2896 -0.08697434792224656 0.08697434792224662 -0.04532793209864906
2897 -0.08870567396112328 0.08517117396112331 -0.04902777777765092
2898 -0.090437 0.083368 -0.047499999999875
2899 -0.08870567396112328 0.08517117396112331 -0.04652777777765743
2900 -0.08870567396112328 0.08517117396112331 -0.04380015432087314
2901 -0.08517117396112328 0.08870567396112329 -0.01599537037033861
2902 -0.083368 0.090437 -0.01749999999996386
2903 -0.08517117396112328 0.08870567396112329 -0.01849537037033075
2904 -0.08870567396112328 0.08517117396112328 -0.01849537037033075
2905 -0.090437 0.083368 -0.01749999999996386
2906 -0.08870567396112328 0.08517117396112328 -0.01599537037033861
2907 -0.08870567396112328 0.08517117396112331 -0.02097222222217554
2908 -0.08697434792224656 0.08697434792224659 -0.01946759259255029
2909 -0.08517117396112328 0.0887056739611233 -0.02097222222217554
2910 -0.08517117396112328 0.0887056739611233 -0.08152777777772871
2911 -0.083368 0.090437 -0.08249999999995294
2912 -0.08517117396112328 0.0887056739611233 -0.08402777777773426
2913 -0.08517117396112328 0.08870567396112329 -0.07916666666661151
2914 -0.08697434792224656 0.08697434792224659 -0.08069444444439285
2915 -0.08870567396112328 0.08517117396112331 -0.08402777777773426
2916 -0.090437 0.083368 -0.08249999999995294
2917 -0.08870567396112328 0.08517117396112331 -0.08152777777772871
2918 -0.08870567396112328 0.08517117396112328 -0.07916666666661151
2919 -0.08517117396112328 0.0887056739611233 -0.03877314814804823
2920 -0.08517117396112328 0.0887056739611233 -0.03627314814805677
2921 -0.083368 0.090437 -0.03749999999990439
2922 -0.08870567396112328 0.08517117396112331 -0.03627314814805677
2923 -0.08870567396112328 0.08517117396112331 -0.03877314814804823
2924 -0.090437 0.083368 -0.03749999999990439
2925 -0.08517117396112311 0.08870567396112347 -0.01111827601408905
2926 -0.083368 0.090437 -0.0124999999999771
2927 -0.08517117396112311 0.08870567396112347 -0.01361827601408366
2928 -0.08870567396112312 0.08517117396112346 -0.01361827601408366
2929 -0.090437 0.083368 -0.0124999999999771
2930 -0.08870567396112312 0.08517117396112346 -0.01111827601408905
2931 -0.0869743479222464 0.08697434792224676 -0.01461364638445056
2932 -0.08517117396112328 0.0887056739611233 -0.05400462962950883
2933 -0.08517117396112328 0.0887056739611233 -0.05150462962950299
2934 -0.083368 0.090437 -0.05249999999987433
2935 -0.08870567396112328 0.08517117396112331 -0.05150462962950299
2936 -0.08870567396112328 0.08517117396112331 -0.05400462962950883
2937 -0.090437 0.083368 -0.05249999999987433
2938 -0.08697434792224656 0.08697434792224662 -0.05053240740728542
2939 -0.08517117396112328 0.0887056739611233 -0.04130015432088031
2940 -0.083368 0.090437 -0.04249999999988868
2941 -0.090437 0.083368 -0.04249999999988868
2942 -0.08870567396112328 0.08517117396112331 -0.04130015432088031
2943 -0.08507088692650494 0.08880573025241081 -0.0887617549602869
2944 -0.08507088692650494 0.08880573025241081 -0.08626175496027973
2945 -0.083368 0.090437 -0.08749999999996569
2946 -0.08860538692650494 0.0852712302524108 -0.08626175496027973
2947 -0.08860538692650494 0.0852712302524108 -0.0887617549602869
2948 -0.090437 0.083368 -0.08749999999996569
2949 -0.08687406088762822 0.08707440421353412 -0.08528953273805551
2950 -0.08527123025241073 0.08860538692650499 -0.05875817901223675
2951 -0.08527123025241073 0.08860538692650499 -0.05625817901222969
2952 -0.083368 0.090437 -0.05749999999988721
2953 -0.08880573025241074 0.085070886926505 -0.05625817901222969
2954 -0.08880573025241074 0.085070886926505 -0.05875817901223675
2955 -0.090437 0.083368 -0.05749999999988721
2956 -0.08707440421353402 0.08687406088762831 -0.05526280864185837
2957 -0.08527123025241075 0.08860538692650499 -0.07135753968246325
2958 -0.083368 0.090437 -0.07249999999992665
2959 -0.08527123025241075 0.08860538692650499 -0.07385753968247016
2960 -0.08880573025241076 0.085070886926505 -0.07385753968247016
2961 -0.090437 0.083368 -0.07249999999992665
2962 -0.08880573025241076 0.085070886926505 -0.07135753968246325
2963 -0.08517117396112328 0.0887056739611233 -0.02347222222216836
2964 -0.083368 0.090437 -0.02249999999994882
2965 -0.08517117396112328 0.0887056739611233 -0.02583333333327258
2966 -0.08697434792224656 0.08697434792224662 -0.0243055555554993
2967 -0.08870567396112328 0.08517117396112331 -0.02347222222216836
2968 -0.090437 0.083368 -0.02249999999994882
2969 -0.08870567396112328 0.08517117396112331 -0.02583333333327258
2970 -0.08517117396112261 0.08870567396112397 -0.006313022058091228
2971 -0.083368 0.090437 -0.007499999999986393
2972 -0.08517117396112261 0.08870567396112397 -0.008813022058087318
2973 -0.08870567396112261 0.08517117396112397 -0.008813022058087318
2974 -0.090437 0.083368 -0.007499999999986393
2975 -0.08870567396112261 0.08517117396112397 -0.006313022058091228
2976 -0.08697434792224573 0.08697434792224742 -0.009931298072193883
2977 -0.083368 0.090437 -0.02749999999993446
2978 -0.08517117396112328 0.0887056739611233 -0.0283333333332654
2979 -0.08870567396112328 0.08517117396112331 -0.0283333333332654
2980 -0.090437 0.083368 -0.02749999999993446
2981 -0.08870567396112328 0.08517117396112328 -0.03097222222214671
2982 -0.08697434792224656 0.08697434792224659 -0.02930555555548483
2983 -0.08517117396112328 0.08870567396112329 -0.03097222222214671
2984 -0.08517117396112328 0.08870567396112329 -0.0766666666666046
2985 -0.083368 0.090437 -0.07749999999994046
2986 -0.08707440421353402 0.08687406088762828 -0.0755242063491412
2987 -0.090437 0.083368 -0.07749999999994046
2988 -0.08870567396112328 0.08517117396112328 -0.0766666666666046
2989 -0.083368 0.090437 -0.0324999999999201
2990 -0.08517117396112328 0.08870567396112329 -0.03347222222213952
2991 -0.08870567396112328 0.08517117396112328 -0.03347222222213952
2992 -0.090437 0.083368 -0.0324999999999201
2993 -0.08697434792224656 0.08697434792224659 -0.03474537037028337
2994 -0.08873349054362473 0.08514333957434526 -0.06128923243669977
2995 -0.08873349054362473 0.08514333957434526 -0.06378923243670696
2996 -0.090437 0.083368 -0.06249999999990145
2997 -0.08710222079603547 0.08684622650085026 -0.06004741144904226
2998 -0.08872700160080128 0.085149835856487 -0.06627446201980172
2999 -0.08872700160080128 0.085149835856487 -0.06877446201980728
3000 -0.090437 0.083368 -0.06749999999991418
3001 -0.08500685839319139 0.08886937099810824 -0.09125195916002946
3002 -0.083368 0.090437 -0.09249999999998033
3003 -0.08500685839319139 0.08886937099810824 -0.09375195916003692
3004 -0.08670974531969633 0.08723810125051903 -0.09001371412034349
3005 -0.08697434792224656 0.08697434792224662 -0.04007330246903269
3006 -0.08709573185321204 0.086852722782992 -0.07013200170235079
3007 -0.0885413583931914 0.08533487099810823 -0.09125195916002946
3008 -0.0885413583931914 0.08533487099810823 -0.09375195916003692
3009 -0.090437 0.083368 -0.09249999999998033
3010 -0.08519899054362473 0.08867783957434527 -0.06128923243669977
3011 -0.083368 0.090437 -0.06249999999990145
3012 -0.08519899054362473 0.08867783957434527 -0.06378923243670696
3013 -0.08519250160080127 0.088684335856487 -0.06627446201980172
3014 -0.083368 0.090437 -0.06749999999991418
3015 -0.08519250160080127 0.088684335856487 -0.06877446201980728
3016 -0.08702349214442601 0.08692517543083227 -0.06506369445660004
3017 -0.08763217114181057 0.08630641989291306 -0.09906249999999772
3018 -0.08936349718069367 0.08450324593178338 -0.09906249999999772
3019 -0.08936349718069367 0.08450324593178338 -0.09656249999999161
3020 -0.090437 0.083368 -0.0974999999999939
3021 -0.08676236087151323 0.08718530659995377 -0.09838574319333809
3022 -0.08495918691039632 0.0889166326388241 -0.09838574319333809
3023 -0.08495918691039632 0.0889166326388241 -0.09588574319333198
3024 -0.083368 0.090437 -0.0974999999999939
3025 -0.08742018409108998 0.08651737857060747 -0.09744824319333581
3026 -0.08659804530358772 0.08734900363693232 -0.09463770235338111
3027 -0.08849368691039633 0.08538213263882409 -0.09588574319333198
3028 -0.08697434792223904 0.08697434792225414 -0.001468837009681063
3029 -0.08517117396111691 0.08870567396112969 0
3030 -0.08517117396112212 0.08870567396112447 -0.001468837009681063
3031 -0.08517117396112212 0.08870567396112447 -0.003968837009676214
3032 -0.083368 0.090437 -0.002499999999995151
3033 -0.08697434792224473 0.08697434792224844 -0.00528185906777714
3034 -0.08870567396112213 0.08517117396112447 -0.001468837009681063
3035 -0.08870567396111692 0.08517117396112968 0
3036 -0.08870567396112213 0.08517117396112447 -0.003968837009676214
3037 -0.090437 0.083368 -0.002499999999995151
3038 -0.083368 0.090437 0.09500000000001382
3039 -0.083368 0.090437 0.09000000000002764
3040 -0.083368 0.090437 0.08500000000004147
3041 -0.083368 0.090437 0.08000000000005529
3042 -0.083368 0.090437 0.07500000000006912
3043 -0.083368 0.090437 0.07000000000008294
3044 -0.083368 0.090437 0.06500000000009676
3045 -0.083368 0.090437 0.06000000000011058
3046 -0.083368 0.090437 0.05500000000012441
3047 -0.083368 0.090437 0.05000000000013687
3048 -0.083368 0.090437 0.04500000000012466
3049 -0.083368 0.090437 0.04000000000011003
3050 -0.083368 0.090437 0.03500000000009511
3051 -0.083368 0.090437 0.03000000000008349
3052 -0.083368 0.090437 0.02500000000006912
3053 -0.083368 0.090437 0.02000000000005478
3054 -0.083368 0.090437 0.01500000000004312
3055 -0.083368 0.090437 0.01000000000002821
3056 -0.083368 0.090437 0.005000000000012744
3057 -0.090437 0.083368 0.09500000000001382
3058 -0.090437 0.083368 0.09000000000002764
3059 -0.090437 0.083368 0.08500000000004147
3060 -0.090437 0.083368 0.08000000000005529
3061 -0.090437 0.083368 0.07500000000006912
3062 -0.090437 0.083368 0.07000000000008294
3063 -0.090437 0.083368 0.06500000000009676
3064 -0.090437 0.083368 0.06000000000011058
3065 -0.090437 0.083368 0.05500000000012441
3066 -0.090437 0.083368 0.05000000000013687
3067 -0.090437 0.083368 0.04500000000012466
3068 -0.090437 0.083368 0.04000000000011003
3069 -0.090437 0.083368 0.03500000000009511
3070 -0.090437 0.083368 0.03000000000008349
3071 -0.090437 0.083368 0.02500000000006912
3072 -0.090437 0.083368 0.02000000000005478
3073 -0.090437 0.083368 0.01500000000004312
3074 -0.090437 0.083368 0.01000000000002821
3075 -0.090437 0.083368 0.005000000000012744
3076 -0.08667705968698027 0.08727062344809772 0.09250439744169361
3077 -0.08697434792224656 0.08697434792224662 0.06166666666677264
3078 -0.08697434792224656 0.08697434792224658 0.07752783289247836
3079 -0.08697434792224655 0.08697434792224661 0.06743816491610144
3080 -0.08697434792224656 0.08697434792224661 0.05694444444456326
3081 -0.08697434792224656 0.08697434792224662 0.05199074074086843
3082 -0.08697434792224656 0.08697434792224662 0.02166666666672666
3083 -0.08693538351829964 0.08701329487800219 0.02738270617262615
3084 -0.08697434792224655 0.08697434792224658 0.04699845679025026
3085 -0.08697434792224656 0.08697434792224662 0.01694444444449176
3086 -0.08677377385300994 0.08717446050482154 0.04248590389549686
3087 -0.08697434792224656 0.08697434792224662 0.01199074074077452
3088 -0.08677377385300931 0.08717446050482214 0.007483641975329204
3089 -0.08695579561977523 0.08699289626821194 0.03248365864729257
3090 -0.08690197157636276 0.08704666408967682 0.03751924571077203
3091 -0.0869613890098563 0.08698730490408611 0.08752638465007184
3092 -0.08697218823757311 0.08697650755329367 0.08250903625712397
3093 -0.08697434792224658 0.08697434792224662 0.07249433296814732
3094 -0.08694095092967877 0.08700773209573501 0.002913940329225789
3095 -0.08828999436138731 0.08563849186356678 0.09812500000000518
3096 -0.08655560407061383 0.08739108534038893 0.09677156624028772
3097 -0.08517117396112328 0.0887056739611233 0.05099537037050265
3098 -0.08517117396112328 0.0887056739611233 0.05349537037049642
3099 -0.083368 0.090437 0.05250000000013064
3100 -0.08870567396112328 0.08517117396112331 0.05349537037049642
3101 -0.08870567396112328 0.08517117396112331 0.05099537037050265
3102 -0.090437 0.083368 0.05250000000013064
3103 -0.08870567396112328 0.08517117396112331 0.05597222222234383
3104 -0.08697434792224656 0.08697434792224662 0.05446759259271584
3105 -0.08517117396112328 0.0887056739611233 0.05597222222234383
3106 -0.08517117396112328 0.0887056739611233 0.01847222222227327
3107 -0.083368 0.090437 0.01750000000004895
3108 -0.08517117396112328 0.0887056739611233 0.01597222222226744
3109 -0.08517117396112328 0.0887056739611233 0.02083333333339072
3110 -0.08697434792224656 0.08697434792224662 0.01930555555560921
3111 -0.08870567396112328 0.08517117396112331 0.01597222222226744
3112 -0.090437 0.083368 0.01750000000004895
3113 -0.08870567396112328 0.08517117396112331 0.01847222222227327
3114 -0.08870567396112328 0.08517117396112331 0.02083333333339072
3115 -0.08517117396112328 0.08870567396112329 0.04599922839518746
3116 -0.08517117396112328 0.08870567396112329 0.04849922839519356
3117 -0.083368 0.090437 0.04750000000013077
3118 -0.08870567396112328 0.08517117396112328 0.04849922839519356
3119 -0.08870567396112328 0.08517117396112328 0.04599922839518746
3120 -0.090437 0.083368 0.04750000000013077
3121 -0.08697434792224656 0.08697434792224659 0.04949459876555935
3122 -0.08517117396112328 0.0887056739611233 0.05847222222233692
3123 -0.083368 0.090437 0.0575000000001175
3124 -0.08517117396112328 0.0887056739611233 0.06083333333344161
3125 -0.08697434792224656 0.08697434792224662 0.05930555555566795
3126 -0.090437 0.083368 0.0575000000001175
3127 -0.08870567396112328 0.08517117396112331 0.05847222222233692
3128 -0.08870567396112328 0.08517117396112331 0.06083333333344161
3129 -0.08517117396112328 0.0887056739611233 0.01349537037040882
3130 -0.083368 0.090437 0.01250000000003566
3131 -0.08517117396112328 0.0887056739611233 0.01099537037040136
3132 -0.08697434792224656 0.08697434792224662 0.01446759259263314
3133 -0.08870567396112328 0.08517117396112331 0.01099537037040136
3134 -0.090437 0.083368 0.01250000000003566
3135 -0.08870567396112328 0.08517117396112331 0.01349537037040882
3136 -0.08507088692650497 0.08880573025241077 0.04374295194781076
3137 -0.083368 0.090437 0.04250000000011735
3138 -0.08507088692650497 0.08880573025241077 0.04124295194780345
3139 -0.08687406088762825 0.08707440421353406 0.04474218034287356
3140 -0.08860538692650496 0.08527123025241076 0.04124295194780345
3141 -0.090437 0.083368 0.04250000000011735
3142 -0.08860538692650496 0.08527123025241076 0.04374295194781076
3143 -0.08517117396112328 0.0887056739611233 0.0633333333334347
3144 -0.083368 0.090437 0.06250000000010367
3145 -0.08517117396112328 0.0887056739611233 0.0662190824580991
3146 -0.08697434792224656 0.08697434792224662 0.06455241579143704
3147 -0.090437 0.083368 0.06250000000010367
3148 -0.08870567396112328 0.08517117396112331 0.0633333333334347
3149 -0.08870567396112328 0.08517117396112331 0.0662190824580991
3150 -0.08507088692650466 0.08880573025241106 0.008741820987678707
3151 -0.083368 0.090437 0.007500000000020477
3152 -0.08507088692650466 0.08880573025241106 0.006241820987670974
3153 -0.08687406088762795 0.08707440421353438 0.009737191358051862
3154 -0.08860538692650466 0.08527123025241107 0.006241820987670974
3155 -0.090437 0.083368 0.007500000000020477
3156 -0.08860538692650466 0.08527123025241107 0.008741820987678707
3157 -0.08517117396112328 0.0887056739611233 0.02333333333339789
3158 -0.083368 0.090437 0.02250000000006195
3159 -0.08515169175914983 0.08872514743900109 0.02619135308634763
3160 -0.08695486572027311 0.0869938214001244 0.02452468641967641
3161 -0.090437 0.083368 0.02250000000006195
3162 -0.08870567396112328 0.08517117396112331 0.02333333333339789
3163 -0.08868619175914982 0.08519064743900109 0.02619135308634763
3164 -0.08517117396112328 0.0887056739611233 0.06871908245809219
3165 -0.083368 0.090437 0.06750000000008985
3166 -0.08870567396112328 0.08517117396112331 0.06871908245809219
3167 -0.090437 0.083368 0.06750000000008985
3168 -0.08502252984349012 0.08885381172404885 0.09125219872086063
3169 -0.08502252984349012 0.08885381172404885 0.09375219872085372
3170 -0.083368 0.090437 0.09250000000002073
3171 -0.08855702984349013 0.08531931172404886 0.09375219872085372
3172 -0.08855702984349013 0.08531931172404886 0.09125219872086063
3173 -0.090437 0.083368 0.09250000000002073
3174 -0.08517117396112328 0.08870567396112329 0.07876391644626682
3175 -0.083368 0.090437 0.07750000000006221
3176 -0.08517117396112328 0.08870567396112329 0.07626391644627374
3177 -0.08870567396112328 0.08517117396112328 0.07626391644627374
3178 -0.090437 0.083368 0.07750000000006221
3179 -0.08870567396112328 0.08517117396112328 0.07876391644626682
3180 -0.08516189780988762 0.08871494813410596 0.03124182932368803
3181 -0.08516189780988762 0.08871494813410596 0.03374182932369384
3182 -0.083368 0.090437 0.0325000000000893
3183 -0.08513498578818138 0.0887418320448384 0.03875962285544103
3184 -0.083368 0.090437 0.03750000000010257
3185 -0.08513498578818138 0.0887418320448384 0.03625962285543357
3186 -0.08683787271468635 0.08711056229724917 0.04000257480313445
3187 -0.08516469450492814 0.08871215245204306 0.08876319232504974
3188 -0.083368 0.090437 0.08750000000003455
3189 -0.08516469450492814 0.08871215245204306 0.08626319232505666
3190 -0.08697326807990984 0.08697542773777012 0.08001843457480116
3191 -0.08870459411878656 0.08517225377664683 0.08125451812858964
3192 -0.08517009411878655 0.08870675377664683 0.08125451812858964
3193 -0.08697434792224656 0.08697434792224659 0.07501108293031283
3194 -0.08517117396112328 0.0887056739611233 0.07374716648410823
3195 -0.08870567396112329 0.08517117396112331 0.07374716648410823
3196 -0.08517117396112328 0.0887056739611233 0.07124716648411514
3197 -0.083368 0.090437 0.07250000000007603
3198 -0.08870567396112329 0.08517117396112331 0.07124716648411514
3199 -0.090437 0.083368 0.07250000000007603
3200 -0.08517009411878655 0.08870675377664683 0.08375451812858273
3201 -0.083368 0.090437 0.08250000000004838
3202 -0.08870459411878656 0.08517225377664683 0.08375451812858273
3203 -0.090437 0.083368 0.08250000000004838
3204 -0.08681922434841828 0.08712896417609192 0.09001539104588273
3205 -0.08869919450492815 0.08517765245204306 0.08876319232504974
3206 -0.08869639780988761 0.08518044813410597 0.03124182932368803
3207 -0.090437 0.083368 0.0325000000000893
3208 -0.08869639780988761 0.08518044813410597 0.03374182932369384
3209 -0.086928883598069 0.08701978017894438 0.03500145217903231
3210 -0.08866948578818137 0.08520733204483841 0.03875962285544103
3211 -0.08866948578818137 0.08520733204483841 0.03625962285543357
3212 -0.090437 0.083368 0.03750000000010257
3213 -0.08697434792224656 0.08697434792224662 0.06996624894212439
3214 -0.08515169175914983 0.08872514743900109 0.02869135308635482
3215 -0.083368 0.090437 0.0275000000000763
3216 -0.08694558956903745 0.08700309557310706 0.02993318240995936
3217 -0.090437 0.083368 0.0275000000000763
3218 -0.08868619175914982 0.08519064743900109 0.02869135308635482
3219 -0.08869919450492815 0.08517765245204306 0.08626319232505666
3220 -0.090437 0.083368 0.08750000000003455
3221 -0.08696678862371471 0.0869819062286899 0.08501771045359791
3222 -0.08515447546483938 0.08872236604786751 0.003956970164619267
3223 -0.083368 0.090437 0.002500000000006372
3224 -0.08515447546483938 0.08872236604786751 0.001456970164612894
3225 -0.08685736239134403 0.08709109630027857 0.005198791152277497
3226 -0.0869576494259563 0.08699104000899718 0.001456970164612894
3227 -0.08868897546483939 0.0851878660478675 0.001456970164612894
3228 -0.08868897546483939 0.0851878660478675 0.003956970164619267
3229 -0.090437 0.083368 0.002500000000006372
3230 -0.08763217114181057 0.08630641989291307 0.09906250000000259
3231 -0.08936349718069365 0.08450324593178339 0.09906250000000259
3232 -0.08936349718069365 0.08450324593178339 0.0965625000000095
3233 -0.090437 0.083368 0.09750000000000691
3234 -0.08676497599642383 0.08718271663132415 0.09838578312014387
3235 -0.08496180203530691 0.08891404267019447 0.09838578312014387
3236 -0.08496180203530691 0.08891404267019447 0.09588578312015078
3237 -0.083368 0.090437 0.09750000000000691
3238 -0.08742279921600057 0.08651478860197787 0.09744828312014645
3239 -0.08661633187879705 0.08733085439424332 0.09463798184099068
3240 -0.08849630203530692 0.08537954267019446 0.09588578312015078
3241 -0.09362806047127366 0.07976754155286175 0.11
3242 -0.09667587815339182 0.07604504570496713 0.11
3243 -0.09957579015036801 0.07220620755122009 0.11
3244 -0.1023233598490786 0.06825690018009882 0.11
3245 -0.104914383706867 0.06420316568836988 0.11
3246 -0.107344897682575 0.06005120593724587 0.11
3247 -0.1096111833012154 0.05580737306402579 0.11
3248 -0.1117097733429 0.05147815976390287 0.11
3249 -0.09362806047127366 0.07976754155286175 0.1
3250 -0.09667587815339182 0.07604504570496713 0.1
3251 -0.09957579015036801 0.07220620755122009 0.1
3252 -0.1023233598490786 0.06825690018009882 0.1
3253 -0.104914383706867 0.06420316568836988 0.1
3254 -0.107344897682575 0.06005120593724587 0.1
3255 -0.1096111833012154 0.05580737306402579 0.1
3256 -0.1117097733429 0.05147815976390287 0.1
3257 -0.09401696903386847 0.07930878845805564 0.1050000000000034
3258 -0.09804381673192669 0.07427303948026076 0.1050000000000006
3259 -0.1010038563887495 0.07019469629253243 0.1050000000000001
3260 -0.1039256235578623 0.06579163443105435 0.105
3261 -0.1061192181180755 0.06219152626369865 0.1050000000000001
3262 -0.09214979370689874 0.08147079177702894 0.1025000000000042
3263 -0.1123008269962548 0.05017567786245906 0.104272619047622
3264 -0.09214979370689871 0.08147079177702893 0.1075000000000042
3265 -0.1106741776037672 0.05366843396941812 0.1048767857142862
3266 -0.1084926741641486 0.05795182521467199 0.1049794642857144
3267 -0.09288892708908619 0.08061916666494534 0.1012500000000021
3268 -0.09129339685344937 0.08241939588851446 0.1012500000000021
3269 -0.09203253023563683 0.08156777077643088 0.1
3270 -0.09129339685344937 0.08241939588851446 0.1037500000000089
3271 -0.09382251475257106 0.0795381650054587 0.1025000000000017
3272 -0.09308338137038361 0.0803897901175423 0.1037500000000038
3273 -0.1120053001695774 0.05082691881318097 0.102136309523811
3274 -0.11267338667145 0.04927407988195143 0.1
3275 -0.1129689134981274 0.04862283893122953 0.102136309523811
3276 -0.1129689134981274 0.04862283893122953 0.1046363095238178
3277 -0.09288892708908619 0.08061916666494534 0.1087500000000021
3278 -0.09203253023563683 0.08156777077643088 0.11
3279 -0.09129339685344937 0.08241939588851446 0.1087500000000021
3280 -0.09129339685344937 0.08241939588851446 0.1062500000000089
3281 -0.09308338137038359 0.08038979011754228 0.1062500000000038
3282 -0.09382251475257106 0.0795381650054587 0.1075000000000017
3283 -0.1002898232695588 0.07120045192187627 0.1075
3284 -0.101663608118914 0.06922579823631562 0.1075
3285 -0.1009495749997233 0.07023155386565946 0.11
3286 -0.101663608118914 0.06922579823631562 0.1025
3287 -0.1002898232695588 0.07120045192187627 0.1025
3288 -0.1009495749997233 0.07023155386565946 0.1
3289 -0.09880980344114734 0.07323962351574043 0.1075000000000003
3290 -0.09812583415187992 0.0741256266280936 0.11
3291 -0.09735984744265926 0.07515904259261394 0.1075000000000003
3292 -0.09735984744265926 0.07515904259261394 0.1025000000000003
3293 -0.09812583415187992 0.0741256266280936 0.1
3294 -0.09880980344114734 0.07323962351574043 0.1025000000000003
3295 -0.1067320579003253 0.06112136610047226 0.1075
3296 -0.106129640694721 0.06212718581280788 0.11
3297 -0.1055168009124712 0.06319734597603427 0.1075
3298 -0.1055168009124712 0.06319734597603427 0.1025
3299 -0.106129640694721 0.06212718581280788 0.1
3300 -0.1067320579003253 0.06112136610047226 0.1025
3301 -0.1044200036323646 0.06499740005971211 0.1025
3302 -0.1050224208379689 0.06399158034737649 0.105
3303 -0.1044200036323646 0.06499740005971211 0.1075
3304 -0.1031244917034705 0.06702426730557659 0.1075
3305 -0.1036188717779728 0.06623003293423435 0.11
3306 -0.1024647399733059 0.0679931653617934 0.105
3307 -0.1031244917034705 0.06702426730557659 0.1025
3308 -0.1036188717779728 0.06623003293423435 0.1
3309 -0.09534642359363014 0.07767691708151139 0.1075000000000017
3310 -0.09515196931233275 0.07790629362891444 0.11
3311 -0.09534642359363014 0.07767691708151139 0.1025000000000017
3312 -0.09515196931233275 0.07790629362891444 0.1
3313 -0.09603039288289758 0.0767909139691582 0.105000000000002
3314 -0.09214979370689873 0.08147079177702893 0.1050000000000042
3315 -0.1111919754733336 0.05257329686666049 0.1074383928571431
3316 -0.1106604783220577 0.05364276641396433 0.11
3317 -0.1101426804524913 0.05473790351672195 0.1074383928571431
3318 -0.1079187859233618 0.05900151557595892 0.1024897321428572
3319 -0.1084780404918952 0.05792928950063583 0.1
3320 -0.109051928732682 0.05687959913934889 0.1024897321428572
3321 -0.1073059461411121 0.06007167573918532 0.1049897321428573
3322 -0.1079187859233618 0.05900151557595892 0.1074897321428572
3323 -0.109051928732682 0.05687959913934889 0.1074897321428572
3324 -0.1084780404918952 0.05792928950063583 0.11
3325 -0.09952383656033809 0.0722338678863966 0.1050000000000003
3326 -0.1111919754733336 0.05257329686666049 0.1024383928571431
3327 -0.1101426804524913 0.05473790351672195 0.1024383928571431
3328 -0.1106604783220577 0.05364276641396433 0.1
3329 -0.111487502300011 0.05192205591593858 0.1045747023809541
3330 -0.1095834258839579 0.05581012959204505 0.1049281250000003
3331 -0.1120053001695774 0.05082691881318097 0.107136309523811
3332 -0.1129689134981274 0.04862283893122953 0.107136309523811
3333 -0.11267338667145 0.04927407988195143 0.11
3334 -0.09362806047127366 0.07976754155286175 -0.1
3335 -0.09667587815339182 0.07604504570496713 -0.1
3336 -0.09957579015036801 0.07220620755122009 -0.1
3337 -0.1023233598490786 0.06825690018009882 -0.1
3338 -0.104914383706867 0.06420316568836988 -0.1
3339 -0.107344897682575 0.06005120593724587 -0.1
3340 -0.1096111833012154 0.05580737306402579 -0.1
3341 -0.1117097733429 0.05147815976390287 -0.1
3342 -0.09362806047127366 0.07976754155286175 -0.11
3343 -0.09667587815339182 0.07604504570496713 -0.11
3344 -0.09957579015036801 0.07220620755122009 -0.11
3345 -0.1023233598490786 0.06825690018009882 -0.11
3346 -0.104914383706867 0.06420316568836988 -0.11
3347 -0.107344897682575 0.06005120593724587 -0.11
3348 -0.1096111833012154 0.05580737306402579 -0.11
3349 -0.1117097733429 0.05147815976390287 -0.11
3350 -0.09401696903386851 0.07930878845805564 -0.104999999999996
3351 -0.09804381673192671 0.07427303948026076 -0.1049999999999993
3352 -0.1010038563887495 0.07019469629253242 -0.1049999999999999
3353 -0.1039256235578623 0.06579163443105435 -0.105
3354 -0.1061192181180755 0.06219152626369866 -0.1049999999999999
3355 -0.09214979370689874 0.08147079177702894 -0.1074999999999949
3356 -0.1123008269962547 0.05017567786245906 -0.1057273809523774
3357 -0.09214979370689874 0.08147079177702896 -0.1024999999999949
3358 -0.1106741776037672 0.05366843396941812 -0.1051232142857137
3359 -0.1084926741641486 0.05795182521467199 -0.1050205357142856
3360 -0.09288892708908619 0.08061916666494534 -0.1087499999999975
3361 -0.09129339685344937 0.08241939588851446 -0.1087499999999975
3362 -0.09203253023563683 0.08156777077643088 -0.11
3363 -0.09129339685344937 0.08241939588851446 -0.1062499999999893
3364 -0.09382251475257108 0.0795381650054587 -0.107499999999998
3365 -0.09308338137038363 0.0803897901175423 -0.1062499999999955
3366 -0.1120053001695774 0.05082691881318097 -0.1078636904761887
3367 -0.11267338667145 0.04927407988195143 -0.11
3368 -0.1129689134981273 0.04862283893122953 -0.1078636904761887
3369 -0.1129689134981273 0.04862283893122953 -0.1053636904761805
3370 -0.09288892708908619 0.08061916666494535 -0.1012499999999975
3371 -0.09203253023563683 0.08156777077643088 -0.1
3372 -0.09129339685344937 0.08241939588851448 -0.1012499999999975
3373 -0.09129339685344937 0.08241939588851448 -0.1037499999999893
3374 -0.09308338137038363 0.0803897901175423 -0.1037499999999955
3375 -0.09382251475257108 0.0795381650054587 -0.102499999999998
3376 -0.1002898232695588 0.07120045192187625 -0.1025
3377 -0.101663608118914 0.06922579823631561 -0.1025
3378 -0.1009495749997233 0.07023155386565946 -0.1
3379 -0.101663608118914 0.06922579823631561 -0.1075
3380 -0.1002898232695588 0.07120045192187625 -0.1075
3381 -0.1009495749997233 0.07023155386565946 -0.11
3382 -0.09880980344114736 0.07323962351574043 -0.1024999999999996
3383 -0.09812583415187992 0.0741256266280936 -0.1
3384 -0.09735984744265927 0.07515904259261394 -0.1024999999999996
3385 -0.09735984744265927 0.07515904259261394 -0.1074999999999997
3386 -0.09812583415187992 0.0741256266280936 -0.11
3387 -0.09880980344114736 0.07323962351574043 -0.1074999999999997
3388 -0.1055168009124712 0.06319734597603427 -0.1025
3389 -0.1067320579003253 0.06112136610047227 -0.1025
3390 -0.106129640694721 0.06212718581280788 -0.1
3391 -0.1044200036323646 0.06499740005971211 -0.1025
3392 -0.1050224208379689 0.06399158034737651 -0.105
3393 -0.1067320579003253 0.06112136610047227 -0.1075
3394 -0.1055168009124712 0.06319734597603427 -0.1075
3395 -0.106129640694721 0.06212718581280788 -0.11
3396 -0.1044200036323646 0.06499740005971211 -0.1075
3397 -0.1031244917034705 0.06702426730557659 -0.1025
3398 -0.1036188717779728 0.06623003293423435 -0.1
3399 -0.1024647399733059 0.06799316536179338 -0.105
3400 -0.1031244917034705 0.06702426730557659 -0.1075
3401 -0.1036188717779728 0.06623003293423435 -0.11
3402 -0.09534642359363016 0.07767691708151139 -0.102499999999998
3403 -0.09515196931233275 0.07790629362891444 -0.1
3404 -0.09534642359363016 0.07767691708151139 -0.107499999999998
3405 -0.09515196931233275 0.07790629362891444 -0.11
3406 -0.09603039288289761 0.0767909139691582 -0.1049999999999977
3407 -0.09214979370689874 0.08147079177702896 -0.1049999999999949
3408 -0.1111919754733336 0.05257329686666049 -0.1025616071428569
3409 -0.1106604783220577 0.05364276641396433 -0.1
3410 -0.1101426804524913 0.05473790351672195 -0.1025616071428569
3411 -0.1079187859233618 0.05900151557595892 -0.1075102678571428
3412 -0.1084780404918952 0.05792928950063583 -0.11
3413 -0.109051928732682 0.05687959913934889 -0.1075102678571428
3414 -0.1073059461411121 0.06007167573918532 -0.1050102678571428
3415 -0.1079187859233618 0.05900151557595892 -0.1025102678571428
3416 -0.109051928732682 0.05687959913934889 -0.1025102678571428
3417 -0.1084780404918952 0.05792928950063583 -0.1
3418 -0.0995238365603381 0.07223386788639659 -0.1049999999999996
3419 -0.1111919754733336 0.05257329686666049 -0.1075616071428568
3420 -0.1101426804524913 0.05473790351672195 -0.1075616071428568
3421 -0.1106604783220577 0.05364276641396433 -0.11
3422 -0.1114875023000109 0.05192205591593858 -0.1054252976190455
3423 -0.1095834258839579 0.05581012959204505 -0.1050718749999996
3424 -0.1120053001695774 0.05082691881318097 -0.1028636904761887
3425 -0.1129689134981273 0.04862283893122953 -0.1028636904761887
3426 -0.11267338667145 0.04927407988195143 -0.1
3427 -0.122898 0.004999 0.11
3428 -0.122898 0.004999 0.1
3429 -0.1153908034252218 0.04259008281139887 0.11
3430 -0.1169680727500866 0.03804500790025472 0.11
3431 -0.1183663949415528 0.03344172868648298 0.11
3432 -0.1195836307342409 0.0287872876356336 0.11
3433 -0.1206179179032819 0.02408880548464688 0.11
3434 -0.1214676741132512 0.01935347034815707 0.11
3435 -0.1221315993389838 0.01458852672143162 0.11
3436 -0.1226086778544522 0.009801264397166123 0.11
3437 -0.1153908034252218 0.04259008281139887 0.1
3438 -0.1169680727500866 0.03804500790025472 0.1
3439 -0.1183663949415528 0.03344172868648298 0.1
3440 -0.1195836307342409 0.0287872876356336 0.1
3441 -0.1206179179032819 0.02408880548464688 0.1
3442 -0.1214676741132512 0.01935347034815707 0.1
3443 -0.1221315993389838 0.01458852672143162 0.1
3444 -0.1226086778544522 0.009801264397166123 0.1
3445 -0.122898 0.004999 0.1050000000000136
3446 -0.1179203082834309 0.03498218923024432 0.105
3447 -0.11630352540798 0.0400305214389638 0.1050000000000013
3448 -0.1191319042525375 0.03060297466201985 0.105
3449 -0.1223084352067239 0.01302303137839344 0.1045743305258622
3450 -0.1202844514431393 0.0257022063259764 0.105
3451 -0.1217970405858909 0.01715906680209727 0.1030918367346941
3452 -0.1217080298866533 0.01777942997144427 0.1064284769463343
3453 -0.121212531044179 0.02089198379436333 0.1035344702695894
3454 -0.1210937888314822 0.02156958449846447 0.1069925894431848
3455 -0.1227167442096261 0.008339865681724066 0.1045123884209804
3456 -0.1227984108771925 0.007035833641880838 0.1073780971052485
3457 -0.1147001364248793 0.04441656642643684 0.1050000000000025
3458 -0.1193577674933892 0.02969513114882672 0.1075
3459 -0.1189750128378969 0.03111450816105829 0.11
3460 -0.1187491495970451 0.03202235167425142 0.1075
3461 -0.1187491495970451 0.03202235167425142 0.1025
3462 -0.1189750128378969 0.03111450816105829 0.1
3463 -0.1193577674933892 0.02969513114882672 0.1025
3464 -0.1181433516124918 0.03421195895836365 0.1025
3465 -0.1185261062679842 0.03279258194613208 0.105
3466 -0.1181433516124918 0.03421195895836365 0.1075
3467 -0.1199340410886901 0.027244746980805 0.1075
3468 -0.1204511846732106 0.02489550590531164 0.1075
3469 -0.1201007743187614 0.02643804656014024 0.11
3470 -0.1197081778478384 0.02815259049399813 0.105
3471 -0.1204511846732106 0.02489550590531164 0.1025
3472 -0.1199340410886901 0.027244746980805 0.1025
3473 -0.1201007743187614 0.02643804656014024 0.1
3474 -0.1166357990790333 0.03903776466960926 0.1075000000000007
3475 -0.1161794380876542 0.04031754535582679 0.11
3476 -0.1158471644166009 0.04131030212518134 0.1075000000000007
3477 -0.1158471644166009 0.04131030212518134 0.1025000000000006
3478 -0.1161794380876542 0.04031754535582679 0.1
3479 -0.1166357990790333 0.03903776466960926 0.1025000000000006
3480 -0.122458556530588 0.01141214788777978 0.1072871652629311
3481 -0.122370138596718 0.01219489555929887 0.11
3482 -0.1222200172728539 0.01380577904991253 0.1072871652629311
3483 -0.1222200172728539 0.01380577904991253 0.1022871652629311
3484 -0.122370138596718 0.01219489555929887 0.1
3485 -0.122458556530588 0.01141214788777978 0.1022871652629311
3486 -0.1174441905167588 0.03651359856524952 0.1075
3487 -0.1176672338458197 0.03574336829336885 0.11
3488 -0.1171119168457055 0.03750635533460406 0.1050000000000006
3489 -0.1174441905167588 0.03651359856524952 0.1025
3490 -0.1176672338458197 0.03574336829336885 0.1
3491 -0.1219643199624374 0.01587379676176445 0.1015459183673471
3492 -0.121632357349571 0.01825626857512717 0.1015459183673471
3493 -0.1217996367261175 0.01697099853479435 0.1
3494 -0.1220527378963074 0.01509104909024536 0.1038330836302782
3495 -0.1219198146128186 0.01618397834643795 0.1082142384731671
3496 -0.1217996367261175 0.01697099853479435 0.11
3497 -0.1215878519999523 0.01856645015980067 0.1082142384731671
3498 -0.1220082325466886 0.01540123067491886 0.1055014037360982
3499 -0.1209152244737305 0.02249039463950511 0.1017672351347947
3500 -0.1210427960082665 0.02172113791640198 0.1
3501 -0.1213401025787151 0.0201227270712602 0.1017672351347947
3502 -0.1207484912436592 0.02329709506016987 0.1042672351347947
3503 -0.1208558533673821 0.02282919499155567 0.1084962947215924
3504 -0.1212807314723667 0.02046152742331077 0.1084962947215924
3505 -0.1210427960082665 0.02172113791640198 0.11
3506 -0.1206891201373108 0.02363589541222044 0.1059962947215924
3507 -0.1214009093590677 0.01967450723495437 0.1067105331947595
3508 -0.121504785815035 0.0190255252982303 0.1033131535021417
3509 -0.1217525352362721 0.01746924838677077 0.1047601568405142
3510 -0.1211531599378306 0.0212307841464139 0.1052635298563871
3511 -0.1214602804654162 0.0193357068829038 0.1049814736079618
3512 -0.1226627110320392 0.009070565039445096 0.1022561942104902
3513 -0.1227533389272261 0.007400132198583062 0.1
3514 -0.122807372104813 0.006669432840862033 0.1022561942104902
3515 -0.122807372104813 0.006669432840862033 0.104756194210497
3516 -0.122898 0.004999 0.1025000000000068
3517 -0.1227035443658223 0.008418549019523481 0.1086890485526242
3518 -0.1228482054385962 0.006017416820940419 0.1086890485526242
3519 -0.1227533389272261 0.007400132198583062 0.11
3520 -0.1228482054385962 0.006017416820940419 0.106189048552631
3521 -0.122898 0.004999 0.1075000000000068
3522 -0.1150454699250505 0.04350332461891786 0.1025000000000013
3523 -0.1155018309164297 0.04222354393270032 0.1050000000000019
3524 -0.1150454699250505 0.04350332461891786 0.1075000000000012
3525 -0.1141685682124396 0.04574328321321842 0.105000000000008
3526 -0.1141685682124396 0.04574328321321842 0.1075000000000012
3527 -0.1145139017126109 0.04483004140569943 0.11
3528 -0.1141685682124396 0.04574328321321842 0.1025000000000013
3529 -0.1145139017126109 0.04483004140569943 0.1
3530 -0.1227575775434093 0.007687849661802452 0.1059452427631145
3531 -0.122512589708175 0.01068144853005875 0.1045433594734213
3532 -0.1226627110320392 0.009070565039445096 0.1072561942104902
3533 -0.122898 0.004999 -0.1
3534 -0.122898 0.004999 -0.11
3535 -0.1153908034252218 0.04259008281139887 -0.1
3536 -0.1169680727500866 0.03804500790025472 -0.1
3537 -0.1183663949415528 0.03344172868648298 -0.1
3538 -0.1195836307342409 0.0287872876356336 -0.1
3539 -0.1206179179032819 0.02408880548464688 -0.1
3540 -0.1214676741132512 0.01935347034815707 -0.1
3541 -0.1221315993389838 0.01458852672143162 -0.1
3542 -0.1226086778544522 0.009801264397166123 -0.1
3543 -0.1153908034252218 0.04259008281139887 -0.11
3544 -0.1169680727500866 0.03804500790025472 -0.11
3545 -0.1183663949415528 0.03344172868648298 -0.11
3546 -0.1195836307342409 0.0287872876356336 -0.11
3547 -0.1206179179032819 0.02408880548464688 -0.11
3548 -0.1214676741132512 0.01935347034815707 -0.11
3549 -0.1221315993389838 0.01458852672143162 -0.11
3550 -0.1226086778544522 0.009801264397166123 -0.11
3551 -0.122898 0.004999 -0.1049999999999837
3552 -0.1179203082834309 0.03498218923024432 -0.105
3553 -0.11630352540798 0.0400305214389638 -0.1049999999999984
3554 -0.1191319042525375 0.03060297466201985 -0.105
3555 -0.1223092113516439 0.01301573999198302 -0.10546231733434
3556 -0.1202849501169416 0.02569987245814415 -0.105
3557 -0.1218000522542508 0.01713767603445049 -0.1070317460317458
3558 -0.121712323224744 0.0177500153305694 -0.1037044753086418
3559 -0.1212138090167711 0.02088456781084403 -0.1065060809817754
3560 -0.1210951787912026 0.0215617796697462 -0.1030421112580834
3561 -0.1227168270664695 0.008338646397240067 -0.1054937195557193
3562 -0.1227984283534016 0.00703552861798596 -0.1026234298889258
3563 -0.1147001364248793 0.04441656642643683 -0.104999999999997
3564 -0.1193577674933892 0.02969513114882672 -0.1025
3565 -0.1189750128378969 0.03111450816105829 -0.1
3566 -0.1187491495970451 0.03202235167425142 -0.1025
3567 -0.1187491495970451 0.03202235167425142 -0.1075
3568 -0.1189750128378969 0.03111450816105829 -0.11
3569 -0.1193577674933892 0.02969513114882672 -0.1075
3570 -0.1181433516124918 0.03421195895836365 -0.1075
3571 -0.1185261062679842 0.03279258194613208 -0.105
3572 -0.1181433516124918 0.03421195895836365 -0.1025
3573 -0.1199342904255913 0.02724358004688887 -0.1025
3574 -0.1204514340101117 0.02489433897139551 -0.1025
3575 -0.1201007743187614 0.02643804656014024 -0.1
3576 -0.1197084271847395 0.028151423560082 -0.105
3577 -0.1204514340101117 0.02489433897139551 -0.1075
3578 -0.1199342904255913 0.02724358004688887 -0.1075
3579 -0.1201007743187614 0.02643804656014024 -0.11
3580 -0.1166357990790333 0.03903776466960926 -0.1024999999999992
3581 -0.1161794380876542 0.04031754535582679 -0.1
3582 -0.1158471644166009 0.04131030212518134 -0.1024999999999992
3583 -0.1158471644166009 0.04131030212518134 -0.1074999999999992
3584 -0.1161794380876542 0.04031754535582679 -0.11
3585 -0.1166357990790333 0.03903776466960926 -0.1074999999999992
3586 -0.122458944603048 0.01140850219457457 -0.10273115866717
3587 -0.122370138596718 0.01219489555929887 -0.1
3588 -0.1222204053453139 0.01380213335670732 -0.10273115866717
3589 -0.1222204053453139 0.01380213335670732 -0.10773115866717
3590 -0.122370138596718 0.01219489555929887 -0.11
3591 -0.122458944603048 0.01140850219457457 -0.10773115866717
3592 -0.1174441905167588 0.03651359856524952 -0.1025
3593 -0.1176672338458197 0.03574336829336885 -0.1
3594 -0.1171119168457055 0.03750635533460406 -0.1049999999999992
3595 -0.1174441905167588 0.03651359856524952 -0.1075
3596 -0.1176672338458197 0.03574336829336885 -0.11
3597 -0.1219658257966173 0.01586310137794105 -0.1085158730158729
3598 -0.121633863183751 0.01824557319130378 -0.1085158730158729
3599 -0.1217996367261175 0.01697099853479435 -0.11
3600 -0.1220546318029473 0.01507670801321676 -0.1062470316830429
3601 -0.1219219612818639 0.01616927102600051 -0.1018522376543209
3602 -0.1217996367261175 0.01697099853479435 -0.1
3603 -0.1215899986689976 0.01855174283936323 -0.1018522376543209
3604 -0.1220107672881939 0.01538287766127621 -0.1045833963214909
3605 -0.1209158634600265 0.02248668664774545 -0.1082530404908877
3606 -0.1210427960082665 0.02172113791640198 -0.11
3607 -0.1213407415650112 0.02011901907950055 -0.1082530404908877
3608 -0.1207493795668564 0.02329222013449409 -0.1057530404908877
3609 -0.1208565483472422 0.02282529257719654 -0.1015210556290417
3610 -0.1212814264522269 0.02045762500895163 -0.1015210556290417
3611 -0.1210427960082665 0.02172113791640198 -0.1
3612 -0.1206900644540721 0.02363082606394518 -0.1040210556290417
3613 -0.1214037510079733 0.0196558975001578 -0.1033732932833626
3614 -0.121506930635511 0.01901112192264726 -0.1067689135067606
3615 -0.1217561877394974 0.01744384568250994 -0.1053681106701938
3616 -0.1211544939039869 0.02122317374029511 -0.1047740961199294
3617 -0.1214630661207576 0.01931729157070671 -0.1051052781452086
3618 -0.1226627524604608 0.009069955397203094 -0.1077468597778597
3619 -0.1227533389272261 0.007400132198583062 -0.11
3620 -0.1228074135332347 0.006668823198620034 -0.1077468597778597
3621 -0.1228074135332347 0.006668823198620034 -0.1052468597778515
3622 -0.122898 0.004999 -0.1074999999999919
3623 -0.1227035531039269 0.008418396507576042 -0.1013117149444629
3624 -0.1228482141767008 0.00601726430899298 -0.1013117149444629
3625 -0.1227533389272261 0.007400132198583062 -0.1
3626 -0.1228482141767008 0.00601726430899298 -0.1038117149444547
3627 -0.122898 0.004999 -0.1024999999999918
3628 -0.1150454699250505 0.04350332461891785 -0.1074999999999985
3629 -0.1155018309164297 0.04222354393270032 -0.1049999999999977
3630 -0.1150454699250505 0.04350332461891785 -0.1024999999999985
3631 -0.1141685682124396 0.04574328321321841 -0.1049999999999904
3632 -0.1141685682124396 0.04574328321321841 -0.1024999999999985
3633 -0.1145139017126109 0.04483004140569943 -0.1
3634 -0.1141685682124396 0.04574328321321841 -0.1074999999999985
3635 -0.1145139017126109 0.04483004140569943 -0.11
3636 -0.1227576277099355 0.007687087507613014 -0.1040585747223225
3637 -0.1225130192090567 0.01067719319461154 -0.1054780184450297
3638 -0.1226627524604608 0.009069955397203094 -0.1027468597778597
3639 -0.122898 -0.004999 0.11
3640 -0.122898 -0.004999 0.1
3641 -0.1229996276620381 1.100595309333485e-14 0.11
3642 -0.1229996276620381 1.100595309333485e-14 0.1
3643 -0.122898 -0.004999 0.1050000000000136
3644 -0.1229996276620381 6.420211584590163e-15 0.1050000000000034
3645 -0.1229742181219487 -0.002500016459026257 0.1025000000000051
3646 -0.1229742181219485 0.002500016459034515 0.1025000000000051
3647 -0.1229742181219487 -0.002500016459026257 0.1075000000000051
3648 -0.1229742181219485 0.002500016459034514 0.1075000000000051
3649 -0.1229869228919934 -0.001250008229507626 0.1012500000000026
3650 -0.122948813831019 -0.002499499999994497 0.1
3651 -0.1229361090609744 -0.003749508229513128 0.1012500000000026
3652 -0.1229361090609744 -0.003749508229513128 0.1037500000000093
3653 -0.122898 -0.004999 0.1025000000000068
3654 -0.1229869228919934 -0.001250008229509918 0.1037500000000043
3655 -0.1229996276620381 8.713082338962506e-15 0.1025000000000017
3656 -0.1229869228919933 0.001250008229522761 0.1012500000000026
3657 -0.1229361090609742 0.003749508229517258 0.1012500000000026
3658 -0.122948813831019 0.002499500000005503 0.1
3659 -0.1229361090609742 0.003749508229517258 0.1037500000000093
3660 -0.1229869228919933 0.001250008229520468 0.1037500000000043
3661 -0.1229869228919934 -0.001250008229507626 0.1087500000000026
3662 -0.1229361090609744 -0.003749508229513128 0.1087500000000026
3663 -0.122948813831019 -0.002499499999994497 0.11
3664 -0.1229361090609744 -0.003749508229513128 0.1062500000000094
3665 -0.122898 -0.004999 0.1075000000000068
3666 -0.1229996276620381 8.713082338962506e-15 0.1075000000000017
3667 -0.1229869228919934 -0.001250008229509918 0.1062500000000043
3668 -0.1229869228919933 0.00125000822952276 0.1087500000000026
3669 -0.122948813831019 0.002499500000005503 0.11
3670 -0.1229361090609742 0.003749508229517257 0.1087500000000026
3671 -0.1229361090609742 0.003749508229517257 0.1062500000000094
3672 -0.1229869228919933 0.001250008229520467 0.1062500000000043
3673 -0.1229742181219485 0.002500016459034514 0.1050000000000051
3674 -0.1229742181219487 -0.002500016459026257 0.1050000000000051
3675 -0.122898 -0.004999 -0.1
3676 -0.122898 -0.004999 -0.11
3677 -0.1229996276620381 1.100595309333485e-14 -0.1
3678 -0.1229996276620381 1.100595309333485e-14 -0.11
3679 -0.122898 -0.004999 -0.1049999999999837
3680 -0.1229996276620381 6.420211584590163e-15 -0.104999999999996
3681 -0.1229742181219486 -0.002500016459026257 -0.1074999999999939
3682 -0.1229742181219485 0.002500016459034515 -0.1074999999999939
3683 -0.1229742181219487 -0.002500016459026256 -0.1024999999999939
3684 -0.1229742181219485 0.002500016459034514 -0.1024999999999939
3685 -0.1229869228919934 -0.001250008229507626 -0.108749999999997
3686 -0.122948813831019 -0.002499499999994497 -0.11
3687 -0.1229361090609743 -0.003749508229513128 -0.108749999999997
3688 -0.1229361090609743 -0.003749508229513128 -0.1062499999999888
3689 -0.122898 -0.004999 -0.1074999999999919
3690 -0.1229869228919934 -0.001250008229509918 -0.106249999999995
3691 -0.1229996276620381 8.713082338962506e-15 -0.107499999999998
3692 -0.1229869228919933 0.001250008229522761 -0.108749999999997
3693 -0.1229361090609742 0.003749508229517258 -0.108749999999997
3694 -0.122948813831019 0.002499500000005503 -0.11
3695 -0.1229361090609742 0.003749508229517258 -0.1062499999999888
3696 -0.1229869228919933 0.001250008229520468 -0.106249999999995
3697 -0.1229869228919934 -0.001250008229507625 -0.101249999999997
3698 -0.1229361090609744 -0.003749508229513128 -0.101249999999997
3699 -0.122948813831019 -0.002499499999994497 -0.1
3700 -0.1229361090609744 -0.003749508229513128 -0.1037499999999888
3701 -0.122898 -0.004999 -0.1024999999999918
3702 -0.1229996276620381 8.713082338962506e-15 -0.102499999999998
3703 -0.1229869228919934 -0.001250008229509918 -0.103749999999995
3704 -0.1229869228919933 0.00125000822952276 -0.101249999999997
3705 -0.122948813831019 0.002499500000005503 -0.1
3706 -0.1229361090609742 0.003749508229517257 -0.101249999999997
3707 -0.1229361090609742 0.003749508229517257 -0.1037499999999888
3708 -0.1229869228919933 0.001250008229520467 -0.103749999999995
3709 -0.1229742181219486 -0.002500016459026257 -0.1049999999999939
3710 -0.1229742181219485 0.002500016459034514 -0.1049999999999939
3711 -0.122898 0.004999 0
3712 -0.122898 -0.004999 0
3713 -0.1229996276620381 1.100595309333485e-14 0
3714 -0.122898 0.004999 -0.004999999999990302
3715 -0.122898 0.004999 -0.009999999999982483
3716 -0.122898 0.004999 -0.01499999999997171
3717 -0.122898 0.004999 -0.019999999999956
3718 -0.122898 0.004999 -0.02499999999994164
3719 -0.122898 0.004999 -0.02999999999992728
3720 -0.122898 0.004999 -0.03499999999991292
3721 -0.122898 0.004999 -0.03999999999989585
3722 -0.122898 0.004999 -0.0449999999998815
3723 -0.122898 0.004999 -0.0499999999998685
3724 -0.122898 0.004999 -0.05499999999988016
3725 -0.122898 0.004999 -0.05999999999989426
3726 -0.122898 0.004999 -0.06499999999990864
3727 -0.122898 0.004999 -0.06999999999991974
3728 -0.122898 0.004999 -0.07499999999993355
3729 -0.122898 0.004999 -0.07999999999994738
3730 -0.122898 0.004999 -0.0849999999999585
3731 -0.122898 0.004999 -0.08999999999997287
3732 -0.122898 0.004999 -0.0949999999999878
3733 -0.122898 -0.004999 -0.004999999999990302
3734 -0.122898 -0.004999 -0.009999999999982483
3735 -0.122898 -0.004999 -0.01499999999997171
3736 -0.122898 -0.004999 -0.019999999999956
3737 -0.122898 -0.004999 -0.02499999999994164
3738 -0.122898 -0.004999 -0.02999999999992728
3739 -0.122898 -0.004999 -0.03499999999991292
3740 -0.122898 -0.004999 -0.03999999999989585
3741 -0.122898 -0.004999 -0.0449999999998815
3742 -0.122898 -0.004999 -0.0499999999998685
3743 -0.122898 -0.004999 -0.05499999999988016
3744 -0.122898 -0.004999 -0.05999999999989426
3745 -0.122898 -0.004999 -0.06499999999990864
3746 -0.122898 -0.004999 -0.06999999999991974
3747 -0.122898 -0.004999 -0.07499999999993355
3748 -0.122898 -0.004999 -0.07999999999994738
3749 -0.122898 -0.004999 -0.0849999999999585
3750 -0.122898 -0.004999 -0.08999999999997287
3751 -0.122898 -0.004999 -0.0949999999999878
3752 -0.1229996276620381 3.469446951953614e-18 -0.03166666666658917
3753 -0.1229996276620381 3.469446951953614e-18 -0.03751350308632415
3754 -0.1229993012795187 0.0002833544603473647 -0.02744206845231559
3755 -0.1229996276620381 3.469446951953614e-18 -0.04259709362128866
3756 -0.1229993012795187 0.0002833544603474402 -0.01750596698629494
3757 -0.1229996276620381 2.754009043384742e-15 -0.005624999999989798
3758 -0.1229996276620381 4.612738142839579e-16 -0.01205005787034768
3759 -0.1229996276620381 3.469446951953614e-18 -0.04806905864185305
3760 -0.1229996276620381 3.469446951953614e-18 -0.07833333333327565
3761 -0.1229993012795187 0.0002833544603473648 -0.07264651889812432
3762 -0.1229996276620381 3.469446951953614e-18 -0.05301150977354078
3763 -0.1229996276620381 3.469446951953614e-18 -0.08305555555551004
3764 -0.1229996276620381 3.469446951953614e-18 -0.05800191829549971
3765 -0.1229993012795187 0.0002833544603473648 -0.06259128305847822
3766 -0.1229993333623014 0.0002690677042283818 -0.08756474041001909
3767 -0.1229742181219487 -0.002500016459026946 -0.00265624999999502
3768 -0.1229742181219485 0.002500016459033829 -0.002656249999995023
3769 -0.1229987617184938 0.0004615416743963831 -0.09251079006832238
3770 -0.1229995913972995 9.445156104307523e-05 -0.06753963365937654
3771 -0.1229995913972995 9.445156104308784e-05 -0.0224913392397343
3772 -0.1229853345804301 -0.001875068835986784 -0.09812499999999544
3773 -0.1229981749752813 0.000597794069968132 -0.09677263167804889
3774 -0.1229869228919934 -0.00125000822950797 -0.00132812499999751
3775 -0.1229361090609744 -0.003749508229513473 -0.00132812499999751
3776 -0.122948813831019 -0.002499499999994497 0
3777 -0.1229361090609744 -0.003749508229513473 -0.003828124999992661
3778 -0.1229869228919934 -0.001250008229512096 -0.004140624999992409
3779 -0.122948813831019 -0.002499499999998623 -0.00531249999999005
3780 -0.122898 -0.004999 -0.002499999999995151
3781 -0.1229869228919933 0.001250008229522418 -0.001328124999997511
3782 -0.122948813831019 0.002499500000005503 0
3783 -0.1229361090609742 0.003749508229516915 -0.001328124999997511
3784 -0.1229361090609742 0.003749508229516915 -0.003828124999992662
3785 -0.122948813831019 0.002499500000001377 -0.00531249999999005
3786 -0.1229869228919933 0.001250008229518291 -0.004140624999992411
3787 -0.122898 0.004999 -0.002499999999995151
3788 -0.122948813831019 0.002499500000000002 -0.04653452932086728
3789 -0.122898 0.004999 -0.047499999999875
3790 -0.122948813831019 0.002499500000000002 -0.04903452932086078
3791 -0.122948813831019 0.002499500000000002 -0.04379854681058508
3792 -0.1229996276620381 3.469446951953614e-18 -0.04533307613157085
3793 -0.122948813831019 -0.002499499999999998 -0.04903452932086078
3794 -0.122898 -0.004999 -0.047499999999875
3795 -0.122948813831019 -0.002499499999999998 -0.04653452932086728
3796 -0.122948813831019 -0.002499499999999998 -0.04379854681058508
3797 -0.1229486506397593 0.00264117723017372 -0.01625298349313332
3798 -0.122898 0.004999 -0.01749999999996386
3799 -0.1229486506397593 0.00264117723017372 -0.01875298349312547
3800 -0.1229486506397593 -0.00235782276982628 -0.01875298349312547
3801 -0.122898 -0.004999 -0.01749999999996386
3802 -0.1229486506397593 -0.00235782276982628 -0.01625298349313332
3803 -0.122948813831019 0.002499500000000002 -0.08152777777772871
3804 -0.122898 0.004999 -0.08249999999995294
3805 -0.122948813831019 0.002499500000000002 -0.08402777777773426
3806 -0.122948813831019 0.002499500000000002 -0.07916666666661151
3807 -0.1229996276620381 3.469446951953614e-18 -0.08069444444439285
3808 -0.122948813831019 -0.002499499999999998 -0.08402777777773426
3809 -0.122898 -0.004999 -0.08249999999995294
3810 -0.122948813831019 -0.002499499999999998 -0.08152777777772871
3811 -0.122948813831019 -0.002499499999999998 -0.07916666666661151
3812 -0.122948813831019 0.002499500000000002 -0.03625675154311854
3813 -0.122898 0.004999 -0.03749999999990439
3814 -0.122948813831019 0.002499500000000002 -0.03875675154311
3815 -0.122948813831019 -0.002499499999999998 -0.03875675154311
3816 -0.122898 -0.004999 -0.03749999999990439
3817 -0.122948813831019 -0.002499499999999998 -0.03625675154311854
3818 -0.122948813831019 0.002499500000000231 -0.01352502893515969
3819 -0.122948813831019 0.002499500000000231 -0.01102502893516508
3820 -0.122898 0.004999 -0.0124999999999771
3821 -0.1229994644707784 0.0001416772301739507 -0.01477801242832131
3822 -0.122948813831019 -0.002499499999999769 -0.01102502893516508
3823 -0.122948813831019 -0.002499499999999769 -0.01352502893515969
3824 -0.122898 -0.004999 -0.0124999999999771
3825 -0.122948813831019 0.002499500000000002 -0.05150575488670464
3826 -0.122898 0.004999 -0.05249999999987433
3827 -0.122948813831019 0.002499500000000002 -0.05400575488671047
3828 -0.1229996276620381 3.469446951953614e-18 -0.05054028420769691
3829 -0.122948813831019 -0.002499499999999998 -0.05400575488671047
3830 -0.122898 -0.004999 -0.05249999999987433
3831 -0.122948813831019 -0.002499499999999998 -0.05150575488670464
3832 -0.122948813831019 0.002499500000000002 -0.04129854681059225
3833 -0.122898 0.004999 -0.04249999999988868
3834 -0.122898 -0.004999 -0.04249999999988868
3835 -0.122948813831019 -0.002499499999999998 -0.04129854681059225
3836 -0.1229486666811507 0.002634033852114191 -0.0862823702049888
3837 -0.122898 0.004999 -0.08749999999996569
3838 -0.1229486666811507 0.002634033852114191 -0.08878237020499598
3839 -0.1229994805121697 0.0001345338521141926 -0.08531014798276457
3840 -0.1229486666811507 -0.002364966147885809 -0.08878237020499598
3841 -0.122898 -0.004999 -0.08749999999996569
3842 -0.1229486666811507 -0.002364966147885809 -0.0862823702049888
3843 -0.122948813831019 0.002499500000000002 -0.05650095914768993
3844 -0.122898 0.004999 -0.05749999999988721
3845 -0.122948813831019 0.002499500000000002 -0.05900095914769699
3846 -0.1229996276620381 3.469446951953614e-18 -0.05550671403452025
3847 -0.122948813831019 -0.002499499999999998 -0.05900095914769699
3848 -0.122898 -0.004999 -0.05749999999988721
3849 -0.122948813831019 -0.002499499999999998 -0.05650095914768993
3850 -0.1229486506397593 0.002641177230173682 -0.07382325944902893
3851 -0.1229486506397593 0.002641177230173682 -0.07132325944902203
3852 -0.122898 0.004999 -0.07249999999992665
3853 -0.1229486506397593 -0.002357822769826318 -0.07132325944902203
3854 -0.1229486506397593 -0.002357822769826318 -0.07382325944902893
3855 -0.122898 -0.004999 -0.07249999999992665
3856 -0.1229486506397593 0.002641177230173682 -0.06129564152918624
3857 -0.122898 0.004999 -0.06249999999990145
3858 -0.1229486506397593 0.002641177230173682 -0.06379564152919343
3859 -0.1229994644707784 0.0001416772301736841 -0.06029660067698896
3860 -0.1229486506397593 -0.002357822769826318 -0.06379564152919343
3861 -0.122898 -0.004999 -0.06249999999990145
3862 -0.1229486506397593 -0.002357822769826318 -0.06129564152918624
3863 -0.1229486506397593 0.002641177230173682 -0.02872103422612143
3864 -0.1229486506397593 0.002641177230173682 -0.02622103422612861
3865 -0.122898 0.004999 -0.02749999999993446
3866 -0.122948813831019 0.002499500000000002 -0.03083333333325822
3867 -0.1229994644707784 0.0001416772301736841 -0.02955436755945238
3868 -0.1229486506397593 -0.002357822769826318 -0.02622103422612861
3869 -0.1229486506397593 -0.002357822769826318 -0.02872103422612143
3870 -0.122898 -0.004999 -0.02749999999993446
3871 -0.122948813831019 -0.002499499999999998 -0.03083333333325822
3872 -0.122898 0.004999 -0.007499999999986393
3873 -0.122948813831019 0.002499500000001377 -0.00781249999998614
3874 -0.122948813831019 -0.002499499999998623 -0.00781249999998614
3875 -0.122898 -0.004999 -0.007499999999986393
3876 -0.1229996276620381 1.60764142883435e-15 -0.008837528935168738
3877 -0.122948813831019 0.002499500000000002 -0.03333333333325104
3878 -0.122898 0.004999 -0.0324999999999201
3879 -0.1229996276620381 3.469446951953614e-18 -0.03459008487645666
3880 -0.122948813831019 -0.002499499999999998 -0.03333333333325104
3881 -0.122898 -0.004999 -0.0324999999999201
3882 -0.122948813831019 0.002499500000000002 -0.0766666666666046
3883 -0.122898 0.004999 -0.07749999999994046
3884 -0.1229994644707784 0.0001416772301736841 -0.07548992611569999
3885 -0.122898 -0.004999 -0.07749999999994046
3886 -0.122948813831019 -0.002499499999999998 -0.0766666666666046
3887 -0.1229742181219486 3.441474535903488e-15 -0.002656249999995021
3888 -0.1229483808592469 0.002730270837198191 -0.09375539503415509
3889 -0.1229483808592469 0.002730270837198191 -0.09125539503414762
3890 -0.122898 0.004999 -0.09249999999998033
3891 -0.1229990475403976 0.0003653046893123825 -0.09003776523917073
3892 -0.1229487956986497 0.002546725780521538 -0.06626981682964259
3893 -0.122898 0.004999 -0.06749999999991418
3894 -0.1229487956986497 0.002546725780521538 -0.06876981682964814
3895 -0.1229994463384091 0.00018890301069522 -0.06506545835892738
3896 -0.1229487956986497 0.002546725780521544 -0.02374566961983797
3897 -0.1229487956986497 0.002546725780521544 -0.02124566961984515
3898 -0.122898 0.004999 -0.02249999999994882
3899 -0.1229994463384091 0.0001889030106952263 -0.02496670384602494
3900 -0.1229996276620381 3.469446951953614e-18 -0.0400552983538064
3901 -0.1229994463384091 0.00018890301069522 -0.07009307627875043
3902 -0.1229483808592469 -0.002268729162801809 -0.09375539503415509
3903 -0.122898 -0.004999 -0.09249999999998033
3904 -0.1229483808592469 -0.002268729162801809 -0.09125539503414762
3905 -0.1229487956986497 -0.002452274219478462 -0.06626981682964259
3906 -0.1229487956986497 -0.002452274219478462 -0.06876981682964814
3907 -0.122898 -0.004999 -0.06749999999991418
3908 -0.1229487956986497 -0.002452274219478456 -0.02374566961983797
3909 -0.122898 -0.004999 -0.02249999999994882
3910 -0.1229487956986497 -0.002452274219478456 -0.02124566961984515
3911 -0.1229994463384091 0.000188903010695264 -0.01999865311301462
3912 -0.1229924811212341 -0.0009375344179878891 -0.09906249999999772
3913 -0.1229416672902151 -0.003437034417993392 -0.09906249999999772
3914 -0.1229416672902151 -0.003437034417993392 -0.09656249999999161
3915 -0.122898 -0.004999 -0.0974999999999939
3916 -0.1229989013186597 0.000298897034989569 -0.09838631583902445
3917 -0.1229480874876406 0.002798397034984066 -0.09838631583902445
3918 -0.1229480874876406 0.002798397034984066 -0.09588631583901835
3919 -0.122898 0.004999 -0.0974999999999939
3920 -0.1229917547778557 -0.000638637383009326 -0.09744881583902217
3921 -0.1229984683468875 0.0005296678721822576 -0.09464171087318564
3922 -0.1229480874876406 -0.002200602965015934 -0.09588631583901835
3923 -0.122898 0.004999 0.09500000000001382
3924 -0.122898 0.004999 0.09000000000002764
3925 -0.122898 0.004999 0.08500000000004147
3926 -0.122898 0.004999 0.08000000000005529
3927 -0.122898 0.004999 0.07500000000006912
3928 -0.122898 0.004999 0.07000000000008294
3929 -0.122898 0.004999 0.06500000000009676
3930 -0.122898 0.004999 0.06000000000011058
3931 -0.122898 0.004999 0.05500000000012441
3932 -0.122898 0.004999 0.05000000000013687
3933 -0.122898 0.004999 0.04500000000012466
3934 -0.122898 0.004999 0.04000000000011003
3935 -0.122898 0.004999 0.03500000000009511
3936 -0.122898 0.004999 0.03000000000008349
3937 -0.122898 0.004999 0.02500000000006912
3938 -0.122898 0.004999 0.02000000000005478
3939 -0.122898 0.004999 0.01500000000004312
3940 -0.122898 0.004999 0.01000000000002821
3941 -0.122898 0.004999 0.005000000000012744
3942 -0.122898 -0.004999 0.09500000000001382
3943 -0.122898 -0.004999 0.09000000000002764
3944 -0.122898 -0.004999 0.08500000000004147
3945 -0.122898 -0.004999 0.08000000000005529
3946 -0.122898 -0.004999 0.07500000000006912
3947 -0.122898 -0.004999 0.07000000000008294
3948 -0.122898 -0.004999 0.06500000000009676
3949 -0.122898 -0.004999 0.06000000000011058
3950 -0.122898 -0.004999 0.05500000000012441
3951 -0.122898 -0.004999 0.05000000000013687
3952 -0.122898 -0.004999 0.04500000000012466
3953 -0.122898 -0.004999 0.04000000000011003
3954 -0.122898 -0.004999 0.03500000000009511
3955 -0.122898 -0.004999 0.03000000000008349
3956 -0.122898 -0.004999 0.02500000000006912
3957 -0.122898 -0.004999 0.02000000000005478
3958 -0.122898 -0.004999 0.01500000000004312
3959 -0.122898 -0.004999 0.01000000000002821
3960 -0.122898 -0.004999 0.005000000000012744
3961 -0.1229989421904007 -0.0004106397965301568 0.06240397686388365
3962 -0.1229995989710831 8.401162271516149e-05 0.0870439137272551
3963 -0.1229971973257874 0.0007732108388693518 0.094165404803913
3964 -0.1229996276620381 3.469446951953614e-18 0.05694444444456326
3965 -0.1229996276620381 3.469446951953614e-18 0.05199074074086843
3966 -0.1229996276620381 3.469446951953614e-18 0.02166666666672666
3967 -0.1229996276620381 3.469446951953614e-18 0.02833333333341158
3968 -0.1229996276620381 3.469446951953614e-18 0.02500000000006912
3969 -0.1229996276620381 3.469446951953614e-18 0.04699845679025026
3970 -0.1229996276620381 3.469446951953614e-18 0.01694444444449176
3971 -0.1229996276620381 3.469446951953614e-18 0.03278527949254557
3972 -0.1229996276620381 3.469446951953614e-18 0.04256280006870405
3973 -0.1229996276620381 3.469446951953614e-18 0.01199074074077452
3974 -0.1229996276620381 2.753439837244187e-15 0.005873842592608633
3975 -0.1229742181219487 -0.002500016459026945 0.09729166666667417
3976 -0.1229742181219487 -0.002500016459026945 0.002718460648155341
3977 -0.1229742181219485 0.002500016459033828 0.09729166666667416
3978 -0.1229742181219485 0.002500016459033828 0.002718460648155341
3979 -0.1229996276620381 3.469446951953614e-18 0.03755801326027665
3980 -0.1229965850352402 0.0008651443052634243 0.08185438687331802
3981 -0.1229995546945457 0.000133977399111122 0.07668760290716958
3982 -0.1229968364951423 -0.0008286236704566656 0.09124186370624746
3983 -0.1229978979728071 0.0006523030514569401 0.07060956255375678
3984 -0.1229901909712321 -0.001523591106520799 0.07204266648961874
3985 -0.1229994913224242 -0.0001831377211731099 0.06786517227251691
3986 -0.1229856749198321 0.001852611538718848 0.07286796639013943
3987 -0.1229869228919934 -0.001250008229507969 0.0986458333333371
3988 -0.1229361090609744 -0.003749508229513472 0.0986458333333371
3989 -0.1229361090609744 -0.003749508229513472 0.09614583333334401
3990 -0.122985707723868 -0.0008634028100787965 0.09572853573529358
3991 -0.1229475986628937 -0.002112894580565324 0.09458270240196341
3992 -0.122898 -0.004999 0.09750000000000691
3993 -0.1229869228919934 -0.001250008229507969 0.00135923032407767
3994 -0.1229361090609744 -0.003749508229513472 0.00135923032407767
3995 -0.1229361090609744 -0.003749508229513472 0.003859230324084043
3996 -0.122948813831019 -0.002499499999998623 0.005436921296310689
3997 -0.1229869228919934 -0.001250008229512096 0.004296151620381987
3998 -0.122898 -0.004999 0.002500000000006372
3999 -0.1229869228919933 0.001250008229522417 0.09864583333333708
4000 -0.1229361090609742 0.003749508229516914 0.09864583333333708
4001 -0.1229361090609742 0.003749508229516914 0.09614583333334399
4002 -0.1229475986628937 0.002886105419434676 0.09458270240196341
4003 -0.122985707723868 0.00163661364895159 0.09572853573529358
4004 -0.122898 0.004999 0.09750000000000691
4005 -0.1229869228919933 0.001250008229522417 0.00135923032407767
4006 -0.1229361090609742 0.003749508229516914 0.00135923032407767
4007 -0.1229361090609742 0.003749508229516914 0.003859230324084043
4008 -0.1229869228919933 0.001250008229518291 0.004296151620381987
4009 -0.122948813831019 0.002499500000001376 0.005436921296310689
4010 -0.122898 0.004999 0.002500000000006372
4011 -0.122948813831019 0.002499500000000002 0.05349537037049642
4012 -0.122898 0.004999 0.05250000000013064
4013 -0.122948813831019 0.002499500000000002 0.05099537037050265
4014 -0.122948813831019 0.002499500000000002 0.05597222222234383
4015 -0.1229996276620381 3.469446951953614e-18 0.05446759259271584
4016 -0.122948813831019 -0.002499499999999998 0.05099537037050265
4017 -0.122898 -0.004999 0.05250000000013064
4018 -0.122948813831019 -0.002499499999999998 0.05349537037049642
4019 -0.122948813831019 -0.002499499999999998 0.05597222222234383
4020 -0.122948813831019 0.002499500000000002 0.03389263974632034
4021 -0.122898 0.004999 0.0325000000000893
4022 -0.122948813831019 0.002499500000000002 0.03139263974631453
4023 -0.122948813831019 -0.002499499999999998 0.03139263974631453
4024 -0.122898 -0.004999 0.0325000000000893
4025 -0.122948813831019 -0.002499499999999998 0.03389263974632034
4026 -0.122948813831019 -0.002499499999999998 0.02916666666674753
4027 -0.1229996276620381 3.469446951953614e-18 0.03055930641297857
4028 -0.122948813831019 0.002499500000000002 0.02916666666674753
4029 -0.122948813831019 0.002499500000000002 0.01847222222227327
4030 -0.122898 0.004999 0.01750000000004895
4031 -0.122948813831019 0.002499500000000002 0.01597222222226744
4032 -0.122948813831019 0.002499500000000002 0.02083333333339072
4033 -0.1229996276620381 3.469446951953614e-18 0.01930555555560921
4034 -0.122948813831019 -0.002499499999999998 0.01597222222226744
4035 -0.122898 -0.004999 0.01750000000004895
4036 -0.122948813831019 -0.002499499999999998 0.01847222222227327
4037 -0.122948813831019 -0.002499499999999998 0.02083333333339072
4038 -0.122948813831019 0.002499500000000002 0.04849922839519356
4039 -0.122898 0.004999 0.04750000000013077
4040 -0.122948813831019 0.002499500000000002 0.04599922839518746
4041 -0.1229996276620381 3.469446951953614e-18 0.04949459876555935
4042 -0.122948813831019 -0.002499499999999998 0.04599922839518746
4043 -0.122898 -0.004999 0.04750000000013077
4044 -0.122948813831019 -0.002499499999999998 0.04849922839519356
4045 -0.122948813831019 0.002499500000000002 0.05847222222233692
4046 -0.122898 0.004999 0.0575000000001175
4047 -0.122948813831019 -0.002499499999999998 0.05847222222233692
4048 -0.122898 -0.004999 0.0575000000001175
4049 -0.1229484710952004 -0.002704819898265078 0.06120198843199712
4050 -0.1229992849262194 -0.0002053198982650767 0.05967421065422346
4051 -0.1229484710952004 0.002294180101734922 0.06120198843199712
4052 -0.122948813831019 0.002499500000000002 0.01349537037040882
4053 -0.122898 0.004999 0.01250000000003566
4054 -0.122948813831019 0.002499500000000002 0.01099537037040136
4055 -0.1229996276620381 3.469446951953614e-18 0.01446759259263314
4056 -0.122948813831019 -0.002499499999999998 0.01099537037040136
4057 -0.122898 -0.004999 0.01250000000003566
4058 -0.122948813831019 -0.002499499999999998 0.01349537037040882
4059 -0.122948813831019 0.002499500000000002 0.04378140003441436
4060 -0.122898 0.004999 0.04250000000011735
4061 -0.122948813831019 0.002499500000000002 0.04128140003440704
4062 -0.1229996276620381 3.469446951953614e-18 0.04478062842947715
4063 -0.122948813831019 -0.002499499999999998 0.04128140003440704
4064 -0.122898 -0.004999 0.04250000000011735
4065 -0.122948813831019 -0.002499499999999998 0.04378140003441436
4066 -0.1229484710952004 0.002294180101734922 0.06370198843199021
4067 -0.122898 0.004999 0.06250000000010367
4068 -0.122898 -0.004999 0.06250000000010367
4069 -0.1229484710952004 -0.002704819898265078 0.06370198843199021
4070 -0.1229487994855415 0.002541505811357581 0.08602195686364829
4071 -0.1229487994855415 0.002541505811357581 0.08852195686364137
4072 -0.122898 0.004999 0.08750000000003455
4073 -0.1229487994855415 -0.002457494188642419 0.08852195686364137
4074 -0.1229487994855415 -0.002457494188642419 0.08602195686364829
4075 -0.122898 -0.004999 0.08750000000003455
4076 -0.122948813831019 0.002499500000001376 0.007936921296318421
4077 -0.122898 0.004999 0.007500000000020477
4078 -0.1229996276620381 1.37845464209807e-15 0.008932291666691575
4079 -0.122898 -0.004999 0.007500000000020477
4080 -0.122948813831019 -0.002499499999998623 0.007936921296318421
4081 -0.122948813831019 0.002499500000000002 0.02333333333339789
4082 -0.122898 0.004999 0.02250000000006195
4083 -0.122948813831019 -0.002499499999999998 0.02333333333339789
4084 -0.122898 -0.004999 0.02250000000006195
4085 -0.122948813831019 -0.002499499999999998 0.02500000000006912
4086 -0.1229996276620381 3.469446951953614e-18 0.02333333333339789
4087 -0.122948813831019 0.002499500000000002 0.02500000000006912
4088 -0.122898 0.004999 0.0275000000000763
4089 -0.122948813831019 0.002499500000000002 0.02666666666674035
4090 -0.122948813831019 -0.002499499999999998 0.02666666666674035
4091 -0.122898 -0.004999 0.0275000000000763
4092 -0.1229996276620381 3.469446951953614e-18 0.02666666666674035
4093 -0.1229475986628937 0.002886105419434676 0.09208270240197032
4094 -0.122898 0.004999 0.09250000000002073
4095 -0.1229742181219486 3.441691376337985e-15 0.09729166666667416
4096 -0.1229742181219486 3.441691376337985e-15 0.002718460648155341
4097 -0.1229472925176201 0.002932072152631712 0.08342719343667974
4098 -0.122898 0.004999 0.08250000000004838
4099 -0.1229472925176201 0.002932072152631712 0.08092719343668665
4100 -0.1229487773472728 0.002566488699555561 0.07584380145361935
4101 -0.1229487773472728 0.002566488699555561 0.07834380145361244
4102 -0.122898 0.004999 0.07750000000006221
4103 -0.122948813831019 0.002499500000000002 0.03877900663019334
4104 -0.122898 0.004999 0.03750000000010257
4105 -0.122948813831019 0.002499500000000002 0.03627900663018588
4106 -0.1229996276620381 3.469446951953614e-18 0.04006040666449034
4107 -0.1229996276620381 3.469446951953614e-18 0.03517164637641111
4108 -0.122948813831019 -0.002499499999999998 0.03877900663019334
4109 -0.122948813831019 -0.002499499999999998 0.03627900663018588
4110 -0.122898 -0.004999 0.03750000000010257
4111 -0.1229980920031617 0.0004745779639892929 0.08444915030028656
4112 -0.122998069864893 0.0004995608521872731 0.07927099489024381
4113 -0.1229487773472728 -0.002432511300444439 0.07584380145361935
4114 -0.122898 -0.004999 0.07750000000006221
4115 -0.1229487773472728 -0.002432511300444439 0.07834380145361244
4116 -0.1229472925176201 -0.002066927847368288 0.08092719343668665
4117 -0.1229472925176201 -0.002066927847368288 0.08342719343667974
4118 -0.122898 -0.004999 0.08250000000004838
4119 -0.1229982177331127 -0.000372306023870752 0.08914288871675127
4120 -0.1229474182475711 0.002085188164771667 0.09062093185313755
4121 -0.1229970169104649 -2.770641579365689e-05 0.09270363425508023
4122 -0.1229474182475711 -0.002913811835228333 0.09062093185313755
4123 -0.1229474182475711 -0.002913811835228333 0.09312093185313064
4124 -0.122898 -0.004999 0.09250000000002073
4125 -0.1229440954856161 -0.003261295553260399 0.07352133324484393
4126 -0.1229948728328889 -0.0006948068537048386 0.07436513469839416
4127 -0.1229440954856161 -0.003261295553260399 0.07102133324485084
4128 -0.122898 -0.004999 0.07250000000007603
4129 -0.1229487456612121 -0.002591068860586555 0.06643258613630684
4130 -0.122898 -0.004999 0.06750000000008985
4131 -0.1229487456612121 -0.002591068860586555 0.06893258613629993
4132 -0.122941837459916 0.003425805769359424 0.07393398319510427
4133 -0.1229926148071889 0.000993294468914985 0.07477778464865451
4134 -0.1229917864463196 0.001252457295087894 0.0717387644719481
4135 -0.122941837459916 0.003425805769359424 0.07143398319511118
4136 -0.1229479489864035 0.00282565152572847 0.07030478127691986
4137 -0.122898 0.004999 0.07250000000007603
4138 -0.1229948411468282 -0.0008533644138469544 0.06995391938106782
4139 -0.1229940444720196 -0.0004356440275319295 0.07132611452168776
4140 -0.1229986946476156 0.0002345826651419151 0.06923736741313685
4141 -0.1229879329455321 0.0001645102160990245 0.07245531643987908
4142 -0.1229992167564125 -0.0002968887588516334 0.06513457456820028
4143 -0.1229487456612121 0.002407931139413445 0.06643258613630684
4144 -0.1229487456612121 0.002407931139413445 0.06893258613629993
4145 -0.122898 0.004999 0.06750000000008985
4146 -0.1226084984912612 -0.009801250058967724 0.11
4147 -0.122131420673711 -0.01458850537995754 0.11
4148 -0.1214674964192344 -0.01935344203606397 0.11
4149 -0.1206177414523745 -0.02408877024524386 0.11
4150 -0.1195834557963874 -0.02878724552286066 0.11
4151 -0.1183662217843765 -0.03344167976480558 0.11
4152 -0.1169679016385009 -0.03804495224449593 0.11
4153 -0.1153906346210052 -0.04259002050670671 0.11
4154 -0.1226084984912612 -0.009801250058967724 0.1
4155 -0.122131420673711 -0.01458850537995754 0.1
4156 -0.1214674964192344 -0.01935344203606397 0.1
4157 -0.1206177414523745 -0.02408877024524386 0.1
4158 -0.1195834557963874 -0.02878724552286066 0.1
4159 -0.1183662217843765 -0.03344167976480558 0.1
4160 -0.1169679016385009 -0.03804495224449593 0.1
4161 -0.1153906346210052 -0.04259002050670671 0.1
4162 -0.121839603678903 -0.01685287454317114 0.1050000000000006
4163 -0.1225419954903575 -0.01060036538243883 0.1050000000000034
4164 -0.1210532946376392 -0.02179468426871391 0.1050000000000001
4165 -0.1200050684324008 -0.02697576607873846 0.105
4166 -0.1174540026484041 -0.03651664917361263 0.105
4167 -0.1189405724541587 -0.03133765513367312 0.105
4168 -0.1156658402823415 -0.04183684735708319 0.1050000000000034
4169 -0.1227645043041632 -0.007601637188994896 0.1025000000000043
4170 -0.1146085670485314 -0.04465181703001894 0.1025000000000043
4171 -0.1227645043041632 -0.007601637188994896 0.1075000000000042
4172 -0.1146085670485315 -0.04465181703001894 0.1075000000000042
4173 -0.1226865013977122 -0.008701443623981311 0.1012500000000021
4174 -0.1228312521520816 -0.006300318594497448 0.1012500000000021
4175 -0.1227532492456306 -0.007400125029483862 0.1
4176 -0.1228312521520816 -0.006300318594497448 0.1037500000000089
4177 -0.1225752469908094 -0.01020080772070328 0.1025000000000017
4178 -0.1226532498972604 -0.009101001285716863 0.1037500000000038
4179 -0.1149996008347683 -0.04362091876836283 0.1012500000000021
4180 -0.1145138173105026 -0.04483001025335336 0.1
4181 -0.1141227835242657 -0.04586090851500947 0.1012500000000021
4182 -0.1141227835242657 -0.04586090851500947 0.1037500000000089
4183 -0.1151372036654364 -0.04324433219355107 0.1037500000000038
4184 -0.1155282374516733 -0.04221343393189495 0.1025000000000017
4185 -0.1226865013977122 -0.008701443623981311 0.1087500000000021
4186 -0.1227532492456306 -0.007400125029483862 0.11
4187 -0.1228312521520816 -0.006300318594497448 0.1087500000000021
4188 -0.1228312521520816 -0.006300318594497448 0.1062500000000089
4189 -0.1226532498972604 -0.009101001285716863 0.1062500000000038
4190 -0.1225752469908094 -0.01020080772070328 0.1075000000000017
4191 -0.1149996008347683 -0.04362091876836283 0.1087500000000021
4192 -0.1141227835242657 -0.04586090851500947 0.1087500000000021
4193 -0.1145138173105026 -0.04483001025335336 0.11
4194 -0.1141227835242657 -0.04586090851500947 0.1062500000000089
4195 -0.1155282374516733 -0.04221343393189495 0.1075000000000017
4196 -0.1151372036654365 -0.04324433219355107 0.1062500000000038
4197 -0.1208355180450068 -0.02294172725697888 0.1075
4198 -0.1210426189358045 -0.02172110614065392 0.11
4199 -0.1212603955284368 -0.02057406315238894 0.1075
4200 -0.1212603955284368 -0.02057406315238894 0.1025
4201 -0.1210426189358045 -0.02172110614065392 0.1
4202 -0.1208355180450068 -0.02294172725697888 0.1025
4203 -0.1223367080820343 -0.01259443538119819 0.1075000000000017
4204 -0.1223699595824861 -0.01219487771946263 0.11
4205 -0.1223367080820343 -0.01259443538119819 0.1025000000000017
4206 -0.1223699595824861 -0.01219487771946263 0.1
4207 -0.121985512176307 -0.01572068996156434 0.1025000000000003
4208 -0.1221907995846302 -0.01372661996280498 0.105000000000002
4209 -0.121985512176307 -0.01572068996156434 0.1075000000000003
4210 -0.1186533971192676 -0.03238966744923935 0.1075
4211 -0.118974838790382 -0.03111446264383312 0.11
4212 -0.1192620141252731 -0.03006245032826689 0.1075
4213 -0.1192620141252731 -0.03006245032826689 0.1025
4214 -0.118974838790382 -0.03111446264383312 0.1
4215 -0.1186533971192676 -0.03238966744923935 0.1025
4216 -0.1197942621143941 -0.02788150580079956 0.1025
4217 -0.1194728204432798 -0.02915671060620579 0.105
4218 -0.1197942621143941 -0.02788150580079956 0.1075
4219 -0.120100598624381 -0.02643800788405226 0.11
4220 -0.1203114049423877 -0.02553226816199116 0.1075
4221 -0.1203114049423877 -0.02553226816199116 0.1025
4222 -0.120100598624381 -0.02643800788405226 0.1
4223 -0.12052918153502 -0.02438522517372618 0.105
4224 -0.1163168709604212 -0.03994089980078956 0.1075000000000017
4225 -0.116179268129753 -0.04031748637560132 0.11
4226 -0.1172109521434525 -0.03728080070905428 0.1075
4227 -0.1165599214653728 -0.03917674826534791 0.1050000000000017
4228 -0.1163168709604212 -0.03994089980078956 0.1025000000000017
4229 -0.116179268129753 -0.04031748637560132 0.1
4230 -0.1172109521434525 -0.03728080070905428 0.1025
4231 -0.1176670617114387 -0.03574331600465076 0.11
4232 -0.1179101122163903 -0.03497916446920911 0.1075
4233 -0.1179101122163903 -0.03497916446920911 0.1025
4234 -0.1176670617114387 -0.03574331600465076 0.1
4235 -0.1181972875512814 -0.03392715215364288 0.105
4236 -0.1216535500490687 -0.01810315828961755 0.1075000000000003
4237 -0.1217994585464727 -0.01697097370801075 0.11
4238 -0.1217994585464727 -0.01697097370801075 0.1
4239 -0.1216535500490687 -0.01810315828961755 0.1025000000000003
4240 -0.1227645043041632 -0.007601637188994896 0.1050000000000043
4241 -0.1146085670485315 -0.04465181703001894 0.1050000000000043
4242 -0.1214464491582711 -0.01932377940594253 0.1050000000000003
4243 -0.1226084984912612 -0.009801250058967724 -0.1
4244 -0.122131420673711 -0.01458850537995754 -0.1
4245 -0.1214674964192344 -0.01935344203606397 -0.1
4246 -0.1206177414523745 -0.02408877024524386 -0.1
4247 -0.1195834557963874 -0.02878724552286066 -0.1
4248 -0.1183662217843765 -0.03344167976480558 -0.1
4249 -0.1169679016385009 -0.03804495224449593 -0.1
4250 -0.1153906346210052 -0.04259002050670671 -0.1
4251 -0.1226084984912612 -0.009801250058967724 -0.11
4252 -0.122131420673711 -0.01458850537995754 -0.11
4253 -0.1214674964192344 -0.01935344203606397 -0.11
4254 -0.1206177414523745 -0.02408877024524386 -0.11
4255 -0.1195834557963874 -0.02878724552286066 -0.11
4256 -0.1183662217843765 -0.03344167976480558 -0.11
4257 -0.1169679016385009 -0.03804495224449593 -0.11
4258 -0.1153906346210052 -0.04259002050670671 -0.11
4259 -0.121839603678903 -0.01685287454317114 -0.1049999999999994
4260 -0.1225419954903575 -0.01060036538243884 -0.1049999999999959
4261 -0.1210532946376392 -0.0217946842687139 -0.1049999999999998
4262 -0.1200050684324008 -0.02697576607873846 -0.105
4263 -0.1174540026484041 -0.03651664917361263 -0.105
4264 -0.1189405724541587 -0.03133765513367312 -0.105
4265 -0.1156658402823415 -0.04183684735708318 -0.1049999999999959
4266 -0.1227645043041632 -0.007601637188994897 -0.1074999999999949
4267 -0.1146085670485315 -0.04465181703001894 -0.1074999999999949
4268 -0.1227645043041632 -0.007601637188994896 -0.1024999999999949
4269 -0.1146085670485314 -0.04465181703001894 -0.1024999999999949
4270 -0.1226865013977122 -0.008701443623981311 -0.1087499999999975
4271 -0.1228312521520816 -0.006300318594497449 -0.1087499999999975
4272 -0.1227532492456306 -0.007400125029483862 -0.11
4273 -0.1228312521520816 -0.006300318594497449 -0.1062499999999893
4274 -0.1225752469908094 -0.01020080772070328 -0.107499999999998
4275 -0.1226532498972604 -0.009101001285716868 -0.1062499999999954
4276 -0.1149996008347683 -0.04362091876836283 -0.1087499999999975
4277 -0.1145138173105026 -0.04483001025335336 -0.11
4278 -0.1141227835242657 -0.04586090851500947 -0.1087499999999975
4279 -0.1141227835242657 -0.04586090851500947 -0.1062499999999893
4280 -0.1151372036654365 -0.04324433219355106 -0.1062499999999954
4281 -0.1155282374516733 -0.04221343393189494 -0.107499999999998
4282 -0.1226865013977122 -0.008701443623981311 -0.1012499999999975
4283 -0.1227532492456306 -0.007400125029483862 -0.1
4284 -0.1228312521520816 -0.006300318594497448 -0.1012499999999975
4285 -0.1228312521520816 -0.006300318594497448 -0.1037499999999893
4286 -0.1226532498972604 -0.009101001285716868 -0.1037499999999954
4287 -0.1225752469908094 -0.01020080772070328 -0.102499999999998
4288 -0.1149996008347683 -0.04362091876836283 -0.1012499999999975
4289 -0.1141227835242657 -0.04586090851500947 -0.1012499999999975
4290 -0.1145138173105026 -0.04483001025335336 -0.1
4291 -0.1141227835242657 -0.04586090851500947 -0.1037499999999893
4292 -0.1155282374516733 -0.04221343393189494 -0.102499999999998
4293 -0.1151372036654364 -0.04324433219355106 -0.1037499999999954
4294 -0.1208355180450068 -0.02294172725697888 -0.1024999999999999
4295 -0.1210426189358045 -0.02172110614065392 -0.1
4296 -0.1212603955284368 -0.02057406315238893 -0.1024999999999999
4297 -0.1212603955284368 -0.02057406315238893 -0.1074999999999999
4298 -0.1210426189358045 -0.02172110614065392 -0.11
4299 -0.1208355180450068 -0.02294172725697888 -0.1074999999999999
4300 -0.1223367080820343 -0.01259443538119819 -0.102499999999998
4301 -0.1223699595824861 -0.01219487771946263 -0.1
4302 -0.1223367080820343 -0.01259443538119819 -0.107499999999998
4303 -0.1223699595824861 -0.01219487771946263 -0.11
4304 -0.121985512176307 -0.01572068996156434 -0.1074999999999997
4305 -0.1221907995846302 -0.01372661996280499 -0.1049999999999977
4306 -0.121985512176307 -0.01572068996156434 -0.1024999999999997
4307 -0.1192620141252731 -0.03006245032826689 -0.1025
4308 -0.1186533971192676 -0.03238966744923935 -0.1025
4309 -0.118974838790382 -0.03111446264383312 -0.1
4310 -0.1197942621143941 -0.02788150580079956 -0.1025
4311 -0.1194728204432798 -0.02915671060620579 -0.105
4312 -0.1186533971192676 -0.03238966744923935 -0.1075
4313 -0.1192620141252731 -0.03006245032826689 -0.1075
4314 -0.118974838790382 -0.03111446264383312 -0.11
4315 -0.1197942621143941 -0.02788150580079956 -0.1075
4316 -0.120100598624381 -0.02643800788405226 -0.1
4317 -0.1203114049423877 -0.02553226816199116 -0.1025
4318 -0.1203114049423877 -0.02553226816199116 -0.1075
4319 -0.120100598624381 -0.02643800788405226 -0.11
4320 -0.12052918153502 -0.02438522517372618 -0.1049999999999999
4321 -0.1163168709604212 -0.03994089980078955 -0.102499999999998
4322 -0.116179268129753 -0.04031748637560132 -0.1
4323 -0.1172109521434525 -0.03728080070905428 -0.1025
4324 -0.1165599214653728 -0.03917674826534791 -0.104999999999998
4325 -0.1163168709604212 -0.03994089980078955 -0.107499999999998
4326 -0.116179268129753 -0.04031748637560132 -0.11
4327 -0.1172109521434525 -0.03728080070905428 -0.1075
4328 -0.1176670617114387 -0.03574331600465076 -0.1
4329 -0.1179101122163903 -0.03497916446920911 -0.1025
4330 -0.1179101122163903 -0.03497916446920911 -0.1075
4331 -0.1176670617114387 -0.03574331600465076 -0.11
4332 -0.1181972875512814 -0.03392715215364288 -0.105
4333 -0.1216535500490687 -0.01810315828961755 -0.1024999999999997
4334 -0.1217994585464727 -0.01697097370801075 -0.1
4335 -0.1217994585464727 -0.01697097370801075 -0.11
4336 -0.1216535500490687 -0.01810315828961755 -0.1074999999999997
4337 -0.1227645043041632 -0.007601637188994896 -0.1049999999999949
4338 -0.1146085670485315 -0.04465181703001894 -0.1049999999999949
4339 -0.1214464491582711 -0.01932377940594252 -0.1049999999999996
4340 -0.090437 -0.083368 0.11
4341 -0.090437 -0.083368 0.1
4342 -0.1117093239503079 -0.05147795267456888 0.11
4343 -0.1096107423509527 -0.05580714855888144 0.11
4344 -0.1073444658492657 -0.06005096435974884 0.11
4345 -0.1049139616511699 -0.06420290740812945 0.11
4346 -0.1023229482167166 -0.06825662559223922 0.11
4347 -0.09957538957106327 -0.07220591707589472 0.11
4348 -0.09667548924001521 -0.07604473978654738 0.11
4349 -0.09362768381885 -0.0797672206593501 0.11
4350 -0.1117093239503079 -0.05147795267456888 0.1
4351 -0.1096107423509527 -0.05580714855888144 0.1
4352 -0.1073444658492657 -0.06005096435974884 0.1
4353 -0.1049139616511699 -0.06420290740812945 0.1
4354 -0.1023229482167166 -0.06825662559223922 0.1
4355 -0.09957538957106327 -0.07220591707589472 0.1
4356 -0.09667548924001521 -0.07604473978654738 0.1
4357 -0.09362768381885 -0.0797672206593501 0.1
4358 -0.090437 -0.083368 0.1050000000000136
4359 -0.09472114863902811 -0.07846564005667156 0.1049900793650813
4360 -0.1109277857309337 -0.05314112364103765 0.1050000000000012
4361 -0.1061217977335093 -0.06218614568220269 0.1052427742412552
4362 -0.1084852365733475 -0.05796469714080144 0.1050000000000002
4363 -0.09806658220755271 -0.07424215866426101 0.1049305555555557
4364 -0.1126343877763678 -0.04942112260200904 0.1025000000000042
4365 -0.1126343877763678 -0.04942112260200905 0.1075000000000042
4366 -0.1009275413822796 -0.07030351384908327 0.1052312001671811
4367 -0.1036269205108925 -0.06626019932379588 0.1050789957347394
4368 -0.09227492083401385 -0.08132829553160739 0.1034980158730203
4369 -0.09231986741207468 -0.08127727080812291 0.106697619047623
4370 -0.1131356938881839 -0.04824556130100452 0.1037500000000089
4371 -0.1131356938881839 -0.04824556130100452 0.1012500000000021
4372 -0.1121718558633379 -0.05044953763828896 0.1012500000000021
4373 -0.1113185548406208 -0.05230953815780327 0.1025000000000006
4374 -0.1117810867536508 -0.05128112312152334 0.1037500000000027
4375 -0.112673161975154 -0.04927397633728444 0.1
4376 -0.1131356938881839 -0.04824556130100453 0.1062500000000089
4377 -0.1131356938881839 -0.04824556130100453 0.1087500000000021
4378 -0.1121718558633379 -0.05044953763828897 0.1087500000000021
4379 -0.1117810867536508 -0.05128112312152335 0.1062500000000027
4380 -0.1113185548406208 -0.05230953815780327 0.1075000000000006
4381 -0.112673161975154 -0.04927397633728444 0.11
4382 -0.09882098588930799 -0.07322403787007786 0.1074652777777778
4383 -0.09737103572378396 -0.0751434492254042 0.1074652777777778
4384 -0.09812543940553924 -0.07412532843122105 0.11
4385 -0.09737103572378396 -0.0751434492254042 0.1024652777777778
4386 -0.09882098588930799 -0.07322403787007786 0.1024652777777778
4387 -0.09812543940553924 -0.07412532843122105 0.1
4388 -0.09569831893952166 -0.07725518992160947 0.1024950396825406
4389 -0.09639386542329041 -0.07635389936046628 0.1049603174603185
4390 -0.09569831893952166 -0.07725518992160947 0.1074950396825406
4391 -0.1090479894621501 -0.05688592284984144 0.1075000000000001
4392 -0.1079148512113066 -0.05900783075027514 0.1075000000000001
4393 -0.1084776041001092 -0.05792905645931514 0.11
4394 -0.1079148512113066 -0.05900783075027514 0.1025000000000001
4395 -0.1090479894621501 -0.05688592284984144 0.1025000000000001
4396 -0.1084776041001092 -0.05792905645931514 0.1
4397 -0.09417441622893906 -0.07911643035801083 0.1074950396825406
4398 -0.09515158652943261 -0.07790598022294874 0.11
4399 -0.09417441622893906 -0.07911643035801083 0.1024950396825406
4400 -0.09515158652943261 -0.07790598022294874 0.1
4401 -0.1102692640409432 -0.05447413609995955 0.1075000000000006
4402 -0.1106600331506303 -0.05364255061672516 0.11
4403 -0.1102692640409432 -0.05447413609995955 0.1025000000000006
4404 -0.1106600331506303 -0.05364255061672516 0.1
4405 -0.1055178796923396 -0.06319452654516607 0.1076213871206276
4406 -0.1061292137502178 -0.06212693588393915 0.11
4407 -0.1067331317913875 -0.06111855502097577 0.1076213871206276
4408 -0.1067331317913875 -0.06111855502097577 0.1026213871206276
4409 -0.1061292137502178 -0.06212693588393915 0.1
4410 -0.1055178796923396 -0.06319452654516607 0.1026213871206276
4411 -0.1073035171534284 -0.06007542141150207 0.1051213871206277
4412 -0.1126343877763678 -0.04942112260200904 0.1050000000000042
4413 -0.1042704410810312 -0.06523155336596267 0.1075394978673697
4414 -0.1029749343638046 -0.06725841245801756 0.1075394978673697
4415 -0.1036184549339433 -0.06622976650018433 0.11
4416 -0.1048743591222009 -0.06422317250299929 0.1051608849879973
4417 -0.1002514654766714 -0.07125471546248899 0.1076156000835906
4418 -0.1009491688938899 -0.07023127133406697 0.11
4419 -0.1016252447994981 -0.06928006972066125 0.1076156000835906
4420 -0.09949706179491616 -0.07227283625667213 0.1050808778613684
4421 -0.1002514654766714 -0.07125471546248899 0.1026156000835906
4422 -0.1016252447994981 -0.06928006972066125 0.1026156000835906
4423 -0.1009491688938899 -0.07023127133406697 0.1
4424 -0.1097065111521406 -0.05555291039091954 0.1050000000000007
4425 -0.1042704410810312 -0.06523155336596267 0.1025394978673697
4426 -0.1036184549339433 -0.06622976650018433 0.1
4427 -0.1029749343638046 -0.06725841245801756 0.1025394978673697
4428 -0.1022772309465861 -0.06828185658643958 0.1051550979509603
4429 -0.09295130232643192 -0.08054775809547875 0.1017490079365101
4430 -0.092032341909425 -0.08156761032967505 0.1
4431 -0.09135596041700693 -0.08234814776580369 0.1017490079365101
4432 -0.09135596041700693 -0.08234814776580369 0.104249007936517
4433 -0.090437 -0.083368 0.1025000000000068
4434 -0.09349803473652099 -0.07989696779413948 0.1042440476190508
4435 -0.09297377561546234 -0.08052224573373651 0.1083488095238115
4436 -0.09137843370603735 -0.08232263540406146 0.1083488095238115
4437 -0.092032341909425 -0.08156761032967505 0.11
4438 -0.09137843370603735 -0.08232263540406146 0.1058488095238183
4439 -0.090437 -0.083368 0.1075000000000068
4440 -0.0935205080255514 -0.07987145543239724 0.1058438492063521
4441 -0.09229739412304427 -0.08130278316986515 0.1050978174603217
4442 -0.090437 -0.083368 -0.1
4443 -0.090437 -0.083368 -0.11
4444 -0.1117093239503079 -0.05147795267456888 -0.1
4445 -0.1096107423509527 -0.05580714855888144 -0.1
4446 -0.1073444658492657 -0.06005096435974884 -0.1
4447 -0.1049139616511699 -0.06420290740812945 -0.1
4448 -0.1023229482167166 -0.06825662559223922 -0.1
4449 -0.09957538957106327 -0.07220591707589472 -0.1
4450 -0.09667548924001521 -0.07604473978654738 -0.1
4451 -0.09362768381885 -0.0797672206593501 -0.1
4452 -0.1117093239503079 -0.05147795267456888 -0.11
4453 -0.1096107423509527 -0.05580714855888144 -0.11
4454 -0.1073444658492657 -0.06005096435974884 -0.11
4455 -0.1049139616511699 -0.06420290740812945 -0.11
4456 -0.1023229482167166 -0.06825662559223922 -0.11
4457 -0.09957538957106327 -0.07220591707589472 -0.11
4458 -0.09667548924001521 -0.07604473978654738 -0.11
4459 -0.09362768381885 -0.0797672206593501 -0.11
4460 -0.090437 -0.083368 -0.1049999999999837
4461 -0.09535423107821994 -0.0776950660240496 -0.1050107473544958
4462 -0.1109277857309337 -0.05314112364103767 -0.1049999999999985
4463 -0.1057590130271073 -0.06280114515303159 -0.105
4464 -0.1084825809336876 -0.05796966709379922 -0.1049999999999998
4465 -0.09855832211840157 -0.07358810916313446 -0.1050595238095237
4466 -0.1126343877763678 -0.04942112260200904 -0.1074999999999949
4467 -0.1126343877763678 -0.04942112260200904 -0.1024999999999949
4468 -0.1035332859081697 -0.06640641066988329 -0.1069464285714285
4469 -0.1031983489604524 -0.06692573078298579 -0.1036304563492064
4470 -0.1014394609317204 -0.06956283803067537 -0.1064891699735449
4471 -0.1010490103899539 -0.07012881125622324 -0.103035830026455
4472 -0.09234731923033535 -0.08124607867442302 -0.1050017912257466
4473 -0.1131356938881839 -0.04824556130100452 -0.1062499999999893
4474 -0.1131356938881839 -0.04824556130100452 -0.1087499999999975
4475 -0.1121718558633379 -0.05044953763828896 -0.1087499999999975
4476 -0.1113185548406208 -0.05230953815780327 -0.1074999999999992
4477 -0.1117810867536508 -0.05128112312152336 -0.1062499999999967
4478 -0.112673161975154 -0.04927397633728444 -0.11
4479 -0.1131356938881839 -0.04824556130100452 -0.1037499999999893
4480 -0.1131356938881839 -0.04824556130100452 -0.1012499999999975
4481 -0.1121718558633379 -0.05044953763828896 -0.1012499999999975
4482 -0.1117810867536508 -0.05128112312152336 -0.1037499999999967
4483 -0.1113185548406208 -0.05230953815780327 -0.1024999999999993
4484 -0.112673161975154 -0.04927397633728444 -0.1
4485 -0.09906685584473242 -0.07289701311951459 -0.1025297619047618
4486 -0.09761690567920839 -0.07481642447484092 -0.1025297619047618
4487 -0.09812543940553924 -0.07412532843122105 -0.1
4488 -0.09761690567920839 -0.07481642447484092 -0.1075297619047619
4489 -0.09906685584473242 -0.07289701311951459 -0.1075297619047619
4490 -0.09812543940553924 -0.07412532843122105 -0.11
4491 -0.09601486015911757 -0.07686990290529849 -0.1075053736772479
4492 -0.09695627659831076 -0.07564158759359203 -0.1050351355820097
4493 -0.09601486015911757 -0.07686990290529849 -0.1025053736772479
4494 -0.1090466616423201 -0.05688840782634033 -0.1024999999999999
4495 -0.1079135233914766 -0.05901031572677403 -0.1024999999999999
4496 -0.1084776041001092 -0.05792905645931514 -0.1
4497 -0.1079135233914766 -0.05901031572677403 -0.1074999999999999
4498 -0.1090466616423201 -0.05688840782634033 -0.1074999999999999
4499 -0.1084776041001092 -0.05792905645931514 -0.11
4500 -0.09449095744853497 -0.07873114334169985 -0.1025053736772479
4501 -0.09515158652943261 -0.07790598022294874 -0.1
4502 -0.09449095744853497 -0.07873114334169985 -0.1075053736772479
4503 -0.09515158652943261 -0.07790598022294874 -0.11
4504 -0.1102692640409432 -0.05447413609995956 -0.1024999999999993
4505 -0.1106600331506303 -0.05364255061672516 -0.1
4506 -0.1102692640409432 -0.05447413609995956 -0.1074999999999992
4507 -0.1106600331506303 -0.05364255061672516 -0.11
4508 -0.1053364873391386 -0.06350202628058052 -0.1025
4509 -0.1061292137502178 -0.06212693588393915 -0.1
4510 -0.1065517394381865 -0.06142605475639022 -0.1025
4511 -0.1065517394381865 -0.06142605475639022 -0.1075
4512 -0.1061292137502178 -0.06212693588393915 -0.11
4513 -0.1053364873391386 -0.06350202628058052 -0.1075
4514 -0.1071207969803974 -0.06038540612341541 -0.1049999999999999
4515 -0.1126343877763678 -0.04942112260200904 -0.1049999999999949
4516 -0.1042236237796698 -0.06530465903900637 -0.1084732142857142
4517 -0.1036184549339433 -0.06622976650018433 -0.11
4518 -0.1029281170624431 -0.06733151813106125 -0.1084732142857142
4519 -0.1046461494676385 -0.06460377791145744 -0.1059732142857142
4520 -0.1040561553058111 -0.06556431909555763 -0.1018152281746032
4521 -0.1027606485885845 -0.06759117818761251 -0.1018152281746032
4522 -0.1036184549339433 -0.06622976650018433 -0.1
4523 -0.1044786809937799 -0.0648634379680087 -0.1043152281746032
4524 -0.1005074252513918 -0.07088437755328504 -0.1082445849867724
4525 -0.1018812045742185 -0.06890973181145729 -0.1082445849867724
4526 -0.1009491688938899 -0.07023127133406697 -0.11
4527 -0.09999889152506099 -0.07157547359690491 -0.1057743468915343
4528 -0.1003121999805086 -0.07116736416605898 -0.1015179150132275
4529 -0.1009491688938899 -0.07023127133406697 -0.1
4530 -0.1016859793033353 -0.06919271842423122 -0.1015179150132275
4531 -0.09980366625417773 -0.07185846020967884 -0.1040476769179894
4532 -0.1021236796752031 -0.06852727101960451 -0.1033331431878307
4533 -0.102486373419945 -0.06798462435027933 -0.1067177992724867
4534 -0.103365817434311 -0.06666607072643455 -0.1052884424603174
4535 -0.1012442356608372 -0.06984582464344929 -0.1047625
4536 -0.1097051833323106 -0.05555539536741845 -0.1049999999999991
4537 -0.1023189049460864 -0.06824428440683059 -0.1050598131613757
4538 -0.09298750152459268 -0.08050664966688656 -0.1075008956128733
4539 -0.09385077515427764 -0.07947057234923631 -0.1050062692901212
4540 -0.092032341909425 -0.08156761032967505 -0.11
4541 -0.09139215961516767 -0.08230703933721151 -0.1075008956128733
4542 -0.09139215961516767 -0.08230703933721151 -0.1050008956128652
4543 -0.090437 -0.083368 -0.1074999999999919
4544 -0.09298750152459268 -0.08050664966688656 -0.1025008956128733
4545 -0.09139215961516767 -0.08230703933721151 -0.1025008956128733
4546 -0.092032341909425 -0.08156761032967505 -0.1
4547 -0.090437 -0.083368 -0.1024999999999918
4548 -0.083368 -0.090437 0.11
4549 -0.083368 -0.090437 0.1
4550 -0.08697434792225936 -0.08697434792223382 0.11
4551 -0.08697434792225936 -0.08697434792223382 0.1
4552 -0.083368 -0.090437 0.1050000000000136
4553 -0.08697434792225024 -0.08697434792224296 0.1035714285714344
4554 -0.08590726501254176 -0.0880284965852815 0.107214285714291
4555 -0.08816806404082238 -0.08576401854095603 0.1071571428571478
4556 -0.08697434792225481 -0.08697434792223839 0.1017857142857172
4557 -0.08870567396112512 -0.08517117396112148 0.1017857142857172
4558 -0.08870567396112969 -0.08517117396111691 0.1
4559 -0.08870567396112512 -0.08517117396112148 0.104285714285724
4560 -0.08517117396112968 -0.08870567396111692 0.1
4561 -0.08517117396112511 -0.08870567396112147 0.1017857142857172
4562 -0.08517117396112511 -0.08870567396112147 0.104285714285724
4563 -0.083368 -0.090437 0.1025000000000068
4564 -0.08463763250627088 -0.08923274829264075 0.1061071428571523
4565 -0.083368 -0.090437 0.1075000000000068
4566 -0.08463763250627088 -0.08923274829264075 0.1086071428571455
4567 -0.08644080646739599 -0.08750142225376223 0.1053928571428627
4568 -0.08644080646740056 -0.08750142225375766 0.1086071428571455
4569 -0.08517117396112968 -0.08870567396111692 0.11
4570 -0.08757120598154086 -0.08636918323159493 0.1085785714285739
4571 -0.08870567396112969 -0.08517117396111691 0.11
4572 -0.08930253202041119 -0.08456600927047801 0.1085785714285739
4573 -0.08930253202041119 -0.08456600927047801 0.1060785714285807
4574 -0.08757120598153631 -0.08636918323159949 0.1053642857142911
4575 -0.08703766452668207 -0.08689625756311876 0.1071857142857194
4576 -0.083368 -0.090437 -0.1
4577 -0.083368 -0.090437 -0.11
4578 -0.08697434792225936 -0.08697434792223382 -0.1
4579 -0.08697434792225936 -0.08697434792223382 -0.11
4580 -0.083368 -0.090437 -0.1049999999999837
4581 -0.08697434792225026 -0.08697434792224296 -0.1064285714285645
4582 -0.08590726501254176 -0.08802849658528152 -0.102785714285708
4583 -0.08816806404082235 -0.085764018540956 -0.1028428571428513
4584 -0.08697434792225481 -0.08697434792223839 -0.1082142857142823
4585 -0.08870567396112514 -0.08517117396112148 -0.1082142857142823
4586 -0.08870567396112969 -0.08517117396111691 -0.11
4587 -0.08870567396112514 -0.08517117396112148 -0.1057142857142741
4588 -0.08517117396112968 -0.08870567396111692 -0.11
4589 -0.08517117396112513 -0.08870567396112147 -0.1082142857142823
4590 -0.08517117396112513 -0.08870567396112147 -0.1057142857142741
4591 -0.083368 -0.090437 -0.1074999999999919
4592 -0.08463763250627088 -0.08923274829264076 -0.1038928571428459
4593 -0.083368 -0.090437 -0.1024999999999918
4594 -0.08463763250627088 -0.08923274829264076 -0.101392857142854
4595 -0.08644080646739601 -0.08750142225376223 -0.1046071428571363
4596 -0.08644080646740056 -0.08750142225375768 -0.101392857142854
4597 -0.08517117396112968 -0.08870567396111692 -0.1
4598 -0.08757120598154086 -0.08636918323159491 -0.1014214285714257
4599 -0.08870567396112969 -0.08517117396111691 -0.1
4600 -0.08930253202041118 -0.084566009270478 -0.1014214285714257
4601 -0.08930253202041118 -0.084566009270478 -0.1039214285714175
4602 -0.08757120598153631 -0.08636918323159948 -0.1046357142857079
4603 -0.08703766452668205 -0.08689625756311875 -0.1028142857142796
4604 -0.090437 -0.083368 0
4605 -0.083368 -0.090437 0
4606 -0.08697434792225936 -0.08697434792223382 0
4607 -0.090437 -0.083368 -0.004999999999990302
4608 -0.090437 -0.083368 -0.009999999999982483
4609 -0.090437 -0.083368 -0.01499999999997171
4610 -0.090437 -0.083368 -0.019999999999956
4611 -0.090437 -0.083368 -0.02499999999994164
4612 -0.090437 -0.083368 -0.02999999999992728
4613 -0.090437 -0.083368 -0.03499999999991292
4614 -0.090437 -0.083368 -0.03999999999989585
4615 -0.090437 -0.083368 -0.0449999999998815
4616 -0.090437 -0.083368 -0.0499999999998685
4617 -0.090437 -0.083368 -0.05499999999988016
4618 -0.090437 -0.083368 -0.05999999999989426
4619 -0.090437 -0.083368 -0.06499999999990864
4620 -0.090437 -0.083368 -0.06999999999991974
4621 -0.090437 -0.083368 -0.07499999999993355
4622 -0.090437 -0.083368 -0.07999999999994738
4623 -0.090437 -0.083368 -0.0849999999999585
4624 -0.090437 -0.083368 -0.08999999999997287
4625 -0.090437 -0.083368 -0.0949999999999878
4626 -0.083368 -0.090437 -0.004999999999990302
4627 -0.083368 -0.090437 -0.009999999999982483
4628 -0.083368 -0.090437 -0.01499999999997171
4629 -0.083368 -0.090437 -0.019999999999956
4630 -0.083368 -0.090437 -0.02499999999994164
4631 -0.083368 -0.090437 -0.02999999999992728
4632 -0.083368 -0.090437 -0.03499999999991292
4633 -0.083368 -0.090437 -0.03999999999989585
4634 -0.083368 -0.090437 -0.0449999999998815
4635 -0.083368 -0.090437 -0.0499999999998685
4636 -0.083368 -0.090437 -0.05499999999988016
4637 -0.083368 -0.090437 -0.05999999999989426
4638 -0.083368 -0.090437 -0.06499999999990864
4639 -0.083368 -0.090437 -0.06999999999991974
4640 -0.083368 -0.090437 -0.07499999999993355
4641 -0.083368 -0.090437 -0.07999999999994738
4642 -0.083368 -0.090437 -0.0849999999999585
4643 -0.083368 -0.090437 -0.08999999999997287
4644 -0.083368 -0.090437 -0.0949999999999878
4645 -0.08697434792224661 -0.08697434792224655 -0.02666666666660352
4646 -0.08697434792224658 -0.08697434792224656 -0.03194444444436614
4647 -0.08697434792224662 -0.08697434792224656 -0.03754629629620061
4648 -0.08697434792224662 -0.08697434792224656 -0.02194444444439508
4649 -0.08697434792224661 -0.08697434792224656 -0.04260030864186477
4650 -0.08697434792224658 -0.08697434792224655 -0.0169907407407055
4651 -0.08697434792224794 -0.08697434792224523 -0.007626044116192154
4652 -0.08697434792224693 -0.08697434792224625 -0.01223655202819561
4653 -0.08697434792224662 -0.08697434792224656 -0.04805555555543335
4654 -0.08697434792224658 -0.08697434792224655 -0.07833333333327565
4655 -0.08677377385300999 -0.0871744605048215 -0.07271507936500676
4656 -0.08697434792224661 -0.08697434792224656 -0.05300925925913749
4657 -0.08697434792224662 -0.08697434792224656 -0.08305555555551004
4658 -0.08677377385300999 -0.08717446050482149 -0.05751635802457924
4659 -0.08697434792224792 -0.08697434792224526 -0.09237534905935663
4660 -0.08697434792224693 -0.08697434792224626 -0.08777116402113072
4661 -0.08691867914869053 -0.08702998108724945 -0.06257846487350528
4662 -0.086931671712974 -0.08701700320160256 -0.06754892403969481
4663 -0.08697434792224894 -0.08697434792224425 -0.002937674019362125
4664 -0.08697434792224894 -0.08697434792224423 -0.09706255817655536
4665 -0.0887056739611233 -0.08517117396112328 -0.04652777777765743
4666 -0.090437 -0.083368 -0.047499999999875
4667 -0.0887056739611233 -0.08517117396112328 -0.04902777777765092
4668 -0.0887056739611233 -0.08517117396112328 -0.04380015432087314
4669 -0.08697434792224662 -0.08697434792224656 -0.04532793209864906
4670 -0.08517117396112331 -0.08870567396112328 -0.04902777777765092
4671 -0.083368 -0.090437 -0.047499999999875
4672 -0.08517117396112331 -0.08870567396112328 -0.04652777777765743
4673 -0.08517117396112331 -0.08870567396112328 -0.04380015432087314
4674 -0.08870567396112329 -0.08517117396112328 -0.01599537037033861
4675 -0.090437 -0.083368 -0.01749999999996386
4676 -0.08870567396112329 -0.08517117396112328 -0.01849537037033075
4677 -0.08517117396112328 -0.08870567396112328 -0.01849537037033075
4678 -0.083368 -0.090437 -0.01749999999996386
4679 -0.08517117396112328 -0.08870567396112328 -0.01599537037033861
4680 -0.08517117396112331 -0.08870567396112328 -0.02097222222217554
4681 -0.08697434792224659 -0.08697434792224656 -0.01946759259255029
4682 -0.0887056739611233 -0.08517117396112328 -0.02097222222217554
4683 -0.0887056739611233 -0.08517117396112328 -0.08152777777772871
4684 -0.090437 -0.083368 -0.08249999999995294
4685 -0.0887056739611233 -0.08517117396112328 -0.08402777777773426
4686 -0.08870567396112329 -0.08517117396112328 -0.07916666666661151
4687 -0.08697434792224659 -0.08697434792224656 -0.08069444444439285
4688 -0.08517117396112331 -0.08870567396112328 -0.08402777777773426
4689 -0.083368 -0.090437 -0.08249999999995294
4690 -0.08517117396112331 -0.08870567396112328 -0.08152777777772871
4691 -0.08517117396112328 -0.08870567396112328 -0.07916666666661151
4692 -0.0887056739611233 -0.08517117396112328 -0.03877314814804823
4693 -0.0887056739611233 -0.08517117396112328 -0.03627314814805677
4694 -0.090437 -0.083368 -0.03749999999990439
4695 -0.08517117396112331 -0.08870567396112328 -0.03627314814805677
4696 -0.08517117396112331 -0.08870567396112328 -0.03877314814804823
4697 -0.083368 -0.090437 -0.03749999999990439
4698 -0.08870567396112347 -0.08517117396112311 -0.01111827601408905
4699 -0.090437 -0.083368 -0.0124999999999771
4700 -0.08870567396112347 -0.08517117396112311 -0.01361827601408366
4701 -0.08517117396112346 -0.08870567396112312 -0.01361827601408366
4702 -0.083368 -0.090437 -0.0124999999999771
4703 -0.08517117396112346 -0.08870567396112312 -0.01111827601408905
4704 -0.08697434792224676 -0.0869743479222464 -0.01461364638445056
4705 -0.0887056739611233 -0.08517117396112328 -0.05400462962950883
4706 -0.0887056739611233 -0.08517117396112328 -0.05150462962950299
4707 -0.090437 -0.083368 -0.05249999999987433
4708 -0.08517117396112331 -0.08870567396112328 -0.05150462962950299
4709 -0.08517117396112331 -0.08870567396112328 -0.05400462962950883
4710 -0.083368 -0.090437 -0.05249999999987433
4711 -0.08697434792224662 -0.08697434792224656 -0.05053240740728542
4712 -0.0887056739611233 -0.08517117396112328 -0.04130015432088031
4713 -0.090437 -0.083368 -0.04249999999988868
4714 -0.083368 -0.090437 -0.04249999999988868
4715 -0.08517117396112331 -0.08870567396112328 -0.04130015432088031
4716 -0.08870567396112347 -0.08517117396112313 -0.0888855820105518
4717 -0.08870567396112347 -0.08517117396112313 -0.08638558201054461
4718 -0.090437 -0.083368 -0.08749999999996569
4719 -0.08517117396112346 -0.08870567396112314 -0.08638558201054461
4720 -0.08517117396112346 -0.08870567396112314 -0.0888855820105518
4721 -0.083368 -0.090437 -0.08749999999996569
4722 -0.08697434792224677 -0.08697434792224641 -0.08541335978832038
4723 -0.08860538692650499 -0.08527123025241073 -0.05875817901223675
4724 -0.08860538692650499 -0.08527123025241073 -0.05625817901222969
4725 -0.090437 -0.083368 -0.05749999999988721
4726 -0.085070886926505 -0.08880573025241074 -0.05625817901222969
4727 -0.085070886926505 -0.08880573025241074 -0.05875817901223675
4728 -0.083368 -0.090437 -0.05749999999988721
4729 -0.08687406088762831 -0.08707440421353402 -0.05526280864185837
4730 -0.08860538692650499 -0.08527123025241075 -0.07135753968246325
4731 -0.090437 -0.083368 -0.07249999999992665
4732 -0.08860538692650499 -0.08527123025241075 -0.07385753968247016
4733 -0.085070886926505 -0.08880573025241076 -0.07385753968247016
4734 -0.083368 -0.090437 -0.07249999999992665
4735 -0.085070886926505 -0.08880573025241076 -0.07135753968246325
4736 -0.0887056739611233 -0.08517117396112328 -0.02347222222216836
4737 -0.090437 -0.083368 -0.02249999999994882
4738 -0.0887056739611233 -0.08517117396112328 -0.02583333333327258
4739 -0.08697434792224662 -0.08697434792224656 -0.0243055555554993
4740 -0.08517117396112331 -0.08870567396112328 -0.02347222222216836
4741 -0.083368 -0.090437 -0.02249999999994882
4742 -0.08517117396112331 -0.08870567396112328 -0.02583333333327258
4743 -0.08870567396112397 -0.08517117396112261 -0.006313022058091228
4744 -0.090437 -0.083368 -0.007499999999986393
4745 -0.08870567396112397 -0.08517117396112261 -0.008813022058087318
4746 -0.08517117396112397 -0.08870567396112261 -0.008813022058087318
4747 -0.083368 -0.090437 -0.007499999999986393
4748 -0.08517117396112397 -0.08870567396112261 -0.006313022058091228
4749 -0.08697434792224742 -0.08697434792224573 -0.009931298072193883
4750 -0.090437 -0.083368 -0.02749999999993446
4751 -0.0887056739611233 -0.08517117396112328 -0.0283333333332654
4752 -0.08517117396112331 -0.08870567396112328 -0.0283333333332654
4753 -0.083368 -0.090437 -0.02749999999993446
4754 -0.08517117396112328 -0.08870567396112328 -0.03097222222214671
4755 -0.08697434792224659 -0.08697434792224656 -0.02930555555548483
4756 -0.08870567396112329 -0.08517117396112328 -0.03097222222214671
4757 -0.090437 -0.083368 -0.0324999999999201
4758 -0.08870567396112329 -0.08517117396112328 -0.03347222222213952
4759 -0.08517117396112328 -0.08870567396112328 -0.03347222222213952
4760 -0.083368 -0.090437 -0.0324999999999201
4761 -0.08697434792224659 -0.08697434792224656 -0.03474537037028337
4762 -0.08870567396112329 -0.08517117396112328 -0.0766666666666046
4763 -0.090437 -0.083368 -0.07749999999994046
4764 -0.08687406088762828 -0.08707440421353402 -0.0755242063491412
4765 -0.083368 -0.090437 -0.07749999999994046
4766 -0.08517117396112328 -0.08870567396112328 -0.0766666666666046
4767 -0.08870567396112397 -0.08517117396112263 -0.09118767452966475
4768 -0.090437 -0.083368 -0.09249999999998033
4769 -0.08870567396112397 -0.08517117396112263 -0.09368767452967222
4770 -0.08697434792224742 -0.08697434792224576 -0.09007325654024367
4771 -0.08517117396112396 -0.08870567396112264 -0.09368767452967222
4772 -0.083368 -0.090437 -0.09249999999998033
4773 -0.08517117396112396 -0.08870567396112264 -0.09118767452966475
4774 -0.08514333957434526 -0.08873349054362473 -0.06128923243669977
4775 -0.08514333957434526 -0.08873349054362473 -0.06378923243670696
4776 -0.083368 -0.090437 -0.06249999999990145
4777 -0.08684622650085026 -0.08710222079603547 -0.06004741144904226
4778 -0.085149835856487 -0.08872700160080128 -0.06627446201980172
4779 -0.085149835856487 -0.08872700160080128 -0.06877446201980728
4780 -0.083368 -0.090437 -0.06749999999991418
4781 -0.08697434792224662 -0.08697434792224656 -0.04007330246903269
4782 -0.086852722782992 -0.08709573185321204 -0.07013200170235079
4783 -0.08867783957434527 -0.08519899054362473 -0.06128923243669977
4784 -0.090437 -0.083368 -0.06249999999990145
4785 -0.08867783957434527 -0.08519899054362473 -0.06378923243670696
4786 -0.088684335856487 -0.08519250160080127 -0.06627446201980172
4787 -0.090437 -0.083368 -0.06749999999991418
4788 -0.088684335856487 -0.08519250160080127 -0.06877446201980728
4789 -0.08692517543083227 -0.08702349214442601 -0.06506369445660004
4790 -0.08697434792225414 -0.08697434792223903 -0.09853127908827769
4791 -0.08870567396112447 -0.08517117396112212 -0.09853127908827769
4792 -0.08870567396112447 -0.08517117396112212 -0.09603127908827158
4793 -0.090437 -0.083368 -0.0974999999999939
4794 -0.08697434792224842 -0.08697434792224475 -0.09471895361795599
4795 -0.08517117396112447 -0.08870567396112211 -0.09853127908827769
4796 -0.08517117396112447 -0.08870567396112211 -0.09603127908827158
4797 -0.083368 -0.090437 -0.0974999999999939
4798 -0.08697434792225414 -0.08697434792223904 -0.001468837009681063
4799 -0.08870567396112969 -0.08517117396111691 0
4800 -0.08870567396112447 -0.08517117396112212 -0.001468837009681063
4801 -0.08870567396112447 -0.08517117396112212 -0.003968837009676214
4802 -0.090437 -0.083368 -0.002499999999995151
4803 -0.08697434792224844 -0.08697434792224473 -0.00528185906777714
4804 -0.08517117396112447 -0.08870567396112213 -0.001468837009681063
4805 -0.08517117396112968 -0.08870567396111692 0
4806 -0.08517117396112447 -0.08870567396112213 -0.003968837009676214
4807 -0.083368 -0.090437 -0.002499999999995151
4808 -0.090437 -0.083368 0.09500000000001382
4809 -0.090437 -0.083368 0.09000000000002764
4810 -0.090437 -0.083368 0.08500000000004147
4811 -0.090437 -0.083368 0.08000000000005529
4812 -0.090437 -0.083368 0.07500000000006912
4813 -0.090437 -0.083368 0.07000000000008294
4814 -0.090437 -0.083368 0.06500000000009676
4815 -0.090437 -0.083368 0.06000000000011058
4816 -0.090437 -0.083368 0.05500000000012441
4817 -0.090437 -0.083368 0.05000000000013687
4818 -0.090437 -0.083368 0.04500000000012466
4819 -0.090437 -0.083368 0.04000000000011003
4820 -0.090437 -0.083368 0.03500000000009511
4821 -0.090437 -0.083368 0.03000000000008349
4822 -0.090437 -0.083368 0.02500000000006912
4823 -0.090437 -0.083368 0.02000000000005478
4824 -0.090437 -0.083368 0.01500000000004312
4825 -0.090437 -0.083368 0.01000000000002821
4826 -0.090437 -0.083368 0.005000000000012744
4827 -0.083368 -0.090437 0.09500000000001382
4828 -0.083368 -0.090437 0.09000000000002764
4829 -0.083368 -0.090437 0.08500000000004147
4830 -0.083368 -0.090437 0.08000000000005529
4831 -0.083368 -0.090437 0.07500000000006912
4832 -0.083368 -0.090437 0.07000000000008294
4833 -0.083368 -0.090437 0.06500000000009676
4834 -0.083368 -0.090437 0.06000000000011058
4835 -0.083368 -0.090437 0.05500000000012441
4836 -0.083368 -0.090437 0.05000000000013687
4837 -0.083368 -0.090437 0.04500000000012466
4838 -0.083368 -0.090437 0.04000000000011003
4839 -0.083368 -0.090437 0.03500000000009511
4840 -0.083368 -0.090437 0.03000000000008349
4841 -0.083368 -0.090437 0.02500000000006912
4842 -0.083368 -0.090437 0.02000000000005478
4843 -0.083368 -0.090437 0.01500000000004312
4844 -0.083368 -0.090437 0.01000000000002821
4845 -0.083368 -0.090437 0.005000000000012744
4846 -0.08728217699594835 -0.08666542546972202 0.09249431371145836
4847 -0.08697434792224662 -0.08697434792224656 0.06166666666677264
4848 -0.08726847114528866 -0.08667922667493019 0.07746324542554732
4849 -0.08697434792224661 -0.08697434792224655 0.0669444444445358
4850 -0.08697434792224658 -0.08697434792224655 0.07231481481489135
4851 -0.08697434792224661 -0.08697434792224656 0.05694444444456326
4852 -0.08697434792224662 -0.08697434792224656 0.05199074074086843
4853 -0.08697434792224662 -0.08697434792224656 0.02166666666672666
4854 -0.08701329487800219 -0.08693538351829964 0.02738270617262615
4855 -0.08697434792224658 -0.08697434792224655 0.04699845679025026
4856 -0.08697434792224662 -0.08697434792224656 0.01694444444449176
4857 -0.08717446050482154 -0.08677377385300994 0.04248590389549686
4858 -0.08697434792224662 -0.08697434792224656 0.01199074074077452
4859 -0.08717446050482214 -0.08677377385300931 0.007483641975329204
4860 -0.08699289626821194 -0.08695579561977523 0.03248365864729257
4861 -0.08704666408967682 -0.08690197157636276 0.03751924571077203
4862 -0.08705683042490905 -0.08689178712265407 0.08746588226866034
4863 -0.08703718261322985 -0.08691146780345667 0.08248818794906687
4864 -0.08700773209573501 -0.08694095092967877 0.002913940329225789
4865 -0.08563849186356678 -0.08828999436138731 0.09812500000000518
4866 -0.0873930083409636 -0.0865536624650642 0.09676988561858188
4867 -0.0887056739611233 -0.08517117396112328 0.05099537037050265
4868 -0.0887056739611233 -0.08517117396112328 0.05349537037049642
4869 -0.090437 -0.083368 0.05250000000013064
4870 -0.08517117396112331 -0.08870567396112328 0.05349537037049642
4871 -0.08517117396112331 -0.08870567396112328 0.05099537037050265
4872 -0.083368 -0.090437 0.05250000000013064
4873 -0.08517117396112331 -0.08870567396112328 0.05597222222234383
4874 -0.08697434792224662 -0.08697434792224656 0.05446759259271584
4875 -0.0887056739611233 -0.08517117396112328 0.05597222222234383
4876 -0.0887056739611233 -0.08517117396112328 0.01847222222227327
4877 -0.090437 -0.083368 0.01750000000004895
4878 -0.0887056739611233 -0.08517117396112328 0.01597222222226744
4879 -0.0887056739611233 -0.08517117396112328 0.02083333333339072
4880 -0.08697434792224662 -0.08697434792224656 0.01930555555560921
4881 -0.08517117396112331 -0.08870567396112328 0.01597222222226744
4882 -0.083368 -0.090437 0.01750000000004895
4883 -0.08517117396112331 -0.08870567396112328 0.01847222222227327
4884 -0.08517117396112331 -0.08870567396112328 0.02083333333339072
4885 -0.08870567396112329 -0.08517117396112328 0.04599922839518746
4886 -0.08870567396112329 -0.08517117396112328 0.04849922839519356
4887 -0.090437 -0.083368 0.04750000000013077
4888 -0.08517117396112328 -0.08870567396112328 0.04849922839519356
4889 -0.08517117396112328 -0.08870567396112328 0.04599922839518746
4890 -0.083368 -0.090437 0.04750000000013077
4891 -0.08697434792224659 -0.08697434792224656 0.04949459876555935
4892 -0.0887056739611233 -0.08517117396112328 0.05847222222233692
4893 -0.090437 -0.083368 0.0575000000001175
4894 -0.0887056739611233 -0.08517117396112328 0.06083333333344161
4895 -0.08697434792224662 -0.08697434792224656 0.05930555555566795
4896 -0.083368 -0.090437 0.0575000000001175
4897 -0.08517117396112331 -0.08870567396112328 0.05847222222233692
4898 -0.08517117396112331 -0.08870567396112328 0.06083333333344161
4899 -0.0887056739611233 -0.08517117396112328 0.01349537037040882
4900 -0.090437 -0.083368 0.01250000000003566
4901 -0.0887056739611233 -0.08517117396112328 0.01099537037040136
4902 -0.08697434792224662 -0.08697434792224656 0.01446759259263314
4903 -0.08517117396112331 -0.08870567396112328 0.01099537037040136
4904 -0.083368 -0.090437 0.01250000000003566
4905 -0.08517117396112331 -0.08870567396112328 0.01349537037040882
4906 -0.08880573025241077 -0.08507088692650497 0.04374295194781076
4907 -0.090437 -0.083368 0.04250000000011735
4908 -0.08880573025241077 -0.08507088692650497 0.04124295194780345
4909 -0.08707440421353406 -0.08687406088762825 0.04474218034287356
4910 -0.08527123025241076 -0.08860538692650496 0.04124295194780345
4911 -0.083368 -0.090437 0.04250000000011735
4912 -0.08527123025241076 -0.08860538692650496 0.04374295194781076
4913 -0.0887056739611233 -0.08517117396112328 0.0633333333334347
4914 -0.090437 -0.083368 0.06250000000010367
4915 -0.0887056739611233 -0.08517117396112328 0.06597222222231627
4916 -0.08697434792224662 -0.08697434792224656 0.06430555555565422
4917 -0.083368 -0.090437 0.06250000000010367
4918 -0.08517117396112331 -0.08870567396112328 0.0633333333334347
4919 -0.08517117396112331 -0.08870567396112328 0.06597222222231627
4920 -0.08870567396112329 -0.08517117396112328 0.07115740740748715
4921 -0.08870567396112329 -0.08517117396112328 0.07365740740748024
4922 -0.090437 -0.083368 0.07250000000007603
4923 -0.08517117396112328 -0.08870567396112328 0.07365740740748024
4924 -0.08517117396112328 -0.08870567396112328 0.07115740740748715
4925 -0.083368 -0.090437 0.07250000000007603
4926 -0.08531823557264433 -0.08855811333746511 0.07623162271280823
4927 -0.08712140953376762 -0.08682678729858836 0.07488903012021933
4928 -0.08885273557264434 -0.0850236133374651 0.07623162271280823
4929 -0.08880573025241106 -0.08507088692650466 0.008741820987678707
4930 -0.090437 -0.083368 0.007500000000020477
4931 -0.08880573025241106 -0.08507088692650466 0.006241820987670974
4932 -0.08707440421353438 -0.08687406088762795 0.009737191358051862
4933 -0.08527123025241107 -0.08860538692650466 0.006241820987670974
4934 -0.083368 -0.090437 0.007500000000020477
4935 -0.08527123025241107 -0.08860538692650466 0.008741820987678707
4936 -0.0887056739611233 -0.08517117396112328 0.02333333333339789
4937 -0.090437 -0.083368 0.02250000000006195
4938 -0.08872514743900109 -0.08515169175914983 0.02619135308634763
4939 -0.0869938214001244 -0.08695486572027311 0.02452468641967641
4940 -0.083368 -0.090437 0.02250000000006195
4941 -0.08517117396112331 -0.08870567396112328 0.02333333333339789
4942 -0.08519064743900109 -0.08868619175914982 0.02619135308634763
4943 -0.0887056739611233 -0.08517117396112328 0.06847222222230936
4944 -0.090437 -0.083368 0.06750000000008985
4945 -0.08517117396112331 -0.08870567396112328 0.06847222222230936
4946 -0.083368 -0.090437 0.06750000000008985
4947 -0.08697434792224659 -0.08697434792224655 0.06962962962971359
4948 -0.08885958849797418 -0.085016712734861 0.091247156855743
4949 -0.08885958849797418 -0.085016712734861 0.09374715685573609
4950 -0.090437 -0.083368 0.09250000000002073
4951 -0.08532508849797418 -0.08855121273486101 0.09374715685573609
4952 -0.08532508849797418 -0.08855121273486101 0.091247156855743
4953 -0.083368 -0.090437 0.09250000000002073
4954 -0.08885273557264434 -0.0850236133374651 0.07873162271280131
4955 -0.090437 -0.083368 0.07750000000006221
4956 -0.083368 -0.090437 0.07750000000006221
4957 -0.08531823557264433 -0.08855811333746511 0.07873162271280131
4958 -0.08871494813410596 -0.08516189780988762 0.03124182932368803
4959 -0.08871494813410596 -0.08516189780988762 0.03374182932369384
4960 -0.090437 -0.083368 0.0325000000000893
4961 -0.0887418320448384 -0.08513498578818138 0.03875962285544103
4962 -0.090437 -0.083368 0.03750000000010257
4963 -0.0887418320448384 -0.08513498578818138 0.03625962285543357
4964 -0.08711056229724917 -0.08683787271468635 0.04000257480313445
4965 -0.08874691521245454 -0.08512989356132702 0.08873294113434399
4966 -0.090437 -0.083368 0.08750000000003455
4967 -0.08874691521245454 -0.08512989356132702 0.0862329411343509
4968 -0.08873709130661492 -0.08513973390172833 0.08124409397456109
4969 -0.08873709130661492 -0.08513973390172833 0.08374409397455418
4970 -0.090437 -0.083368 0.08250000000004838
4971 -0.08715282687925925 -0.08679534723919344 0.0799757166873071
4972 -0.08520259130661492 -0.08867423390172834 0.08124409397456109
4973 -0.0871695037104287 -0.08677860629618804 0.08998009799005935
4974 -0.08521241521245453 -0.08866439356132703 0.08873294113434399
4975 -0.08518044813410597 -0.08869639780988761 0.03124182932368803
4976 -0.083368 -0.090437 0.0325000000000893
4977 -0.08518044813410597 -0.08869639780988761 0.03374182932369384
4978 -0.08701978017894438 -0.086928883598069 0.03500145217903231
4979 -0.08520733204483841 -0.08866948578818137 0.03875962285544103
4980 -0.08520733204483841 -0.08866948578818137 0.03625962285543357
4981 -0.083368 -0.090437 0.03750000000010257
4982 -0.083368 -0.090437 0.08250000000004838
4983 -0.08520259130661492 -0.08867423390172834 0.08374409397455418
4984 -0.08704700651906945 -0.08690162746305537 0.08497703510886361
4985 -0.08872514743900109 -0.08515169175914983 0.02869135308635482
4986 -0.090437 -0.083368 0.0275000000000763
4987 -0.08700309557310706 -0.08694558956903745 0.02993318240995936
4988 -0.083368 -0.090437 0.0275000000000763
4989 -0.08519064743900109 -0.08868619175914982 0.02869135308635482
4990 -0.08521241521245453 -0.08866439356132703 0.0862329411343509
4991 -0.083368 -0.090437 0.08750000000003455
4992 -0.08872236604786751 -0.08515447546483938 0.003956970164619267
4993 -0.090437 -0.083368 0.002500000000006372
4994 -0.08872236604786751 -0.08515447546483938 0.001456970164612894
4995 -0.08709109630027857 -0.08685736239134403 0.005198791152277497
4996 -0.08699104000899718 -0.0869576494259563 0.001456970164612894
4997 -0.0851878660478675 -0.08868897546483939 0.001456970164612894
4998 -0.0851878660478675 -0.08868897546483939 0.003956970164619267
4999 -0.083368 -0.090437 0.002500000000006372
5000 -0.08630641989291307 -0.08763217114181057 0.09906250000000259
5001 -0.08450324593178339 -0.08936349718069365 0.09906250000000259
5002 -0.08450324593178339 -0.08936349718069365 0.0965625000000095
5003 -0.083368 -0.090437 0.09750000000000691
5004 -0.08718367813161149 -0.08676400519364902 0.09838494280929094
5005 -0.0889150041704818 -0.08496083123253209 0.09838494280929094
5006 -0.0889150041704818 -0.08496083123253209 0.09588494280929785
5007 -0.090437 -0.083368 0.09750000000000691
5008 -0.0865157501022652 -0.08742182841322575 0.09744744280929353
5009 -0.08733759266845598 -0.08660954396739311 0.09463209966502012
5010 -0.08538050417048179 -0.0884953312325321 0.09588494280929785
5011 -0.07976754155286175 -0.09362806047127366 0.11
5012 -0.07604504570496713 -0.09667587815339182 0.11
5013 -0.07220620755122009 -0.09957579015036801 0.11
5014 -0.06825690018009882 -0.1023233598490786 0.11
5015 -0.06420316568836988 -0.104914383706867 0.11
5016 -0.06005120593724587 -0.107344897682575 0.11
5017 -0.05580737306402579 -0.1096111833012154 0.11
5018 -0.05147815976390287 -0.1117097733429 0.11
5019 -0.07976754155286175 -0.09362806047127366 0.1
5020 -0.07604504570496713 -0.09667587815339182 0.1
5021 -0.07220620755122009 -0.09957579015036801 0.1
5022 -0.06825690018009882 -0.1023233598490786 0.1
5023 -0.06420316568836988 -0.104914383706867 0.1
5024 -0.06005120593724587 -0.107344897682575 0.1
5025 -0.05580737306402579 -0.1096111833012154 0.1
5026 -0.05147815976390287 -0.1117097733429 0.1
5027 -0.07220620755122019 -0.09957579015036794 0.105
5028 -0.07477807345814197 -0.0976591732654374 0.105
5029 -0.07915544885998722 -0.09414610617956512 0.1050000000000034
5030 -0.06958524073618591 -0.1014246945506224 0.105
5031 -0.06579163443105435 -0.1039256235578623 0.105
5032 -0.06219152626369865 -0.1061192181180755 0.1050000000000001
5033 -0.08143323724099864 -0.09218298251549052 0.1025000000000042
5034 -0.05017567786245906 -0.1123008269962548 0.104272619047622
5035 -0.08143323724099863 -0.09218298251549054 0.1075000000000042
5036 -0.05366843396941812 -0.1106741776037672 0.1048767857142862
5037 -0.05795182521467199 -0.1084926741641486 0.1049794642857144
5038 -0.08060038939693021 -0.09290552149338209 0.1012500000000021
5039 -0.08240061862049933 -0.09130999125774526 0.1012500000000021
5040 -0.08156777077643088 -0.09203253023563683 0.1
5041 -0.08240061862049933 -0.09130999125774526 0.1037500000000089
5042 -0.07946149520642448 -0.0938870833254194 0.1025000000000017
5043 -0.08029434305049293 -0.09316454434752783 0.1037500000000038
5044 -0.05082691881318097 -0.1120053001695774 0.102136309523811
5045 -0.04927407988195143 -0.11267338667145 0.1
5046 -0.04862283893122953 -0.1129689134981274 0.102136309523811
5047 -0.04862283893122953 -0.1129689134981274 0.1046363095238178
5048 -0.08060038939693019 -0.0929055214933821 0.1087500000000021
5049 -0.08156777077643088 -0.09203253023563683 0.11
5050 -0.08240061862049931 -0.09130999125774528 0.1087500000000021
5051 -0.08240061862049931 -0.09130999125774528 0.1062500000000089
5052 -0.08029434305049293 -0.09316454434752783 0.1062500000000038
5053 -0.07946149520642448 -0.0938870833254194 0.1075000000000017
5054 -0.070895724143703 -0.1005002423504952 0.1075
5055 -0.06892107045814236 -0.1018740271998505 0.1075
5056 -0.07023155386565946 -0.1009495749997233 0.11
5057 -0.07220620755122015 -0.09957579015036797 0.1075
5058 -0.07089572414370304 -0.1005002423504952 0.105
5059 -0.06892107045814236 -0.1018740271998505 0.1025
5060 -0.070895724143703 -0.1005002423504952 0.1025
5061 -0.07023155386565946 -0.1009495749997233 0.1
5062 -0.07220620755122015 -0.09957579015036797 0.1025
5063 -0.07349214050468103 -0.0986174817079027 0.1075
5064 -0.0741256266280936 -0.09812583415187992 0.11
5065 -0.07541155958155454 -0.09716752570941461 0.1075
5066 -0.07349214050468109 -0.09861748170790266 0.105
5067 -0.07541155958155454 -0.09716752570941461 0.1025
5068 -0.0741256266280936 -0.09812583415187992 0.1
5069 -0.07349214050468103 -0.0986174817079027 0.1025
5070 -0.06112136610047226 -0.1067320579003253 0.1075
5071 -0.06212718581280788 -0.106129640694721 0.11
5072 -0.06319734597603427 -0.1055168009124712 0.1075
5073 -0.06319734597603427 -0.1055168009124712 0.1025
5074 -0.06212718581280788 -0.106129640694721 0.1
5075 -0.06112136610047226 -0.1067320579003253 0.1025
5076 -0.06499740005971211 -0.1044200036323646 0.1025
5077 -0.06399158034737649 -0.1050224208379689 0.105
5078 -0.06499740005971211 -0.1044200036323646 0.1075
5079 -0.06702426730557659 -0.1031244917034705 0.1075
5080 -0.06623003293423435 -0.1036188717779728 0.11
5081 -0.06768843758362013 -0.1026751590542423 0.105
5082 -0.06702426730557659 -0.1031244917034705 0.1025
5083 -0.06623003293423435 -0.1036188717779728 0.1
5084 -0.07760024728247718 -0.09541099216647847 0.1075000000000017
5085 -0.07790629362891444 -0.09515196931233275 0.11
5086 -0.07760024728247718 -0.09541099216647847 0.1025000000000017
5087 -0.07790629362891444 -0.09515196931233275 0.1
5088 -0.07696676115906459 -0.09590263972250127 0.1050000000000017
5089 -0.08143323724099863 -0.09218298251549054 0.1050000000000042
5090 -0.05257329686666049 -0.1111919754733336 0.1074383928571431
5091 -0.05364276641396433 -0.1106604783220577 0.11
5092 -0.05473790351672195 -0.1101426804524913 0.1074383928571431
5093 -0.05900151557595892 -0.1079187859233618 0.1024897321428572
5094 -0.05792928950063583 -0.1084780404918952 0.1
5095 -0.05687959913934889 -0.109051928732682 0.1024897321428572
5096 -0.06007167573918532 -0.1073059461411121 0.1049897321428573
5097 -0.05900151557595892 -0.1079187859233618 0.1074897321428572
5098 -0.05687959913934889 -0.109051928732682 0.1074897321428572
5099 -0.05792928950063583 -0.1084780404918952 0.11
5100 -0.05257329686666049 -0.1111919754733336 0.1024383928571431
5101 -0.05473790351672195 -0.1101426804524913 0.1024383928571431
5102 -0.05364276641396433 -0.1106604783220577 0.1
5103 -0.05192205591593858 -0.111487502300011 0.1045747023809541
5104 -0.05581012959204505 -0.1095834258839579 0.1049281250000003
5105 -0.05082691881318097 -0.1120053001695774 0.107136309523811
5106 -0.04862283893122953 -0.1129689134981274 0.107136309523811
5107 -0.04927407988195143 -0.11267338667145 0.11
5108 -0.07976754155286175 -0.09362806047127366 -0.1
5109 -0.07604504570496713 -0.09667587815339182 -0.1
5110 -0.07220620755122009 -0.09957579015036801 -0.1
5111 -0.06825690018009882 -0.1023233598490786 -0.1
5112 -0.06420316568836988 -0.104914383706867 -0.1
5113 -0.06005120593724587 -0.107344897682575 -0.1
5114 -0.05580737306402579 -0.1096111833012154 -0.1
5115 -0.05147815976390287 -0.1117097733429 -0.1
5116 -0.07976754155286175 -0.09362806047127366 -0.11
5117 -0.07604504570496713 -0.09667587815339182 -0.11
5118 -0.07220620755122009 -0.09957579015036801 -0.11
5119 -0.06825690018009882 -0.1023233598490786 -0.11
5120 -0.06420316568836988 -0.104914383706867 -0.11
5121 -0.06005120593724587 -0.107344897682575 -0.11
5122 -0.05580737306402579 -0.1096111833012154 -0.11
5123 -0.05147815976390287 -0.1117097733429 -0.11
5124 -0.07220620755122019 -0.09957579015036794 -0.105
5125 -0.07477807345814197 -0.0976591732654374 -0.105
5126 -0.0791554488599872 -0.09414610617956513 -0.104999999999996
5127 -0.06958524073618591 -0.1014246945506224 -0.105
5128 -0.06579163443105435 -0.1039256235578623 -0.105
5129 -0.06219152626369866 -0.1061192181180755 -0.1049999999999999
5130 -0.08143323724099866 -0.09218298251549051 -0.1074999999999949
5131 -0.05017567786245906 -0.1123008269962547 -0.1057273809523774
5132 -0.08143323724099864 -0.09218298251549049 -0.1024999999999949
5133 -0.05366843396941812 -0.1106741776037672 -0.1051232142857137
5134 -0.05795182521467199 -0.1084926741641486 -0.1050205357142856
5135 -0.08060038939693021 -0.09290552149338208 -0.1087499999999975
5136 -0.08240061862049933 -0.09130999125774525 -0.1087499999999975
5137 -0.08156777077643088 -0.09203253023563683 -0.11
5138 -0.08240061862049933 -0.09130999125774525 -0.1062499999999893
5139 -0.07946149520642448 -0.0938870833254194 -0.107499999999998
5140 -0.08029434305049293 -0.09316454434752783 -0.1062499999999955
5141 -0.05082691881318097 -0.1120053001695774 -0.1078636904761887
5142 -0.04927407988195143 -0.11267338667145 -0.11
5143 -0.04862283893122953 -0.1129689134981273 -0.1078636904761887
5144 -0.04862283893122953 -0.1129689134981273 -0.1053636904761805
5145 -0.08060038939693021 -0.09290552149338208 -0.1012499999999975
5146 -0.08156777077643088 -0.09203253023563683 -0.1
5147 -0.08240061862049933 -0.09130999125774525 -0.1012499999999975
5148 -0.08240061862049933 -0.09130999125774525 -0.1037499999999893
5149 -0.08029434305049292 -0.09316454434752781 -0.1037499999999955
5150 -0.07946149520642448 -0.0938870833254194 -0.102499999999998
5151 -0.070895724143703 -0.1005002423504952 -0.1025
5152 -0.06892107045814236 -0.1018740271998505 -0.1025
5153 -0.07023155386565946 -0.1009495749997233 -0.1
5154 -0.07220620755122015 -0.09957579015036797 -0.1025
5155 -0.07089572414370304 -0.1005002423504952 -0.105
5156 -0.06892107045814236 -0.1018740271998505 -0.1075
5157 -0.070895724143703 -0.1005002423504952 -0.1075
5158 -0.07023155386565946 -0.1009495749997233 -0.11
5159 -0.07220620755122015 -0.09957579015036797 -0.1075
5160 -0.07349214050468103 -0.0986174817079027 -0.1025
5161 -0.0741256266280936 -0.09812583415187992 -0.1
5162 -0.07541155958155454 -0.09716752570941461 -0.1025
5163 -0.07349214050468109 -0.09861748170790266 -0.105
5164 -0.07541155958155454 -0.09716752570941461 -0.1075
5165 -0.0741256266280936 -0.09812583415187992 -0.11
5166 -0.07349214050468103 -0.0986174817079027 -0.1075
5167 -0.06319734597603427 -0.1055168009124712 -0.1025
5168 -0.06112136610047227 -0.1067320579003253 -0.1025
5169 -0.06212718581280788 -0.106129640694721 -0.1
5170 -0.06499740005971211 -0.1044200036323646 -0.1025
5171 -0.06399158034737651 -0.1050224208379689 -0.105
5172 -0.06112136610047227 -0.1067320579003253 -0.1075
5173 -0.06319734597603427 -0.1055168009124712 -0.1075
5174 -0.06212718581280788 -0.106129640694721 -0.11
5175 -0.06499740005971211 -0.1044200036323646 -0.1075
5176 -0.06702426730557659 -0.1031244917034705 -0.1025
5177 -0.06623003293423435 -0.1036188717779728 -0.1
5178 -0.06768843758362013 -0.1026751590542423 -0.105
5179 -0.06702426730557659 -0.1031244917034705 -0.1075
5180 -0.06623003293423435 -0.1036188717779728 -0.11
5181 -0.07760024728247716 -0.09541099216647847 -0.102499999999998
5182 -0.07790629362891444 -0.09515196931233275 -0.1
5183 -0.07760024728247716 -0.09541099216647847 -0.107499999999998
5184 -0.07790629362891444 -0.09515196931233275 -0.11
5185 -0.07696676115906459 -0.09590263972250127 -0.104999999999998
5186 -0.08143323724099866 -0.09218298251549051 -0.1049999999999949
5187 -0.05257329686666049 -0.1111919754733336 -0.1025616071428569
5188 -0.05364276641396433 -0.1106604783220577 -0.1
5189 -0.05473790351672195 -0.1101426804524913 -0.1025616071428569
5190 -0.05900151557595892 -0.1079187859233618 -0.1075102678571428
5191 -0.05792928950063583 -0.1084780404918952 -0.11
5192 -0.05687959913934889 -0.109051928732682 -0.1075102678571428
5193 -0.06007167573918532 -0.1073059461411121 -0.1050102678571428
5194 -0.05900151557595892 -0.1079187859233618 -0.1025102678571428
5195 -0.05687959913934889 -0.109051928732682 -0.1025102678571428
5196 -0.05792928950063583 -0.1084780404918952 -0.1
5197 -0.05257329686666049 -0.1111919754733336 -0.1075616071428568
5198 -0.05473790351672195 -0.1101426804524913 -0.1075616071428568
5199 -0.05364276641396433 -0.1106604783220577 -0.11
5200 -0.05192205591593858 -0.1114875023000109 -0.1054252976190455
5201 -0.05581012959204505 -0.1095834258839579 -0.1050718749999996
5202 -0.05082691881318097 -0.1120053001695774 -0.1028636904761887
5203 -0.04862283893122953 -0.1129689134981273 -0.1028636904761887
5204 -0.04927407988195143 -0.11267338667145 -0.1
5205 -0.004999 -0.122898 0.11
5206 -0.004999 -0.122898 0.1
5207 -0.04259008281139887 -0.1153908034252218 0.11
5208 -0.03804500790025472 -0.1169680727500866 0.11
5209 -0.03344172868648298 -0.1183663949415528 0.11
5210 -0.0287872876356336 -0.1195836307342409 0.11
5211 -0.02408880548464688 -0.1206179179032819 0.11
5212 -0.01935347034815707 -0.1214676741132512 0.11
5213 -0.01458852672143162 -0.1221315993389838 0.11
5214 -0.009801264397166123 -0.1226086778544522 0.11
5215 -0.04259008281139887 -0.1153908034252218 0.1
5216 -0.03804500790025472 -0.1169680727500866 0.1
5217 -0.03344172868648298 -0.1183663949415528 0.1
5218 -0.0287872876356336 -0.1195836307342409 0.1
5219 -0.02408880548464688 -0.1206179179032819 0.1
5220 -0.01935347034815707 -0.1214676741132512 0.1
5221 -0.01458852672143162 -0.1221315993389838 0.1
5222 -0.009801264397166123 -0.1226086778544522 0.1
5223 -0.004999 -0.122898 0.1050000000000136
5224 -0.03498218923024432 -0.1179203082834309 0.105
5225 -0.0400305214389638 -0.11630352540798 0.1050000000000013
5226 -0.03060297466201985 -0.1191319042525375 0.105
5227 -0.01302303137839344 -0.1223084352067239 0.1045743305258622
5228 -0.0257022063259764 -0.1202844514431393 0.105
5229 -0.01715906680209727 -0.1217970405858909 0.1030918367346941
5230 -0.01777942997144427 -0.1217080298866533 0.1064284769463343
5231 -0.02089198379436333 -0.121212531044179 0.1035344702695894
5232 -0.02156958449846447 -0.1210937888314822 0.1069925894431848
5233 -0.008339865681724066 -0.1227167442096261 0.1045123884209804
5234 -0.007035833641880838 -0.1227984108771925 0.1073780971052485
5235 -0.04441656642643684 -0.1147001364248793 0.1050000000000025
5236 -0.02969513114882672 -0.1193577674933892 0.1075
5237 -0.03111450816105829 -0.1189750128378969 0.11
5238 -0.03202235167425142 -0.1187491495970451 0.1075
5239 -0.03202235167425142 -0.1187491495970451 0.1025
5240 -0.03111450816105829 -0.1189750128378969 0.1
5241 -0.02969513114882672 -0.1193577674933892 0.1025
5242 -0.03421195895836365 -0.1181433516124918 0.1025
5243 -0.03279258194613208 -0.1185261062679842 0.105
5244 -0.03421195895836365 -0.1181433516124918 0.1075
5245 -0.027244746980805 -0.1199340410886901 0.1075
5246 -0.02489550590531164 -0.1204511846732106 0.1075
5247 -0.02643804656014024 -0.1201007743187614 0.11
5248 -0.02815259049399813 -0.1197081778478384 0.105
5249 -0.02489550590531164 -0.1204511846732106 0.1025
5250 -0.027244746980805 -0.1199340410886901 0.1025
5251 -0.02643804656014024 -0.1201007743187614 0.1
5252 -0.03903776466960926 -0.1166357990790333 0.1075000000000007
5253 -0.04031754535582679 -0.1161794380876542 0.11
5254 -0.04131030212518134 -0.1158471644166009 0.1075000000000007
5255 -0.04131030212518134 -0.1158471644166009 0.1025000000000006
5256 -0.04031754535582679 -0.1161794380876542 0.1
5257 -0.03903776466960926 -0.1166357990790333 0.1025000000000006
5258 -0.01141214788777978 -0.122458556530588 0.1072871652629311
5259 -0.01219489555929887 -0.122370138596718 0.11
5260 -0.01380577904991253 -0.1222200172728539 0.1072871652629311
5261 -0.01380577904991253 -0.1222200172728539 0.1022871652629311
5262 -0.01219489555929887 -0.122370138596718 0.1
5263 -0.01141214788777978 -0.122458556530588 0.1022871652629311
5264 -0.03651359856524952 -0.1174441905167588 0.1075
5265 -0.03574336829336885 -0.1176672338458197 0.11
5266 -0.03750635533460406 -0.1171119168457055 0.1050000000000006
5267 -0.03651359856524952 -0.1174441905167588 0.1025
5268 -0.03574336829336885 -0.1176672338458197 0.1
5269 -0.01587379676176445 -0.1219643199624374 0.1015459183673471
5270 -0.01825626857512717 -0.121632357349571 0.1015459183673471
5271 -0.01697099853479435 -0.1217996367261175 0.1
5272 -0.01509104909024536 -0.1220527378963074 0.1038330836302782
5273 -0.01618397834643795 -0.1219198146128186 0.1082142384731671
5274 -0.01697099853479435 -0.1217996367261175 0.11
5275 -0.01856645015980067 -0.1215878519999523 0.1082142384731671
5276 -0.01540123067491886 -0.1220082325466886 0.1055014037360982
5277 -0.02249039463950511 -0.1209152244737305 0.1017672351347947
5278 -0.02172113791640198 -0.1210427960082665 0.1
5279 -0.0201227270712602 -0.1213401025787151 0.1017672351347947
5280 -0.02329709506016987 -0.1207484912436592 0.1042672351347947
5281 -0.02282919499155567 -0.1208558533673821 0.1084962947215924
5282 -0.02046152742331077 -0.1212807314723667 0.1084962947215924
5283 -0.02172113791640198 -0.1210427960082665 0.11
5284 -0.02363589541222044 -0.1206891201373108 0.1059962947215924
5285 -0.01967450723495437 -0.1214009093590677 0.1067105331947595
5286 -0.0190255252982303 -0.121504785815035 0.1033131535021417
5287 -0.01746924838677077 -0.1217525352362721 0.1047601568405142
5288 -0.0212307841464139 -0.1211531599378306 0.1052635298563871
5289 -0.0193357068829038 -0.1214602804654162 0.1049814736079618
5290 -0.009070565039445096 -0.1226627110320392 0.1022561942104902
5291 -0.007400132198583062 -0.1227533389272261 0.1
5292 -0.006669432840862033 -0.122807372104813 0.1022561942104902
5293 -0.006669432840862033 -0.122807372104813 0.104756194210497
5294 -0.004999 -0.122898 0.1025000000000068
5295 -0.008418549019523481 -0.1227035443658223 0.1086890485526242
5296 -0.006017416820940419 -0.1228482054385962 0.1086890485526242
5297 -0.007400132198583062 -0.1227533389272261 0.11
5298 -0.006017416820940419 -0.1228482054385962 0.106189048552631
5299 -0.004999 -0.122898 0.1075000000000068
5300 -0.04350332461891786 -0.1150454699250505 0.1025000000000013
5301 -0.04222354393270032 -0.1155018309164297 0.1050000000000019
5302 -0.04350332461891786 -0.1150454699250505 0.1075000000000012
5303 -0.04574328321321842 -0.1141685682124396 0.105000000000008
5304 -0.04574328321321842 -0.1141685682124396 0.1075000000000012
5305 -0.04483004140569943 -0.1145139017126109 0.11
5306 -0.04574328321321842 -0.1141685682124396 0.1025000000000013
5307 -0.04483004140569943 -0.1145139017126109 0.1
5308 -0.007687849661802452 -0.1227575775434093 0.1059452427631145
5309 -0.01068144853005875 -0.122512589708175 0.1045433594734213
5310 -0.009070565039445096 -0.1226627110320392 0.1072561942104902
5311 -0.004999 -0.122898 -0.1
5312 -0.004999 -0.122898 -0.11
5313 -0.04259008281139887 -0.1153908034252218 -0.1
5314 -0.03804500790025472 -0.1169680727500866 -0.1
5315 -0.03344172868648298 -0.1183663949415528 -0.1
5316 -0.0287872876356336 -0.1195836307342409 -0.1
5317 -0.02408880548464688 -0.1206179179032819 -0.1
5318 -0.01935347034815707 -0.1214676741132512 -0.1
5319 -0.01458852672143162 -0.1221315993389838 -0.1
5320 -0.009801264397166123 -0.1226086778544522 -0.1
5321 -0.04259008281139887 -0.1153908034252218 -0.11
5322 -0.03804500790025472 -0.1169680727500866 -0.11
5323 -0.03344172868648298 -0.1183663949415528 -0.11
5324 -0.0287872876356336 -0.1195836307342409 -0.11
5325 -0.02408880548464688 -0.1206179179032819 -0.11
5326 -0.01935347034815707 -0.1214676741132512 -0.11
5327 -0.01458852672143162 -0.1221315993389838 -0.11
5328 -0.009801264397166123 -0.1226086778544522 -0.11
5329 -0.004999 -0.122898 -0.1049999999999837
5330 -0.03498218923024432 -0.1179203082834309 -0.105
5331 -0.0400305214389638 -0.11630352540798 -0.1049999999999984
5332 -0.03060297466201985 -0.1191319042525375 -0.105
5333 -0.01226292545987109 -0.1223869818574085 -0.1047387314262053
5334 -0.02649136759759162 -0.1201131138211364 -0.105
5335 -0.02177878311674337 -0.1210563392596763 -0.1047685185185185
5336 -0.01701484669099826 -0.1218172716041606 -0.1049360670194002
5337 -0.007812706865588673 -0.1227514329058215 -0.1049564552376982
5338 -0.04441656642643683 -0.1147001364248793 -0.104999999999997
5339 -0.02969513114882672 -0.1193577674933892 -0.1025
5340 -0.03111450816105829 -0.1189750128378969 -0.1
5341 -0.03202235167425142 -0.1187491495970451 -0.1025
5342 -0.03202235167425142 -0.1187491495970451 -0.1075
5343 -0.03111450816105829 -0.1189750128378969 -0.11
5344 -0.02969513114882672 -0.1193577674933892 -0.1075
5345 -0.03421195895836365 -0.1181433516124918 -0.1075
5346 -0.03279258194613208 -0.1185261062679842 -0.105
5347 -0.03421195895836365 -0.1181433516124918 -0.1025
5348 -0.02763932761661261 -0.1198483722776887 -0.1025
5349 -0.02529008654111925 -0.1203655158622091 -0.1025
5350 -0.02643804656014024 -0.1201007743187614 -0.1
5351 -0.02854717112980574 -0.119622509036837 -0.105
5352 -0.02529008654111925 -0.1203655158622091 -0.1075
5353 -0.02763932761661261 -0.1198483722776887 -0.1075
5354 -0.02643804656014024 -0.1201007743187614 -0.11
5355 -0.03903776466960926 -0.1166357990790333 -0.1024999999999992
5356 -0.04031754535582679 -0.1161794380876542 -0.1
5357 -0.04131030212518134 -0.1158471644166009 -0.1024999999999992
5358 -0.04131030212518134 -0.1158471644166009 -0.1074999999999992
5359 -0.04031754535582679 -0.1161794380876542 -0.11
5360 -0.03903776466960926 -0.1166357990790333 -0.1074999999999992
5361 -0.01103209492851861 -0.1224978298559304 -0.1023693657131027
5362 -0.01219489555929887 -0.122370138596718 -0.1
5363 -0.01342572609065136 -0.1222592905981962 -0.1023693657131027
5364 -0.01342572609065136 -0.1222592905981962 -0.1073693657131027
5365 -0.01219489555929887 -0.122370138596718 -0.11
5366 -0.01103209492851861 -0.1224978298559304 -0.1073693657131027
5367 -0.03651359856524952 -0.1174441905167588 -0.1025
5368 -0.03574336829336885 -0.1176672338458197 -0.1
5369 -0.03750635533460406 -0.1171119168457055 -0.1049999999999992
5370 -0.03651359856524952 -0.1174441905167588 -0.1075
5371 -0.03574336829336885 -0.1176672338458197 -0.11
5372 -0.01580168670621494 -0.1219744354715722 -0.1024680335097001
5373 -0.01697099853479435 -0.1217996367261175 -0.1
5374 -0.01818415851957766 -0.1216424728587059 -0.1024680335097001
5375 -0.01463888607543467 -0.1221021267307845 -0.1048373992228027
5376 -0.02293379430069513 -0.1208371285814791 -0.1023842592592593
5377 -0.02056612673245022 -0.1212620066864638 -0.1023842592592593
5378 -0.02172113791640198 -0.1210427960082665 -0.1
5379 -0.0241350753571675 -0.1205847265404063 -0.1048842592592592
5380 -0.02293379430069513 -0.1208371285814791 -0.1073842592592592
5381 -0.02172113791640198 -0.1210427960082665 -0.11
5382 -0.02056612673245022 -0.1212620066864638 -0.1073842592592592
5383 -0.01939681490387082 -0.1214368054319185 -0.1048522927689594
5384 -0.01580168670621494 -0.1219744354715722 -0.1074680335097001
5385 -0.01818415851957766 -0.1216424728587059 -0.1074680335097001
5386 -0.01697099853479435 -0.1217996367261175 -0.11
5387 -0.008806985631377398 -0.1226800553801368 -0.1024782276188491
5388 -0.006405853432794336 -0.1228247164529107 -0.1024782276188491
5389 -0.007400132198583062 -0.1227533389272261 -0.1
5390 -0.006405853432794336 -0.1228247164529107 -0.104978227618841
5391 -0.004999 -0.122898 -0.1024999999999918
5392 -0.01003781616272988 -0.122569207381615 -0.1048475933319517
5393 -0.008806985631377398 -0.1226800553801368 -0.1074782276188491
5394 -0.007400132198583062 -0.1227533389272261 -0.11
5395 -0.006405853432794336 -0.1228247164529107 -0.1074782276188491
5396 -0.004999 -0.122898 -0.1074999999999919
5397 -0.04350332461891785 -0.1150454699250505 -0.1074999999999985
5398 -0.04222354393270032 -0.1155018309164297 -0.1049999999999977
5399 -0.04350332461891785 -0.1150454699250505 -0.1024999999999985
5400 -0.04574328321321841 -0.1141685682124396 -0.1049999999999904
5401 -0.04574328321321841 -0.1141685682124396 -0.1024999999999985
5402 -0.04483004140569943 -0.1145139017126109 -0.1
5403 -0.04574328321321841 -0.1141685682124396 -0.1074999999999985
5404 -0.04483004140569943 -0.1145139017126109 -0.11
5405 0.004999 -0.122898 0.11
5406 0.004999 -0.122898 0.1
5407 -1.100595309333485e-14 -0.1229996276620381 0.11
5408 -1.100595309333485e-14 -0.1229996276620381 0.1
5409 0.004999 -0.122898 0.1050000000000136
5410 -6.420211584590163e-15 -0.1229996276620381 0.1050000000000034
5411 0.002500016459026257 -0.1229742181219487 0.1025000000000051
5412 -0.002500016459034515 -0.1229742181219485 0.1025000000000051
5413 0.002500016459026257 -0.1229742181219487 0.1075000000000051
5414 -0.002500016459034514 -0.1229742181219485 0.1075000000000051
5415 0.001250008229507626 -0.1229869228919934 0.1012500000000026
5416 0.002499499999994497 -0.122948813831019 0.1
5417 0.003749508229513128 -0.1229361090609744 0.1012500000000026
5418 0.003749508229513128 -0.1229361090609744 0.1037500000000093
5419 0.004999 -0.122898 0.1025000000000068
5420 0.001250008229509918 -0.1229869228919934 0.1037500000000043
5421 -8.713082338962506e-15 -0.1229996276620381 0.1025000000000017
5422 -0.001250008229522761 -0.1229869228919933 0.1012500000000026
5423 -0.003749508229517258 -0.1229361090609742 0.1012500000000026
5424 -0.002499500000005503 -0.122948813831019 0.1
5425 -0.003749508229517258 -0.1229361090609742 0.1037500000000093
5426 -0.001250008229520468 -0.1229869228919933 0.1037500000000043
5427 0.001250008229507626 -0.1229869228919934 0.1087500000000026
5428 0.003749508229513128 -0.1229361090609744 0.1087500000000026
5429 0.002499499999994497 -0.122948813831019 0.11
5430 0.003749508229513128 -0.1229361090609744 0.1062500000000094
5431 0.004999 -0.122898 0.1075000000000068
5432 -8.713082338962506e-15 -0.1229996276620381 0.1075000000000017
5433 0.001250008229509918 -0.1229869228919934 0.1062500000000043
5434 -0.00125000822952276 -0.1229869228919933 0.1087500000000026
5435 -0.002499500000005503 -0.122948813831019 0.11
5436 -0.003749508229517257 -0.1229361090609742 0.1087500000000026
5437 -0.003749508229517257 -0.1229361090609742 0.1062500000000094
5438 -0.001250008229520467 -0.1229869228919933 0.1062500000000043
5439 -0.002500016459034514 -0.1229742181219485 0.1050000000000051
5440 0.002500016459026257 -0.1229742181219487 0.1050000000000051
5441 0.004999 -0.122898 -0.1
5442 0.004999 -0.122898 -0.11
5443 -1.100595309333485e-14 -0.1229996276620381 -0.1
5444 -1.100595309333485e-14 -0.1229996276620381 -0.11
5445 0.004999 -0.122898 -0.1049999999999837
5446 -6.420211584590163e-15 -0.1229996276620381 -0.104999999999996
5447 0.002500016459026257 -0.1229742181219486 -0.1074999999999939
5448 -0.002500016459034515 -0.1229742181219485 -0.1074999999999939
5449 0.002500016459026256 -0.1229742181219487 -0.1024999999999939
5450 -0.002500016459034514 -0.1229742181219485 -0.1024999999999939
5451 0.001250008229507626 -0.1229869228919934 -0.108749999999997
5452 0.002499499999994497 -0.122948813831019 -0.11
5453 0.003749508229513128 -0.1229361090609743 -0.108749999999997
5454 0.003749508229513128 -0.1229361090609743 -0.1062499999999888
5455 0.004999 -0.122898 -0.1074999999999919
5456 0.001250008229509918 -0.1229869228919934 -0.106249999999995
5457 -8.713082338962506e-15 -0.1229996276620381 -0.107499999999998
5458 -0.001250008229522761 -0.1229869228919933 -0.108749999999997
5459 -0.003749508229517258 -0.1229361090609742 -0.108749999999997
5460 -0.002499500000005503 -0.122948813831019 -0.11
5461 -0.003749508229517258 -0.1229361090609742 -0.1062499999999888
5462 -0.001250008229520468 -0.1229869228919933 -0.106249999999995
5463 0.001250008229507625 -0.1229869228919934 -0.101249999999997
5464 0.003749508229513128 -0.1229361090609744 -0.101249999999997
5465 0.002499499999994497 -0.122948813831019 -0.1
5466 0.003749508229513128 -0.1229361090609744 -0.1037499999999888
5467 0.004999 -0.122898 -0.1024999999999918
5468 -8.713082338962506e-15 -0.1229996276620381 -0.102499999999998
5469 0.001250008229509918 -0.1229869228919934 -0.103749999999995
5470 -0.00125000822952276 -0.1229869228919933 -0.101249999999997
5471 -0.002499500000005503 -0.122948813831019 -0.1
5472 -0.003749508229517257 -0.1229361090609742 -0.101249999999997
5473 -0.003749508229517257 -0.1229361090609742 -0.1037499999999888
5474 -0.001250008229520467 -0.1229869228919933 -0.103749999999995
5475 0.002500016459026257 -0.1229742181219486 -0.1049999999999939
5476 -0.002500016459034514 -0.1229742181219485 -0.1049999999999939
5477 -0.004999 -0.122898 0
5478 0.004999 -0.122898 0
5479 -1.100595309333485e-14 -0.1229996276620381 0
5480 -0.004999 -0.122898 -0.004999999999990302
5481 -0.004999 -0.122898 -0.009999999999982483
5482 -0.004999 -0.122898 -0.01499999999997171
5483 -0.004999 -0.122898 -0.019999999999956
5484 -0.004999 -0.122898 -0.02499999999994164
5485 -0.004999 -0.122898 -0.02999999999992728
5486 -0.004999 -0.122898 -0.03499999999991292
5487 -0.004999 -0.122898 -0.03999999999989585
5488 -0.004999 -0.122898 -0.0449999999998815
5489 -0.004999 -0.122898 -0.0499999999998685
5490 -0.004999 -0.122898 -0.05499999999988016
5491 -0.004999 -0.122898 -0.05999999999989426
5492 -0.004999 -0.122898 -0.06499999999990864
5493 -0.004999 -0.122898 -0.06999999999991974
5494 -0.004999 -0.122898 -0.07499999999993355
5495 -0.004999 -0.122898 -0.07999999999994738
5496 -0.004999 -0.122898 -0.0849999999999585
5497 -0.004999 -0.122898 -0.08999999999997287
5498 -0.004999 -0.122898 -0.0949999999999878
5499 0.004999 -0.122898 -0.004999999999990302
5500 0.004999 -0.122898 -0.009999999999982483
5501 0.004999 -0.122898 -0.01499999999997171
5502 0.004999 -0.122898 -0.019999999999956
5503 0.004999 -0.122898 -0.02499999999994164
5504 0.004999 -0.122898 -0.02999999999992728
5505 0.004999 -0.122898 -0.03499999999991292
5506 0.004999 -0.122898 -0.03999999999989585
5507 0.004999 -0.122898 -0.0449999999998815
5508 0.004999 -0.122898 -0.0499999999998685
5509 0.004999 -0.122898 -0.05499999999988016
5510 0.004999 -0.122898 -0.05999999999989426
5511 0.004999 -0.122898 -0.06499999999990864
5512 0.004999 -0.122898 -0.06999999999991974
5513 0.004999 -0.122898 -0.07499999999993355
5514 0.004999 -0.122898 -0.07999999999994738
5515 0.004999 -0.122898 -0.0849999999999585
5516 0.004999 -0.122898 -0.08999999999997287
5517 0.004999 -0.122898 -0.0949999999999878
5518 -3.469446951953614e-18 -0.1229996276620381 -0.03166666666658917
5519 -3.469446951953614e-18 -0.1229996276620381 -0.03751350308632415
5520 -0.0002833544603473642 -0.1229993012795187 -0.02744111111104575
5521 -3.469446951953614e-18 -0.1229996276620381 -0.04259709362128866
5522 -0.0002833544603474402 -0.1229993012795187 -0.01750476851848189
5523 -2.754009043384742e-15 -0.1229996276620381 -0.005624999999989798
5524 -4.613280243925821e-16 -0.1229996276620381 -0.01204861111108843
5525 -3.469446951953614e-18 -0.1229996276620381 -0.04806905864185305
5526 -3.469446951953614e-18 -0.1229996276620381 -0.05301150977354078
5527 -4.562082617347004e-05 -0.1229996192016066 -0.08179465971451358
5528 -0.0004382031212673929 -0.1229988470800622 -0.06747233678705254
5529 -0.0002833544603473646 -0.1229993012795187 -0.05755126977991933
5530 -0.0002690677042283818 -0.1229993333623014 -0.08756474041001909
5531 0.002500016459026946 -0.1229742181219487 -0.00265624999999502
5532 -0.002500016459033829 -0.1229742181219485 -0.002656249999995023
5533 -0.0004615416743963831 -0.1229987617184938 -0.09251079006832238
5534 -9.445156104308759e-05 -0.1229995913972995 -0.02249097993822049
5535 -0.0001038967150031051 -0.1229995837817048 -0.0623350819267903
5536 -0.001020174902082479 -0.1229953968576433 -0.07499915103668686
5537 0.001480742432055533 -0.1229907143114874 -0.07696528139047196
5538 0.00158715966003411 -0.1229893870592645 -0.07389267424457609
5539 0.001875068835986784 -0.1229853345804301 -0.09812499999999544
5540 -0.000597794069968132 -0.1229981749752813 -0.09677263167804889
5541 -0.001917079119789113 -0.1229846869030794 -0.07775181842831067
5542 -0.0008119214686995216 -0.1229969478829807 -0.07189402701134809
5543 0.00125000822950797 -0.1229869228919934 -0.00132812499999751
5544 0.003749508229513473 -0.1229361090609744 -0.00132812499999751
5545 0.002499499999994497 -0.122948813831019 0
5546 0.003749508229513473 -0.1229361090609744 -0.003828124999992661
5547 0.001250008229512096 -0.1229869228919934 -0.004140624999992409
5548 0.002499499999998623 -0.122948813831019 -0.00531249999999005
5549 0.004999 -0.122898 -0.002499999999995151
5550 -0.001250008229522418 -0.1229869228919933 -0.001328124999997511
5551 -0.002499500000005503 -0.122948813831019 0
5552 -0.003749508229516915 -0.1229361090609742 -0.001328124999997511
5553 -0.003749508229516915 -0.1229361090609742 -0.003828124999992662
5554 -0.002499500000001377 -0.122948813831019 -0.00531249999999005
5555 -0.001250008229518291 -0.1229869228919933 -0.004140624999992411
5556 -0.004999 -0.122898 -0.002499999999995151
5557 -0.002499500000000002 -0.122948813831019 -0.04653452932086728
5558 -0.004999 -0.122898 -0.047499999999875
5559 -0.002499500000000002 -0.122948813831019 -0.04903452932086078
5560 -0.002499500000000002 -0.122948813831019 -0.04379854681058508
5561 -3.469446951953614e-18 -0.1229996276620381 -0.04533307613157085
5562 0.002499499999999998 -0.122948813831019 -0.04903452932086078
5563 0.004999 -0.122898 -0.047499999999875
5564 0.002499499999999998 -0.122948813831019 -0.04653452932086728
5565 0.002499499999999998 -0.122948813831019 -0.04379854681058508
5566 -0.00264117723017372 -0.1229486506397593 -0.0162523842592268
5567 -0.004999 -0.122898 -0.01749999999996386
5568 -0.00264117723017372 -0.1229486506397593 -0.01875238425921895
5569 0.00235782276982628 -0.1229486506397593 -0.01875238425921895
5570 0.004999 -0.122898 -0.01749999999996386
5571 0.00235782276982628 -0.1229486506397593 -0.0162523842592268
5572 -0.002522310413086735 -0.1229488096008033 -0.08089732985723047
5573 -0.004999 -0.122898 -0.08249999999995294
5574 -0.002522310413086735 -0.1229488096008033 -0.08339732985723604
5575 0.002476689586913265 -0.1229488096008033 -0.08339732985723604
5576 0.004999 -0.122898 -0.08249999999995294
5577 0.002476689586913265 -0.1229488096008033 -0.08089732985723047
5578 -0.002499500000000002 -0.122948813831019 -0.03625675154311854
5579 -0.004999 -0.122898 -0.03749999999990439
5580 -0.002499500000000002 -0.122948813831019 -0.03875675154311
5581 0.002499499999999998 -0.122948813831019 -0.03875675154311
5582 0.004999 -0.122898 -0.03749999999990439
5583 0.002499499999999998 -0.122948813831019 -0.03625675154311854
5584 -0.002499500000000231 -0.122948813831019 -0.01352430555553007
5585 -0.002499500000000231 -0.122948813831019 -0.01102430555553546
5586 -0.004999 -0.122898 -0.0124999999999771
5587 -0.0001416772301739508 -0.1229994644707784 -0.01477668981478516
5588 0.002499499999999769 -0.122948813831019 -0.01102430555553546
5589 0.002499499999999769 -0.122948813831019 -0.01352430555553007
5590 0.004999 -0.122898 -0.0124999999999771
5591 -0.002499500000000002 -0.122948813831019 -0.05150575488670464
5592 -0.004999 -0.122898 -0.05249999999987433
5593 -0.002499500000000002 -0.122948813831019 -0.05400575488671047
5594 -3.469446951953614e-18 -0.1229996276620381 -0.05054028420769691
5595 0.002499499999999998 -0.122948813831019 -0.05400575488671047
5596 0.004999 -0.122898 -0.05249999999987433
5597 0.002499499999999998 -0.122948813831019 -0.05150575488670464
5598 -0.002499500000000002 -0.122948813831019 -0.04129854681059225
5599 -0.004999 -0.122898 -0.04249999999988868
5600 0.004999 -0.122898 -0.04249999999988868
5601 0.002499499999999998 -0.122948813831019 -0.04129854681059225
5602 -0.002634033852114191 -0.1229486666811507 -0.0862823702049888
5603 -0.004999 -0.122898 -0.08749999999996569
5604 -0.002634033852114191 -0.1229486666811507 -0.08878237020499598
5605 -0.0001573442652009259 -0.122999476281954 -0.08467970006226633
5606 0.002364966147885809 -0.1229486666811507 -0.08878237020499598
5607 0.004999 -0.122898 -0.08749999999996569
5608 0.002364966147885809 -0.1229486666811507 -0.0862823702049888
5609 -0.002641177230173682 -0.1229486506397593 -0.05627563488989974
5610 -0.004999 -0.122898 -0.05749999999988721
5611 -0.002641177230173682 -0.1229486506397593 -0.05877563488990679
5612 -0.000141677230173684 -0.1229994644707784 -0.05528138977673006
5613 0.002357822769826318 -0.1229486506397593 -0.05877563488990679
5614 0.004999 -0.122898 -0.05749999999988721
5615 0.002357822769826318 -0.1229486506397593 -0.05627563488989974
5616 -0.004999 -0.122898 -0.007499999999986393
5617 -0.002499500000001377 -0.122948813831019 -0.00781249999998614
5618 0.002499499999998623 -0.122948813831019 -0.00781249999998614
5619 0.004999 -0.122898 -0.007499999999986393
5620 -1.607668533888662e-15 -0.1229996276620381 -0.008836805555539114
5621 -0.002641177230173682 -0.1229486506397593 -0.02622055555549369
5622 -0.004999 -0.122898 -0.02749999999993446
5623 -0.002641177230173682 -0.1229486506397593 -0.02872055555548651
5624 0.002357822769826318 -0.1229486506397593 -0.02872055555548651
5625 0.004999 -0.122898 -0.02749999999993446
5626 0.002357822769826318 -0.1229486506397593 -0.02622055555549369
5627 0.002499499999999998 -0.122948813831019 -0.03083333333325822
5628 -0.0001416772301736838 -0.1229994644707784 -0.02955388888881746
5629 -0.002499500000000002 -0.122948813831019 -0.03083333333325822
5630 -0.002499500000000002 -0.122948813831019 -0.03333333333325104
5631 -0.004999 -0.122898 -0.0324999999999201
5632 -3.469446951953614e-18 -0.1229996276620381 -0.03459008487645666
5633 0.002499499999999998 -0.122948813831019 -0.03333333333325104
5634 0.004999 -0.122898 -0.0324999999999201
5635 -3.441474535903488e-15 -0.1229742181219486 -0.002656249999995021
5636 -0.002730270837198191 -0.1229483808592469 -0.09375539503415509
5637 -0.002730270837198191 -0.1229483808592469 -0.09125539503414762
5638 -0.004999 -0.122898 -0.09249999999998033
5639 -0.0003653046893123825 -0.1229990475403976 -0.09003776523917073
5640 -0.002546725780521544 -0.1229487956986497 -0.02374548996908106
5641 -0.002546725780521544 -0.1229487956986497 -0.02124548996908825
5642 -0.004999 -0.122898 -0.02249999999994882
5643 -0.0001889030106952259 -0.1229994463384091 -0.02496604552463312
5644 -0.002551448357501553 -0.1229487918908524 -0.06116754096334228
5645 -0.004999 -0.122898 -0.06249999999990145
5646 -0.002551448357501553 -0.1229487918908524 -0.06366754096334948
5647 -0.000271049918135249 -0.1229992154308835 -0.06490370935692141
5648 -0.002718601560633696 -0.1229484235400311 -0.06623616839348059
5649 -0.0001936255876752348 -0.1229994425306117 -0.05994317585335482
5650 -3.469446951953614e-18 -0.1229996276620381 -0.0400552983538064
5651 0.002268729162801809 -0.1229483808592469 -0.09375539503415509
5652 0.004999 -0.122898 -0.09249999999998033
5653 0.002268729162801809 -0.1229483808592469 -0.09125539503414762
5654 0.002447551642498447 -0.1229487918908524 -0.06116754096334228
5655 0.002447551642498447 -0.1229487918908524 -0.06366754096334948
5656 0.004999 -0.122898 -0.06249999999990145
5657 0.002280398439366304 -0.1229484235400311 -0.06623616839348059
5658 0.002452274219478456 -0.1229487956986497 -0.02374548996908106
5659 0.004999 -0.122898 -0.02249999999994882
5660 0.002452274219478456 -0.1229487956986497 -0.02124548996908825
5661 -0.0001889030106952639 -0.1229994463384091 -0.01999787422835119
5662 -0.004999 -0.122898 -0.06749999999991418
5663 -0.002718601560633696 -0.1229484235400311 -0.06873616839348615
5664 0.004999 -0.122898 -0.06749999999991418
5665 0.002280398439366304 -0.1229484235400311 -0.06873616839348615
5666 0.003239871216027766 -0.1229443571557437 -0.07848264069520966
5667 0.004999 -0.122898 -0.07749999999994046
5668 0.003239871216027766 -0.1229443571557437 -0.07598264069520275
5669 0.0007175608029410315 -0.122995166756547 -0.07937997055249277
5670 0.003293079830017055 -0.1229436935296322 -0.07194633712224791
5671 0.003293079830017055 -0.1229436935296322 -0.07444633712225482
5672 0.004999 -0.122898 -0.07249999999992665
5673 0.0009375344179878891 -0.1229924811212341 -0.09906249999999772
5674 0.003437034417993392 -0.1229416672902151 -0.09906249999999772
5675 0.003437034417993392 -0.1229416672902151 -0.09656249999999161
5676 0.004999 -0.122898 -0.0974999999999939
5677 -0.000298897034989569 -0.1229989013186597 -0.09838631583902445
5678 -0.002798397034984066 -0.1229480874876406 -0.09838631583902445
5679 -0.002798397034984066 -0.1229480874876406 -0.09588631583901835
5680 -0.004999 -0.122898 -0.0974999999999939
5681 -0.003458039559894556 -0.1229413434515397 -0.07887590921412901
5682 -0.003458039559894556 -0.1229413434515397 -0.0763759092141221
5683 -0.004999 -0.122898 -0.07749999999994046
5684 -0.001468627010935796 -0.1229900418803613 -0.07637548473249876
5685 -0.003009587451041239 -0.1229466984288216 -0.07499957551831021
5686 -0.002905460734349761 -0.1229474739414903 -0.07094701350563391
5687 -0.004999 -0.122898 -0.07249999999992665
5688 -0.002905460734349761 -0.1229474739414903 -0.07344701350564081
5689 -0.0009160481853910003 -0.122996172370312 -0.07344658902401748
5690 0.001533951046044822 -0.122990050685376 -0.07542897781752403
5691 0.000230283764986527 -0.1229930555845654 -0.07598221621357941
5692 0.0002834923789758155 -0.1229923919584539 -0.07444591264063147
5693 -0.0009813499729812915 -0.122992153052343 -0.07977323907141212
5694 -0.00021816834386679 -0.1229877006072834 -0.07735854990939131
5695 -0.0006250622949834573 -0.1229978974815215 -0.06968318189920031
5696 0.002093539265650239 -0.1229474739414903 -0.07094701350563391
5697 0.0003876190956672941 -0.1229931674711226 -0.07289335062796209
5698 0.000638637383009326 -0.1229917547778557 -0.09744881583902217
5699 -0.0005296678721822576 -0.1229984683468875 -0.09464171087318564
5700 0.002200602965015934 -0.1229480874876406 -0.09588631583901835
5701 -0.004999 -0.122898 0.09500000000001382
5702 -0.004999 -0.122898 0.09000000000002764
5703 -0.004999 -0.122898 0.08500000000004147
5704 -0.004999 -0.122898 0.08000000000005529
5705 -0.004999 -0.122898 0.07500000000006912
5706 -0.004999 -0.122898 0.07000000000008294
5707 -0.004999 -0.122898 0.06500000000009676
5708 -0.004999 -0.122898 0.06000000000011058
5709 -0.004999 -0.122898 0.05500000000012441
5710 -0.004999 -0.122898 0.05000000000013687
5711 -0.004999 -0.122898 0.04500000000012466
5712 -0.004999 -0.122898 0.04000000000011003
5713 -0.004999 -0.122898 0.03500000000009511
5714 -0.004999 -0.122898 0.03000000000008349
5715 -0.004999 -0.122898 0.02500000000006912
5716 -0.004999 -0.122898 0.02000000000005478
5717 -0.004999 -0.122898 0.01500000000004312
5718 -0.004999 -0.122898 0.01000000000002821
5719 -0.004999 -0.122898 0.005000000000012744
5720 0.004999 -0.122898 0.09500000000001382
5721 0.004999 -0.122898 0.09000000000002764
5722 0.004999 -0.122898 0.08500000000004147
5723 0.004999 -0.122898 0.08000000000005529
5724 0.004999 -0.122898 0.07500000000006912
5725 0.004999 -0.122898 0.07000000000008294
5726 0.004999 -0.122898 0.06500000000009676
5727 0.004999 -0.122898 0.06000000000011058
5728 0.004999 -0.122898 0.05500000000012441
5729 0.004999 -0.122898 0.05000000000013687
5730 0.004999 -0.122898 0.04500000000012466
5731 0.004999 -0.122898 0.04000000000011003
5732 0.004999 -0.122898 0.03500000000009511
5733 0.004999 -0.122898 0.03000000000008349
5734 0.004999 -0.122898 0.02500000000006912
5735 0.004999 -0.122898 0.02000000000005478
5736 0.004999 -0.122898 0.01500000000004312
5737 0.004999 -0.122898 0.01000000000002821
5738 0.004999 -0.122898 0.005000000000012744
5739 -3.469446951953614e-18 -0.1229996276620381 0.08500000000004147
5740 -3.469446951953614e-18 -0.1229996276620381 0.08166666666671735
5741 -3.469446951953614e-18 -0.1229996276620381 0.07520833333340188
5742 -3.469446951953614e-18 -0.1229996276620381 0.06166666666677264
5743 -3.469446951953614e-18 -0.1229996276620381 0.08833333333336559
5744 -2.753439837244187e-15 -0.1229996276620381 0.0941666666666828
5745 -3.469446951953614e-18 -0.1229996276620381 0.0669444444445358
5746 -3.469446951953614e-18 -0.1229996276620381 0.07053819444452587
5747 -3.469446951953614e-18 -0.1229996276620381 0.05694444444456326
5748 -3.469446951953614e-18 -0.1229996276620381 0.05199074074086843
5749 -3.469446951953614e-18 -0.1229996276620381 0.02255787037043264
5750 -3.469446951953614e-18 -0.1229996276620381 0.02789303626550931
5751 -3.469446951953614e-18 -0.1229996276620381 0.04699845679025026
5752 -3.469446951953614e-18 -0.1229996276620381 0.01694444444449176
5753 -3.469446951953614e-18 -0.1229996276620381 0.03271274059079641
5754 -3.469446951953614e-18 -0.1229996276620381 0.04256364401160528
5755 -2.753439837244187e-15 -0.1229996276620381 0.005625000000015341
5756 -4.610027637408365e-16 -0.1229996276620381 0.01209490740744162
5757 0.002500016459026945 -0.1229742181219487 0.09729166666667417
5758 0.002500016459026945 -0.1229742181219486 0.002656250000007021
5759 -0.002500016459033828 -0.1229742181219485 0.09729166666667416
5760 -0.002500016459033829 -0.1229742181219485 0.002656250000007021
5761 -3.469446951953614e-18 -0.1229996276620381 0.03754606410046867
5762 0.001250008229507969 -0.1229869228919934 0.0986458333333371
5763 0.003749508229513472 -0.1229361090609744 0.0986458333333371
5764 0.003749508229513472 -0.1229361090609744 0.09614583333334401
5765 0.001250008229512096 -0.1229869228919934 0.09572916666667849
5766 0.002499499999998623 -0.122948813831019 0.09458333333334831
5767 0.004999 -0.122898 0.09750000000000691
5768 0.001250008229507969 -0.1229869228919934 0.001328125000003511
5769 0.003749508229513472 -0.1229361090609743 0.001328125000003511
5770 0.003749508229513472 -0.1229361090609743 0.003828125000009883
5771 0.002499499999998623 -0.122948813831019 0.005312500000014042
5772 0.001250008229512096 -0.1229869228919934 0.004140625000011181
5773 0.004999 -0.122898 0.002500000000006372
5774 -0.001250008229522417 -0.1229869228919933 0.09864583333333708
5775 -0.003749508229516914 -0.1229361090609742 0.09864583333333708
5776 -0.003749508229516914 -0.1229361090609742 0.09614583333334399
5777 -0.002499500000001376 -0.122948813831019 0.09458333333334831
5778 -0.001250008229518291 -0.1229869228919933 0.09572916666667848
5779 -0.004999 -0.122898 0.09750000000000691
5780 -0.001250008229522418 -0.1229869228919933 0.001328125000003511
5781 -0.003749508229516915 -0.1229361090609742 0.001328125000003511
5782 -0.003749508229516915 -0.1229361090609742 0.003828125000009883
5783 -0.001250008229518291 -0.1229869228919933 0.004140625000011181
5784 -0.002499500000001376 -0.122948813831019 0.005312500000014042
5785 -0.004999 -0.122898 0.002500000000006372
5786 -0.002499500000000002 -0.122948813831019 0.05349537037049642
5787 -0.004999 -0.122898 0.05250000000013064
5788 -0.002499500000000002 -0.122948813831019 0.05099537037050265
5789 -0.002499500000000002 -0.122948813831019 0.05597222222234383
5790 -3.469446951953614e-18 -0.1229996276620381 0.05446759259271584
5791 0.002499499999999998 -0.122948813831019 0.05099537037050265
5792 0.004999 -0.122898 0.05250000000013064
5793 0.002499499999999998 -0.122948813831019 0.05349537037049642
5794 0.002499499999999998 -0.122948813831019 0.05597222222234383
5795 -0.002499500000000002 -0.122948813831019 0.03385637029544576
5796 -0.004999 -0.122898 0.0325000000000893
5797 -0.002499500000000002 -0.122948813831019 0.03135637029543995
5798 0.002499499999999998 -0.122948813831019 0.03135637029543995
5799 0.004999 -0.122898 0.0325000000000893
5800 0.002499499999999998 -0.122948813831019 0.03385637029544576
5801 0.002499499999999998 -0.122948813831019 0.0289465181327964
5802 -3.469446951953614e-18 -0.1229996276620381 0.03030288842815286
5803 -0.002499500000000002 -0.122948813831019 0.0289465181327964
5804 -0.002499500000000002 -0.122948813831019 0.01847222222227327
5805 -0.004999 -0.122898 0.01750000000004895
5806 -0.002499500000000002 -0.122948813831019 0.01597222222226744
5807 -0.002499500000000002 -0.122948813831019 0.02127893518524371
5808 -3.469446951953614e-18 -0.1229996276620381 0.0197511574074622
5809 0.002499499999999998 -0.122948813831019 0.01597222222226744
5810 0.004999 -0.122898 0.01750000000004895
5811 0.002499499999999998 -0.122948813831019 0.01847222222227327
5812 0.002499499999999998 -0.122948813831019 0.02127893518524371
5813 -0.002499500000000002 -0.122948813831019 0.04599922839518746
5814 -0.002499500000000002 -0.122948813831019 0.04849922839519356
5815 -0.004999 -0.122898 0.04750000000013077
5816 0.002499499999999998 -0.122948813831019 0.04849922839519356
5817 0.002499499999999998 -0.122948813831019 0.04599922839518746
5818 0.004999 -0.122898 0.04750000000013077
5819 -3.469446951953614e-18 -0.1229996276620381 0.04949459876555935
5820 -0.002499500000000002 -0.122948813831019 0.05847222222233692
5821 -0.004999 -0.122898 0.0575000000001175
5822 0.002499499999999998 -0.122948813831019 0.05847222222233692
5823 0.004999 -0.122898 0.0575000000001175
5824 0.002499499999999998 -0.122948813831019 0.06083333333344161
5825 -3.469446951953614e-18 -0.1229996276620381 0.05930555555566795
5826 -0.002499500000000002 -0.122948813831019 0.06083333333344161
5827 -0.002499500000000231 -0.122948813831019 0.01354745370374237
5828 -0.004999 -0.122898 0.01250000000003566
5829 -0.002499500000000231 -0.122948813831019 0.01104745370373492
5830 -2.32236105346395e-16 -0.1229996276620381 0.01451967592596669
5831 0.002499499999999769 -0.122948813831019 0.01104745370373492
5832 0.004999 -0.122898 0.01250000000003566
5833 0.002499499999999769 -0.122948813831019 0.01354745370374237
5834 -0.002499500000000002 -0.122948813831019 0.04378182200586497
5835 -0.004999 -0.122898 0.04250000000011735
5836 -0.002499500000000002 -0.122948813831019 0.04128182200585766
5837 -3.469446951953614e-18 -0.1229996276620381 0.04478105040092777
5838 0.002499499999999998 -0.122948813831019 0.04128182200585766
5839 0.004999 -0.122898 0.04250000000011735
5840 0.002499499999999998 -0.122948813831019 0.04378182200586497
5841 -0.002499500000000002 -0.122948813831019 0.0633333333334347
5842 -0.004999 -0.122898 0.06250000000010367
5843 -0.002499500000000002 -0.122948813831019 0.06597222222231627
5844 -3.469446951953614e-18 -0.1229996276620381 0.06430555555565422
5845 0.004999 -0.122898 0.06250000000010367
5846 0.002499499999999998 -0.122948813831019 0.0633333333334347
5847 0.002499499999999998 -0.122948813831019 0.06597222222231627
5848 -0.002499500000000002 -0.122948813831019 0.08666666666670353
5849 -0.002499500000000002 -0.122948813831019 0.08916666666669662
5850 -0.004999 -0.122898 0.08750000000003455
5851 -0.002499500000000002 -0.122948813831019 0.08500000000004147
5852 -3.469446951953614e-18 -0.1229996276620381 0.08666666666670353
5853 0.002499499999999998 -0.122948813831019 0.08916666666669662
5854 0.002499499999999998 -0.122948813831019 0.08666666666670353
5855 0.004999 -0.122898 0.08750000000003455
5856 0.002499499999999998 -0.122948813831019 0.08500000000004147
5857 -0.002499500000000002 -0.122948813831019 0.08083333333338633
5858 -0.002499500000000002 -0.122948813831019 0.08333333333337942
5859 -0.004999 -0.122898 0.08250000000004838
5860 0.002499499999999998 -0.122948813831019 0.08333333333337942
5861 0.002499499999999998 -0.122948813831019 0.08083333333338633
5862 0.004999 -0.122898 0.08250000000004838
5863 -3.469446951953614e-18 -0.1229996276620381 0.08333333333337942
5864 -0.002499500000001376 -0.122948813831019 0.007812500000021776
5865 -0.004999 -0.122898 0.007500000000020477
5866 -1.607221300492512e-15 -0.1229996276620381 0.00885995370372848
5867 0.004999 -0.122898 0.007500000000020477
5868 0.002499499999998623 -0.122948813831019 0.007812500000021776
5869 -0.002499500000000002 -0.122948813831019 0.02377893518525088
5870 -0.004999 -0.122898 0.02250000000006195
5871 0.002499499999999998 -0.122948813831019 0.02377893518525088
5872 0.004999 -0.122898 0.02250000000006195
5873 -0.004999 -0.122898 0.0275000000000763
5874 -0.002499500000000002 -0.122948813831019 0.02644651813278921
5875 0.002499499999999998 -0.122948813831019 0.02644651813278921
5876 0.004999 -0.122898 0.0275000000000763
5877 -0.002499500000000002 -0.122948813831019 0.06847222222230936
5878 -0.004999 -0.122898 0.06750000000008985
5879 -0.002499500000000002 -0.122948813831019 0.0702690972223044
5880 -3.469446951953614e-18 -0.1229996276620381 0.06874131944453084
5881 0.004999 -0.122898 0.06750000000008985
5882 0.002499499999999998 -0.122948813831019 0.06847222222230936
5883 0.002499499999999998 -0.122948813831019 0.0702690972223044
5884 -0.002499500000001376 -0.122948813831019 0.09208333333335522
5885 -0.004999 -0.122898 0.09250000000002073
5886 -1.37845464209807e-15 -0.1229996276620381 0.0912500000000242
5887 0.002499499999998623 -0.122948813831019 0.09208333333335522
5888 0.004999 -0.122898 0.09250000000002073
5889 -0.002499500000000002 -0.122948813831019 0.0751041666667355
5890 -0.002499500000000002 -0.122948813831019 0.07760416666672859
5891 -0.004999 -0.122898 0.07750000000006221
5892 0.002499499999999998 -0.122948813831019 0.07760416666672859
5893 0.002499499999999998 -0.122948813831019 0.0751041666667355
5894 0.004999 -0.122898 0.07750000000006221
5895 -3.469446951953614e-18 -0.1229996276620381 0.07843750000005961
5896 -3.441691376337985e-15 -0.1229742181219486 0.09729166666667416
5897 -3.442125057206979e-15 -0.1229742181219486 0.002656250000007021
5898 -0.002499500000000002 -0.122948813831019 0.07276909722229749
5899 -0.004999 -0.122898 0.07250000000007603
5900 -3.469446951953614e-18 -0.1229996276620381 0.07287326388896387
5901 0.002499499999999998 -0.122948813831019 0.07276909722229749
5902 0.004999 -0.122898 0.07250000000007603
5903 -0.002499500000000002 -0.122948813831019 0.03877303205028935
5904 -0.004999 -0.122898 0.03750000000010257
5905 -0.002499500000000002 -0.122948813831019 0.03627303205028189
5906 -3.469446951953614e-18 -0.1229996276620381 0.04005485405603697
5907 -3.469446951953614e-18 -0.1229996276620381 0.03512940234563254
5908 0.002499499999999998 -0.122948813831019 0.03877303205028935
5909 0.002499499999999998 -0.122948813831019 0.03627303205028189
5910 0.004999 -0.122898 0.03750000000010257
5911 -3.469446951953614e-18 -0.1229996276620381 0.02522545331797097
5912 0.009801250058967724 -0.1226084984912612 0.11
5913 0.01458850537995754 -0.122131420673711 0.11
5914 0.01935344203606397 -0.1214674964192344 0.11
5915 0.02408877024524386 -0.1206177414523745 0.11
5916 0.02878724552286066 -0.1195834557963874 0.11
5917 0.03344167976480558 -0.1183662217843765 0.11
5918 0.03804495224449593 -0.1169679016385009 0.11
5919 0.04259002050670671 -0.1153906346210052 0.11
5920 0.009801250058967724 -0.1226084984912612 0.1
5921 0.01458850537995754 -0.122131420673711 0.1
5922 0.01935344203606397 -0.1214674964192344 0.1
5923 0.02408877024524386 -0.1206177414523745 0.1
5924 0.02878724552286066 -0.1195834557963874 0.1
5925 0.03344167976480558 -0.1183662217843765 0.1
5926 0.03804495224449593 -0.1169679016385009 0.1
5927 0.04259002050670671 -0.1153906346210052 0.1
5928 0.01685287454317114 -0.121839603678903 0.1050000000000006
5929 0.01060036538243883 -0.1225419954903575 0.1050000000000034
5930 0.02179468426871391 -0.1210532946376392 0.1050000000000001
5931 0.02697576607873846 -0.1200050684324008 0.105
5932 0.03651664917361263 -0.1174540026484041 0.105
5933 0.03133765513367312 -0.1189405724541587 0.105
5934 0.04183684735708319 -0.1156658402823415 0.1050000000000034
5935 0.007601637188994896 -0.1227645043041632 0.1025000000000043
5936 0.04465181703001894 -0.1146085670485314 0.1025000000000043
5937 0.007601637188994896 -0.1227645043041632 0.1075000000000042
5938 0.04465181703001894 -0.1146085670485315 0.1075000000000042
5939 0.008701443623981311 -0.1226865013977122 0.1012500000000021
5940 0.006300318594497448 -0.1228312521520816 0.1012500000000021
5941 0.007400125029483862 -0.1227532492456306 0.1
5942 0.006300318594497448 -0.1228312521520816 0.1037500000000089
5943 0.01020080772070328 -0.1225752469908094 0.1025000000000017
5944 0.009101001285716863 -0.1226532498972604 0.1037500000000038
5945 0.04362091876836283 -0.1149996008347683 0.1012500000000021
5946 0.04483001025335336 -0.1145138173105026 0.1
5947 0.04586090851500947 -0.1141227835242657 0.1012500000000021
5948 0.04586090851500947 -0.1141227835242657 0.1037500000000089
5949 0.04324433219355107 -0.1151372036654364 0.1037500000000038
5950 0.04221343393189495 -0.1155282374516733 0.1025000000000017
5951 0.008701443623981311 -0.1226865013977122 0.1087500000000021
5952 0.007400125029483862 -0.1227532492456306 0.11
5953 0.006300318594497448 -0.1228312521520816 0.1087500000000021
5954 0.006300318594497448 -0.1228312521520816 0.1062500000000089
5955 0.009101001285716863 -0.1226532498972604 0.1062500000000038
5956 0.01020080772070328 -0.1225752469908094 0.1075000000000017
5957 0.04362091876836283 -0.1149996008347683 0.1087500000000021
5958 0.04586090851500947 -0.1141227835242657 0.1087500000000021
5959 0.04483001025335336 -0.1145138173105026 0.11
5960 0.04586090851500947 -0.1141227835242657 0.1062500000000089
5961 0.04221343393189495 -0.1155282374516733 0.1075000000000017
5962 0.04324433219355107 -0.1151372036654365 0.1062500000000038
5963 0.02294172725697888 -0.1208355180450068 0.1075
5964 0.02172110614065392 -0.1210426189358045 0.11
5965 0.02057406315238894 -0.1212603955284368 0.1075
5966 0.02057406315238894 -0.1212603955284368 0.1025
5967 0.02172110614065392 -0.1210426189358045 0.1
5968 0.02294172725697888 -0.1208355180450068 0.1025
5969 0.01259443538119819 -0.1223367080820343 0.1075000000000017
5970 0.01219487771946263 -0.1223699595824861 0.11
5971 0.01259443538119819 -0.1223367080820343 0.1025000000000017
5972 0.01219487771946263 -0.1223699595824861 0.1
5973 0.01572068996156434 -0.121985512176307 0.1025000000000003
5974 0.01372661996280498 -0.1221907995846302 0.105000000000002
5975 0.01572068996156434 -0.121985512176307 0.1075000000000003
5976 0.03238966744923935 -0.1186533971192676 0.1075
5977 0.03111446264383312 -0.118974838790382 0.11
5978 0.03006245032826689 -0.1192620141252731 0.1075
5979 0.03006245032826689 -0.1192620141252731 0.1025
5980 0.03111446264383312 -0.118974838790382 0.1
5981 0.03238966744923935 -0.1186533971192676 0.1025
5982 0.02788150580079956 -0.1197942621143941 0.1025
5983 0.02915671060620579 -0.1194728204432798 0.105
5984 0.02788150580079956 -0.1197942621143941 0.1075
5985 0.02643800788405226 -0.120100598624381 0.11
5986 0.02553226816199116 -0.1203114049423877 0.1075
5987 0.02553226816199116 -0.1203114049423877 0.1025
5988 0.02643800788405226 -0.120100598624381 0.1
5989 0.02438522517372618 -0.12052918153502 0.105
5990 0.03994089980078956 -0.1163168709604212 0.1075000000000017
5991 0.04031748637560132 -0.116179268129753 0.11
5992 0.03728080070905428 -0.1172109521434525 0.1075
5993 0.03917674826534791 -0.1165599214653728 0.1050000000000017
5994 0.03994089980078956 -0.1163168709604212 0.1025000000000017
5995 0.04031748637560132 -0.116179268129753 0.1
5996 0.03728080070905428 -0.1172109521434525 0.1025
5997 0.03574331600465076 -0.1176670617114387 0.11
5998 0.03497916446920911 -0.1179101122163903 0.1075
5999 0.03497916446920911 -0.1179101122163903 0.1025
6000 0.03574331600465076 -0.1176670617114387 0.1
6001 0.03392715215364288 -0.1181972875512814 0.105
6002 0.01810315828961755 -0.1216535500490687 0.1075000000000003
6003 0.01697097370801075 -0.1217994585464727 0.11
6004 0.01697097370801075 -0.1217994585464727 0.1
6005 0.01810315828961755 -0.1216535500490687 0.1025000000000003
6006 0.007601637188994896 -0.1227645043041632 0.1050000000000043
6007 0.04465181703001894 -0.1146085670485315 0.1050000000000043
6008 0.01932377940594253 -0.1214464491582711 0.1050000000000003
6009 0.009801250058967724 -0.1226084984912612 -0.1
6010 0.01458850537995754 -0.122131420673711 -0.1
6011 0.01935344203606397 -0.1214674964192344 -0.1
6012 0.02408877024524386 -0.1206177414523745 -0.1
6013 0.02878724552286066 -0.1195834557963874 -0.1
6014 0.03344167976480558 -0.1183662217843765 -0.1
6015 0.03804495224449593 -0.1169679016385009 -0.1
6016 0.04259002050670671 -0.1153906346210052 -0.1
6017 0.009801250058967724 -0.1226084984912612 -0.11
6018 0.01458850537995754 -0.122131420673711 -0.11
6019 0.01935344203606397 -0.1214674964192344 -0.11
6020 0.02408877024524386 -0.1206177414523745 -0.11
6021 0.02878724552286066 -0.1195834557963874 -0.11
6022 0.03344167976480558 -0.1183662217843765 -0.11
6023 0.03804495224449593 -0.1169679016385009 -0.11
6024 0.04259002050670671 -0.1153906346210052 -0.11
6025 0.01685287454317114 -0.121839603678903 -0.1049999999999994
6026 0.01060036538243884 -0.1225419954903575 -0.1049999999999959
6027 0.0217946842687139 -0.1210532946376392 -0.1049999999999998
6028 0.02697576607873846 -0.1200050684324008 -0.105
6029 0.03651664917361263 -0.1174540026484041 -0.105
6030 0.03133765513367312 -0.1189405724541587 -0.105
6031 0.04183684735708318 -0.1156658402823415 -0.1049999999999959
6032 0.007601637188994897 -0.1227645043041632 -0.1074999999999949
6033 0.04465181703001894 -0.1146085670485315 -0.1074999999999949
6034 0.007601637188994896 -0.1227645043041632 -0.1024999999999949
6035 0.04465181703001894 -0.1146085670485314 -0.1024999999999949
6036 0.008701443623981311 -0.1226865013977122 -0.1087499999999975
6037 0.006300318594497449 -0.1228312521520816 -0.1087499999999975
6038 0.007400125029483862 -0.1227532492456306 -0.11
6039 0.006300318594497449 -0.1228312521520816 -0.1062499999999893
6040 0.01020080772070328 -0.1225752469908094 -0.107499999999998
6041 0.009101001285716868 -0.1226532498972604 -0.1062499999999954
6042 0.04362091876836283 -0.1149996008347683 -0.1087499999999975
6043 0.04483001025335336 -0.1145138173105026 -0.11
6044 0.04586090851500947 -0.1141227835242657 -0.1087499999999975
6045 0.04586090851500947 -0.1141227835242657 -0.1062499999999893
6046 0.04324433219355106 -0.1151372036654365 -0.1062499999999954
6047 0.04221343393189494 -0.1155282374516733 -0.107499999999998
6048 0.008701443623981311 -0.1226865013977122 -0.1012499999999975
6049 0.007400125029483862 -0.1227532492456306 -0.1
6050 0.006300318594497448 -0.1228312521520816 -0.1012499999999975
6051 0.006300318594497448 -0.1228312521520816 -0.1037499999999893
6052 0.009101001285716868 -0.1226532498972604 -0.1037499999999954
6053 0.01020080772070328 -0.1225752469908094 -0.102499999999998
6054 0.04362091876836283 -0.1149996008347683 -0.1012499999999975
6055 0.04586090851500947 -0.1141227835242657 -0.1012499999999975
6056 0.04483001025335336 -0.1145138173105026 -0.1
6057 0.04586090851500947 -0.1141227835242657 -0.1037499999999893
6058 0.04221343393189494 -0.1155282374516733 -0.102499999999998
6059 0.04324433219355106 -0.1151372036654364 -0.1037499999999954
6060 0.02294172725697888 -0.1208355180450068 -0.1024999999999999
6061 0.02172110614065392 -0.1210426189358045 -0.1
6062 0.02057406315238893 -0.1212603955284368 -0.1024999999999999
6063 0.02057406315238893 -0.1212603955284368 -0.1074999999999999
6064 0.02172110614065392 -0.1210426189358045 -0.11
6065 0.02294172725697888 -0.1208355180450068 -0.1074999999999999
6066 0.01259443538119819 -0.1223367080820343 -0.102499999999998
6067 0.01219487771946263 -0.1223699595824861 -0.1
6068 0.01259443538119819 -0.1223367080820343 -0.107499999999998
6069 0.01219487771946263 -0.1223699595824861 -0.11
6070 0.01572068996156434 -0.121985512176307 -0.1074999999999997
6071 0.01372661996280499 -0.1221907995846302 -0.1049999999999977
6072 0.01572068996156434 -0.121985512176307 -0.1024999999999997
6073 0.03006245032826689 -0.1192620141252731 -0.1025
6074 0.03238966744923935 -0.1186533971192676 -0.1025
6075 0.03111446264383312 -0.118974838790382 -0.1
6076 0.02788150580079956 -0.1197942621143941 -0.1025
6077 0.02915671060620579 -0.1194728204432798 -0.105
6078 0.03238966744923935 -0.1186533971192676 -0.1075
6079 0.03006245032826689 -0.1192620141252731 -0.1075
6080 0.03111446264383312 -0.118974838790382 -0.11
6081 0.02788150580079956 -0.1197942621143941 -0.1075
6082 0.02643800788405226 -0.120100598624381 -0.1
6083 0.02553226816199116 -0.1203114049423877 -0.1025
6084 0.02553226816199116 -0.1203114049423877 -0.1075
6085 0.02643800788405226 -0.120100598624381 -0.11
6086 0.02438522517372618 -0.12052918153502 -0.1049999999999999
6087 0.03994089980078955 -0.1163168709604212 -0.102499999999998
6088 0.04031748637560132 -0.116179268129753 -0.1
6089 0.03728080070905428 -0.1172109521434525 -0.1025
6090 0.03917674826534791 -0.1165599214653728 -0.104999999999998
6091 0.03994089980078955 -0.1163168709604212 -0.107499999999998
6092 0.04031748637560132 -0.116179268129753 -0.11
6093 0.03728080070905428 -0.1172109521434525 -0.1075
6094 0.03574331600465076 -0.1176670617114387 -0.1
6095 0.03497916446920911 -0.1179101122163903 -0.1025
6096 0.03497916446920911 -0.1179101122163903 -0.1075
6097 0.03574331600465076 -0.1176670617114387 -0.11
6098 0.03392715215364288 -0.1181972875512814 -0.105
6099 0.01810315828961755 -0.1216535500490687 -0.1024999999999997
6100 0.01697097370801075 -0.1217994585464727 -0.1
6101 0.01697097370801075 -0.1217994585464727 -0.11
6102 0.01810315828961755 -0.1216535500490687 -0.1074999999999997
6103 0.007601637188994896 -0.1227645043041632 -0.1049999999999949
6104 0.04465181703001894 -0.1146085670485315 -0.1049999999999949
6105 0.01932377940594252 -0.1214464491582711 -0.1049999999999996
6106 0.083368 -0.090437 0.11
6107 0.083368 -0.090437 0.1
6108 0.05147795267456888 -0.1117093239503079 0.11
6109 0.05580714855888144 -0.1096107423509527 0.11
6110 0.06005096435974884 -0.1073444658492657 0.11
6111 0.06420290740812945 -0.1049139616511699 0.11
6112 0.06825662559223922 -0.1023229482167166 0.11
6113 0.07220591707589472 -0.09957538957106327 0.11
6114 0.07604473978654738 -0.09667548924001521 0.11
6115 0.0797672206593501 -0.09362768381885 0.11
6116 0.05147795267456888 -0.1117093239503079 0.1
6117 0.05580714855888144 -0.1096107423509527 0.1
6118 0.06005096435974884 -0.1073444658492657 0.1
6119 0.06420290740812945 -0.1049139616511699 0.1
6120 0.06825662559223922 -0.1023229482167166 0.1
6121 0.07220591707589472 -0.09957538957106327 0.1
6122 0.07604473978654738 -0.09667548924001521 0.1
6123 0.0797672206593501 -0.09362768381885 0.1
6124 0.083368 -0.090437 0.1050000000000136
6125 0.0776950660240496 -0.09535423107821994 0.104989252645504
6126 0.05314435212852127 -0.1109262390322494 0.1050000000000012
6127 0.06280422320130774 -0.1057571851794493 0.105
6128 0.05797071953882393 -0.1084820185337229 0.1050000000000002
6129 0.07358810916313446 -0.09855832211840157 0.1049404761904763
6130 0.04942112260200913 -0.1126343877763677 0.1025000000000042
6131 0.04942112260200912 -0.1126343877763677 0.1075000000000042
6132 0.06640714725165826 -0.103532813459775 0.1030535714285714
6133 0.06692638618541874 -0.1031979239188473 0.1063695436507937
6134 0.06956308390826704 -0.1014392923189599 0.1035108300264551
6135 0.07012898859309671 -0.1010488873165326 0.106964169973545
6136 0.08124607867442302 -0.09234731923033535 0.1049982087742529
6137 0.04824556130100456 -0.1131356938881838 0.1037500000000089
6138 0.04824556130100456 -0.1131356938881838 0.1012500000000021
6139 0.05044953763828901 -0.1121718558633378 0.1012500000000021
6140 0.05231115240154507 -0.1113177814912786 0.1025000000000006
6141 0.0512827373652652 -0.1117803134043086 0.1037500000000027
6142 0.04927397633728444 -0.112673161975154 0.1
6143 0.04824556130100456 -0.1131356938881838 0.1062500000000089
6144 0.04824556130100456 -0.1131356938881838 0.1087500000000021
6145 0.050449537638289 -0.1121718558633378 0.1087500000000021
6146 0.05128273736526519 -0.1117803134043086 0.1062500000000027
6147 0.05231115240154507 -0.1113177814912786 0.1075000000000006
6148 0.04927397633728444 -0.112673161975154 0.11
6149 0.07289701311951459 -0.09906685584473242 0.1074702380952381
6150 0.07481642447484092 -0.09761690567920839 0.1074702380952381
6151 0.07412532843122105 -0.09812543940553924 0.11
6152 0.07481642447484092 -0.09761690567920839 0.1024702380952382
6153 0.07289701311951459 -0.09906685584473242 0.1024702380952382
6154 0.07412532843122105 -0.09812543940553924 0.1
6155 0.07686990290529849 -0.09601486015911757 0.102494626322752
6156 0.07564158759359203 -0.09695627659831076 0.1049648644179902
6157 0.07686990290529849 -0.09601486015911757 0.107494626322752
6158 0.05688893404885269 -0.1090463804423378 0.1075000000000001
6159 0.05901084194928638 -0.1079132421914943 0.1075000000000001
6160 0.05792905645931514 -0.1084776041001092 0.11
6161 0.05901084194928638 -0.1079132421914943 0.1025000000000001
6162 0.05688893404885269 -0.1090463804423378 0.1025000000000001
6163 0.05792905645931514 -0.1084776041001092 0.1
6164 0.07873114334169985 -0.09449095744853497 0.107494626322752
6165 0.07790598022294874 -0.09515158652943261 0.11
6166 0.07873114334169985 -0.09449095744853497 0.102494626322752
6167 0.07790598022294874 -0.09515158652943261 0.1
6168 0.05447575034370136 -0.1102684906916011 0.1075000000000006
6169 0.05364255061672516 -0.1106600331506303 0.11
6170 0.05447575034370136 -0.1102684906916011 0.1025000000000006
6171 0.05364255061672516 -0.1106600331506303 0.1
6172 0.0635035653047186 -0.1053355734153096 0.1075
6173 0.06212693588393915 -0.1061292137502178 0.11
6174 0.06142759378052829 -0.1065508255143575 0.1075
6175 0.06142759378052829 -0.1065508255143575 0.1025
6176 0.06212693588393915 -0.1061292137502178 0.1
6177 0.0635035653047186 -0.1053355734153096 0.1025
6178 0.06038747137006584 -0.1071196018565861 0.1050000000000001
6179 0.04942112260200912 -0.1126343877763677 0.1050000000000042
6180 0.06530502732989385 -0.1042233875554724 0.1015267857142857
6181 0.06622976650018433 -0.1036184549339433 0.1
6182 0.06733188642194873 -0.1029278808382458 0.1015267857142857
6183 0.064605685226483 -0.1046449993196122 0.1040267857142857
6184 0.0655646467967741 -0.1040559427850086 0.1081847718253968
6185 0.06759150588882898 -0.102760436067782 0.1081847718253968
6186 0.06622976650018433 -0.1036184549339433 0.11
6187 0.06486530469336324 -0.1044775545491483 0.1056847718253968
6188 0.07088450049208088 -0.1005073409450116 0.1017554150132275
6189 0.06890985475025313 -0.1018811202678382 0.1017554150132275
6190 0.07023127133406697 -0.1009491688938899 0.1
6191 0.07157559653570075 -0.09999880721868074 0.1042256531084657
6192 0.07116745283449571 -0.1003121384437979 0.1084820849867725
6193 0.07023127133406697 -0.1009491688938899 0.11
6194 0.06919280709266797 -0.1016859177666246 0.1084820849867725
6195 0.07185854887811559 -0.09980360471746708 0.1059523230820107
6196 0.06852768738925773 -0.10212340561769 0.1066668568121693
6197 0.06798511557996265 -0.1024860528893674 0.1032822007275132
6198 0.06666676671853849 -0.1033653686893111 0.1047115575396825
6199 0.06984603625068188 -0.1012440898177462 0.1052375000000001
6200 0.05555753583367259 -0.1097041287829861 0.1050000000000007
6201 0.06824473504684289 -0.1023186081189036 0.1049401868386244
6202 0.08050664966688656 -0.09298750152459268 0.1024991043871264
6203 0.07947057234923631 -0.09385077515427764 0.1049937307098784
6204 0.08156761032967505 -0.092032341909425 0.1
6205 0.08230703933721151 -0.09139215961516767 0.1024991043871264
6206 0.08230703933721151 -0.09139215961516767 0.1049991043871333
6207 0.083368 -0.090437 0.1025000000000068
6208 0.08050664966688656 -0.09298750152459268 0.1074991043871265
6209 0.08230703933721151 -0.09139215961516767 0.1074991043871265
6210 0.08156761032967505 -0.092032341909425 0.11
6211 0.083368 -0.090437 0.1075000000000068
6212 0.083368 -0.090437 -0.1
6213 0.083368 -0.090437 -0.11
6214 0.05147795267456888 -0.1117093239503079 -0.1
6215 0.05580714855888144 -0.1096107423509527 -0.1
6216 0.06005096435974884 -0.1073444658492657 -0.1
6217 0.06420290740812945 -0.1049139616511699 -0.1
6218 0.06825662559223922 -0.1023229482167166 -0.1
6219 0.07220591707589472 -0.09957538957106327 -0.1
6220 0.07604473978654738 -0.09667548924001521 -0.1
6221 0.0797672206593501 -0.09362768381885 -0.1
6222 0.05147795267456888 -0.1117093239503079 -0.11
6223 0.05580714855888144 -0.1096107423509527 -0.11
6224 0.06005096435974884 -0.1073444658492657 -0.11
6225 0.06420290740812945 -0.1049139616511699 -0.11
6226 0.06825662559223922 -0.1023229482167166 -0.11
6227 0.07220591707589472 -0.09957538957106327 -0.11
6228 0.07604473978654738 -0.09667548924001521 -0.11
6229 0.0797672206593501 -0.09362768381885 -0.11
6230 0.083368 -0.090437 -0.1049999999999837
6231 0.07846564005667156 -0.09472114863902811 -0.1050099206349183
6232 0.05314435212852127 -0.1109262390322494 -0.1049999999999985
6233 0.06218641736736039 -0.106121638528683 -0.1052433368698559
6234 0.05796574961159016 -0.1084846742215988 -0.1049999999999998
6235 0.074242158664261 -0.09806658220755271 -0.1050694444444443
6236 0.04942112260200913 -0.1126343877763677 -0.1074999999999949
6237 0.04942112260200913 -0.1126343877763678 -0.1024999999999949
6238 0.07030360904441045 -0.1009274750716112 -0.10525491094393
6239 0.06626025983038181 -0.1036268818222873 -0.1050830413022977
6240 0.08132829553160739 -0.09227492083401384 -0.1065019841269788
6241 0.08127727080812291 -0.09231986741207471 -0.1033023809523762
6242 0.04824556130100456 -0.1131356938881838 -0.1062499999999893
6243 0.04824556130100456 -0.1131356938881838 -0.1087499999999975
6244 0.05044953763828901 -0.1121718558633378 -0.1087499999999975
6245 0.05231115240154507 -0.1113177814912786 -0.1074999999999992
6246 0.0512827373652652 -0.1117803134043086 -0.1062499999999967
6247 0.04927397633728444 -0.112673161975154 -0.11
6248 0.04824556130100456 -0.1131356938881839 -0.1037499999999893
6249 0.04824556130100456 -0.1131356938881839 -0.1012499999999975
6250 0.05044953763828901 -0.1121718558633379 -0.1012499999999975
6251 0.0512827373652652 -0.1117803134043086 -0.1037499999999967
6252 0.05231115240154507 -0.1113177814912786 -0.1024999999999993
6253 0.04927397633728444 -0.112673161975154 -0.1
6254 0.07322403787007786 -0.09882098588930799 -0.1025347222222222
6255 0.0751434492254042 -0.09737103572378396 -0.1025347222222222
6256 0.07412532843122105 -0.09812543940553924 -0.1
6257 0.0751434492254042 -0.09737103572378396 -0.1075347222222222
6258 0.07322403787007786 -0.09882098588930799 -0.1075347222222222
6259 0.07412532843122105 -0.09812543940553924 -0.11
6260 0.07725518992160947 -0.09569831893952166 -0.1075049603174592
6261 0.07635389936046627 -0.09639386542329041 -0.1050396825396813
6262 0.07725518992160947 -0.09569831893952166 -0.1025049603174591
6263 0.0568864490852358 -0.1090477082862757 -0.1024999999999999
6264 0.0590083569856695 -0.1079145700354323 -0.1024999999999999
6265 0.05792905645931514 -0.1084776041001092 -0.1
6266 0.0590083569856695 -0.1079145700354323 -0.1074999999999999
6267 0.0568864490852358 -0.1090477082862757 -0.1074999999999999
6268 0.05792905645931514 -0.1084776041001092 -0.11
6269 0.07911643035801083 -0.09417441622893906 -0.1025049603174591
6270 0.07790598022294874 -0.09515158652943261 -0.1
6271 0.07911643035801083 -0.09417441622893906 -0.1075049603174592
6272 0.07790598022294874 -0.09515158652943261 -0.11
6273 0.05447575034370136 -0.1102684906916011 -0.1024999999999993
6274 0.05364255061672516 -0.1106600331506303 -0.1
6275 0.05447575034370136 -0.1102684906916011 -0.1074999999999992
6276 0.05364255061672516 -0.1106600331506303 -0.11
6277 0.06319466238774492 -0.1055178000899265 -0.102621668434928
6278 0.06212693588393915 -0.1061292137502178 -0.1
6279 0.06111869086355462 -0.1067330521889744 -0.102621668434928
6280 0.06111869086355462 -0.1067330521889744 -0.107621668434928
6281 0.06212693588393915 -0.1061292137502178 -0.11
6282 0.06319466238774492 -0.1055178000899265 -0.107621668434928
6283 0.06007608348947528 -0.1073031563751409 -0.1051216684349278
6284 0.04942112260200913 -0.1126343877763678 -0.1049999999999949
6285 0.06523158361925563 -0.1042704217367286 -0.1075415206511489
6286 0.06622976650018433 -0.1036184549339433 -0.11
6287 0.06725844271131051 -0.102974915019502 -0.1075415206511489
6288 0.0642233385988711 -0.1048742601754852 -0.1051631890860768
6289 0.07125476306015258 -0.1002514323213372 -0.102627455471965
6290 0.07023127133406697 -0.1009491688938899 -0.1
6291 0.06928011731832484 -0.1016252116441639 -0.102627455471965
6292 0.07227288385433572 -0.09949702863958196 -0.1051621776941871
6293 0.07125476306015258 -0.1002514323213372 -0.107627455471965
6294 0.06928011731832484 -0.1016252116441639 -0.107627455471965
6295 0.07023127133406697 -0.1009491688938899 -0.11
6296 0.05555505087005572 -0.1097054566269241 -0.1049999999999991
6297 0.06523158361925563 -0.1042704217367286 -0.1025415206511489
6298 0.06725844271131051 -0.102974915019502 -0.1025415206511489
6299 0.06622976650018433 -0.1036184549339433 -0.1
6300 0.06828193443739614 -0.1022771784469493 -0.1051689761231138
6301 0.08054775809547875 -0.09295130232643192 -0.1082509920634894
6302 0.08156761032967505 -0.092032341909425 -0.11
6303 0.08234814776580369 -0.09135596041700692 -0.1082509920634894
6304 0.08234814776580369 -0.09135596041700692 -0.1057509920634813
6305 0.083368 -0.090437 -0.1074999999999919
6306 0.07989696779413948 -0.09349803473652098 -0.1057559523809486
6307 0.08052224573373651 -0.09297377561546236 -0.1016511904761881
6308 0.08232263540406146 -0.09137843370603735 -0.1016511904761881
6309 0.08156761032967505 -0.092032341909425 -0.1
6310 0.08232263540406146 -0.09137843370603735 -0.10415119047618
6311 0.083368 -0.090437 -0.1024999999999918
6312 0.07987145543239724 -0.09352050802555141 -0.1041561507936473
6313 0.08130278316986515 -0.09229739412304427 -0.1049021825396775
6314 0.090437 -0.083368 0.11
6315 0.090437 -0.083368 0.1
6316 0.08697434792223382 -0.08697434792225936 0.11
6317 0.08697434792223382 -0.08697434792225936 0.1
6318 0.090437 -0.083368 0.1050000000000136
6319 0.08697434792224296 -0.08697434792225024 0.1035714285714344
6320 0.0880284965852815 -0.08590726501254176 0.107214285714291
6321 0.08576401854095603 -0.08816806404082238 0.1071571428571478
6322 0.08697434792223839 -0.08697434792225481 0.1017857142857172
6323 0.08517117396112148 -0.08870567396112512 0.1017857142857172
6324 0.08517117396111691 -0.08870567396112969 0.1
6325 0.08517117396112148 -0.08870567396112512 0.104285714285724
6326 0.08870567396111692 -0.08517117396112968 0.1
6327 0.08870567396112147 -0.08517117396112511 0.1017857142857172
6328 0.08870567396112147 -0.08517117396112511 0.104285714285724
6329 0.090437 -0.083368 0.1025000000000068
6330 0.08923274829264075 -0.08463763250627088 0.1061071428571523
6331 0.090437 -0.083368 0.1075000000000068
6332 0.08923274829264075 -0.08463763250627088 0.1086071428571455
6333 0.08750142225376223 -0.08644080646739599 0.1053928571428627
6334 0.08750142225375766 -0.08644080646740056 0.1086071428571455
6335 0.08870567396111692 -0.08517117396112968 0.11
6336 0.08636918323159493 -0.08757120598154086 0.1085785714285739
6337 0.08517117396111691 -0.08870567396112969 0.11
6338 0.08456600927047801 -0.08930253202041119 0.1085785714285739
6339 0.08456600927047801 -0.08930253202041119 0.1060785714285807
6340 0.08636918323159949 -0.08757120598153631 0.1053642857142911
6341 0.08689625756311876 -0.08703766452668207 0.1071857142857194
6342 0.090437 -0.083368 -0.1
6343 0.090437 -0.083368 -0.11
6344 0.08697434792223382 -0.08697434792225936 -0.1
6345 0.08697434792223382 -0.08697434792225936 -0.11
6346 0.090437 -0.083368 -0.1049999999999837
6347 0.08697434792224296 -0.08697434792225026 -0.1064285714285645
6348 0.08802849658528152 -0.08590726501254176 -0.102785714285708
6349 0.085764018540956 -0.08816806404082235 -0.1028428571428513
6350 0.08697434792223839 -0.08697434792225481 -0.1082142857142823
6351 0.08517117396112148 -0.08870567396112514 -0.1082142857142823
6352 0.08517117396111691 -0.08870567396112969 -0.11
6353 0.08517117396112148 -0.08870567396112514 -0.1057142857142741
6354 0.08870567396111692 -0.08517117396112968 -0.11
6355 0.08870567396112147 -0.08517117396112513 -0.1082142857142823
6356 0.08870567396112147 -0.08517117396112513 -0.1057142857142741
6357 0.090437 -0.083368 -0.1074999999999919
6358 0.08923274829264076 -0.08463763250627088 -0.1038928571428459
6359 0.090437 -0.083368 -0.1024999999999918
6360 0.08923274829264076 -0.08463763250627088 -0.101392857142854
6361 0.08750142225376223 -0.08644080646739601 -0.1046071428571363
6362 0.08750142225375768 -0.08644080646740056 -0.101392857142854
6363 0.08870567396111692 -0.08517117396112968 -0.1
6364 0.08636918323159491 -0.08757120598154086 -0.1014214285714257
6365 0.08517117396111691 -0.08870567396112969 -0.1
6366 0.084566009270478 -0.08930253202041118 -0.1014214285714257
6367 0.084566009270478 -0.08930253202041118 -0.1039214285714175
6368 0.08636918323159948 -0.08757120598153631 -0.1046357142857079
6369 0.08689625756311875 -0.08703766452668205 -0.1028142857142796
6370 0.083368 -0.090437 0
6371 0.090437 -0.083368 0
6372 0.08697434792223382 -0.08697434792225936 0
6373 0.083368 -0.090437 -0.004999999999990302
6374 0.083368 -0.090437 -0.009999999999982483
6375 0.083368 -0.090437 -0.01499999999997171
6376 0.083368 -0.090437 -0.019999999999956
6377 0.083368 -0.090437 -0.02499999999994164
6378 0.083368 -0.090437 -0.02999999999992728
6379 0.083368 -0.090437 -0.03499999999991292
6380 0.083368 -0.090437 -0.03999999999989585
6381 0.083368 -0.090437 -0.0449999999998815
6382 0.083368 -0.090437 -0.0499999999998685
6383 0.083368 -0.090437 -0.05499999999988016
6384 0.083368 -0.090437 -0.05999999999989426
6385 0.083368 -0.090437 -0.06499999999990864
6386 0.083368 -0.090437 -0.06999999999991974
6387 0.083368 -0.090437 -0.07499999999993355
6388 0.083368 -0.090437 -0.07999999999994738
6389 0.083368 -0.090437 -0.0849999999999585
6390 0.083368 -0.090437 -0.08999999999997287
6391 0.083368 -0.090437 -0.0949999999999878
6392 0.090437 -0.083368 -0.004999999999990302
6393 0.090437 -0.083368 -0.009999999999982483
6394 0.090437 -0.083368 -0.01499999999997171
6395 0.090437 -0.083368 -0.019999999999956
6396 0.090437 -0.083368 -0.02499999999994164
6397 0.090437 -0.083368 -0.02999999999992728
6398 0.090437 -0.083368 -0.03499999999991292
6399 0.090437 -0.083368 -0.03999999999989585
6400 0.090437 -0.083368 -0.0449999999998815
6401 0.090437 -0.083368 -0.0499999999998685
6402 0.090437 -0.083368 -0.05499999999988016
6403 0.090437 -0.083368 -0.05999999999989426
6404 0.090437 -0.083368 -0.06499999999990864
6405 0.090437 -0.083368 -0.06999999999991974
6406 0.090437 -0.083368 -0.07499999999993355
6407 0.090437 -0.083368 -0.07999999999994738
6408 0.090437 -0.083368 -0.0849999999999585
6409 0.090437 -0.083368 -0.08999999999997287
6410 0.090437 -0.083368 -0.0949999999999878
6411 0.08697434792224655 -0.08697434792224661 -0.02666666666660352
6412 0.08697434792224656 -0.08697434792224658 -0.03194444444436614
6413 0.08697434792224656 -0.08697434792224662 -0.03754629629620061
6414 0.08697434792224656 -0.08697434792224662 -0.02194444444439508
6415 0.08697434792224656 -0.08697434792224661 -0.04260030864186477
6416 0.08697434792224655 -0.08697434792224658 -0.0169907407407055
6417 0.08697434792224523 -0.08697434792224794 -0.007626044116192154
6418 0.08697434792224625 -0.08697434792224693 -0.01223655202819561
6419 0.08697434792224656 -0.08697434792224662 -0.04805555555543335
6420 0.08697434792224655 -0.08697434792224658 -0.07833333333327565
6421 0.0871744605048215 -0.08677377385300999 -0.07271507936500676
6422 0.08697434792224656 -0.08697434792224661 -0.05300925925913749
6423 0.08697434792224656 -0.08697434792224662 -0.08305555555551004
6424 0.08717446050482149 -0.08677377385300999 -0.05751635802457924
6425 0.08677377385300988 -0.08717446050482161 -0.08752350992060096
6426 0.08702998108724945 -0.08691867914869053 -0.06257846487350528
6427 0.08701700320160256 -0.086931671712974 -0.06754892403969481
6428 0.08664571678638279 -0.08730174199621646 -0.09250391832008603
6429 0.08828999436138732 -0.08563849186356676 -0.09812499999999542
6430 0.08655037382079264 -0.08739626527764818 -0.09677148638667618
6431 0.08697434792224425 -0.08697434792224894 -0.002937674019362125
6432 0.08517117396112328 -0.0887056739611233 -0.04652777777765743
6433 0.083368 -0.090437 -0.047499999999875
6434 0.08517117396112328 -0.0887056739611233 -0.04902777777765092
6435 0.08517117396112328 -0.0887056739611233 -0.04380015432087314
6436 0.08697434792224656 -0.08697434792224662 -0.04532793209864906
6437 0.08870567396112328 -0.08517117396112331 -0.04902777777765092
6438 0.090437 -0.083368 -0.047499999999875
6439 0.08870567396112328 -0.08517117396112331 -0.04652777777765743
6440 0.08870567396112328 -0.08517117396112331 -0.04380015432087314
6441 0.08517117396112328 -0.08870567396112329 -0.01599537037033861
6442 0.083368 -0.090437 -0.01749999999996386
6443 0.08517117396112328 -0.08870567396112329 -0.01849537037033075
6444 0.08870567396112328 -0.08517117396112328 -0.01849537037033075
6445 0.090437 -0.083368 -0.01749999999996386
6446 0.08870567396112328 -0.08517117396112328 -0.01599537037033861
6447 0.08870567396112328 -0.08517117396112331 -0.02097222222217554
6448 0.08697434792224656 -0.08697434792224659 -0.01946759259255029
6449 0.08517117396112328 -0.0887056739611233 -0.02097222222217554
6450 0.08517117396112328 -0.0887056739611233 -0.08152777777772871
6451 0.083368 -0.090437 -0.08249999999995294
6452 0.08517117396112328 -0.0887056739611233 -0.08402777777773426
6453 0.08517117396112328 -0.08870567396112329 -0.07916666666661151
6454 0.08697434792224656 -0.08697434792224659 -0.08069444444439285
6455 0.08870567396112328 -0.08517117396112331 -0.08402777777773426
6456 0.090437 -0.083368 -0.08249999999995294
6457 0.08870567396112328 -0.08517117396112331 -0.08152777777772871
6458 0.08870567396112328 -0.08517117396112328 -0.07916666666661151
6459 0.08517117396112328 -0.0887056739611233 -0.03877314814804823
6460 0.08517117396112328 -0.0887056739611233 -0.03627314814805677
6461 0.083368 -0.090437 -0.03749999999990439
6462 0.08870567396112328 -0.08517117396112331 -0.03627314814805677
6463 0.08870567396112328 -0.08517117396112331 -0.03877314814804823
6464 0.090437 -0.083368 -0.03749999999990439
6465 0.08517117396112311 -0.08870567396112347 -0.01111827601408905
6466 0.083368 -0.090437 -0.0124999999999771
6467 0.08517117396112311 -0.08870567396112347 -0.01361827601408366
6468 0.08870567396112312 -0.08517117396112346 -0.01361827601408366
6469 0.090437 -0.083368 -0.0124999999999771
6470 0.08870567396112312 -0.08517117396112346 -0.01111827601408905
6471 0.0869743479222464 -0.08697434792224676 -0.01461364638445056
6472 0.08517117396112328 -0.0887056739611233 -0.05400462962950883
6473 0.08517117396112328 -0.0887056739611233 -0.05150462962950299
6474 0.083368 -0.090437 -0.05249999999987433
6475 0.08870567396112328 -0.08517117396112331 -0.05150462962950299
6476 0.08870567396112328 -0.08517117396112331 -0.05400462962950883
6477 0.090437 -0.083368 -0.05249999999987433
6478 0.08697434792224656 -0.08697434792224662 -0.05053240740728542
6479 0.08517117396112328 -0.0887056739611233 -0.04130015432088031
6480 0.083368 -0.090437 -0.04249999999988868
6481 0.090437 -0.083368 -0.04249999999988868
6482 0.08870567396112328 -0.08517117396112331 -0.04130015432088031
6483 0.08507088692650494 -0.08880573025241081 -0.0887617549602869
6484 0.08507088692650494 -0.08880573025241081 -0.08626175496027973
6485 0.083368 -0.090437 -0.08749999999996569
6486 0.08860538692650494 -0.0852712302524108 -0.08626175496027973
6487 0.08860538692650494 -0.0852712302524108 -0.0887617549602869
6488 0.090437 -0.083368 -0.08749999999996569
6489 0.08687406088762822 -0.08707440421353412 -0.08528953273805551
6490 0.08527123025241073 -0.08860538692650499 -0.05875817901223675
6491 0.08527123025241073 -0.08860538692650499 -0.05625817901222969
6492 0.083368 -0.090437 -0.05749999999988721
6493 0.08880573025241074 -0.085070886926505 -0.05625817901222969
6494 0.08880573025241074 -0.085070886926505 -0.05875817901223675
6495 0.090437 -0.083368 -0.05749999999988721
6496 0.08707440421353402 -0.08687406088762831 -0.05526280864185837
6497 0.08527123025241075 -0.08860538692650499 -0.07385753968247016
6498 0.08527123025241075 -0.08860538692650499 -0.07135753968246325
6499 0.083368 -0.090437 -0.07249999999992665
6500 0.08880573025241076 -0.085070886926505 -0.07135753968246325
6501 0.08880573025241076 -0.085070886926505 -0.07385753968247016
6502 0.090437 -0.083368 -0.07249999999992665
6503 0.08517117396112328 -0.0887056739611233 -0.02347222222216836
6504 0.083368 -0.090437 -0.02249999999994882
6505 0.08517117396112328 -0.0887056739611233 -0.02583333333327258
6506 0.08697434792224656 -0.08697434792224662 -0.0243055555554993
6507 0.08870567396112328 -0.08517117396112331 -0.02347222222216836
6508 0.090437 -0.083368 -0.02249999999994882
6509 0.08870567396112328 -0.08517117396112331 -0.02583333333327258
6510 0.08517117396112261 -0.08870567396112397 -0.006313022058091228
6511 0.083368 -0.090437 -0.007499999999986393
6512 0.08517117396112261 -0.08870567396112397 -0.008813022058087318
6513 0.08870567396112261 -0.08517117396112397 -0.008813022058087318
6514 0.090437 -0.083368 -0.007499999999986393
6515 0.08870567396112261 -0.08517117396112397 -0.006313022058091228
6516 0.08697434792224573 -0.08697434792224742 -0.009931298072193883
6517 0.083368 -0.090437 -0.02749999999993446
6518 0.08517117396112328 -0.0887056739611233 -0.0283333333332654
6519 0.08870567396112328 -0.08517117396112331 -0.0283333333332654
6520 0.090437 -0.083368 -0.02749999999993446
6521 0.08870567396112328 -0.08517117396112328 -0.03097222222214671
6522 0.08697434792224656 -0.08697434792224659 -0.02930555555548483
6523 0.08517117396112328 -0.08870567396112329 -0.03097222222214671
6524 0.08517117396112328 -0.08870567396112329 -0.03347222222213952
6525 0.083368 -0.090437 -0.0324999999999201
6526 0.08697434792224656 -0.08697434792224659 -0.03474537037028337
6527 0.08870567396112328 -0.08517117396112328 -0.03347222222213952
6528 0.090437 -0.083368 -0.0324999999999201
6529 0.08517117396112328 -0.08870567396112329 -0.0766666666666046
6530 0.083368 -0.090437 -0.07749999999994046
6531 0.08707440421353402 -0.08687406088762828 -0.0755242063491412
6532 0.090437 -0.083368 -0.07749999999994046
6533 0.08870567396112328 -0.08517117396112328 -0.0766666666666046
6534 0.08873349054362473 -0.08514333957434526 -0.06128923243669977
6535 0.08873349054362473 -0.08514333957434526 -0.06378923243670696
6536 0.090437 -0.083368 -0.06249999999990145
6537 0.08710222079603547 -0.08684622650085026 -0.06004741144904226
6538 0.08872700160080128 -0.085149835856487 -0.06627446201980172
6539 0.08872700160080128 -0.085149835856487 -0.06877446201980728
6540 0.090437 -0.083368 -0.06749999999991418
6541 0.08500685839319139 -0.08886937099810824 -0.09125195916002946
6542 0.083368 -0.090437 -0.09249999999998033
6543 0.08500685839319139 -0.08886937099810824 -0.09375195916003692
6544 0.08670974531969633 -0.08723810125051903 -0.09001371412034349
6545 0.08697434792224656 -0.08697434792224662 -0.04007330246903269
6546 0.08709573185321204 -0.086852722782992 -0.07013200170235079
6547 0.0885413583931914 -0.08533487099810823 -0.09125195916002946
6548 0.0885413583931914 -0.08533487099810823 -0.09375195916003692
6549 0.090437 -0.083368 -0.09249999999998033
6550 0.08519899054362473 -0.08867783957434527 -0.06128923243669977
6551 0.083368 -0.090437 -0.06249999999990145
6552 0.08519899054362473 -0.08867783957434527 -0.06378923243670696
6553 0.08519250160080127 -0.088684335856487 -0.06627446201980172
6554 0.083368 -0.090437 -0.06749999999991418
6555 0.08519250160080127 -0.088684335856487 -0.06877446201980728
6556 0.08702349214442601 -0.08692517543083227 -0.06506369445660004
6557 0.08763217114181057 -0.08630641989291306 -0.09906249999999772
6558 0.08936349718069367 -0.08450324593178338 -0.09906249999999772
6559 0.08936349718069367 -0.08450324593178338 -0.09656249999999161
6560 0.090437 -0.083368 -0.0974999999999939
6561 0.08676236087151323 -0.08718530659995377 -0.09838574319333809
6562 0.08495918691039632 -0.0889166326388241 -0.09838574319333809
6563 0.08495918691039632 -0.0889166326388241 -0.09588574319333198
6564 0.083368 -0.090437 -0.0974999999999939
6565 0.08742018409108998 -0.08651737857060747 -0.09744824319333581
6566 0.08659804530358772 -0.08734900363693232 -0.09463770235338111
6567 0.08849368691039633 -0.08538213263882409 -0.09588574319333198
6568 0.08697434792223904 -0.08697434792225414 -0.001468837009681063
6569 0.08517117396111691 -0.08870567396112969 0
6570 0.08517117396112212 -0.08870567396112447 -0.001468837009681063
6571 0.08517117396112212 -0.08870567396112447 -0.003968837009676214
6572 0.083368 -0.090437 -0.002499999999995151
6573 0.08697434792224473 -0.08697434792224844 -0.00528185906777714
6574 0.08870567396112213 -0.08517117396112447 -0.001468837009681063
6575 0.08870567396111692 -0.08517117396112968 0
6576 0.08870567396112213 -0.08517117396112447 -0.003968837009676214
6577 0.090437 -0.083368 -0.002499999999995151
6578 0.083368 -0.090437 0.09500000000001382
6579 0.083368 -0.090437 0.09000000000002764
6580 0.083368 -0.090437 0.08500000000004147
6581 0.083368 -0.090437 0.08000000000005529
6582 0.083368 -0.090437 0.07500000000006912
6583 0.083368 -0.090437 0.07000000000008294
6584 0.083368 -0.090437 0.06500000000009676
6585 0.083368 -0.090437 0.06000000000011058
6586 0.083368 -0.090437 0.05500000000012441
6587 0.083368 -0.090437 0.05000000000013687
6588 0.083368 -0.090437 0.04500000000012466
6589 0.083368 -0.090437 0.04000000000011003
6590 0.083368 -0.090437 0.03500000000009511
6591 0.083368 -0.090437 0.03000000000008349
6592 0.083368 -0.090437 0.02500000000006912
6593 0.083368 -0.090437 0.02000000000005478
6594 0.083368 -0.090437 0.01500000000004312
6595 0.083368 -0.090437 0.01000000000002821
6596 0.083368 -0.090437 0.005000000000012744
6597 0.090437 -0.083368 0.09500000000001382
6598 0.090437 -0.083368 0.09000000000002764
6599 0.090437 -0.083368 0.08500000000004147
6600 0.090437 -0.083368 0.08000000000005529
6601 0.090437 -0.083368 0.07500000000006912
6602 0.090437 -0.083368 0.07000000000008294
6603 0.090437 -0.083368 0.06500000000009676
6604 0.090437 -0.083368 0.06000000000011058
6605 0.090437 -0.083368 0.05500000000012441
6606 0.090437 -0.083368 0.05000000000013687
6607 0.090437 -0.083368 0.04500000000012466
6608 0.090437 -0.083368 0.04000000000011003
6609 0.090437 -0.083368 0.03500000000009511
6610 0.090437 -0.083368 0.03000000000008349
6611 0.090437 -0.083368 0.02500000000006912
6612 0.090437 -0.083368 0.02000000000005478
6613 0.090437 -0.083368 0.01500000000004312
6614 0.090437 -0.083368 0.01000000000002821
6615 0.090437 -0.083368 0.005000000000012744
6616 0.08666542546972202 -0.08728217699594835 0.09249431371145836
6617 0.08697434792224656 -0.08697434792224662 0.06166666666677264
6618 0.08667922667493019 -0.08726847114528866 0.07746324542554732
6619 0.08697434792224655 -0.08697434792224661 0.0669444444445358
6620 0.08697434792224655 -0.08697434792224658 0.07231481481489135
6621 0.08697434792224656 -0.08697434792224661 0.05694444444456326
6622 0.08697434792224656 -0.08697434792224662 0.05199074074086843
6623 0.08697434792224656 -0.08697434792224662 0.02166666666672666
6624 0.08693538351829964 -0.08701329487800219 0.02738270617262615
6625 0.08697434792224655 -0.08697434792224658 0.04699845679025026
6626 0.08697434792224656 -0.08697434792224662 0.01694444444449176
6627 0.08677377385300994 -0.08717446050482154 0.04248590389549686
6628 0.08697434792224526 -0.08697434792224792 0.007624650940644184
6629 0.08697434792224625 -0.08697434792224693 0.01222883597887056
6630 0.08695579561977523 -0.08699289626821194 0.03248365864729257
6631 0.08690197157636276 -0.08704666408967682 0.03751924571077203
6632 0.08689178712265407 -0.08705683042490905 0.08746588226866034
6633 0.08691146780345667 -0.08703718261322985 0.08248818794906687
6634 0.08697434792224423 -0.08697434792224895 0.002937441823444935
6635 0.08828999436138731 -0.08563849186356678 0.09812500000000518
6636 0.0865536624650642 -0.0873930083409636 0.09676988561858188
6637 0.08517117396112328 -0.0887056739611233 0.05099537037050265
6638 0.08517117396112328 -0.0887056739611233 0.05349537037049642
6639 0.083368 -0.090437 0.05250000000013064
6640 0.08870567396112328 -0.08517117396112331 0.05349537037049642
6641 0.08870567396112328 -0.08517117396112331 0.05099537037050265
6642 0.090437 -0.083368 0.05250000000013064
6643 0.08870567396112328 -0.08517117396112331 0.05597222222234383
6644 0.08697434792224656 -0.08697434792224662 0.05446759259271584
6645 0.08517117396112328 -0.0887056739611233 0.05597222222234383
6646 0.08517117396112328 -0.0887056739611233 0.01847222222227327
6647 0.083368 -0.090437 0.01750000000004895
6648 0.08517117396112328 -0.0887056739611233 0.01597222222226744
6649 0.08517117396112328 -0.0887056739611233 0.02083333333339072
6650 0.08697434792224656 -0.08697434792224662 0.01930555555560921
6651 0.08870567396112328 -0.08517117396112331 0.01597222222226744
6652 0.090437 -0.083368 0.01750000000004895
6653 0.08870567396112328 -0.08517117396112331 0.01847222222227327
6654 0.08870567396112328 -0.08517117396112331 0.02083333333339072
6655 0.08517117396112328 -0.08870567396112329 0.04599922839518746
6656 0.08517117396112328 -0.08870567396112329 0.04849922839519356
6657 0.083368 -0.090437 0.04750000000013077
6658 0.08870567396112328 -0.08517117396112328 0.04849922839519356
6659 0.08870567396112328 -0.08517117396112328 0.04599922839518746
6660 0.090437 -0.083368 0.04750000000013077
6661 0.08697434792224656 -0.08697434792224659 0.04949459876555935
6662 0.08517117396112328 -0.0887056739611233 0.05847222222233692
6663 0.083368 -0.090437 0.0575000000001175
6664 0.08517117396112328 -0.0887056739611233 0.06083333333344161
6665 0.08697434792224656 -0.08697434792224662 0.05930555555566795
6666 0.090437 -0.083368 0.0575000000001175
6667 0.08870567396112328 -0.08517117396112331 0.05847222222233692
6668 0.08870567396112328 -0.08517117396112331 0.06083333333344161
6669 0.08517117396112311 -0.08870567396112347 0.01361441798945684
6670 0.083368 -0.090437 0.01250000000003566
6671 0.08517117396112311 -0.08870567396112347 0.01111441798944938
6672 0.0869743479222464 -0.08697434792224677 0.01458664021168116
6673 0.08870567396112312 -0.08517117396112346 0.01111441798944938
6674 0.090437 -0.083368 0.01250000000003566
6675 0.08870567396112312 -0.08517117396112346 0.01361441798945684
6676 0.08507088692650497 -0.08880573025241077 0.04374295194781076
6677 0.083368 -0.090437 0.04250000000011735
6678 0.08507088692650497 -0.08880573025241077 0.04124295194780345
6679 0.08687406088762825 -0.08707440421353406 0.04474218034287356
6680 0.08860538692650496 -0.08527123025241076 0.04124295194780345
6681 0.090437 -0.083368 0.04250000000011735
6682 0.08860538692650496 -0.08527123025241076 0.04374295194781076
6683 0.08517117396112328 -0.0887056739611233 0.0633333333334347
6684 0.083368 -0.090437 0.06250000000010367
6685 0.08517117396112328 -0.0887056739611233 0.06597222222231627
6686 0.08697434792224656 -0.08697434792224662 0.06430555555565422
6687 0.090437 -0.083368 0.06250000000010367
6688 0.08870567396112328 -0.08517117396112331 0.0633333333334347
6689 0.08870567396112328 -0.08517117396112331 0.06597222222231627
6690 0.08517117396112328 -0.08870567396112329 0.07115740740748715
6691 0.08517117396112328 -0.08870567396112329 0.07365740740748024
6692 0.083368 -0.090437 0.07250000000007603
6693 0.08870567396112328 -0.08517117396112328 0.07365740740748024
6694 0.08870567396112328 -0.08517117396112328 0.07115740740748715
6695 0.090437 -0.083368 0.07250000000007603
6696 0.08855811333746511 -0.08531823557264433 0.07623162271280823
6697 0.08682678729858836 -0.08712140953376762 0.07488903012021933
6698 0.0850236133374651 -0.08885273557264434 0.07623162271280823
6699 0.08517117396112263 -0.08870567396112397 0.008812325470336196
6700 0.083368 -0.090437 0.007500000000020477
6701 0.08517117396112263 -0.08870567396112397 0.006312325470328464
6702 0.08697434792224576 -0.08697434792224742 0.009926743459757373
6703 0.08870567396112264 -0.08517117396112396 0.006312325470328464
6704 0.090437 -0.083368 0.007500000000020477
6705 0.08870567396112264 -0.08517117396112396 0.008812325470336196
6706 0.08517117396112328 -0.0887056739611233 0.02333333333339789
6707 0.083368 -0.090437 0.02250000000006195
6708 0.08515169175914983 -0.08872514743900109 0.02619135308634763
6709 0.08695486572027311 -0.0869938214001244 0.02452468641967641
6710 0.090437 -0.083368 0.02250000000006195
6711 0.08870567396112328 -0.08517117396112331 0.02333333333339789
6712 0.08868619175914982 -0.08519064743900109 0.02619135308634763
6713 0.08517117396112328 -0.0887056739611233 0.06847222222230936
6714 0.083368 -0.090437 0.06750000000008985
6715 0.08870567396112328 -0.08517117396112331 0.06847222222230936
6716 0.090437 -0.083368 0.06750000000008985
6717 0.08697434792224655 -0.08697434792224659 0.06962962962971359
6718 0.085016712734861 -0.08885958849797418 0.091247156855743
6719 0.085016712734861 -0.08885958849797418 0.09374715685573609
6720 0.083368 -0.090437 0.09250000000002073
6721 0.08855121273486101 -0.08532508849797418 0.09374715685573609
6722 0.08855121273486101 -0.08532508849797418 0.091247156855743
6723 0.090437 -0.083368 0.09250000000002073
6724 0.0850236133374651 -0.08885273557264434 0.07873162271280131
6725 0.083368 -0.090437 0.07750000000006221
6726 0.090437 -0.083368 0.07750000000006221
6727 0.08855811333746511 -0.08531823557264433 0.07873162271280131
6728 0.08516189780988762 -0.08871494813410596 0.03124182932368803
6729 0.08516189780988762 -0.08871494813410596 0.03374182932369384
6730 0.083368 -0.090437 0.0325000000000893
6731 0.08513498578818138 -0.0887418320448384 0.03875962285544103
6732 0.083368 -0.090437 0.03750000000010257
6733 0.08513498578818138 -0.0887418320448384 0.03625962285543357
6734 0.08683787271468635 -0.08711056229724917 0.04000257480313445
6735 0.08512989356132702 -0.08874691521245454 0.08873294113434399
6736 0.083368 -0.090437 0.08750000000003455
6737 0.08512989356132702 -0.08874691521245454 0.0862329411343509
6738 0.08513973390172833 -0.08873709130661492 0.08124409397456109
6739 0.08513973390172833 -0.08873709130661492 0.08374409397455418
6740 0.083368 -0.090437 0.08250000000004838
6741 0.08679534723919344 -0.08715282687925925 0.0799757166873071
6742 0.08867423390172834 -0.08520259130661492 0.08124409397456109
6743 0.08677860629618804 -0.0871695037104287 0.08998009799005935
6744 0.08866439356132703 -0.08521241521245453 0.08873294113434399
6745 0.08869639780988761 -0.08518044813410597 0.03124182932368803
6746 0.090437 -0.083368 0.0325000000000893
6747 0.08869639780988761 -0.08518044813410597 0.03374182932369384
6748 0.086928883598069 -0.08701978017894438 0.03500145217903231
6749 0.08866948578818137 -0.08520733204483841 0.03875962285544103
6750 0.08866948578818137 -0.08520733204483841 0.03625962285543357
6751 0.090437 -0.083368 0.03750000000010257
6752 0.090437 -0.083368 0.08250000000004838
6753 0.08867423390172834 -0.08520259130661492 0.08374409397455418
6754 0.08690162746305537 -0.08704700651906945 0.08497703510886361
6755 0.08515169175914983 -0.08872514743900109 0.02869135308635482
6756 0.083368 -0.090437 0.0275000000000763
6757 0.08694558956903745 -0.08700309557310706 0.02993318240995936
6758 0.090437 -0.083368 0.0275000000000763
6759 0.08868619175914982 -0.08519064743900109 0.02869135308635482
6760 0.08866439356132703 -0.08521241521245453 0.0862329411343509
6761 0.090437 -0.083368 0.08750000000003455
6762 0.08697434792223903 -0.08697434792225416 0.001468720911722467
6763 0.08517117396112212 -0.08870567396112447 0.001468720911722467
6764 0.08517117396112212 -0.08870567396112447 0.003968720911728839
6765 0.083368 -0.090437 0.002500000000006372
6766 0.08697434792224475 -0.08697434792224844 0.005281046382044559
6767 0.08870567396112211 -0.08517117396112447 0.001468720911722467
6768 0.08870567396112211 -0.08517117396112447 0.003968720911728839
6769 0.090437 -0.083368 0.002500000000006372
6770 0.08763217114181057 -0.08630641989291307 0.09906250000000259
6771 0.08936349718069365 -0.08450324593178339 0.09906250000000259
6772 0.08936349718069365 -0.08450324593178339 0.0965625000000095
6773 0.090437 -0.083368 0.09750000000000691
6774 0.08676400519364902 -0.08718367813161149 0.09838494280929094
6775 0.08496083123253209 -0.0889150041704818 0.09838494280929094
6776 0.08496083123253209 -0.0889150041704818 0.09588494280929785
6777 0.083368 -0.090437 0.09750000000000691
6778 0.08742182841322575 -0.0865157501022652 0.09744744280929353
6779 0.08660954396739311 -0.08733759266845598 0.09463209966502012
6780 0.0884953312325321 -0.08538050417048179 0.09588494280929785
6781 0.09362806047127366 -0.07976754155286175 0.11
6782 0.09667587815339182 -0.07604504570496713 0.11
6783 0.09957579015036801 -0.07220620755122009 0.11
6784 0.1023233598490786 -0.06825690018009882 0.11
6785 0.104914383706867 -0.06420316568836988 0.11
6786 0.107344897682575 -0.06005120593724587 0.11
6787 0.1096111833012154 -0.05580737306402579 0.11
6788 0.1117097733429 -0.05147815976390287 0.11
6789 0.09362806047127366 -0.07976754155286175 0.1
6790 0.09667587815339182 -0.07604504570496713 0.1
6791 0.09957579015036801 -0.07220620755122009 0.1
6792 0.1023233598490786 -0.06825690018009882 0.1
6793 0.104914383706867 -0.06420316568836988 0.1
6794 0.107344897682575 -0.06005120593724587 0.1
6795 0.1096111833012154 -0.05580737306402579 0.1
6796 0.1117097733429 -0.05147815976390287 0.1
6797 0.09401696903386847 -0.07930878845805564 0.1050000000000034
6798 0.09804381673192669 -0.07427303948026076 0.1050000000000006
6799 0.1010038563887495 -0.07019469629253243 0.1050000000000001
6800 0.1039256235578623 -0.06579163443105435 0.105
6801 0.1061192181180755 -0.06219152626369865 0.1050000000000001
6802 0.09214979370689874 -0.08147079177702894 0.1025000000000042
6803 0.1123008269962548 -0.05017567786245906 0.104272619047622
6804 0.09214979370689871 -0.08147079177702893 0.1075000000000042
6805 0.1106741776037672 -0.05366843396941812 0.1048767857142862
6806 0.1084926741641486 -0.05795182521467199 0.1049794642857144
6807 0.09288892708908619 -0.08061916666494534 0.1012500000000021
6808 0.09129339685344937 -0.08241939588851446 0.1012500000000021
6809 0.09203253023563683 -0.08156777077643088 0.1
6810 0.09129339685344937 -0.08241939588851446 0.1037500000000089
6811 0.09382251475257106 -0.0795381650054587 0.1025000000000017
6812 0.09308338137038361 -0.0803897901175423 0.1037500000000038
6813 0.1120053001695774 -0.05082691881318097 0.102136309523811
6814 0.11267338667145 -0.04927407988195143 0.1
6815 0.1129689134981274 -0.04862283893122953 0.102136309523811
6816 0.1129689134981274 -0.04862283893122953 0.1046363095238178
6817 0.09288892708908619 -0.08061916666494534 0.1087500000000021
6818 0.09203253023563683 -0.08156777077643088 0.11
6819 0.09129339685344937 -0.08241939588851446 0.1087500000000021
6820 0.09129339685344937 -0.08241939588851446 0.1062500000000089
6821 0.09308338137038359 -0.08038979011754228 0.1062500000000038
6822 0.09382251475257106 -0.0795381650054587 0.1075000000000017
6823 0.1002898232695588 -0.07120045192187627 0.1075
6824 0.101663608118914 -0.06922579823631562 0.1075
6825 0.1009495749997233 -0.07023155386565946 0.11
6826 0.101663608118914 -0.06922579823631562 0.1025
6827 0.1002898232695588 -0.07120045192187627 0.1025
6828 0.1009495749997233 -0.07023155386565946 0.1
6829 0.09880980344114734 -0.07323962351574043 0.1075000000000003
6830 0.09812583415187992 -0.0741256266280936 0.11
6831 0.09735984744265926 -0.07515904259261394 0.1075000000000003
6832 0.09735984744265926 -0.07515904259261394 0.1025000000000003
6833 0.09812583415187992 -0.0741256266280936 0.1
6834 0.09880980344114734 -0.07323962351574043 0.1025000000000003
6835 0.1067320579003253 -0.06112136610047226 0.1075
6836 0.106129640694721 -0.06212718581280788 0.11
6837 0.1055168009124712 -0.06319734597603427 0.1075
6838 0.1055168009124712 -0.06319734597603427 0.1025
6839 0.106129640694721 -0.06212718581280788 0.1
6840 0.1067320579003253 -0.06112136610047226 0.1025
6841 0.1044200036323646 -0.06499740005971211 0.1025
6842 0.1050224208379689 -0.06399158034737649 0.105
6843 0.1044200036323646 -0.06499740005971211 0.1075
6844 0.1031244917034705 -0.06702426730557659 0.1075
6845 0.1036188717779728 -0.06623003293423435 0.11
6846 0.1024647399733059 -0.0679931653617934 0.105
6847 0.1031244917034705 -0.06702426730557659 0.1025
6848 0.1036188717779728 -0.06623003293423435 0.1
6849 0.09534642359363014 -0.07767691708151139 0.1075000000000017
6850 0.09515196931233275 -0.07790629362891444 0.11
6851 0.09534642359363014 -0.07767691708151139 0.1025000000000017
6852 0.09515196931233275 -0.07790629362891444 0.1
6853 0.09603039288289758 -0.0767909139691582 0.105000000000002
6854 0.09214979370689873 -0.08147079177702893 0.1050000000000042
6855 0.1111919754733336 -0.05257329686666049 0.1074383928571431
6856 0.1106604783220577 -0.05364276641396433 0.11
6857 0.1101426804524913 -0.05473790351672195 0.1074383928571431
6858 0.1079187859233618 -0.05900151557595892 0.1024897321428572
6859 0.1084780404918952 -0.05792928950063583 0.1
6860 0.109051928732682 -0.05687959913934889 0.1024897321428572
6861 0.1073059461411121 -0.06007167573918532 0.1049897321428573
6862 0.1079187859233618 -0.05900151557595892 0.1074897321428572
6863 0.109051928732682 -0.05687959913934889 0.1074897321428572
6864 0.1084780404918952 -0.05792928950063583 0.11
6865 0.09952383656033809 -0.0722338678863966 0.1050000000000003
6866 0.1111919754733336 -0.05257329686666049 0.1024383928571431
6867 0.1101426804524913 -0.05473790351672195 0.1024383928571431
6868 0.1106604783220577 -0.05364276641396433 0.1
6869 0.111487502300011 -0.05192205591593858 0.1045747023809541
6870 0.1095834258839579 -0.05581012959204505 0.1049281250000003
6871 0.1120053001695774 -0.05082691881318097 0.107136309523811
6872 0.1129689134981274 -0.04862283893122953 0.107136309523811
6873 0.11267338667145 -0.04927407988195143 0.11
6874 0.09362806047127366 -0.07976754155286175 -0.1
6875 0.09667587815339182 -0.07604504570496713 -0.1
6876 0.09957579015036801 -0.07220620755122009 -0.1
6877 0.1023233598490786 -0.06825690018009882 -0.1
6878 0.104914383706867 -0.06420316568836988 -0.1
6879 0.107344897682575 -0.06005120593724587 -0.1
6880 0.1096111833012154 -0.05580737306402579 -0.1
6881 0.1117097733429 -0.05147815976390287 -0.1
6882 0.09362806047127366 -0.07976754155286175 -0.11
6883 0.09667587815339182 -0.07604504570496713 -0.11
6884 0.09957579015036801 -0.07220620755122009 -0.11
6885 0.1023233598490786 -0.06825690018009882 -0.11
6886 0.104914383706867 -0.06420316568836988 -0.11
6887 0.107344897682575 -0.06005120593724587 -0.11
6888 0.1096111833012154 -0.05580737306402579 -0.11
6889 0.1117097733429 -0.05147815976390287 -0.11
6890 0.09401696903386851 -0.07930878845805564 -0.104999999999996
6891 0.09804381673192671 -0.07427303948026076 -0.1049999999999993
6892 0.1010038563887495 -0.07019469629253242 -0.1049999999999999
6893 0.1039256235578623 -0.06579163443105435 -0.105
6894 0.1061192181180755 -0.06219152626369866 -0.1049999999999999
6895 0.09214979370689874 -0.08147079177702894 -0.1074999999999949
6896 0.1123008269962547 -0.05017567786245906 -0.1057273809523774
6897 0.09214979370689874 -0.08147079177702896 -0.1024999999999949
6898 0.1106741776037672 -0.05366843396941812 -0.1051232142857137
6899 0.1084926741641486 -0.05795182521467199 -0.1050205357142856
6900 0.09288892708908619 -0.08061916666494534 -0.1087499999999975
6901 0.09129339685344937 -0.08241939588851446 -0.1087499999999975
6902 0.09203253023563683 -0.08156777077643088 -0.11
6903 0.09129339685344937 -0.08241939588851446 -0.1062499999999893
6904 0.09382251475257108 -0.0795381650054587 -0.107499999999998
6905 0.09308338137038363 -0.0803897901175423 -0.1062499999999955
6906 0.1120053001695774 -0.05082691881318097 -0.1078636904761887
6907 0.11267338667145 -0.04927407988195143 -0.11
6908 0.1129689134981273 -0.04862283893122953 -0.1078636904761887
6909 0.1129689134981273 -0.04862283893122953 -0.1053636904761805
6910 0.09288892708908619 -0.08061916666494535 -0.1012499999999975
6911 0.09203253023563683 -0.08156777077643088 -0.1
6912 0.09129339685344937 -0.08241939588851448 -0.1012499999999975
6913 0.09129339685344937 -0.08241939588851448 -0.1037499999999893
6914 0.09308338137038363 -0.0803897901175423 -0.1037499999999955
6915 0.09382251475257108 -0.0795381650054587 -0.102499999999998
6916 0.1002898232695588 -0.07120045192187625 -0.1025
6917 0.101663608118914 -0.06922579823631561 -0.1025
6918 0.1009495749997233 -0.07023155386565946 -0.1
6919 0.101663608118914 -0.06922579823631561 -0.1075
6920 0.1002898232695588 -0.07120045192187625 -0.1075
6921 0.1009495749997233 -0.07023155386565946 -0.11
6922 0.09880980344114736 -0.07323962351574043 -0.1024999999999996
6923 0.09812583415187992 -0.0741256266280936 -0.1
6924 0.09735984744265927 -0.07515904259261394 -0.1024999999999996
6925 0.09735984744265927 -0.07515904259261394 -0.1074999999999997
6926 0.09812583415187992 -0.0741256266280936 -0.11
6927 0.09880980344114736 -0.07323962351574043 -0.1074999999999997
6928 0.1055168009124712 -0.06319734597603427 -0.1025
6929 0.1067320579003253 -0.06112136610047227 -0.1025
6930 0.106129640694721 -0.06212718581280788 -0.1
6931 0.1044200036323646 -0.06499740005971211 -0.1025
6932 0.1050224208379689 -0.06399158034737651 -0.105
6933 0.1067320579003253 -0.06112136610047227 -0.1075
6934 0.1055168009124712 -0.06319734597603427 -0.1075
6935 0.106129640694721 -0.06212718581280788 -0.11
6936 0.1044200036323646 -0.06499740005971211 -0.1075
6937 0.1031244917034705 -0.06702426730557659 -0.1025
6938 0.1036188717779728 -0.06623003293423435 -0.1
6939 0.1024647399733059 -0.06799316536179338 -0.105
6940 0.1031244917034705 -0.06702426730557659 -0.1075
6941 0.1036188717779728 -0.06623003293423435 -0.11
6942 0.09534642359363016 -0.07767691708151139 -0.102499999999998
6943 0.09515196931233275 -0.07790629362891444 -0.1
6944 0.09534642359363016 -0.07767691708151139 -0.107499999999998
6945 0.09515196931233275 -0.07790629362891444 -0.11
6946 0.09603039288289761 -0.0767909139691582 -0.1049999999999977
6947 0.09214979370689874 -0.08147079177702896 -0.1049999999999949
6948 0.1111919754733336 -0.05257329686666049 -0.1025616071428569
6949 0.1106604783220577 -0.05364276641396433 -0.1
6950 0.1101426804524913 -0.05473790351672195 -0.1025616071428569
6951 0.1079187859233618 -0.05900151557595892 -0.1075102678571428
6952 0.1084780404918952 -0.05792928950063583 -0.11
6953 0.109051928732682 -0.05687959913934889 -0.1075102678571428
6954 0.1073059461411121 -0.06007167573918532 -0.1050102678571428
6955 0.1079187859233618 -0.05900151557595892 -0.1025102678571428
6956 0.109051928732682 -0.05687959913934889 -0.1025102678571428
6957 0.1084780404918952 -0.05792928950063583 -0.1
6958 0.0995238365603381 -0.07223386788639659 -0.1049999999999996
6959 0.1111919754733336 -0.05257329686666049 -0.1075616071428568
6960 0.1101426804524913 -0.05473790351672195 -0.1075616071428568
6961 0.1106604783220577 -0.05364276641396433 -0.11
6962 0.1114875023000109 -0.05192205591593858 -0.1054252976190455
6963 0.1095834258839579 -0.05581012959204505 -0.1050718749999996
6964 0.1120053001695774 -0.05082691881318097 -0.1028636904761887
6965 0.1129689134981273 -0.04862283893122953 -0.1028636904761887
6966 0.11267338667145 -0.04927407988195143 -0.1
6967 0.1153908034252218 -0.04259008281139887 0.11
6968 0.1169680727500866 -0.03804500790025472 0.11
6969 0.1183663949415528 -0.03344172868648298 0.11
6970 0.1195836307342409 -0.0287872876356336 0.11
6971 0.1206179179032819 -0.02408880548464688 0.11
6972 0.1214676741132512 -0.01935347034815707 0.11
6973 0.1221315993389838 -0.01458852672143162 0.11
6974 0.1226086778544522 -0.009801264397166123 0.11
6975 0.1153908034252218 -0.04259008281139887 0.1
6976 0.1169680727500866 -0.03804500790025472 0.1
6977 0.1183663949415528 -0.03344172868648298 0.1
6978 0.1195836307342409 -0.0287872876356336 0.1
6979 0.1206179179032819 -0.02408880548464688 0.1
6980 0.1214676741132512 -0.01935347034815707 0.1
6981 0.1221315993389838 -0.01458852672143162 0.1
6982 0.1226086778544522 -0.009801264397166123 0.1
6983 0.1179203082834309 -0.03498218923024432 0.105
6984 0.11630352540798 -0.0400305214389638 0.1050000000000013
6985 0.1191319042525375 -0.03060297466201985 0.105
6986 0.1223092113516439 -0.01301573999198303 0.1045376826656598
6987 0.1202849501169416 -0.02569987245814416 0.105
6988 0.1218000522542508 -0.01713767603445049 0.1029682539682541
6989 0.121712323224744 -0.0177500153305694 0.1062955246913582
6990 0.1212138090167711 -0.02088456781084404 0.1034939190182246
6991 0.1210951787912026 -0.0215617796697462 0.1069578887419165
6992 0.1227168270664696 -0.008338646397240064 0.1045062804442801
6993 0.1227984283534016 -0.00703552861798596 0.1073765701110734
6994 0.1147001364248793 -0.04441656642643684 0.1050000000000025
6995 0.1193577674933892 -0.02969513114882672 0.1075
6996 0.1189750128378969 -0.03111450816105829 0.11
6997 0.1187491495970451 -0.03202235167425142 0.1075
6998 0.1187491495970451 -0.03202235167425142 0.1025
6999 0.1189750128378969 -0.03111450816105829 0.1
7000 0.1193577674933892 -0.02969513114882672 0.1025
7001 0.1181433516124918 -0.03421195895836365 0.1025
7002 0.1185261062679842 -0.03279258194613208 0.105
7003 0.1181433516124918 -0.03421195895836365 0.1075
7004 0.1199342904255913 -0.02724358004688888 0.1075
7005 0.1204514340101117 -0.02489433897139552 0.1075
7006 0.1201007743187614 -0.02643804656014024 0.11
7007 0.1197084271847395 -0.028151423560082 0.105
7008 0.1204514340101117 -0.02489433897139552 0.1025
7009 0.1199342904255913 -0.02724358004688888 0.1025
7010 0.1201007743187614 -0.02643804656014024 0.1
7011 0.1166357990790333 -0.03903776466960926 0.1075000000000007
7012 0.1161794380876542 -0.04031754535582679 0.11
7013 0.1158471644166009 -0.04131030212518134 0.1075000000000007
7014 0.1158471644166009 -0.04131030212518134 0.1025000000000006
7015 0.1161794380876542 -0.04031754535582679 0.1
7016 0.1166357990790333 -0.03903776466960926 0.1025000000000006
7017 0.122458944603048 -0.01140850219457458 0.1072688413328299
7018 0.122370138596718 -0.01219489555929887 0.11
7019 0.1222204053453139 -0.01380213335670732 0.1072688413328299
7020 0.1222204053453139 -0.01380213335670732 0.1022688413328299
7021 0.122370138596718 -0.01219489555929887 0.1
7022 0.122458944603048 -0.01140850219457458 0.1022688413328299
7023 0.1174441905167588 -0.03651359856524952 0.1075
7024 0.1176672338458197 -0.03574336829336885 0.11
7025 0.1171119168457055 -0.03750635533460406 0.1050000000000006
7026 0.1174441905167588 -0.03651359856524952 0.1025
7027 0.1176672338458197 -0.03574336829336885 0.1
7028 0.1219658257966173 -0.01586310137794105 0.1014841269841271
7029 0.121633863183751 -0.01824557319130378 0.1014841269841271
7030 0.1217996367261175 -0.01697099853479435 0.1
7031 0.1220546318029473 -0.01507670801321676 0.1037529683169569
7032 0.1219219612818639 -0.01616927102600051 0.1081477623456791
7033 0.1217996367261175 -0.01697099853479435 0.11
7034 0.1215899986689976 -0.01855174283936323 0.1081477623456791
7035 0.1220107672881939 -0.01538287766127621 0.105416603678509
7036 0.1209158634600265 -0.02248668664774546 0.1017469595091123
7037 0.1210427960082665 -0.02172113791640198 0.1
7038 0.1213407415650112 -0.02011901907950055 0.1017469595091123
7039 0.1207493795668564 -0.0232922201344941 0.1042469595091123
7040 0.1208565483472422 -0.02282529257719654 0.1084789443709583
7041 0.1212814264522269 -0.02045762500895163 0.1084789443709583
7042 0.1210427960082665 -0.02172113791640198 0.11
7043 0.1206900644540721 -0.02363082606394518 0.1059789443709583
7044 0.1214037510079733 -0.0196558975001578 0.1066267067166373
7045 0.121506930635511 -0.01901112192264726 0.1032310864932394
7046 0.1217561877394974 -0.01744384568250994 0.1046318893298061
7047 0.1211544939039869 -0.02122317374029512 0.1052259038800706
7048 0.1214630661207576 -0.01931729157070672 0.1048947218547914
7049 0.1228074135332348 -0.006668823198620032 0.1047531402221469
7050 0.1228074135332348 -0.006668823198620032 0.10225314022214
7051 0.1226627524604609 -0.009069955397203094 0.10225314022214
7052 0.1227533389272261 -0.007400132198583062 0.1
7053 0.1228482141767008 -0.00601726430899298 0.1061882850555435
7054 0.1228482141767008 -0.00601726430899298 0.1086882850555367
7055 0.1227035531039269 -0.008418396507576042 0.1086882850555367
7056 0.1227533389272261 -0.007400132198583062 0.11
7057 0.1150454699250505 -0.04350332461891786 0.1025000000000013
7058 0.1155018309164297 -0.04222354393270032 0.1050000000000019
7059 0.1150454699250505 -0.04350332461891786 0.1075000000000012
7060 0.1141685682124396 -0.04574328321321842 0.105000000000008
7061 0.1141685682124396 -0.04574328321321842 0.1075000000000012
7062 0.1145139017126109 -0.04483004140569943 0.11
7063 0.1141685682124396 -0.04574328321321842 0.1025000000000013
7064 0.1145139017126109 -0.04483004140569943 0.1
7065 0.1227576277099356 -0.007687087507613012 0.1059414252776767
7066 0.1225130192090567 -0.01067719319461155 0.1045219815549699
7067 0.1226627524604609 -0.009069955397203094 0.1072531402221401
7068 0.1153908034252218 -0.04259008281139887 -0.1
7069 0.1169680727500866 -0.03804500790025472 -0.1
7070 0.1183663949415528 -0.03344172868648298 -0.1
7071 0.1195836307342409 -0.0287872876356336 -0.1
7072 0.1206179179032819 -0.02408880548464688 -0.1
7073 0.1214676741132512 -0.01935347034815707 -0.1
7074 0.1221315993389838 -0.01458852672143162 -0.1
7075 0.1226086778544522 -0.009801264397166123 -0.1
7076 0.1153908034252218 -0.04259008281139887 -0.11
7077 0.1169680727500866 -0.03804500790025472 -0.11
7078 0.1183663949415528 -0.03344172868648298 -0.11
7079 0.1195836307342409 -0.0287872876356336 -0.11
7080 0.1206179179032819 -0.02408880548464688 -0.11
7081 0.1214676741132512 -0.01935347034815707 -0.11
7082 0.1221315993389838 -0.01458852672143162 -0.11
7083 0.1226086778544522 -0.009801264397166123 -0.11
7084 0.1179203082834309 -0.03498218923024432 -0.105
7085 0.11630352540798 -0.0400305214389638 -0.1049999999999984
7086 0.1191319042525375 -0.03060297466201985 -0.105
7087 0.1223869818574085 -0.01226292545987109 -0.1047387314262053
7088 0.1201131138211364 -0.02649136759759162 -0.105
7089 0.1210563392596763 -0.02177878311674337 -0.1047685185185185
7090 0.1218172716041606 -0.01701484669099826 -0.1049360670194002
7091 0.1227514329058215 -0.007812706865588673 -0.1049564552376982
7092 0.1147001364248793 -0.04441656642643683 -0.104999999999997
7093 0.1193577674933892 -0.02969513114882672 -0.1025
7094 0.1189750128378969 -0.03111450816105829 -0.1
7095 0.1187491495970451 -0.03202235167425142 -0.1025
7096 0.1187491495970451 -0.03202235167425142 -0.1075
7097 0.1189750128378969 -0.03111450816105829 -0.11
7098 0.1193577674933892 -0.02969513114882672 -0.1075
7099 0.1181433516124918 -0.03421195895836365 -0.1075
7100 0.1185261062679842 -0.03279258194613208 -0.105
7101 0.1181433516124918 -0.03421195895836365 -0.1025
7102 0.1198483722776887 -0.02763932761661261 -0.1025
7103 0.1203655158622091 -0.02529008654111925 -0.1025
7104 0.1201007743187614 -0.02643804656014024 -0.1
7105 0.119622509036837 -0.02854717112980574 -0.105
7106 0.1203655158622091 -0.02529008654111925 -0.1075
7107 0.1198483722776887 -0.02763932761661261 -0.1075
7108 0.1201007743187614 -0.02643804656014024 -0.11
7109 0.1166357990790333 -0.03903776466960926 -0.1024999999999992
7110 0.1161794380876542 -0.04031754535582679 -0.1
7111 0.1158471644166009 -0.04131030212518134 -0.1024999999999992
7112 0.1158471644166009 -0.04131030212518134 -0.1074999999999992
7113 0.1161794380876542 -0.04031754535582679 -0.11
7114 0.1166357990790333 -0.03903776466960926 -0.1074999999999992
7115 0.1224978298559304 -0.01103209492851861 -0.1023693657131027
7116 0.122370138596718 -0.01219489555929887 -0.1
7117 0.1222592905981962 -0.01342572609065136 -0.1023693657131027
7118 0.1222592905981962 -0.01342572609065136 -0.1073693657131027
7119 0.122370138596718 -0.01219489555929887 -0.11
7120 0.1224978298559304 -0.01103209492851861 -0.1073693657131027
7121 0.1174441905167588 -0.03651359856524952 -0.1025
7122 0.1176672338458197 -0.03574336829336885 -0.1
7123 0.1171119168457055 -0.03750635533460406 -0.1049999999999992
7124 0.1174441905167588 -0.03651359856524952 -0.1075
7125 0.1176672338458197 -0.03574336829336885 -0.11
7126 0.1219744354715722 -0.01580168670621494 -0.1024680335097001
7127 0.1217996367261175 -0.01697099853479435 -0.1
7128 0.1216424728587059 -0.01818415851957766 -0.1024680335097001
7129 0.1221021267307845 -0.01463888607543467 -0.1048373992228027
7130 0.1208371285814791 -0.02293379430069513 -0.1023842592592593
7131 0.1212620066864638 -0.02056612673245022 -0.1023842592592593
7132 0.1210427960082665 -0.02172113791640198 -0.1
7133 0.1205847265404063 -0.0241350753571675 -0.1048842592592592
7134 0.1208371285814791 -0.02293379430069513 -0.1073842592592592
7135 0.1210427960082665 -0.02172113791640198 -0.11
7136 0.1212620066864638 -0.02056612673245022 -0.1073842592592592
7137 0.1214368054319185 -0.01939681490387082 -0.1048522927689594
7138 0.1219744354715722 -0.01580168670621494 -0.1074680335097001
7139 0.1216424728587059 -0.01818415851957766 -0.1074680335097001
7140 0.1217996367261175 -0.01697099853479435 -0.11
7141 0.1228247164529107 -0.006405853432794336 -0.104978227618841
7142 0.1228247164529107 -0.006405853432794336 -0.1024782276188491
7143 0.1226800553801368 -0.008806985631377398 -0.1024782276188491
7144 0.1227533389272261 -0.007400132198583062 -0.1
7145 0.122569207381615 -0.01003781616272988 -0.1048475933319517
7146 0.1228247164529107 -0.006405853432794336 -0.1074782276188491
7147 0.1226800553801368 -0.008806985631377398 -0.1074782276188491
7148 0.1227533389272261 -0.007400132198583062 -0.11
7149 0.1150454699250505 -0.04350332461891785 -0.1074999999999985
7150 0.1155018309164297 -0.04222354393270032 -0.1049999999999977
7151 0.1150454699250505 -0.04350332461891785 -0.1024999999999985
7152 0.1141685682124396 -0.04574328321321841 -0.1049999999999904
7153 0.1141685682124396 -0.04574328321321841 -0.1024999999999985
7154 0.1145139017126109 -0.04483004140569943 -0.1
7155 0.1141685682124396 -0.04574328321321841 -0.1074999999999985
7156 0.1145139017126109 -0.04483004140569943 -0.11
$EndNodes
$Elements
11896
1 1 2 1 30 1 4
2 1 2 1 30 4 3
3 1 2 1 30 3 5
4 1 2 1 30 5 2
5 1 2 9 31 6 9
6 1 2 9 31 9 8
7 1 2 9 31 8 10
8 1 2 9 31 10 7
9 1 2 3 53 11 14
10 1 2 3 53 14 13
11 1 2 3 53 13 15
12 1 2 3 53 15 12
13 1 2 10 54 16 19
14 1 2 10 54 19 18
15 1 2 10 54 18 20
16 1 2 10 54 20 17
17 1 2 2 76 21 24
18 1 2 2 76 24 23
19 1 2 2 76 23 25
20 1 2 2 76 25 22
21 1 2 11 77 26 29
22 1 2 11 77 29 28
23 1 2 11 77 28 30
24 1 2 11 77 30 27
25 1 2 4 99 31 34
26 1 2 4 99 34 33
27 1 2 4 99 33 35
28 1 2 4 99 35 32
29 1 2 12 100 36 39
30 1 2 12 100 39 38
31 1 2 12 100 38 40
32 1 2 12 100 40 37
33 1 2 5 122 41 44
34 1 2 5 122 44 43
35 1 2 5 122 43 45
36 1 2 5 122 45 42
37 1 2 13 123 46 49
38 1 2 13 123 49 48
39 1 2 13 123 48 50
40 1 2 13 123 50 47
41 1 2 6 145 51 54
42 1 2 6 145 54 53
43 1 2 6 145 53 55
44 1 2 6 145 55 52
45 1 2 14 146 56 59
46 1 2 14 146 59 58
47 1 2 14 146 58 60
48 1 2 14 146 60 57
49 1 2 7 168 61 64
50 1 2 7 168 64 63
51 1 2 7 168 63 65
52 1 2 7 168 65 62
53 1 2 15 169 66 69
54 1 2 15 169 69 68
55 1 2 15 169 68 70
56 1 2 15 169 70 67
57 1 2 8 191 71 74
58 1 2 8 191 74 73
59 1 2 8 191 73 75
60 1 2 8 191 75 72
61 1 2 16 192 76 79
62 1 2 16 192 79 78
63 1 2 16 192 78 80
64 1 2 16 192 80 77
65 2 2 1 5 90 94 96
66 2 2 1 5 94 95 96
67 2 2 1 5 94 86 95
68 2 2 1 5 96 95 84
69 2 2 1 5 88 97 98
70 2 2 1 5 97 96 98
71 2 2 1 5 97 90 96
72 2 2 1 5 98 96 84
73 2 2 1 5 86 94 100
74 2 2 1 5 94 99 100
75 2 2 1 5 94 90 99
76 2 2 1 5 100 99 89
77 2 2 1 5 86 101 103
78 2 2 1 5 101 102 103
79 2 2 1 5 101 91 102
80 2 2 1 5 103 102 83
81 2 2 1 5 91 104 102
82 2 2 1 5 104 105 102
83 2 2 1 5 104 87 105
84 2 2 1 5 102 105 83
85 2 2 1 5 91 101 106
86 2 2 1 5 101 100 106
87 2 2 1 5 101 86 100
88 2 2 1 5 106 100 89
89 2 2 1 5 85 107 109
90 2 2 1 5 107 108 109
91 2 2 1 5 107 92 108
92 2 2 1 5 109 108 82
93 2 2 1 5 92 110 108
94 2 2 1 5 110 111 108
95 2 2 1 5 110 88 111
96 2 2 1 5 108 111 82
97 2 2 1 5 92 107 113
98 2 2 1 5 107 112 113
99 2 2 1 5 107 85 112
100 2 2 1 5 113 112 89
101 2 2 1 5 93 114 116
102 2 2 1 5 114 115 116
103 2 2 1 5 114 85 115
104 2 2 1 5 116 115 81
105 2 2 1 5 87 117 118
106 2 2 1 5 117 116 118
107 2 2 1 5 117 93 116
108 2 2 1 5 118 116 81
109 2 2 1 5 85 114 112
110 2 2 1 5 114 119 112
111 2 2 1 5 114 93 119
112 2 2 1 5 112 119 89
113 2 2 1 5 91 120 104
114 2 2 1 5 120 117 104
115 2 2 1 5 120 93 117
116 2 2 1 5 104 117 87
117 2 2 1 5 91 106 120
118 2 2 1 5 106 119 120
119 2 2 1 5 106 89 119
120 2 2 1 5 120 119 93
121 2 2 1 5 92 121 110
122 2 2 1 5 121 97 110
123 2 2 1 5 121 90 97
124 2 2 1 5 110 97 88
125 2 2 1 5 89 99 113
126 2 2 1 5 99 121 113
127 2 2 1 5 99 90 121
128 2 2 1 5 113 121 92
129 2 2 1 6 131 135 137
130 2 2 1 6 135 136 137
131 2 2 1 6 135 127 136
132 2 2 1 6 137 136 125
133 2 2 1 6 129 138 139
134 2 2 1 6 138 137 139
135 2 2 1 6 138 131 137
136 2 2 1 6 139 137 125
137 2 2 1 6 127 135 141
138 2 2 1 6 135 140 141
139 2 2 1 6 135 131 140
140 2 2 1 6 141 140 130
141 2 2 1 6 127 142 144
142 2 2 1 6 142 143 144
143 2 2 1 6 142 132 143
144 2 2 1 6 144 143 124
145 2 2 1 6 132 145 143
146 2 2 1 6 145 146 143
147 2 2 1 6 145 128 146
148 2 2 1 6 143 146 124
149 2 2 1 6 132 142 147
150 2 2 1 6 142 141 147
151 2 2 1 6 142 127 141
152 2 2 1 6 147 141 130
153 2 2 1 6 126 148 150
154 2 2 1 6 148 149 150
155 2 2 1 6 148 133 149
156 2 2 1 6 150 149 123
157 2 2 1 6 133 151 149
158 2 2 1 6 151 152 149
159 2 2 1 6 151 129 152
160 2 2 1 6 149 152 123
161 2 2 1 6 133 148 154
162 2 2 1 6 148 153 154
163 2 2 1 6 148 126 153
164 2 2 1 6 154 153 130
165 2 2 1 6 134 155 157
166 2 2 1 6 155 156 157
167 2 2 1 6 155 126 156
168 2 2 1 6 157 156 122
169 2 2 1 6 128 158 159
170 2 2 1 6 158 157 159
171 2 2 1 6 158 134 157
172 2 2 1 6 159 157 122
173 2 2 1 6 126 155 153
174 2 2 1 6 155 160 153
175 2 2 1 6 155 134 160
176 2 2 1 6 153 160 130
177 2 2 1 6 133 161 151
178 2 2 1 6 161 138 151
179 2 2 1 6 161 131 138
180 2 2 1 6 151 138 129
181 2 2 1 6 130 140 154
182 2 2 1 6 140 161 154
183 2 2 1 6 140 131 161
184 2 2 1 6 154 161 133
185 2 2 1 6 132 162 145
186 2 2 1 6 162 158 145
187 2 2 1 6 162 134 158
188 2 2 1 6 145 158 128
189 2 2 1 6 132 147 162
190 2 2 1 6 147 160 162
191 2 2 1 6 147 130 160
192 2 2 1 6 162 160 134
193 2 2 1 7 165 229 231
194 2 2 1 7 229 230 231
195 2 2 1 7 229 217 230
196 2 2 1 7 231 230 164
197 2 2 1 7 185 232 234
198 2 2 1 7 232 233 234
199 2 2 1 7 232 217 233
200 2 2 1 7 234 233 209
201 2 2 1 7 217 232 230
202 2 2 1 7 232 235 230
203 2 2 1 7 232 185 235
204 2 2 1 7 230 235 164
205 2 2 1 7 218 236 238
206 2 2 1 7 236 237 238
207 2 2 1 7 236 165 237
208 2 2 1 7 238 237 163
209 2 2 1 7 218 239 241
210 2 2 1 7 239 240 241
211 2 2 1 7 239 166 240
212 2 2 1 7 241 240 209
213 2 2 1 7 166 239 242
214 2 2 1 7 239 238 242
215 2 2 1 7 239 218 238
216 2 2 1 7 242 238 163
217 2 2 1 7 211 243 245
218 2 2 1 7 243 244 245
219 2 2 1 7 243 174 244
220 2 2 1 7 245 244 175
221 2 2 1 7 207 246 247
222 2 2 1 7 246 243 247
223 2 2 1 7 246 174 243
224 2 2 1 7 247 243 211
225 2 2 1 7 211 248 250
226 2 2 1 7 248 249 250
227 2 2 1 7 248 194 249
228 2 2 1 7 250 249 193
229 2 2 1 7 193 251 250
230 2 2 1 7 251 247 250
231 2 2 1 7 251 207 247
232 2 2 1 7 250 247 211
233 2 2 1 7 208 252 254
234 2 2 1 7 252 253 254
235 2 2 1 7 252 168 253
236 2 2 1 7 254 253 169
237 2 2 1 7 208 255 257
238 2 2 1 7 255 256 257
239 2 2 1 7 255 188 256
240 2 2 1 7 257 256 187
241 2 2 1 7 213 258 260
242 2 2 1 7 258 259 260
243 2 2 1 7 258 181 259
244 2 2 1 7 260 259 182
245 2 2 1 7 213 261 263
246 2 2 1 7 261 262 263
247 2 2 1 7 261 201 262
248 2 2 1 7 263 262 200
249 2 2 1 7 205 264 266
250 2 2 1 7 264 265 266
251 2 2 1 7 264 172 265
252 2 2 1 7 266 265 173
253 2 2 1 7 205 267 269
254 2 2 1 7 267 268 269
255 2 2 1 7 267 192 268
256 2 2 1 7 269 268 191
257 2 2 1 7 168 270 272
258 2 2 1 7 270 271 272
259 2 2 1 7 270 210 271
260 2 2 1 7 272 271 167
261 2 2 1 7 168 252 270
262 2 2 1 7 252 273 270
263 2 2 1 7 252 208 273
264 2 2 1 7 270 273 210
265 2 2 1 7 186 274 276
266 2 2 1 7 274 275 276
267 2 2 1 7 274 210 275
268 2 2 1 7 276 275 187
269 2 2 1 7 208 257 273
270 2 2 1 7 257 275 273
271 2 2 1 7 257 187 275
272 2 2 1 7 273 275 210
273 2 2 1 7 212 277 279
274 2 2 1 7 277 278 279
275 2 2 1 7 277 175 278
276 2 2 1 7 279 278 176
277 2 2 1 7 211 245 280
278 2 2 1 7 245 277 280
279 2 2 1 7 245 175 277
280 2 2 1 7 280 277 212
281 2 2 1 7 212 281 283
282 2 2 1 7 281 282 283
283 2 2 1 7 281 195 282
284 2 2 1 7 283 282 194
285 2 2 1 7 194 248 283
286 2 2 1 7 248 280 283
287 2 2 1 7 248 211 280
288 2 2 1 7 283 280 212
289 2 2 1 7 207 284 246
290 2 2 1 7 284 285 246
291 2 2 1 7 284 173 285
292 2 2 1 7 246 285 174
293 2 2 1 7 207 251 287
294 2 2 1 7 251 286 287
295 2 2 1 7 251 193 286
296 2 2 1 7 287 286 192
297 2 2 1 7 216 288 290
298 2 2 1 7 288 289 290
299 2 2 1 7 288 182 289
300 2 2 1 7 290 289 183
301 2 2 1 7 213 260 291
302 2 2 1 7 260 288 291
303 2 2 1 7 260 182 288
304 2 2 1 7 291 288 216
305 2 2 1 7 216 292 294
306 2 2 1 7 292 293 294
307 2 2 1 7 292 202 293
308 2 2 1 7 294 293 201
309 2 2 1 7 201 261 294
310 2 2 1 7 261 291 294
311 2 2 1 7 261 213 291
312 2 2 1 7 294 291 216
313 2 2 1 7 215 295 297
314 2 2 1 7 295 296 297
315 2 2 1 7 295 176 296
316 2 2 1 7 297 296 177
317 2 2 1 7 212 279 298
318 2 2 1 7 279 295 298
319 2 2 1 7 279 176 295
320 2 2 1 7 298 295 215
321 2 2 1 7 215 299 301
322 2 2 1 7 299 300 301
323 2 2 1 7 299 196 300
324 2 2 1 7 301 300 195
325 2 2 1 7 195 281 301
326 2 2 1 7 281 298 301
327 2 2 1 7 281 212 298
328 2 2 1 7 301 298 215
329 2 2 1 7 209 240 303
330 2 2 1 7 240 302 303
331 2 2 1 7 240 166 302
332 2 2 1 7 303 302 167
333 2 2 1 7 209 304 234
334 2 2 1 7 304 305 234
335 2 2 1 7 304 186 305
336 2 2 1 7 234 305 185
337 2 2 1 7 210 274 306
338 2 2 1 7 274 304 306
339 2 2 1 7 274 186 304
340 2 2 1 7 306 304 209
341 2 2 1 7 167 271 303
342 2 2 1 7 271 306 303
343 2 2 1 7 271 210 306
344 2 2 1 7 303 306 209
345 2 2 1 7 206 307 309
346 2 2 1 7 307 308 309
347 2 2 1 7 307 170 308
348 2 2 1 7 309 308 171
349 2 2 1 7 206 310 312
350 2 2 1 7 310 311 312
351 2 2 1 7 310 190 311
352 2 2 1 7 312 311 189
353 2 2 1 7 204 313 314
354 2 2 1 7 313 310 314
355 2 2 1 7 313 190 310
356 2 2 1 7 314 310 206
357 2 2 1 7 171 315 309
358 2 2 1 7 315 314 309
359 2 2 1 7 315 204 314
360 2 2 1 7 309 314 206
361 2 2 1 7 172 316 317
362 2 2 1 7 316 315 317
363 2 2 1 7 316 204 315
364 2 2 1 7 317 315 171
365 2 2 1 7 172 264 316
366 2 2 1 7 264 318 316
367 2 2 1 7 264 205 318
368 2 2 1 7 316 318 204
369 2 2 1 7 190 313 320
370 2 2 1 7 313 319 320
371 2 2 1 7 313 204 319
372 2 2 1 7 320 319 191
373 2 2 1 7 205 269 318
374 2 2 1 7 269 319 318
375 2 2 1 7 269 191 319
376 2 2 1 7 318 319 204
377 2 2 1 7 218 321 236
378 2 2 1 7 321 229 236
379 2 2 1 7 321 217 229
380 2 2 1 7 236 229 165
381 2 2 1 7 209 233 241
382 2 2 1 7 233 321 241
383 2 2 1 7 233 217 321
384 2 2 1 7 241 321 218
385 2 2 1 7 184 322 324
386 2 2 1 7 322 323 324
387 2 2 1 7 322 219 323
388 2 2 1 7 324 323 183
389 2 2 1 7 219 325 323
390 2 2 1 7 325 290 323
391 2 2 1 7 325 216 290
392 2 2 1 7 323 290 183
393 2 2 1 7 170 326 328
394 2 2 1 7 326 327 328
395 2 2 1 7 326 220 327
396 2 2 1 7 328 327 169
397 2 2 1 7 220 326 329
398 2 2 1 7 326 307 329
399 2 2 1 7 326 170 307
400 2 2 1 7 329 307 206
401 2 2 1 7 221 330 332
402 2 2 1 7 330 331 332
403 2 2 1 7 330 177 331
404 2 2 1 7 332 331 178
405 2 2 1 7 214 333 334
406 2 2 1 7 333 332 334
407 2 2 1 7 333 221 332
408 2 2 1 7 334 332 178
409 2 2 1 7 177 330 297
410 2 2 1 7 330 335 297
411 2 2 1 7 330 221 335
412 2 2 1 7 297 335 215
413 2 2 1 7 205 266 336
414 2 2 1 7 266 284 336
415 2 2 1 7 266 173 284
416 2 2 1 7 336 284 207
417 2 2 1 7 192 267 287
418 2 2 1 7 267 336 287
419 2 2 1 7 267 205 336
420 2 2 1 7 287 336 207
421 2 2 1 7 219 337 339
422 2 2 1 7 337 338 339
423 2 2 1 7 337 203 338
424 2 2 1 7 339 338 202
425 2 2 1 7 216 325 292
426 2 2 1 7 325 339 292
427 2 2 1 7 325 219 339
428 2 2 1 7 292 339 202
429 2 2 1 7 196 340 342
430 2 2 1 7 340 341 342
431 2 2 1 7 340 221 341
432 2 2 1 7 342 341 197
433 2 2 1 7 221 340 335
434 2 2 1 7 340 299 335
435 2 2 1 7 340 196 299
436 2 2 1 7 335 299 215
437 2 2 1 7 221 333 341
438 2 2 1 7 333 343 341
439 2 2 1 7 333 214 343
440 2 2 1 7 341 343 197
441 2 2 1 7 220 344 346
442 2 2 1 7 344 345 346
443 2 2 1 7 344 189 345
444 2 2 1 7 346 345 188
445 2 2 1 7 189 344 312
446 2 2 1 7 344 329 312
447 2 2 1 7 344 220 329
448 2 2 1 7 312 329 206
449 2 2 1 7 220 346 347
450 2 2 1 7 346 255 347
451 2 2 1 7 346 188 255
452 2 2 1 7 347 255 208
453 2 2 1 7 169 327 254
454 2 2 1 7 327 347 254
455 2 2 1 7 327 220 347
456 2 2 1 7 254 347 208
457 2 2 1 7 178 348 334
458 2 2 1 7 348 349 334
459 2 2 1 7 348 179 349
460 2 2 1 7 334 349 214
461 2 2 1 7 198 350 351
462 2 2 1 7 350 343 351
463 2 2 1 7 350 197 343
464 2 2 1 7 351 343 214
465 2 2 1 7 223 352 354
466 2 2 1 7 352 353 354
467 2 2 1 7 352 200 353
468 2 2 1 7 354 353 199
469 2 2 1 7 200 352 263
470 2 2 1 7 352 355 263
471 2 2 1 7 352 223 355
472 2 2 1 7 263 355 213
473 2 2 1 7 198 356 358
474 2 2 1 7 356 357 358
475 2 2 1 7 356 224 357
476 2 2 1 7 358 357 199
477 2 2 1 7 225 359 360
478 2 2 1 7 359 150 360
479 2 2 1 7 359 126 150
480 2 2 1 7 360 150 123
481 2 2 1 7 203 361 362
482 2 2 1 7 361 360 362
483 2 2 1 7 361 225 360
484 2 2 1 7 362 360 123
485 2 2 1 7 126 363 156
486 2 2 1 7 363 364 156
487 2 2 1 7 363 226 364
488 2 2 1 7 156 364 122
489 2 2 1 7 226 365 364
490 2 2 1 7 365 366 364
491 2 2 1 7 365 184 366
492 2 2 1 7 364 366 122
493 2 2 1 7 181 367 369
494 2 2 1 7 367 368 369
495 2 2 1 7 367 227 368
496 2 2 1 7 369 368 180
497 2 2 1 7 227 370 368
498 2 2 1 7 370 371 368
499 2 2 1 7 370 222 371
500 2 2 1 7 368 371 180
501 2 2 1 7 228 372 374
502 2 2 1 7 372 373 374
503 2 2 1 7 372 179 373
504 2 2 1 7 374 373 180
505 2 2 1 7 222 375 371
506 2 2 1 7 375 374 371
507 2 2 1 7 375 228 374
508 2 2 1 7 371 374 180
509 2 2 1 7 224 376 357
510 2 2 1 7 376 354 357
511 2 2 1 7 376 223 354
512 2 2 1 7 357 354 199
513 2 2 1 7 222 377 378
514 2 2 1 7 377 376 378
515 2 2 1 7 377 223 376
516 2 2 1 7 378 376 224
517 2 2 1 7 213 379 258
518 2 2 1 7 379 367 258
519 2 2 1 7 379 227 367
520 2 2 1 7 258 367 181
521 2 2 1 7 227 379 380
522 2 2 1 7 379 355 380
523 2 2 1 7 379 213 355
524 2 2 1 7 380 355 223
525 2 2 1 7 222 370 377
526 2 2 1 7 370 380 377
527 2 2 1 7 370 227 380
528 2 2 1 7 377 380 223
529 2 2 1 7 228 381 372
530 2 2 1 7 381 349 372
531 2 2 1 7 381 214 349
532 2 2 1 7 372 349 179
533 2 2 1 7 214 381 351
534 2 2 1 7 381 382 351
535 2 2 1 7 381 228 382
536 2 2 1 7 351 382 198
537 2 2 1 7 222 378 375
538 2 2 1 7 378 383 375
539 2 2 1 7 378 224 383
540 2 2 1 7 375 383 228
541 2 2 1 7 224 356 383
542 2 2 1 7 356 382 383
543 2 2 1 7 356 198 382
544 2 2 1 7 383 382 228
545 2 2 1 7 126 359 363
546 2 2 1 7 359 384 363
547 2 2 1 7 359 225 384
548 2 2 1 7 363 384 226
549 2 2 1 7 219 385 337
550 2 2 1 7 385 386 337
551 2 2 1 7 385 226 386
552 2 2 1 7 337 386 203
553 2 2 1 7 226 385 365
554 2 2 1 7 385 322 365
555 2 2 1 7 385 219 322
556 2 2 1 7 365 322 184
557 2 2 1 7 225 361 384
558 2 2 1 7 361 386 384
559 2 2 1 7 361 203 386
560 2 2 1 7 384 386 226
561 2 2 1 8 86 450 95
562 2 2 1 8 450 451 95
563 2 2 1 8 450 438 451
564 2 2 1 8 95 451 84
565 2 2 1 8 406 452 454
566 2 2 1 8 452 453 454
567 2 2 1 8 452 438 453
568 2 2 1 8 454 453 427
569 2 2 1 8 438 452 451
570 2 2 1 8 452 455 451
571 2 2 1 8 452 406 455
572 2 2 1 8 451 455 84
573 2 2 1 8 439 456 457
574 2 2 1 8 456 231 457
575 2 2 1 8 456 165 231
576 2 2 1 8 457 231 164
577 2 2 1 8 439 458 460
578 2 2 1 8 458 459 460
579 2 2 1 8 458 424 459
580 2 2 1 8 460 459 437
581 2 2 1 8 424 458 461
582 2 2 1 8 458 457 461
583 2 2 1 8 458 439 457
584 2 2 1 8 461 457 164
585 2 2 1 8 440 462 463
586 2 2 1 8 462 103 463
587 2 2 1 8 462 86 103
588 2 2 1 8 463 103 83
589 2 2 1 8 440 464 466
590 2 2 1 8 464 465 466
591 2 2 1 8 464 387 465
592 2 2 1 8 466 465 427
593 2 2 1 8 387 464 467
594 2 2 1 8 464 463 467
595 2 2 1 8 464 440 463
596 2 2 1 8 467 463 83
597 2 2 1 8 165 468 237
598 2 2 1 8 468 469 237
599 2 2 1 8 468 441 469
600 2 2 1 8 237 469 163
601 2 2 1 8 405 470 472
602 2 2 1 8 470 471 472
603 2 2 1 8 470 441 471
604 2 2 1 8 472 471 437
605 2 2 1 8 441 470 469
606 2 2 1 8 470 473 469
607 2 2 1 8 470 405 473
608 2 2 1 8 469 473 163
609 2 2 1 8 429 474 476
610 2 2 1 8 474 475 476
611 2 2 1 8 474 395 475
612 2 2 1 8 476 475 396
613 2 2 1 8 428 477 478
614 2 2 1 8 477 474 478
615 2 2 1 8 477 395 474
616 2 2 1 8 478 474 429
617 2 2 1 8 429 479 481
618 2 2 1 8 479 480 481
619 2 2 1 8 479 415 480
620 2 2 1 8 481 480 414
621 2 2 1 8 414 482 481
622 2 2 1 8 482 478 481
623 2 2 1 8 482 428 478
624 2 2 1 8 481 478 429
625 2 2 1 8 434 483 485
626 2 2 1 8 483 484 485
627 2 2 1 8 483 399 484
628 2 2 1 8 485 484 400
629 2 2 1 8 434 486 488
630 2 2 1 8 486 487 488
631 2 2 1 8 486 419 487
632 2 2 1 8 488 487 418
633 2 2 1 8 431 489 490
634 2 2 1 8 489 486 490
635 2 2 1 8 489 419 486
636 2 2 1 8 490 486 434
637 2 2 1 8 400 491 485
638 2 2 1 8 491 490 485
639 2 2 1 8 491 431 490
640 2 2 1 8 485 490 434
641 2 2 1 8 433 492 494
642 2 2 1 8 492 493 494
643 2 2 1 8 492 402 493
644 2 2 1 8 494 493 403
645 2 2 1 8 430 495 496
646 2 2 1 8 495 492 496
647 2 2 1 8 495 402 492
648 2 2 1 8 496 492 433
649 2 2 1 8 433 497 499
650 2 2 1 8 497 498 499
651 2 2 1 8 497 422 498
652 2 2 1 8 499 498 421
653 2 2 1 8 421 500 499
654 2 2 1 8 500 496 499
655 2 2 1 8 500 430 496
656 2 2 1 8 499 496 433
657 2 2 1 8 397 501 503
658 2 2 1 8 501 502 503
659 2 2 1 8 501 432 502
660 2 2 1 8 503 502 396
661 2 2 1 8 415 504 506
662 2 2 1 8 504 505 506
663 2 2 1 8 504 432 505
664 2 2 1 8 506 505 416
665 2 2 1 8 415 479 504
666 2 2 1 8 479 507 504
667 2 2 1 8 479 429 507
668 2 2 1 8 504 507 432
669 2 2 1 8 429 476 507
670 2 2 1 8 476 502 507
671 2 2 1 8 476 396 502
672 2 2 1 8 507 502 432
673 2 2 1 8 428 508 477
674 2 2 1 8 508 509 477
675 2 2 1 8 508 394 509
676 2 2 1 8 477 509 395
677 2 2 1 8 425 510 511
678 2 2 1 8 510 508 511
679 2 2 1 8 510 394 508
680 2 2 1 8 511 508 428
681 2 2 1 8 428 482 513
682 2 2 1 8 482 512 513
683 2 2 1 8 482 414 512
684 2 2 1 8 513 512 413
685 2 2 1 8 413 514 513
686 2 2 1 8 514 511 513
687 2 2 1 8 514 425 511
688 2 2 1 8 513 511 428
689 2 2 1 8 436 515 517
690 2 2 1 8 515 516 517
691 2 2 1 8 515 403 516
692 2 2 1 8 517 516 404
693 2 2 1 8 433 494 518
694 2 2 1 8 494 515 518
695 2 2 1 8 494 403 515
696 2 2 1 8 518 515 436
697 2 2 1 8 436 519 521
698 2 2 1 8 519 520 521
699 2 2 1 8 519 423 520
700 2 2 1 8 521 520 422
701 2 2 1 8 422 497 521
702 2 2 1 8 497 518 521
703 2 2 1 8 497 433 518
704 2 2 1 8 521 518 436
705 2 2 1 8 435 522 524
706 2 2 1 8 522 523 524
707 2 2 1 8 522 397 523
708 2 2 1 8 524 523 398
709 2 2 1 8 432 501 525
710 2 2 1 8 501 522 525
711 2 2 1 8 501 397 522
712 2 2 1 8 525 522 435
713 2 2 1 8 435 526 528
714 2 2 1 8 526 527 528
715 2 2 1 8 526 417 527
716 2 2 1 8 528 527 416
717 2 2 1 8 416 505 528
718 2 2 1 8 505 525 528
719 2 2 1 8 505 432 525
720 2 2 1 8 528 525 435
721 2 2 1 8 425 529 510
722 2 2 1 8 529 530 510
723 2 2 1 8 529 393 530
724 2 2 1 8 510 530 394
725 2 2 1 8 425 514 532
726 2 2 1 8 514 531 532
727 2 2 1 8 514 413 531
728 2 2 1 8 532 531 412
729 2 2 1 8 389 533 535
730 2 2 1 8 533 534 535
731 2 2 1 8 533 426 534
732 2 2 1 8 535 534 388
733 2 2 1 8 407 536 538
734 2 2 1 8 536 537 538
735 2 2 1 8 536 426 537
736 2 2 1 8 538 537 408
737 2 2 1 8 437 539 472
738 2 2 1 8 539 540 472
739 2 2 1 8 539 404 540
740 2 2 1 8 472 540 405
741 2 2 1 8 436 517 541
742 2 2 1 8 517 539 541
743 2 2 1 8 517 404 539
744 2 2 1 8 541 539 437
745 2 2 1 8 437 459 543
746 2 2 1 8 459 542 543
747 2 2 1 8 459 424 542
748 2 2 1 8 543 542 423
749 2 2 1 8 423 519 543
750 2 2 1 8 519 541 543
751 2 2 1 8 519 436 541
752 2 2 1 8 543 541 437
753 2 2 1 8 402 495 545
754 2 2 1 8 495 544 545
755 2 2 1 8 495 430 544
756 2 2 1 8 545 544 401
757 2 2 1 8 420 546 547
758 2 2 1 8 546 500 547
759 2 2 1 8 546 430 500
760 2 2 1 8 547 500 421
761 2 2 1 8 431 491 549
762 2 2 1 8 491 548 549
763 2 2 1 8 491 400 548
764 2 2 1 8 549 548 401
765 2 2 1 8 431 550 489
766 2 2 1 8 550 551 489
767 2 2 1 8 550 420 551
768 2 2 1 8 489 551 419
769 2 2 1 8 427 465 553
770 2 2 1 8 465 552 553
771 2 2 1 8 465 387 552
772 2 2 1 8 553 552 388
773 2 2 1 8 440 554 462
774 2 2 1 8 554 450 462
775 2 2 1 8 554 438 450
776 2 2 1 8 462 450 86
777 2 2 1 8 427 453 466
778 2 2 1 8 453 554 466
779 2 2 1 8 453 438 554
780 2 2 1 8 466 554 440
781 2 2 1 8 439 555 456
782 2 2 1 8 555 468 456
783 2 2 1 8 555 441 468
784 2 2 1 8 456 468 165
785 2 2 1 8 439 460 555
786 2 2 1 8 460 471 555
787 2 2 1 8 460 437 471
788 2 2 1 8 555 471 441
789 2 2 1 8 443 556 558
790 2 2 1 8 556 557 558
791 2 2 1 8 556 389 557
792 2 2 1 8 558 557 390
793 2 2 1 8 391 559 561
794 2 2 1 8 559 560 561
795 2 2 1 8 559 444 560
796 2 2 1 8 561 560 390
797 2 2 1 8 442 562 564
798 2 2 1 8 562 563 564
799 2 2 1 8 562 398 563
800 2 2 1 8 564 563 399
801 2 2 1 8 398 562 524
802 2 2 1 8 562 565 524
803 2 2 1 8 562 442 565
804 2 2 1 8 524 565 435
805 2 2 1 8 434 566 483
806 2 2 1 8 566 564 483
807 2 2 1 8 566 442 564
808 2 2 1 8 483 564 399
809 2 2 1 8 417 567 569
810 2 2 1 8 567 568 569
811 2 2 1 8 567 442 568
812 2 2 1 8 569 568 418
813 2 2 1 8 442 567 565
814 2 2 1 8 567 526 565
815 2 2 1 8 567 417 526
816 2 2 1 8 565 526 435
817 2 2 1 8 442 566 568
818 2 2 1 8 566 488 568
819 2 2 1 8 566 434 488
820 2 2 1 8 568 488 418
821 2 2 1 8 431 549 570
822 2 2 1 8 549 544 570
823 2 2 1 8 549 401 544
824 2 2 1 8 570 544 430
825 2 2 1 8 420 550 546
826 2 2 1 8 550 570 546
827 2 2 1 8 550 431 570
828 2 2 1 8 546 570 430
829 2 2 1 8 389 556 533
830 2 2 1 8 556 571 533
831 2 2 1 8 556 443 571
832 2 2 1 8 533 571 426
833 2 2 1 8 444 572 560
834 2 2 1 8 572 558 560
835 2 2 1 8 572 443 558
836 2 2 1 8 560 558 390
837 2 2 1 8 444 573 575
838 2 2 1 8 573 574 575
839 2 2 1 8 573 410 574
840 2 2 1 8 575 574 409
841 2 2 1 8 409 576 575
842 2 2 1 8 576 572 575
843 2 2 1 8 576 443 572
844 2 2 1 8 575 572 444
845 2 2 1 8 408 577 578
846 2 2 1 8 577 576 578
847 2 2 1 8 577 443 576
848 2 2 1 8 578 576 409
849 2 2 1 8 408 537 577
850 2 2 1 8 537 571 577
851 2 2 1 8 537 426 571
852 2 2 1 8 577 571 443
853 2 2 1 8 445 579 580
854 2 2 1 8 579 536 580
855 2 2 1 8 579 426 536
856 2 2 1 8 580 536 407
857 2 2 1 8 445 581 582
858 2 2 1 8 581 553 582
859 2 2 1 8 581 427 553
860 2 2 1 8 582 553 388
861 2 2 1 8 426 579 534
862 2 2 1 8 579 582 534
863 2 2 1 8 579 445 582
864 2 2 1 8 534 582 388
865 2 2 1 8 406 583 584
866 2 2 1 8 583 580 584
867 2 2 1 8 583 445 580
868 2 2 1 8 584 580 407
869 2 2 1 8 406 454 583
870 2 2 1 8 454 581 583
871 2 2 1 8 454 427 581
872 2 2 1 8 583 581 445
873 2 2 1 8 447 585 586
874 2 2 1 8 585 573 586
875 2 2 1 8 585 410 573
876 2 2 1 8 586 573 444
877 2 2 1 8 410 585 588
878 2 2 1 8 585 587 588
879 2 2 1 8 585 447 587
880 2 2 1 8 588 587 411
881 2 2 1 8 448 589 591
882 2 2 1 8 589 590 591
883 2 2 1 8 589 412 590
884 2 2 1 8 591 590 411
885 2 2 1 8 391 592 559
886 2 2 1 8 592 593 559
887 2 2 1 8 592 449 593
888 2 2 1 8 559 593 444
889 2 2 1 8 446 594 596
890 2 2 1 8 594 595 596
891 2 2 1 8 594 449 595
892 2 2 1 8 596 595 392
893 2 2 1 8 449 592 595
894 2 2 1 8 592 597 595
895 2 2 1 8 592 391 597
896 2 2 1 8 595 597 392
897 2 2 1 8 447 598 587
898 2 2 1 8 598 591 587
899 2 2 1 8 598 448 591
900 2 2 1 8 587 591 411
901 2 2 1 8 447 599 598
902 2 2 1 8 599 600 598
903 2 2 1 8 599 446 600
904 2 2 1 8 598 600 448
905 2 2 1 8 449 601 593
906 2 2 1 8 601 586 593
907 2 2 1 8 601 447 586
908 2 2 1 8 593 586 444
909 2 2 1 8 446 599 594
910 2 2 1 8 599 601 594
911 2 2 1 8 599 447 601
912 2 2 1 8 594 601 449
913 2 2 1 8 425 602 529
914 2 2 1 8 602 603 529
915 2 2 1 8 602 448 603
916 2 2 1 8 529 603 393
917 2 2 1 8 448 602 589
918 2 2 1 8 602 532 589
919 2 2 1 8 602 425 532
920 2 2 1 8 589 532 412
921 2 2 1 8 446 596 600
922 2 2 1 8 596 604 600
923 2 2 1 8 596 392 604
924 2 2 1 8 600 604 448
925 2 2 1 8 448 604 603
926 2 2 1 8 604 605 603
927 2 2 1 8 604 392 605
928 2 2 1 8 603 605 393
929 2 2 1 9 614 633 635
930 2 2 1 9 633 634 635
931 2 2 1 9 633 629 634
932 2 2 1 9 635 634 84
933 2 2 1 9 629 636 634
934 2 2 1 9 636 98 634
935 2 2 1 9 636 88 98
936 2 2 1 9 634 98 84
937 2 2 1 9 629 633 638
938 2 2 1 9 633 637 638
939 2 2 1 9 633 614 637
940 2 2 1 9 638 637 623
941 2 2 1 9 630 639 641
942 2 2 1 9 639 640 641
943 2 2 1 9 639 621 640
944 2 2 1 9 641 640 2
945 2 2 1 9 3 642 5
946 2 2 1 9 642 641 5
947 2 2 1 9 642 630 641
948 2 2 1 9 5 641 2
949 2 2 1 9 621 639 644
950 2 2 1 9 639 643 644
951 2 2 1 9 639 630 643
952 2 2 1 9 644 643 628
953 2 2 1 9 631 645 647
954 2 2 1 9 645 646 647
955 2 2 1 9 645 606 646
956 2 2 1 9 647 646 82
957 2 2 1 9 88 648 111
958 2 2 1 9 648 647 111
959 2 2 1 9 648 631 647
960 2 2 1 9 111 647 82
961 2 2 1 9 606 645 650
962 2 2 1 9 645 649 650
963 2 2 1 9 645 631 649
964 2 2 1 9 650 649 623
965 2 2 1 9 613 651 653
966 2 2 1 9 651 652 653
967 2 2 1 9 651 632 652
968 2 2 1 9 653 652 1
969 2 2 1 9 632 654 652
970 2 2 1 9 654 4 652
971 2 2 1 9 654 3 4
972 2 2 1 9 652 4 1
973 2 2 1 9 632 651 656
974 2 2 1 9 651 655 656
975 2 2 1 9 651 613 655
976 2 2 1 9 656 655 628
977 2 2 1 9 624 657 659
978 2 2 1 9 657 658 659
979 2 2 1 9 657 609 658
980 2 2 1 9 659 658 608
981 2 2 1 9 624 660 662
982 2 2 1 9 660 661 662
983 2 2 1 9 660 616 661
984 2 2 1 9 662 661 617
985 2 2 1 9 606 650 664
986 2 2 1 9 650 663 664
987 2 2 1 9 650 623 663
988 2 2 1 9 664 663 607
989 2 2 1 9 615 665 666
990 2 2 1 9 665 637 666
991 2 2 1 9 665 623 637
992 2 2 1 9 666 637 614
993 2 2 1 9 615 667 665
994 2 2 1 9 667 668 665
995 2 2 1 9 667 622 668
996 2 2 1 9 665 668 623
997 2 2 1 9 622 669 668
998 2 2 1 9 669 663 668
999 2 2 1 9 669 607 663
1000 2 2 1 9 668 663 623
1001 2 2 1 9 627 670 672
1002 2 2 1 9 670 671 672
1003 2 2 1 9 670 611 671
1004 2 2 1 9 672 671 610
1005 2 2 1 9 627 673 675
1006 2 2 1 9 673 674 675
1007 2 2 1 9 673 618 674
1008 2 2 1 9 675 674 619
1009 2 2 1 9 625 676 677
1010 2 2 1 9 676 673 677
1011 2 2 1 9 676 618 673
1012 2 2 1 9 677 673 627
1013 2 2 1 9 610 678 672
1014 2 2 1 9 678 677 672
1015 2 2 1 9 678 625 677
1016 2 2 1 9 672 677 627
1017 2 2 1 9 625 678 680
1018 2 2 1 9 678 679 680
1019 2 2 1 9 678 610 679
1020 2 2 1 9 680 679 609
1021 2 2 1 9 625 681 676
1022 2 2 1 9 681 682 676
1023 2 2 1 9 681 617 682
1024 2 2 1 9 676 682 618
1025 2 2 1 9 624 662 683
1026 2 2 1 9 662 681 683
1027 2 2 1 9 662 617 681
1028 2 2 1 9 683 681 625
1029 2 2 1 9 609 657 680
1030 2 2 1 9 657 683 680
1031 2 2 1 9 657 624 683
1032 2 2 1 9 680 683 625
1033 2 2 1 9 612 684 685
1034 2 2 1 9 684 655 685
1035 2 2 1 9 684 628 655
1036 2 2 1 9 685 655 613
1037 2 2 1 9 612 686 684
1038 2 2 1 9 686 687 684
1039 2 2 1 9 686 626 687
1040 2 2 1 9 684 687 628
1041 2 2 1 9 621 644 689
1042 2 2 1 9 644 688 689
1043 2 2 1 9 644 628 688
1044 2 2 1 9 689 688 620
1045 2 2 1 9 626 690 687
1046 2 2 1 9 690 688 687
1047 2 2 1 9 690 620 688
1048 2 2 1 9 687 688 628
1049 2 2 1 9 626 686 692
1050 2 2 1 9 686 691 692
1051 2 2 1 9 686 612 691
1052 2 2 1 9 692 691 611
1053 2 2 1 9 626 693 690
1054 2 2 1 9 693 694 690
1055 2 2 1 9 693 619 694
1056 2 2 1 9 690 694 620
1057 2 2 1 9 627 675 695
1058 2 2 1 9 675 693 695
1059 2 2 1 9 675 619 693
1060 2 2 1 9 695 693 626
1061 2 2 1 9 611 670 692
1062 2 2 1 9 670 695 692
1063 2 2 1 9 670 627 695
1064 2 2 1 9 692 695 626
1065 2 2 1 9 622 696 669
1066 2 2 1 9 696 697 669
1067 2 2 1 9 696 608 697
1068 2 2 1 9 669 697 607
1069 2 2 1 9 622 667 699
1070 2 2 1 9 667 698 699
1071 2 2 1 9 667 615 698
1072 2 2 1 9 699 698 616
1073 2 2 1 9 629 700 636
1074 2 2 1 9 700 648 636
1075 2 2 1 9 700 631 648
1076 2 2 1 9 636 648 88
1077 2 2 1 9 629 638 700
1078 2 2 1 9 638 649 700
1079 2 2 1 9 638 623 649
1080 2 2 1 9 700 649 631
1081 2 2 1 9 632 701 654
1082 2 2 1 9 701 642 654
1083 2 2 1 9 701 630 642
1084 2 2 1 9 654 642 3
1085 2 2 1 9 628 643 656
1086 2 2 1 9 643 701 656
1087 2 2 1 9 643 630 701
1088 2 2 1 9 656 701 632
1089 2 2 1 9 624 659 702
1090 2 2 1 9 659 696 702
1091 2 2 1 9 659 608 696
1092 2 2 1 9 702 696 622
1093 2 2 1 9 616 660 699
1094 2 2 1 9 660 702 699
1095 2 2 1 9 660 624 702
1096 2 2 1 9 699 702 622
1097 2 2 1 10 711 730 732
1098 2 2 1 10 730 731 732
1099 2 2 1 10 730 726 731
1100 2 2 1 10 732 731 125
1101 2 2 1 10 726 733 731
1102 2 2 1 10 733 139 731
1103 2 2 1 10 733 129 139
1104 2 2 1 10 731 139 125
1105 2 2 1 10 726 730 735
1106 2 2 1 10 730 734 735
1107 2 2 1 10 730 711 734
1108 2 2 1 10 735 734 720
1109 2 2 1 10 727 736 738
1110 2 2 1 10 736 737 738
1111 2 2 1 10 736 718 737
1112 2 2 1 10 738 737 7
1113 2 2 1 10 8 739 10
1114 2 2 1 10 739 738 10
1115 2 2 1 10 739 727 738
1116 2 2 1 10 10 738 7
1117 2 2 1 10 718 736 741
1118 2 2 1 10 736 740 741
1119 2 2 1 10 736 727 740
1120 2 2 1 10 741 740 725
1121 2 2 1 10 728 742 744
1122 2 2 1 10 742 743 744
1123 2 2 1 10 742 703 743
1124 2 2 1 10 744 743 123
1125 2 2 1 10 129 745 152
1126 2 2 1 10 745 744 152
1127 2 2 1 10 745 728 744
1128 2 2 1 10 152 744 123
1129 2 2 1 10 703 742 747
1130 2 2 1 10 742 746 747
1131 2 2 1 10 742 728 746
1132 2 2 1 10 747 746 720
1133 2 2 1 10 710 748 750
1134 2 2 1 10 748 749 750
1135 2 2 1 10 748 729 749
1136 2 2 1 10 750 749 6
1137 2 2 1 10 729 751 749
1138 2 2 1 10 751 9 749
1139 2 2 1 10 751 8 9
1140 2 2 1 10 749 9 6
1141 2 2 1 10 729 748 753
1142 2 2 1 10 748 752 753
1143 2 2 1 10 748 710 752
1144 2 2 1 10 753 752 725
1145 2 2 1 10 721 754 756
1146 2 2 1 10 754 755 756
1147 2 2 1 10 754 706 755
1148 2 2 1 10 756 755 705
1149 2 2 1 10 721 757 759
1150 2 2 1 10 757 758 759
1151 2 2 1 10 757 713 758
1152 2 2 1 10 759 758 714
1153 2 2 1 10 703 747 761
1154 2 2 1 10 747 760 761
1155 2 2 1 10 747 720 760
1156 2 2 1 10 761 760 704
1157 2 2 1 10 712 762 763
1158 2 2 1 10 762 734 763
1159 2 2 1 10 762 720 734
1160 2 2 1 10 763 734 711
1161 2 2 1 10 712 764 762
1162 2 2 1 10 764 765 762
1163 2 2 1 10 764 719 765
1164 2 2 1 10 762 765 720
1165 2 2 1 10 719 766 765
1166 2 2 1 10 766 760 765
1167 2 2 1 10 766 704 760
1168 2 2 1 10 765 760 720
1169 2 2 1 10 707 767 769
1170 2 2 1 10 767 768 769
1171 2 2 1 10 767 724 768
1172 2 2 1 10 769 768 708
1173 2 2 1 10 707 770 767
1174 2 2 1 10 770 771 767
1175 2 2 1 10 770 722 771
1176 2 2 1 10 767 771 724
1177 2 2 1 10 716 772 774
1178 2 2 1 10 772 773 774
1179 2 2 1 10 772 724 773
1180 2 2 1 10 774 773 715
1181 2 2 1 10 722 775 771
1182 2 2 1 10 775 773 771
1183 2 2 1 10 775 715 773
1184 2 2 1 10 771 773 724
1185 2 2 1 10 722 770 777
1186 2 2 1 10 770 776 777
1187 2 2 1 10 770 707 776
1188 2 2 1 10 777 776 706
1189 2 2 1 10 722 778 775
1190 2 2 1 10 778 779 775
1191 2 2 1 10 778 714 779
1192 2 2 1 10 775 779 715
1193 2 2 1 10 721 759 780
1194 2 2 1 10 759 778 780
1195 2 2 1 10 759 714 778
1196 2 2 1 10 780 778 722
1197 2 2 1 10 706 754 777
1198 2 2 1 10 754 780 777
1199 2 2 1 10 754 721 780
1200 2 2 1 10 777 780 722
1201 2 2 1 10 709 781 782
1202 2 2 1 10 781 752 782
1203 2 2 1 10 781 725 752
1204 2 2 1 10 782 752 710
1205 2 2 1 10 709 783 781
1206 2 2 1 10 783 784 781
1207 2 2 1 10 783 723 784
1208 2 2 1 10 781 784 725
1209 2 2 1 10 718 741 786
1210 2 2 1 10 741 785 786
1211 2 2 1 10 741 725 785
1212 2 2 1 10 786 785 717
1213 2 2 1 10 723 787 784
1214 2 2 1 10 787 785 784
1215 2 2 1 10 787 717 785
1216 2 2 1 10 784 785 725
1217 2 2 1 10 723 783 789
1218 2 2 1 10 783 788 789
1219 2 2 1 10 783 709 788
1220 2 2 1 10 789 788 708
1221 2 2 1 10 723 790 787
1222 2 2 1 10 790 791 787
1223 2 2 1 10 790 716 791
1224 2 2 1 10 787 791 717
1225 2 2 1 10 724 772 792
1226 2 2 1 10 772 790 792
1227 2 2 1 10 772 716 790
1228 2 2 1 10 792 790 723
1229 2 2 1 10 708 768 789
1230 2 2 1 10 768 792 789
1231 2 2 1 10 768 724 792
1232 2 2 1 10 789 792 723
1233 2 2 1 10 719 793 766
1234 2 2 1 10 793 794 766
1235 2 2 1 10 793 705 794
1236 2 2 1 10 766 794 704
1237 2 2 1 10 719 764 796
1238 2 2 1 10 764 795 796
1239 2 2 1 10 764 712 795
1240 2 2 1 10 796 795 713
1241 2 2 1 10 726 797 733
1242 2 2 1 10 797 745 733
1243 2 2 1 10 797 728 745
1244 2 2 1 10 733 745 129
1245 2 2 1 10 726 735 797
1246 2 2 1 10 735 746 797
1247 2 2 1 10 735 720 746
1248 2 2 1 10 797 746 728
1249 2 2 1 10 729 798 751
1250 2 2 1 10 798 739 751
1251 2 2 1 10 798 727 739
1252 2 2 1 10 751 739 8
1253 2 2 1 10 725 740 753
1254 2 2 1 10 740 798 753
1255 2 2 1 10 740 727 798
1256 2 2 1 10 753 798 729
1257 2 2 1 10 721 756 799
1258 2 2 1 10 756 793 799
1259 2 2 1 10 756 705 793
1260 2 2 1 10 799 793 719
1261 2 2 1 10 713 757 796
1262 2 2 1 10 757 799 796
1263 2 2 1 10 757 721 799
1264 2 2 1 10 796 799 719
1265 2 2 1 11 824 830 831
1266 2 2 1 11 830 5 831
1267 2 2 1 11 830 3 5
1268 2 2 1 11 831 5 2
1269 2 2 1 11 824 832 834
1270 2 2 1 11 832 833 834
1271 2 2 1 11 832 810 833
1272 2 2 1 11 834 833 820
1273 2 2 1 11 810 832 835
1274 2 2 1 11 832 831 835
1275 2 2 1 11 832 824 831
1276 2 2 1 11 835 831 2
1277 2 2 1 11 3 836 4
1278 2 2 1 11 836 837 4
1279 2 2 1 11 836 825 837
1280 2 2 1 11 4 837 1
1281 2 2 1 11 802 838 840
1282 2 2 1 11 838 839 840
1283 2 2 1 11 838 825 839
1284 2 2 1 11 840 839 820
1285 2 2 1 11 825 838 837
1286 2 2 1 11 838 841 837
1287 2 2 1 11 838 802 841
1288 2 2 1 11 837 841 1
1289 2 2 1 11 807 842 844
1290 2 2 1 11 842 843 844
1291 2 2 1 11 842 823 843
1292 2 2 1 11 844 843 808
1293 2 2 1 11 816 845 847
1294 2 2 1 11 845 846 847
1295 2 2 1 11 845 823 846
1296 2 2 1 11 847 846 815
1297 2 2 1 11 816 848 845
1298 2 2 1 11 848 849 845
1299 2 2 1 11 848 819 849
1300 2 2 1 11 845 849 823
1301 2 2 1 11 819 850 849
1302 2 2 1 11 850 843 849
1303 2 2 1 11 850 808 843
1304 2 2 1 11 849 843 823
1305 2 2 1 11 803 851 853
1306 2 2 1 11 851 852 853
1307 2 2 1 11 851 822 852
1308 2 2 1 11 853 852 804
1309 2 2 1 11 812 854 856
1310 2 2 1 11 854 855 856
1311 2 2 1 11 854 822 855
1312 2 2 1 11 856 855 811
1313 2 2 1 11 808 850 858
1314 2 2 1 11 850 857 858
1315 2 2 1 11 850 819 857
1316 2 2 1 11 858 857 809
1317 2 2 1 11 817 859 860
1318 2 2 1 11 859 848 860
1319 2 2 1 11 859 819 848
1320 2 2 1 11 860 848 816
1321 2 2 1 11 802 840 862
1322 2 2 1 11 840 861 862
1323 2 2 1 11 840 820 861
1324 2 2 1 11 862 861 803
1325 2 2 1 11 811 863 864
1326 2 2 1 11 863 833 864
1327 2 2 1 11 863 820 833
1328 2 2 1 11 864 833 810
1329 2 2 1 11 821 865 867
1330 2 2 1 11 865 866 867
1331 2 2 1 11 865 805 866
1332 2 2 1 11 867 866 804
1333 2 2 1 11 821 868 870
1334 2 2 1 11 868 869 870
1335 2 2 1 11 868 812 869
1336 2 2 1 11 870 869 813
1337 2 2 1 11 822 854 871
1338 2 2 1 11 854 868 871
1339 2 2 1 11 854 812 868
1340 2 2 1 11 871 868 821
1341 2 2 1 11 804 852 867
1342 2 2 1 11 852 871 867
1343 2 2 1 11 852 822 871
1344 2 2 1 11 867 871 821
1345 2 2 1 11 824 872 830
1346 2 2 1 11 872 836 830
1347 2 2 1 11 872 825 836
1348 2 2 1 11 830 836 3
1349 2 2 1 11 824 834 872
1350 2 2 1 11 834 839 872
1351 2 2 1 11 834 820 839
1352 2 2 1 11 872 839 825
1353 2 2 1 11 805 873 875
1354 2 2 1 11 873 874 875
1355 2 2 1 11 873 827 874
1356 2 2 1 11 875 874 806
1357 2 2 1 11 827 873 876
1358 2 2 1 11 873 865 876
1359 2 2 1 11 873 805 865
1360 2 2 1 11 876 865 821
1361 2 2 1 11 826 877 879
1362 2 2 1 11 877 878 879
1363 2 2 1 11 877 807 878
1364 2 2 1 11 879 878 806
1365 2 2 1 11 807 877 842
1366 2 2 1 11 877 880 842
1367 2 2 1 11 877 826 880
1368 2 2 1 11 842 880 823
1369 2 2 1 11 815 881 883
1370 2 2 1 11 881 882 883
1371 2 2 1 11 881 826 882
1372 2 2 1 11 883 882 814
1373 2 2 1 11 826 881 880
1374 2 2 1 11 881 846 880
1375 2 2 1 11 881 815 846
1376 2 2 1 11 880 846 823
1377 2 2 1 11 822 851 884
1378 2 2 1 11 851 861 884
1379 2 2 1 11 851 803 861
1380 2 2 1 11 884 861 820
1381 2 2 1 11 811 855 863
1382 2 2 1 11 855 884 863
1383 2 2 1 11 855 822 884
1384 2 2 1 11 863 884 820
1385 2 2 1 11 827 885 887
1386 2 2 1 11 885 886 887
1387 2 2 1 11 885 813 886
1388 2 2 1 11 887 886 814
1389 2 2 1 11 813 885 870
1390 2 2 1 11 885 876 870
1391 2 2 1 11 885 827 876
1392 2 2 1 11 870 876 821
1393 2 2 1 11 827 887 888
1394 2 2 1 11 887 882 888
1395 2 2 1 11 887 814 882
1396 2 2 1 11 888 882 826
1397 2 2 1 11 806 874 879
1398 2 2 1 11 874 888 879
1399 2 2 1 11 874 827 888
1400 2 2 1 11 879 888 826
1401 2 2 1 11 828 889 891
1402 2 2 1 11 889 890 891
1403 2 2 1 11 889 817 890
1404 2 2 1 11 891 890 801
1405 2 2 1 11 818 892 893
1406 2 2 1 11 892 891 893
1407 2 2 1 11 892 828 891
1408 2 2 1 11 893 891 801
1409 2 2 1 11 817 889 859
1410 2 2 1 11 889 894 859
1411 2 2 1 11 889 828 894
1412 2 2 1 11 859 894 819
1413 2 2 1 11 809 895 897
1414 2 2 1 11 895 896 897
1415 2 2 1 11 895 829 896
1416 2 2 1 11 897 896 800
1417 2 2 1 11 829 898 896
1418 2 2 1 11 898 899 896
1419 2 2 1 11 898 818 899
1420 2 2 1 11 896 899 800
1421 2 2 1 11 829 895 900
1422 2 2 1 11 895 857 900
1423 2 2 1 11 895 809 857
1424 2 2 1 11 900 857 819
1425 2 2 1 11 829 901 898
1426 2 2 1 11 901 892 898
1427 2 2 1 11 901 828 892
1428 2 2 1 11 898 892 818
1429 2 2 1 11 819 894 900
1430 2 2 1 11 894 901 900
1431 2 2 1 11 894 828 901
1432 2 2 1 11 900 901 829
1433 2 2 1 12 926 933 934
1434 2 2 1 12 933 10 934
1435 2 2 1 12 933 8 10
1436 2 2 1 12 934 10 7
1437 2 2 1 12 926 935 937
1438 2 2 1 12 935 936 937
1439 2 2 1 12 935 912 936
1440 2 2 1 12 937 936 922
1441 2 2 1 12 912 935 938
1442 2 2 1 12 935 934 938
1443 2 2 1 12 935 926 934
1444 2 2 1 12 938 934 7
1445 2 2 1 12 8 939 9
1446 2 2 1 12 939 940 9
1447 2 2 1 12 939 927 940
1448 2 2 1 12 9 940 6
1449 2 2 1 12 904 941 943
1450 2 2 1 12 941 942 943
1451 2 2 1 12 941 927 942
1452 2 2 1 12 943 942 922
1453 2 2 1 12 927 941 940
1454 2 2 1 12 941 944 940
1455 2 2 1 12 941 904 944
1456 2 2 1 12 940 944 6
1457 2 2 1 12 909 945 947
1458 2 2 1 12 945 946 947
1459 2 2 1 12 945 925 946
1460 2 2 1 12 947 946 910
1461 2 2 1 12 918 948 950
1462 2 2 1 12 948 949 950
1463 2 2 1 12 948 925 949
1464 2 2 1 12 950 949 917
1465 2 2 1 12 918 951 948
1466 2 2 1 12 951 952 948
1467 2 2 1 12 951 921 952
1468 2 2 1 12 948 952 925
1469 2 2 1 12 921 953 952
1470 2 2 1 12 953 946 952
1471 2 2 1 12 953 910 946
1472 2 2 1 12 952 946 925
1473 2 2 1 12 905 954 956
1474 2 2 1 12 954 955 956
1475 2 2 1 12 954 924 955
1476 2 2 1 12 956 955 906
1477 2 2 1 12 914 957 959
1478 2 2 1 12 957 958 959
1479 2 2 1 12 957 924 958
1480 2 2 1 12 959 958 913
1481 2 2 1 12 910 953 961
1482 2 2 1 12 953 960 961
1483 2 2 1 12 953 921 960
1484 2 2 1 12 961 960 911
1485 2 2 1 12 919 962 963
1486 2 2 1 12 962 951 963
1487 2 2 1 12 962 921 951
1488 2 2 1 12 963 951 918
1489 2 2 1 12 904 943 965
1490 2 2 1 12 943 964 965
1491 2 2 1 12 943 922 964
1492 2 2 1 12 965 964 905
1493 2 2 1 12 913 966 967
1494 2 2 1 12 966 936 967
1495 2 2 1 12 966 922 936
1496 2 2 1 12 967 936 912
1497 2 2 1 12 923 968 970
1498 2 2 1 12 968 969 970
1499 2 2 1 12 968 907 969
1500 2 2 1 12 970 969 906
1501 2 2 1 12 923 971 973
1502 2 2 1 12 971 972 973
1503 2 2 1 12 971 914 972
1504 2 2 1 12 973 972 915
1505 2 2 1 12 924 957 974
1506 2 2 1 12 957 971 974
1507 2 2 1 12 957 914 971
1508 2 2 1 12 974 971 923
1509 2 2 1 12 906 955 970
1510 2 2 1 12 955 974 970
1511 2 2 1 12 955 924 974
1512 2 2 1 12 970 974 923
1513 2 2 1 12 926 975 933
1514 2 2 1 12 975 939 933
1515 2 2 1 12 975 927 939
1516 2 2 1 12 933 939 8
1517 2 2 1 12 926 937 975
1518 2 2 1 12 937 942 975
1519 2 2 1 12 937 922 942
1520 2 2 1 12 975 942 927
1521 2 2 1 12 928 976 978
1522 2 2 1 12 976 977 978
1523 2 2 1 12 976 915 977
1524 2 2 1 12 978 977 916
1525 2 2 1 12 915 976 973
1526 2 2 1 12 976 979 973
1527 2 2 1 12 976 928 979
1528 2 2 1 12 973 979 923
1529 2 2 1 12 907 980 982
1530 2 2 1 12 980 981 982
1531 2 2 1 12 980 929 981
1532 2 2 1 12 982 981 908
1533 2 2 1 12 929 980 983
1534 2 2 1 12 980 968 983
1535 2 2 1 12 980 907 968
1536 2 2 1 12 983 968 923
1537 2 2 1 12 917 984 986
1538 2 2 1 12 984 985 986
1539 2 2 1 12 984 930 985
1540 2 2 1 12 986 985 916
1541 2 2 1 12 930 984 987
1542 2 2 1 12 984 949 987
1543 2 2 1 12 984 917 949
1544 2 2 1 12 987 949 925
1545 2 2 1 12 931 988 990
1546 2 2 1 12 988 989 990
1547 2 2 1 12 988 909 989
1548 2 2 1 12 990 989 908
1549 2 2 1 12 909 988 945
1550 2 2 1 12 988 991 945
1551 2 2 1 12 988 931 991
1552 2 2 1 12 945 991 925
1553 2 2 1 12 929 992 981
1554 2 2 1 12 992 990 981
1555 2 2 1 12 992 931 990
1556 2 2 1 12 981 990 908
1557 2 2 1 12 930 993 985
1558 2 2 1 12 993 978 985
1559 2 2 1 12 993 928 978
1560 2 2 1 12 985 978 916
1561 2 2 1 12 928 994 979
1562 2 2 1 12 994 983 979
1563 2 2 1 12 994 929 983
1564 2 2 1 12 979 983 923
1565 2 2 1 12 931 995 991
1566 2 2 1 12 995 987 991
1567 2 2 1 12 995 930 987
1568 2 2 1 12 991 987 925
1569 2 2 1 12 924 954 996
1570 2 2 1 12 954 964 996
1571 2 2 1 12 954 905 964
1572 2 2 1 12 996 964 922
1573 2 2 1 12 913 958 966
1574 2 2 1 12 958 996 966
1575 2 2 1 12 958 924 996
1576 2 2 1 12 966 996 922
1577 2 2 1 12 928 993 994
1578 2 2 1 12 993 997 994
1579 2 2 1 12 993 930 997
1580 2 2 1 12 994 997 929
1581 2 2 1 12 929 997 992
1582 2 2 1 12 997 995 992
1583 2 2 1 12 997 930 995
1584 2 2 1 12 992 995 931
1585 2 2 1 12 919 998 962
1586 2 2 1 12 998 999 962
1587 2 2 1 12 998 932 999
1588 2 2 1 12 962 999 921
1589 2 2 1 12 932 998 1001
1590 2 2 1 12 998 1000 1001
1591 2 2 1 12 998 919 1000
1592 2 2 1 12 1001 1000 903
1593 2 2 1 12 920 1002 1003
1594 2 2 1 12 1002 1001 1003
1595 2 2 1 12 1002 932 1001
1596 2 2 1 12 1003 1001 903
1597 2 2 1 12 932 1004 999
1598 2 2 1 12 1004 960 999
1599 2 2 1 12 1004 911 960
1600 2 2 1 12 999 960 921
1601 2 2 1 12 911 1004 1006
1602 2 2 1 12 1004 1005 1006
1603 2 2 1 12 1004 932 1005
1604 2 2 1 12 1006 1005 902
1605 2 2 1 12 932 1002 1005
1606 2 2 1 12 1002 1007 1005
1607 2 2 1 12 1002 920 1007
1608 2 2 1 12 1005 1007 902
1609 2 2 1 13 1011 1016 1018
1610 2 2 1 13 1016 1017 1018
1611 2 2 1 13 1016 1013 1017
1612 2 2 1 13 1018 1017 801
1613 2 2 1 13 1013 1019 1017
1614 2 2 1 13 1019 893 1017
1615 2 2 1 13 1019 818 893
1616 2 2 1 13 1017 893 801
1617 2 2 1 13 1013 1016 1021
1618 2 2 1 13 1016 1020 1021
1619 2 2 1 13 1016 1011 1020
1620 2 2 1 13 1021 1020 1009
1621 2 2 1 13 1012 1022 1023
1622 2 2 1 13 1022 1021 1023
1623 2 2 1 13 1022 1013 1021
1624 2 2 1 13 1023 1021 1009
1625 2 2 1 13 1014 1024 1026
1626 2 2 1 13 1024 1025 1026
1627 2 2 1 13 1024 1012 1025
1628 2 2 1 13 1026 1025 1008
1629 2 2 1 13 1012 1024 1022
1630 2 2 1 13 1024 1027 1022
1631 2 2 1 13 1024 1014 1027
1632 2 2 1 13 1022 1027 1013
1633 2 2 1 13 1010 1028 1029
1634 2 2 1 13 1028 1026 1029
1635 2 2 1 13 1028 1014 1026
1636 2 2 1 13 1029 1026 1008
1637 2 2 1 13 1015 1030 1032
1638 2 2 1 13 1030 1031 1032
1639 2 2 1 13 1030 1010 1031
1640 2 2 1 13 1032 1031 800
1641 2 2 1 13 1015 1033 1034
1642 2 2 1 13 1033 1019 1034
1643 2 2 1 13 1033 818 1019
1644 2 2 1 13 1034 1019 1013
1645 2 2 1 13 818 1033 899
1646 2 2 1 13 1033 1032 899
1647 2 2 1 13 1033 1015 1032
1648 2 2 1 13 899 1032 800
1649 2 2 1 13 1015 1035 1030
1650 2 2 1 13 1035 1028 1030
1651 2 2 1 13 1035 1014 1028
1652 2 2 1 13 1030 1028 1010
1653 2 2 1 13 1013 1027 1034
1654 2 2 1 13 1027 1035 1034
1655 2 2 1 13 1027 1014 1035
1656 2 2 1 13 1034 1035 1015
1657 2 2 1 14 1039 1044 1046
1658 2 2 1 14 1044 1045 1046
1659 2 2 1 14 1044 1041 1045
1660 2 2 1 14 1046 1045 903
1661 2 2 1 14 1041 1047 1045
1662 2 2 1 14 1047 1003 1045
1663 2 2 1 14 1047 920 1003
1664 2 2 1 14 1045 1003 903
1665 2 2 1 14 1041 1044 1049
1666 2 2 1 14 1044 1048 1049
1667 2 2 1 14 1044 1039 1048
1668 2 2 1 14 1049 1048 1037
1669 2 2 1 14 1040 1050 1051
1670 2 2 1 14 1050 1049 1051
1671 2 2 1 14 1050 1041 1049
1672 2 2 1 14 1051 1049 1037
1673 2 2 1 14 1042 1052 1054
1674 2 2 1 14 1052 1053 1054
1675 2 2 1 14 1052 1040 1053
1676 2 2 1 14 1054 1053 1036
1677 2 2 1 14 1040 1052 1050
1678 2 2 1 14 1052 1055 1050
1679 2 2 1 14 1052 1042 1055
1680 2 2 1 14 1050 1055 1041
1681 2 2 1 14 1038 1056 1057
1682 2 2 1 14 1056 1054 1057
1683 2 2 1 14 1056 1042 1054
1684 2 2 1 14 1057 1054 1036
1685 2 2 1 14 1043 1058 1060
1686 2 2 1 14 1058 1059 1060
1687 2 2 1 14 1058 1038 1059
1688 2 2 1 14 1060 1059 902
1689 2 2 1 14 1043 1061 1062
1690 2 2 1 14 1061 1047 1062
1691 2 2 1 14 1061 920 1047
1692 2 2 1 14 1062 1047 1041
1693 2 2 1 14 920 1061 1007
1694 2 2 1 14 1061 1060 1007
1695 2 2 1 14 1061 1043 1060
1696 2 2 1 14 1007 1060 902
1697 2 2 1 14 1043 1063 1058
1698 2 2 1 14 1063 1056 1058
1699 2 2 1 14 1063 1042 1056
1700 2 2 1 14 1058 1056 1038
1701 2 2 1 14 1041 1055 1062
1702 2 2 1 14 1055 1063 1062
1703 2 2 1 14 1055 1042 1063
1704 2 2 1 14 1062 1063 1043
1705 2 2 1 15 1113 1126 1128
1706 2 2 1 15 1126 1127 1128
1707 2 2 1 15 1126 1075 1127
1708 2 2 1 15 1128 1127 1076
1709 2 2 1 15 1109 1129 1130
1710 2 2 1 15 1129 1126 1130
1711 2 2 1 15 1129 1075 1126
1712 2 2 1 15 1130 1126 1113
1713 2 2 1 15 1113 1131 1133
1714 2 2 1 15 1131 1132 1133
1715 2 2 1 15 1131 1095 1132
1716 2 2 1 15 1133 1132 1094
1717 2 2 1 15 1094 1134 1133
1718 2 2 1 15 1134 1130 1133
1719 2 2 1 15 1134 1109 1130
1720 2 2 1 15 1133 1130 1113
1721 2 2 1 15 1110 1135 1137
1722 2 2 1 15 1135 1136 1137
1723 2 2 1 15 1135 1069 1136
1724 2 2 1 15 1137 1136 1070
1725 2 2 1 15 1110 1138 1140
1726 2 2 1 15 1138 1139 1140
1727 2 2 1 15 1138 1089 1139
1728 2 2 1 15 1140 1139 1088
1729 2 2 1 15 1108 1141 1142
1730 2 2 1 15 1141 1138 1142
1731 2 2 1 15 1141 1089 1138
1732 2 2 1 15 1142 1138 1110
1733 2 2 1 15 1070 1143 1137
1734 2 2 1 15 1143 1142 1137
1735 2 2 1 15 1143 1108 1142
1736 2 2 1 15 1137 1142 1110
1737 2 2 1 15 1117 1144 1146
1738 2 2 1 15 1144 1145 1146
1739 2 2 1 15 1144 1082 1145
1740 2 2 1 15 1146 1145 1083
1741 2 2 1 15 1114 1147 1148
1742 2 2 1 15 1147 1144 1148
1743 2 2 1 15 1147 1082 1144
1744 2 2 1 15 1148 1144 1117
1745 2 2 1 15 1117 1149 1151
1746 2 2 1 15 1149 1150 1151
1747 2 2 1 15 1149 1102 1150
1748 2 2 1 15 1151 1150 1101
1749 2 2 1 15 1101 1152 1151
1750 2 2 1 15 1152 1148 1151
1751 2 2 1 15 1152 1114 1148
1752 2 2 1 15 1151 1148 1117
1753 2 2 1 15 1074 1153 1155
1754 2 2 1 15 1153 1154 1155
1755 2 2 1 15 1153 1107 1154
1756 2 2 1 15 1155 1154 1073
1757 2 2 1 15 1092 1156 1158
1758 2 2 1 15 1156 1157 1158
1759 2 2 1 15 1156 1107 1157
1760 2 2 1 15 1158 1157 1093
1761 2 2 1 15 1112 1159 1161
1762 2 2 1 15 1159 1160 1161
1763 2 2 1 15 1159 1068 1160
1764 2 2 1 15 1161 1160 1069
1765 2 2 1 15 1112 1162 1164
1766 2 2 1 15 1162 1163 1164
1767 2 2 1 15 1162 1088 1163
1768 2 2 1 15 1164 1163 1087
1769 2 2 1 15 1110 1140 1165
1770 2 2 1 15 1140 1162 1165
1771 2 2 1 15 1140 1088 1162
1772 2 2 1 15 1165 1162 1112
1773 2 2 1 15 1069 1135 1161
1774 2 2 1 15 1135 1165 1161
1775 2 2 1 15 1135 1110 1165
1776 2 2 1 15 1161 1165 1112
1777 2 2 1 15 1077 1166 1168
1778 2 2 1 15 1166 1167 1168
1779 2 2 1 15 1166 1116 1167
1780 2 2 1 15 1168 1167 1076
1781 2 2 1 15 1095 1169 1171
1782 2 2 1 15 1169 1170 1171
1783 2 2 1 15 1169 1116 1170
1784 2 2 1 15 1171 1170 1096
1785 2 2 1 15 1095 1131 1169
1786 2 2 1 15 1131 1172 1169
1787 2 2 1 15 1131 1113 1172
1788 2 2 1 15 1169 1172 1116
1789 2 2 1 15 1113 1128 1172
1790 2 2 1 15 1128 1167 1172
1791 2 2 1 15 1128 1076 1167
1792 2 2 1 15 1172 1167 1116
1793 2 2 1 15 1109 1173 1129
1794 2 2 1 15 1173 1174 1129
1795 2 2 1 15 1173 1074 1174
1796 2 2 1 15 1129 1174 1075
1797 2 2 1 15 1109 1134 1176
1798 2 2 1 15 1134 1175 1176
1799 2 2 1 15 1134 1094 1175
1800 2 2 1 15 1176 1175 1093
1801 2 2 1 15 1084 1177 1179
1802 2 2 1 15 1177 1178 1179
1803 2 2 1 15 1177 1120 1178
1804 2 2 1 15 1179 1178 1083
1805 2 2 1 15 1102 1180 1182
1806 2 2 1 15 1180 1181 1182
1807 2 2 1 15 1180 1120 1181
1808 2 2 1 15 1182 1181 1103
1809 2 2 1 15 1102 1149 1180
1810 2 2 1 15 1149 1183 1180
1811 2 2 1 15 1149 1117 1183
1812 2 2 1 15 1180 1183 1120
1813 2 2 1 15 1117 1146 1183
1814 2 2 1 15 1146 1178 1183
1815 2 2 1 15 1146 1083 1178
1816 2 2 1 15 1183 1178 1120
1817 2 2 1 15 1078 1184 1186
1818 2 2 1 15 1184 1185 1186
1819 2 2 1 15 1184 1118 1185
1820 2 2 1 15 1186 1185 1077
1821 2 2 1 15 1096 1187 1189
1822 2 2 1 15 1187 1188 1189
1823 2 2 1 15 1187 1118 1188
1824 2 2 1 15 1189 1188 1097
1825 2 2 1 15 1096 1170 1187
1826 2 2 1 15 1170 1190 1187
1827 2 2 1 15 1170 1116 1190
1828 2 2 1 15 1187 1190 1118
1829 2 2 1 15 1116 1166 1190
1830 2 2 1 15 1166 1185 1190
1831 2 2 1 15 1166 1077 1185
1832 2 2 1 15 1190 1185 1118
1833 2 2 1 15 1115 1191 1193
1834 2 2 1 15 1191 1192 1193
1835 2 2 1 15 1191 1080 1192
1836 2 2 1 15 1193 1192 1081
1837 2 2 1 15 1115 1194 1196
1838 2 2 1 15 1194 1195 1196
1839 2 2 1 15 1194 1100 1195
1840 2 2 1 15 1196 1195 1099
1841 2 2 1 15 1119 1197 1199
1842 2 2 1 15 1197 1198 1199
1843 2 2 1 15 1197 1078 1198
1844 2 2 1 15 1199 1198 1079
1845 2 2 1 15 1118 1184 1200
1846 2 2 1 15 1184 1197 1200
1847 2 2 1 15 1184 1078 1197
1848 2 2 1 15 1200 1197 1119
1849 2 2 1 15 1119 1201 1203
1850 2 2 1 15 1201 1202 1203
1851 2 2 1 15 1201 1098 1202
1852 2 2 1 15 1203 1202 1097
1853 2 2 1 15 1097 1188 1203
1854 2 2 1 15 1188 1200 1203
1855 2 2 1 15 1188 1118 1200
1856 2 2 1 15 1203 1200 1119
1857 2 2 1 15 1071 1204 1205
1858 2 2 1 15 1204 1143 1205
1859 2 2 1 15 1204 1108 1143
1860 2 2 1 15 1205 1143 1070
1861 2 2 1 15 1071 1206 1204
1862 2 2 1 15 1206 1207 1204
1863 2 2 1 15 1206 1105 1207
1864 2 2 1 15 1204 1207 1108
1865 2 2 1 15 1089 1141 1209
1866 2 2 1 15 1141 1208 1209
1867 2 2 1 15 1141 1108 1208
1868 2 2 1 15 1209 1208 1090
1869 2 2 1 15 1105 1210 1207
1870 2 2 1 15 1210 1208 1207
1871 2 2 1 15 1210 1090 1208
1872 2 2 1 15 1207 1208 1108
1873 2 2 1 15 1111 1211 1213
1874 2 2 1 15 1211 1212 1213
1875 2 2 1 15 1211 1067 1212
1876 2 2 1 15 1213 1212 1068
1877 2 2 1 15 1111 1214 1216
1878 2 2 1 15 1214 1215 1216
1879 2 2 1 15 1214 1087 1215
1880 2 2 1 15 1216 1215 1086
1881 2 2 1 15 1112 1164 1217
1882 2 2 1 15 1164 1214 1217
1883 2 2 1 15 1164 1087 1214
1884 2 2 1 15 1217 1214 1111
1885 2 2 1 15 1068 1159 1213
1886 2 2 1 15 1159 1217 1213
1887 2 2 1 15 1159 1112 1217
1888 2 2 1 15 1213 1217 1111
1889 2 2 1 15 1105 1206 1219
1890 2 2 1 15 1206 1218 1219
1891 2 2 1 15 1206 1071 1218
1892 2 2 1 15 1219 1218 1072
1893 2 2 1 15 1105 1220 1210
1894 2 2 1 15 1220 1221 1210
1895 2 2 1 15 1220 1091 1221
1896 2 2 1 15 1210 1221 1090
1897 2 2 1 15 1106 1222 1223
1898 2 2 1 15 1222 1220 1223
1899 2 2 1 15 1222 1091 1220
1900 2 2 1 15 1223 1220 1105
1901 2 2 1 15 1072 1224 1219
1902 2 2 1 15 1224 1223 1219
1903 2 2 1 15 1224 1106 1223
1904 2 2 1 15 1219 1223 1105
1905 2 2 1 15 1073 1225 1226
1906 2 2 1 15 1225 1224 1226
1907 2 2 1 15 1225 1106 1224
1908 2 2 1 15 1226 1224 1072
1909 2 2 1 15 1073 1154 1225
1910 2 2 1 15 1154 1227 1225
1911 2 2 1 15 1154 1107 1227
1912 2 2 1 15 1225 1227 1106
1913 2 2 1 15 1091 1222 1229
1914 2 2 1 15 1222 1228 1229
1915 2 2 1 15 1222 1106 1228
1916 2 2 1 15 1229 1228 1092
1917 2 2 1 15 1107 1156 1227
1918 2 2 1 15 1156 1228 1227
1919 2 2 1 15 1156 1092 1228
1920 2 2 1 15 1227 1228 1106
1921 2 2 1 15 1114 1230 1147
1922 2 2 1 15 1230 1231 1147
1923 2 2 1 15 1230 1081 1231
1924 2 2 1 15 1147 1231 1082
1925 2 2 1 15 1115 1193 1232
1926 2 2 1 15 1193 1230 1232
1927 2 2 1 15 1193 1081 1230
1928 2 2 1 15 1232 1230 1114
1929 2 2 1 15 1114 1152 1234
1930 2 2 1 15 1152 1233 1234
1931 2 2 1 15 1152 1101 1233
1932 2 2 1 15 1234 1233 1100
1933 2 2 1 15 1100 1194 1234
1934 2 2 1 15 1194 1232 1234
1935 2 2 1 15 1194 1115 1232
1936 2 2 1 15 1234 1232 1114
1937 2 2 1 15 1098 1235 1237
1938 2 2 1 15 1235 1236 1237
1939 2 2 1 15 1235 1121 1236
1940 2 2 1 15 1237 1236 1099
1941 2 2 1 15 1121 1235 1238
1942 2 2 1 15 1235 1201 1238
1943 2 2 1 15 1235 1098 1201
1944 2 2 1 15 1238 1201 1119
1945 2 2 1 15 1122 1239 1241
1946 2 2 1 15 1239 1240 1241
1947 2 2 1 15 1239 1084 1240
1948 2 2 1 15 1241 1240 1085
1949 2 2 1 15 1084 1239 1177
1950 2 2 1 15 1239 1242 1177
1951 2 2 1 15 1239 1122 1242
1952 2 2 1 15 1177 1242 1120
1953 2 2 1 15 1107 1153 1243
1954 2 2 1 15 1153 1173 1243
1955 2 2 1 15 1153 1074 1173
1956 2 2 1 15 1243 1173 1109
1957 2 2 1 15 1093 1157 1176
1958 2 2 1 15 1157 1243 1176
1959 2 2 1 15 1157 1107 1243
1960 2 2 1 15 1176 1243 1109
1961 2 2 1 15 1121 1244 1236
1962 2 2 1 15 1244 1196 1236
1963 2 2 1 15 1244 1115 1196
1964 2 2 1 15 1236 1196 1099
1965 2 2 1 15 1121 1245 1247
1966 2 2 1 15 1245 1246 1247
1967 2 2 1 15 1245 1079 1246
1968 2 2 1 15 1247 1246 1080
1969 2 2 1 15 1079 1245 1199
1970 2 2 1 15 1245 1238 1199
1971 2 2 1 15 1245 1121 1238
1972 2 2 1 15 1199 1238 1119
1973 2 2 1 15 1115 1244 1191
1974 2 2 1 15 1244 1247 1191
1975 2 2 1 15 1244 1121 1247
1976 2 2 1 15 1191 1247 1080
1977 2 2 1 15 1103 1248 1250
1978 2 2 1 15 1248 1249 1250
1979 2 2 1 15 1248 1122 1249
1980 2 2 1 15 1250 1249 1104
1981 2 2 1 15 1122 1248 1242
1982 2 2 1 15 1248 1181 1242
1983 2 2 1 15 1248 1103 1181
1984 2 2 1 15 1242 1181 1120
1985 2 2 1 15 1123 1251 1252
1986 2 2 1 15 1251 1057 1252
1987 2 2 1 15 1251 1038 1057
1988 2 2 1 15 1252 1057 1036
1989 2 2 1 15 1104 1253 1254
1990 2 2 1 15 1253 1252 1254
1991 2 2 1 15 1253 1123 1252
1992 2 2 1 15 1254 1252 1036
1993 2 2 1 15 1038 1255 1059
1994 2 2 1 15 1255 1256 1059
1995 2 2 1 15 1255 1124 1256
1996 2 2 1 15 1059 1256 902
1997 2 2 1 15 1124 1257 1256
1998 2 2 1 15 1257 1258 1256
1999 2 2 1 15 1257 1085 1258
2000 2 2 1 15 1256 1258 902
2001 2 2 1 15 1038 1251 1255
2002 2 2 1 15 1251 1259 1255
2003 2 2 1 15 1251 1123 1259
2004 2 2 1 15 1255 1259 1124
2005 2 2 1 15 1122 1260 1249
2006 2 2 1 15 1260 1261 1249
2007 2 2 1 15 1260 1124 1261
2008 2 2 1 15 1249 1261 1104
2009 2 2 1 15 1124 1260 1257
2010 2 2 1 15 1260 1241 1257
2011 2 2 1 15 1260 1122 1241
2012 2 2 1 15 1257 1241 1085
2013 2 2 1 15 1123 1253 1259
2014 2 2 1 15 1253 1261 1259
2015 2 2 1 15 1253 1104 1261
2016 2 2 1 15 1259 1261 1124
2017 2 2 1 15 1125 1262 1264
2018 2 2 1 15 1262 1263 1264
2019 2 2 1 15 1262 1066 1263
2020 2 2 1 15 1264 1263 1064
2021 2 2 1 15 1067 1265 1266
2022 2 2 1 15 1265 1264 1266
2023 2 2 1 15 1265 1125 1264
2024 2 2 1 15 1266 1264 1064
2025 2 2 1 15 1125 1265 1267
2026 2 2 1 15 1265 1211 1267
2027 2 2 1 15 1265 1067 1211
2028 2 2 1 15 1267 1211 1111
2029 2 2 1 15 1066 1262 1269
2030 2 2 1 15 1262 1268 1269
2031 2 2 1 15 1262 1125 1268
2032 2 2 1 15 1269 1268 1065
2033 2 2 1 15 1125 1270 1268
2034 2 2 1 15 1270 1271 1268
2035 2 2 1 15 1270 1086 1271
2036 2 2 1 15 1268 1271 1065
2037 2 2 1 15 1086 1270 1216
2038 2 2 1 15 1270 1267 1216
2039 2 2 1 15 1270 1125 1267
2040 2 2 1 15 1216 1267 1111
2041 2 2 1 16 1281 1330 1332
2042 2 2 1 16 1330 1331 1332
2043 2 2 1 16 1330 1315 1331
2044 2 2 1 16 1332 1331 1280
2045 2 2 1 16 1299 1333 1335
2046 2 2 1 16 1333 1334 1335
2047 2 2 1 16 1333 1315 1334
2048 2 2 1 16 1335 1334 1300
2049 2 2 1 16 1299 1336 1333
2050 2 2 1 16 1336 1337 1333
2051 2 2 1 16 1336 1314 1337
2052 2 2 1 16 1333 1337 1315
2053 2 2 1 16 1314 1338 1337
2054 2 2 1 16 1338 1331 1337
2055 2 2 1 16 1338 1280 1331
2056 2 2 1 16 1337 1331 1315
2057 2 2 1 16 1319 1339 1341
2058 2 2 1 16 1339 1340 1341
2059 2 2 1 16 1339 1287 1340
2060 2 2 1 16 1341 1340 1288
2061 2 2 1 16 1316 1342 1343
2062 2 2 1 16 1342 1339 1343
2063 2 2 1 16 1342 1287 1339
2064 2 2 1 16 1343 1339 1319
2065 2 2 1 16 1319 1344 1346
2066 2 2 1 16 1344 1345 1346
2067 2 2 1 16 1344 1307 1345
2068 2 2 1 16 1346 1345 1306
2069 2 2 1 16 1306 1347 1346
2070 2 2 1 16 1347 1343 1346
2071 2 2 1 16 1347 1316 1343
2072 2 2 1 16 1346 1343 1319
2073 2 2 1 16 1282 1348 1350
2074 2 2 1 16 1348 1349 1350
2075 2 2 1 16 1348 1318 1349
2076 2 2 1 16 1350 1349 1281
2077 2 2 1 16 1300 1351 1353
2078 2 2 1 16 1351 1352 1353
2079 2 2 1 16 1351 1318 1352
2080 2 2 1 16 1353 1352 1301
2081 2 2 1 16 1300 1334 1351
2082 2 2 1 16 1334 1354 1351
2083 2 2 1 16 1334 1315 1354
2084 2 2 1 16 1351 1354 1318
2085 2 2 1 16 1315 1330 1354
2086 2 2 1 16 1330 1349 1354
2087 2 2 1 16 1330 1281 1349
2088 2 2 1 16 1354 1349 1318
2089 2 2 1 16 1280 1338 1356
2090 2 2 1 16 1338 1355 1356
2091 2 2 1 16 1338 1314 1355
2092 2 2 1 16 1356 1355 1279
2093 2 2 1 16 1298 1357 1358
2094 2 2 1 16 1357 1336 1358
2095 2 2 1 16 1357 1314 1336
2096 2 2 1 16 1358 1336 1299
2097 2 2 1 16 1298 1359 1357
2098 2 2 1 16 1359 1360 1357
2099 2 2 1 16 1359 1313 1360
2100 2 2 1 16 1357 1360 1314
2101 2 2 1 16 1313 1361 1360
2102 2 2 1 16 1361 1355 1360
2103 2 2 1 16 1361 1279 1355
2104 2 2 1 16 1360 1355 1314
2105 2 2 1 16 1322 1362 1364
2106 2 2 1 16 1362 1363 1364
2107 2 2 1 16 1362 1288 1363
2108 2 2 1 16 1364 1363 1289
2109 2 2 1 16 1319 1341 1365
2110 2 2 1 16 1341 1362 1365
2111 2 2 1 16 1341 1288 1362
2112 2 2 1 16 1365 1362 1322
2113 2 2 1 16 1322 1366 1368
2114 2 2 1 16 1366 1367 1368
2115 2 2 1 16 1366 1308 1367
2116 2 2 1 16 1368 1367 1307
2117 2 2 1 16 1307 1344 1368
2118 2 2 1 16 1344 1365 1368
2119 2 2 1 16 1344 1319 1365
2120 2 2 1 16 1368 1365 1322
2121 2 2 1 16 1320 1369 1371
2122 2 2 1 16 1369 1370 1371
2123 2 2 1 16 1369 1282 1370
2124 2 2 1 16 1371 1370 1283
2125 2 2 1 16 1318 1348 1372
2126 2 2 1 16 1348 1369 1372
2127 2 2 1 16 1348 1282 1369
2128 2 2 1 16 1372 1369 1320
2129 2 2 1 16 1320 1373 1375
2130 2 2 1 16 1373 1374 1375
2131 2 2 1 16 1373 1302 1374
2132 2 2 1 16 1375 1374 1301
2133 2 2 1 16 1301 1352 1375
2134 2 2 1 16 1352 1372 1375
2135 2 2 1 16 1352 1318 1372
2136 2 2 1 16 1375 1372 1320
2137 2 2 1 16 1313 1376 1361
2138 2 2 1 16 1376 1377 1361
2139 2 2 1 16 1376 1278 1377
2140 2 2 1 16 1361 1377 1279
2141 2 2 1 16 1313 1359 1379
2142 2 2 1 16 1359 1378 1379
2143 2 2 1 16 1359 1298 1378
2144 2 2 1 16 1379 1378 1297
2145 2 2 1 16 1274 1380 1382
2146 2 2 1 16 1380 1381 1382
2147 2 2 1 16 1380 1311 1381
2148 2 2 1 16 1382 1381 1273
2149 2 2 1 16 1274 1383 1380
2150 2 2 1 16 1383 1384 1380
2151 2 2 1 16 1383 1312 1384
2152 2 2 1 16 1380 1384 1311
2153 2 2 1 16 1292 1385 1387
2154 2 2 1 16 1385 1386 1387
2155 2 2 1 16 1385 1311 1386
2156 2 2 1 16 1387 1386 1293
2157 2 2 1 16 1312 1388 1384
2158 2 2 1 16 1388 1386 1384
2159 2 2 1 16 1388 1293 1386
2160 2 2 1 16 1384 1386 1311
2161 2 2 1 16 1321 1389 1391
2162 2 2 1 16 1389 1390 1391
2163 2 2 1 16 1389 1289 1390
2164 2 2 1 16 1391 1390 1290
2165 2 2 1 16 1322 1364 1392
2166 2 2 1 16 1364 1389 1392
2167 2 2 1 16 1364 1289 1389
2168 2 2 1 16 1392 1389 1321
2169 2 2 1 16 1321 1393 1395
2170 2 2 1 16 1393 1394 1395
2171 2 2 1 16 1393 1309 1394
2172 2 2 1 16 1395 1394 1308
2173 2 2 1 16 1308 1366 1395
2174 2 2 1 16 1366 1392 1395
2175 2 2 1 16 1366 1322 1392
2176 2 2 1 16 1395 1392 1321
2177 2 2 1 16 1316 1396 1342
2178 2 2 1 16 1396 1397 1342
2179 2 2 1 16 1396 1286 1397
2180 2 2 1 16 1342 1397 1287
2181 2 2 1 16 1317 1398 1399
2182 2 2 1 16 1398 1396 1399
2183 2 2 1 16 1398 1286 1396
2184 2 2 1 16 1399 1396 1316
2185 2 2 1 16 1316 1347 1401
2186 2 2 1 16 1347 1400 1401
2187 2 2 1 16 1347 1306 1400
2188 2 2 1 16 1401 1400 1305
2189 2 2 1 16 1305 1402 1401
2190 2 2 1 16 1402 1399 1401
2191 2 2 1 16 1402 1317 1399
2192 2 2 1 16 1401 1399 1316
2193 2 2 1 16 1273 1403 1405
2194 2 2 1 16 1403 1404 1405
2195 2 2 1 16 1403 1310 1404
2196 2 2 1 16 1405 1404 1272
2197 2 2 1 16 1273 1381 1403
2198 2 2 1 16 1381 1406 1403
2199 2 2 1 16 1381 1311 1406
2200 2 2 1 16 1403 1406 1310
2201 2 2 1 16 1291 1407 1409
2202 2 2 1 16 1407 1408 1409
2203 2 2 1 16 1407 1310 1408
2204 2 2 1 16 1409 1408 1292
2205 2 2 1 16 1311 1385 1406
2206 2 2 1 16 1385 1408 1406
2207 2 2 1 16 1385 1292 1408
2208 2 2 1 16 1406 1408 1310
2209 2 2 1 16 1275 1410 1411
2210 2 2 1 16 1410 1383 1411
2211 2 2 1 16 1410 1312 1383
2212 2 2 1 16 1411 1383 1274
2213 2 2 1 16 1312 1412 1388
2214 2 2 1 16 1412 1413 1388
2215 2 2 1 16 1412 1294 1413
2216 2 2 1 16 1388 1413 1293
2217 2 2 1 16 1285 1414 1416
2218 2 2 1 16 1414 1415 1416
2219 2 2 1 16 1414 1323 1415
2220 2 2 1 16 1416 1415 1284
2221 2 2 1 16 1276 1417 1419
2222 2 2 1 16 1417 1418 1419
2223 2 2 1 16 1417 1324 1418
2224 2 2 1 16 1419 1418 1275
2225 2 2 1 16 1325 1420 1422
2226 2 2 1 16 1420 1421 1422
2227 2 2 1 16 1420 1283 1421
2228 2 2 1 16 1422 1421 1284
2229 2 2 1 16 1283 1420 1371
2230 2 2 1 16 1420 1423 1371
2231 2 2 1 16 1420 1325 1423
2232 2 2 1 16 1371 1423 1320
2233 2 2 1 16 1323 1424 1426
2234 2 2 1 16 1424 1425 1426
2235 2 2 1 16 1424 1304 1425
2236 2 2 1 16 1426 1425 1303
2237 2 2 1 16 1323 1427 1415
2238 2 2 1 16 1427 1422 1415
2239 2 2 1 16 1427 1325 1422
2240 2 2 1 16 1415 1422 1284
2241 2 2 1 16 1302 1428 1430
2242 2 2 1 16 1428 1429 1430
2243 2 2 1 16 1428 1325 1429
2244 2 2 1 16 1430 1429 1303
2245 2 2 1 16 1325 1428 1423
2246 2 2 1 16 1428 1373 1423
2247 2 2 1 16 1428 1302 1373
2248 2 2 1 16 1423 1373 1320
2249 2 2 1 16 1325 1427 1429
2250 2 2 1 16 1427 1426 1429
2251 2 2 1 16 1427 1323 1426
2252 2 2 1 16 1429 1426 1303
2253 2 2 1 16 1324 1431 1433
2254 2 2 1 16 1431 1432 1433
2255 2 2 1 16 1431 1295 1432
2256 2 2 1 16 1433 1432 1294
2257 2 2 1 16 1317 1434 1398
2258 2 2 1 16 1434 1435 1398
2259 2 2 1 16 1434 1285 1435
2260 2 2 1 16 1398 1435 1286
2261 2 2 1 16 1323 1414 1436
2262 2 2 1 16 1414 1434 1436
2263 2 2 1 16 1414 1285 1434
2264 2 2 1 16 1436 1434 1317
2265 2 2 1 16 1317 1402 1438
2266 2 2 1 16 1402 1437 1438
2267 2 2 1 16 1402 1305 1437
2268 2 2 1 16 1438 1437 1304
2269 2 2 1 16 1304 1424 1438
2270 2 2 1 16 1424 1436 1438
2271 2 2 1 16 1424 1323 1436
2272 2 2 1 16 1438 1436 1317
2273 2 2 1 16 1275 1418 1410
2274 2 2 1 16 1418 1439 1410
2275 2 2 1 16 1418 1324 1439
2276 2 2 1 16 1410 1439 1312
2277 2 2 1 16 1324 1433 1439
2278 2 2 1 16 1433 1412 1439
2279 2 2 1 16 1433 1294 1412
2280 2 2 1 16 1439 1412 1312
2281 2 2 1 16 1326 1440 1442
2282 2 2 1 16 1440 1441 1442
2283 2 2 1 16 1440 1276 1441
2284 2 2 1 16 1442 1441 1277
2285 2 2 1 16 1278 1443 1445
2286 2 2 1 16 1443 1444 1445
2287 2 2 1 16 1443 1327 1444
2288 2 2 1 16 1445 1444 1277
2289 2 2 1 16 1326 1446 1440
2290 2 2 1 16 1446 1417 1440
2291 2 2 1 16 1446 1324 1417
2292 2 2 1 16 1440 1417 1276
2293 2 2 1 16 1324 1446 1431
2294 2 2 1 16 1446 1447 1431
2295 2 2 1 16 1446 1326 1447
2296 2 2 1 16 1431 1447 1295
2297 2 2 1 16 1313 1448 1376
2298 2 2 1 16 1448 1443 1376
2299 2 2 1 16 1448 1327 1443
2300 2 2 1 16 1376 1443 1278
2301 2 2 1 16 1327 1448 1449
2302 2 2 1 16 1448 1379 1449
2303 2 2 1 16 1448 1313 1379
2304 2 2 1 16 1449 1379 1297
2305 2 2 1 16 1066 1450 1263
2306 2 2 1 16 1450 1451 1263
2307 2 2 1 16 1450 1328 1451
2308 2 2 1 16 1263 1451 1064
2309 2 2 1 16 1328 1452 1451
2310 2 2 1 16 1452 1453 1451
2311 2 2 1 16 1452 1290 1453
2312 2 2 1 16 1451 1453 1064
2313 2 2 1 16 1290 1452 1391
2314 2 2 1 16 1452 1454 1391
2315 2 2 1 16 1452 1328 1454
2316 2 2 1 16 1391 1454 1321
2317 2 2 1 16 1328 1450 1455
2318 2 2 1 16 1450 1269 1455
2319 2 2 1 16 1450 1066 1269
2320 2 2 1 16 1455 1269 1065
2321 2 2 1 16 1309 1456 1457
2322 2 2 1 16 1456 1455 1457
2323 2 2 1 16 1456 1328 1455
2324 2 2 1 16 1457 1455 1065
2325 2 2 1 16 1328 1456 1454
2326 2 2 1 16 1456 1393 1454
2327 2 2 1 16 1456 1309 1393
2328 2 2 1 16 1454 1393 1321
2329 2 2 1 16 1295 1447 1459
2330 2 2 1 16 1447 1458 1459
2331 2 2 1 16 1447 1326 1458
2332 2 2 1 16 1459 1458 1296
2333 2 2 1 16 1327 1449 1461
2334 2 2 1 16 1449 1460 1461
2335 2 2 1 16 1449 1297 1460
2336 2 2 1 16 1461 1460 1296
2337 2 2 1 16 1326 1462 1458
2338 2 2 1 16 1462 1461 1458
2339 2 2 1 16 1462 1327 1461
2340 2 2 1 16 1458 1461 1296
2341 2 2 1 16 1327 1462 1444
2342 2 2 1 16 1462 1442 1444
2343 2 2 1 16 1462 1326 1442
2344 2 2 1 16 1444 1442 1277
2345 2 2 1 16 1272 1463 1465
2346 2 2 1 16 1463 1464 1465
2347 2 2 1 16 1463 1329 1464
2348 2 2 1 16 1465 1464 801
2349 2 2 1 16 1329 1463 1466
2350 2 2 1 16 1463 1404 1466
2351 2 2 1 16 1463 1272 1404
2352 2 2 1 16 1466 1404 1310
2353 2 2 1 16 1329 1467 1464
2354 2 2 1 16 1467 1018 1464
2355 2 2 1 16 1467 1011 1018
2356 2 2 1 16 1464 1018 801
2357 2 2 1 16 1011 1467 1020
2358 2 2 1 16 1467 1468 1020
2359 2 2 1 16 1467 1329 1468
2360 2 2 1 16 1020 1468 1009
2361 2 2 1 16 1329 1469 1468
2362 2 2 1 16 1469 1470 1468
2363 2 2 1 16 1469 1291 1470
2364 2 2 1 16 1468 1470 1009
2365 2 2 1 16 1291 1469 1407
2366 2 2 1 16 1469 1466 1407
2367 2 2 1 16 1469 1329 1466
2368 2 2 1 16 1407 1466 1310
2369 2 2 1 17 1479 1498 1500
2370 2 2 1 17 1498 1499 1500
2371 2 2 1 17 1498 1493 1499
2372 2 2 1 17 1500 1499 1009
2373 2 2 1 17 1493 1501 1499
2374 2 2 1 17 1501 1023 1499
2375 2 2 1 17 1501 1012 1023
2376 2 2 1 17 1499 1023 1009
2377 2 2 1 17 1493 1498 1503
2378 2 2 1 17 1498 1502 1503
2379 2 2 1 17 1498 1479 1502
2380 2 2 1 17 1503 1502 1489
2381 2 2 1 17 1494 1504 1506
2382 2 2 1 17 1504 1505 1506
2383 2 2 1 17 1504 1486 1505
2384 2 2 1 17 1506 1505 12
2385 2 2 1 17 13 1507 15
2386 2 2 1 17 1507 1506 15
2387 2 2 1 17 1507 1494 1506
2388 2 2 1 17 15 1506 12
2389 2 2 1 17 1495 1508 1510
2390 2 2 1 17 1508 1509 1510
2391 2 2 1 17 1508 1471 1509
2392 2 2 1 17 1510 1509 1008
2393 2 2 1 17 1012 1511 1025
2394 2 2 1 17 1511 1510 1025
2395 2 2 1 17 1511 1495 1510
2396 2 2 1 17 1025 1510 1008
2397 2 2 1 17 1471 1508 1513
2398 2 2 1 17 1508 1512 1513
2399 2 2 1 17 1508 1495 1512
2400 2 2 1 17 1513 1512 1489
2401 2 2 1 17 1473 1514 1516
2402 2 2 1 17 1514 1515 1516
2403 2 2 1 17 1514 1490 1515
2404 2 2 1 17 1516 1515 1474
2405 2 2 1 17 1473 1517 1514
2406 2 2 1 17 1517 1518 1514
2407 2 2 1 17 1517 1487 1518
2408 2 2 1 17 1514 1518 1490
2409 2 2 1 17 1482 1519 1521
2410 2 2 1 17 1519 1520 1521
2411 2 2 1 17 1519 1490 1520
2412 2 2 1 17 1521 1520 1481
2413 2 2 1 17 1487 1522 1518
2414 2 2 1 17 1522 1520 1518
2415 2 2 1 17 1522 1481 1520
2416 2 2 1 17 1518 1520 1490
2417 2 2 1 17 1488 1523 1525
2418 2 2 1 17 1523 1524 1525
2419 2 2 1 17 1523 1473 1524
2420 2 2 1 17 1525 1524 1472
2421 2 2 1 17 1487 1517 1526
2422 2 2 1 17 1517 1523 1526
2423 2 2 1 17 1517 1473 1523
2424 2 2 1 17 1526 1523 1488
2425 2 2 1 17 1488 1527 1529
2426 2 2 1 17 1527 1528 1529
2427 2 2 1 17 1527 1480 1528
2428 2 2 1 17 1529 1528 1481
2429 2 2 1 17 1481 1522 1529
2430 2 2 1 17 1522 1526 1529
2431 2 2 1 17 1522 1487 1526
2432 2 2 1 17 1529 1526 1488
2433 2 2 1 17 1492 1530 1532
2434 2 2 1 17 1530 1531 1532
2435 2 2 1 17 1530 1476 1531
2436 2 2 1 17 1532 1531 1475
2437 2 2 1 17 1492 1533 1535
2438 2 2 1 17 1533 1534 1535
2439 2 2 1 17 1533 1483 1534
2440 2 2 1 17 1535 1534 1484
2441 2 2 1 17 1491 1536 1537
2442 2 2 1 17 1536 1533 1537
2443 2 2 1 17 1536 1483 1533
2444 2 2 1 17 1537 1533 1492
2445 2 2 1 17 1475 1538 1532
2446 2 2 1 17 1538 1537 1532
2447 2 2 1 17 1538 1491 1537
2448 2 2 1 17 1532 1537 1492
2449 2 2 1 17 1474 1539 1540
2450 2 2 1 17 1539 1538 1540
2451 2 2 1 17 1539 1491 1538
2452 2 2 1 17 1540 1538 1475
2453 2 2 1 17 1474 1515 1539
2454 2 2 1 17 1515 1541 1539
2455 2 2 1 17 1515 1490 1541
2456 2 2 1 17 1539 1541 1491
2457 2 2 1 17 1483 1536 1543
2458 2 2 1 17 1536 1542 1543
2459 2 2 1 17 1536 1491 1542
2460 2 2 1 17 1543 1542 1482
2461 2 2 1 17 1490 1519 1541
2462 2 2 1 17 1519 1542 1541
2463 2 2 1 17 1519 1482 1542
2464 2 2 1 17 1541 1542 1491
2465 2 2 1 17 1471 1513 1545
2466 2 2 1 17 1513 1544 1545
2467 2 2 1 17 1513 1489 1544
2468 2 2 1 17 1545 1544 1472
2469 2 2 1 17 1480 1546 1547
2470 2 2 1 17 1546 1502 1547
2471 2 2 1 17 1546 1489 1502
2472 2 2 1 17 1547 1502 1479
2473 2 2 1 17 1480 1527 1546
2474 2 2 1 17 1527 1548 1546
2475 2 2 1 17 1527 1488 1548
2476 2 2 1 17 1546 1548 1489
2477 2 2 1 17 1488 1525 1548
2478 2 2 1 17 1525 1544 1548
2479 2 2 1 17 1525 1472 1544
2480 2 2 1 17 1548 1544 1489
2481 2 2 1 17 1493 1549 1501
2482 2 2 1 17 1549 1511 1501
2483 2 2 1 17 1549 1495 1511
2484 2 2 1 17 1501 1511 1012
2485 2 2 1 17 1493 1503 1549
2486 2 2 1 17 1503 1512 1549
2487 2 2 1 17 1503 1489 1512
2488 2 2 1 17 1549 1512 1495
2489 2 2 1 17 1496 1550 1552
2490 2 2 1 17 1550 1551 1552
2491 2 2 1 17 1550 1478 1551
2492 2 2 1 17 1552 1551 1477
2493 2 2 1 17 1497 1553 1555
2494 2 2 1 17 1553 1554 1555
2495 2 2 1 17 1553 1484 1554
2496 2 2 1 17 1555 1554 1485
2497 2 2 1 17 1484 1553 1535
2498 2 2 1 17 1553 1556 1535
2499 2 2 1 17 1553 1497 1556
2500 2 2 1 17 1535 1556 1492
2501 2 2 1 17 1476 1557 1559
2502 2 2 1 17 1557 1558 1559
2503 2 2 1 17 1557 1497 1558
2504 2 2 1 17 1559 1558 1477
2505 2 2 1 17 1497 1557 1556
2506 2 2 1 17 1557 1530 1556
2507 2 2 1 17 1557 1476 1530
2508 2 2 1 17 1556 1530 1492
2509 2 2 1 17 1486 1560 1562
2510 2 2 1 17 1560 1561 1562
2511 2 2 1 17 1560 1496 1561
2512 2 2 1 17 1562 1561 1485
2513 2 2 1 17 1494 1563 1504
2514 2 2 1 17 1563 1560 1504
2515 2 2 1 17 1563 1496 1560
2516 2 2 1 17 1504 1560 1486
2517 2 2 1 17 1496 1564 1561
2518 2 2 1 17 1564 1555 1561
2519 2 2 1 17 1564 1497 1555
2520 2 2 1 17 1561 1555 1485
2521 2 2 1 17 1497 1564 1558
2522 2 2 1 17 1564 1552 1558
2523 2 2 1 17 1564 1496 1552
2524 2 2 1 17 1558 1552 1477
2525 2 2 1 17 1494 1565 1563
2526 2 2 1 17 1565 1550 1563
2527 2 2 1 17 1565 1478 1550
2528 2 2 1 17 1563 1550 1496
2529 2 2 1 17 1494 1566 1565
2530 2 2 1 17 1566 1567 1565
2531 2 2 1 17 1566 11 1567
2532 2 2 1 17 1565 1567 1478
2533 2 2 1 17 13 14 1507
2534 2 2 1 17 14 1566 1507
2535 2 2 1 17 14 11 1566
2536 2 2 1 17 1507 1566 1494
2537 2 2 1 18 1576 1595 1597
2538 2 2 1 18 1595 1596 1597
2539 2 2 1 18 1595 1590 1596
2540 2 2 1 18 1597 1596 1037
2541 2 2 1 18 1590 1598 1596
2542 2 2 1 18 1598 1051 1596
2543 2 2 1 18 1598 1040 1051
2544 2 2 1 18 1596 1051 1037
2545 2 2 1 18 1590 1595 1600
2546 2 2 1 18 1595 1599 1600
2547 2 2 1 18 1595 1576 1599
2548 2 2 1 18 1600 1599 1586
2549 2 2 1 18 1591 1601 1603
2550 2 2 1 18 1601 1602 1603
2551 2 2 1 18 1601 1583 1602
2552 2 2 1 18 1603 1602 17
2553 2 2 1 18 18 1604 20
2554 2 2 1 18 1604 1603 20
2555 2 2 1 18 1604 1591 1603
2556 2 2 1 18 20 1603 17
2557 2 2 1 18 1592 1605 1607
2558 2 2 1 18 1605 1606 1607
2559 2 2 1 18 1605 1568 1606
2560 2 2 1 18 1607 1606 1036
2561 2 2 1 18 1040 1608 1053
2562 2 2 1 18 1608 1607 1053
2563 2 2 1 18 1608 1592 1607
2564 2 2 1 18 1053 1607 1036
2565 2 2 1 18 1568 1605 1610
2566 2 2 1 18 1605 1609 1610
2567 2 2 1 18 1605 1592 1609
2568 2 2 1 18 1610 1609 1586
2569 2 2 1 18 1570 1611 1613
2570 2 2 1 18 1611 1612 1613
2571 2 2 1 18 1611 1587 1612
2572 2 2 1 18 1613 1612 1571
2573 2 2 1 18 1570 1614 1611
2574 2 2 1 18 1614 1615 1611
2575 2 2 1 18 1614 1584 1615
2576 2 2 1 18 1611 1615 1587
2577 2 2 1 18 1579 1616 1618
2578 2 2 1 18 1616 1617 1618
2579 2 2 1 18 1616 1587 1617
2580 2 2 1 18 1618 1617 1578
2581 2 2 1 18 1584 1619 1615
2582 2 2 1 18 1619 1617 1615
2583 2 2 1 18 1619 1578 1617
2584 2 2 1 18 1615 1617 1587
2585 2 2 1 18 1585 1620 1622
2586 2 2 1 18 1620 1621 1622
2587 2 2 1 18 1620 1570 1621
2588 2 2 1 18 1622 1621 1569
2589 2 2 1 18 1584 1614 1623
2590 2 2 1 18 1614 1620 1623
2591 2 2 1 18 1614 1570 1620
2592 2 2 1 18 1623 1620 1585
2593 2 2 1 18 1585 1624 1626
2594 2 2 1 18 1624 1625 1626
2595 2 2 1 18 1624 1577 1625
2596 2 2 1 18 1626 1625 1578
2597 2 2 1 18 1578 1619 1626
2598 2 2 1 18 1619 1623 1626
2599 2 2 1 18 1619 1584 1623
2600 2 2 1 18 1626 1623 1585
2601 2 2 1 18 1572 1627 1629
2602 2 2 1 18 1627 1628 1629
2603 2 2 1 18 1627 1589 1628
2604 2 2 1 18 1629 1628 1573
2605 2 2 1 18 1572 1630 1627
2606 2 2 1 18 1630 1631 1627
2607 2 2 1 18 1630 1588 1631
2608 2 2 1 18 1627 1631 1589
2609 2 2 1 18 1581 1632 1634
2610 2 2 1 18 1632 1633 1634
2611 2 2 1 18 1632 1589 1633
2612 2 2 1 18 1634 1633 1580
2613 2 2 1 18 1588 1635 1631
2614 2 2 1 18 1635 1633 1631
2615 2 2 1 18 1635 1580 1633
2616 2 2 1 18 1631 1633 1589
2617 2 2 1 18 1571 1636 1637
2618 2 2 1 18 1636 1630 1637
2619 2 2 1 18 1636 1588 1630
2620 2 2 1 18 1637 1630 1572
2621 2 2 1 18 1571 1612 1636
2622 2 2 1 18 1612 1638 1636
2623 2 2 1 18 1612 1587 1638
2624 2 2 1 18 1636 1638 1588
2625 2 2 1 18 1580 1635 1640
2626 2 2 1 18 1635 1639 1640
2627 2 2 1 18 1635 1588 1639
2628 2 2 1 18 1640 1639 1579
2629 2 2 1 18 1587 1616 1638
2630 2 2 1 18 1616 1639 1638
2631 2 2 1 18 1616 1579 1639
2632 2 2 1 18 1638 1639 1588
2633 2 2 1 18 1568 1610 1642
2634 2 2 1 18 1610 1641 1642
2635 2 2 1 18 1610 1586 1641
2636 2 2 1 18 1642 1641 1569
2637 2 2 1 18 1577 1643 1644
2638 2 2 1 18 1643 1599 1644
2639 2 2 1 18 1643 1586 1599
2640 2 2 1 18 1644 1599 1576
2641 2 2 1 18 1577 1624 1643
2642 2 2 1 18 1624 1645 1643
2643 2 2 1 18 1624 1585 1645
2644 2 2 1 18 1643 1645 1586
2645 2 2 1 18 1585 1622 1645
2646 2 2 1 18 1622 1641 1645
2647 2 2 1 18 1622 1569 1641
2648 2 2 1 18 1645 1641 1586
2649 2 2 1 18 1590 1646 1598
2650 2 2 1 18 1646 1608 1598
2651 2 2 1 18 1646 1592 1608
2652 2 2 1 18 1598 1608 1040
2653 2 2 1 18 1590 1600 1646
2654 2 2 1 18 1600 1609 1646
2655 2 2 1 18 1600 1586 1609
2656 2 2 1 18 1646 1609 1592
2657 2 2 1 18 1593 1647 1649
2658 2 2 1 18 1647 1648 1649
2659 2 2 1 18 1647 1575 1648
2660 2 2 1 18 1649 1648 1574
2661 2 2 1 18 1594 1650 1652
2662 2 2 1 18 1650 1651 1652
2663 2 2 1 18 1650 1581 1651
2664 2 2 1 18 1652 1651 1582
2665 2 2 1 18 1581 1650 1632
2666 2 2 1 18 1650 1653 1632
2667 2 2 1 18 1650 1594 1653
2668 2 2 1 18 1632 1653 1589
2669 2 2 1 18 1573 1654 1656
2670 2 2 1 18 1654 1655 1656
2671 2 2 1 18 1654 1594 1655
2672 2 2 1 18 1656 1655 1574
2673 2 2 1 18 1594 1654 1653
2674 2 2 1 18 1654 1628 1653
2675 2 2 1 18 1654 1573 1628
2676 2 2 1 18 1653 1628 1589
2677 2 2 1 18 1583 1657 1659
2678 2 2 1 18 1657 1658 1659
2679 2 2 1 18 1657 1593 1658
2680 2 2 1 18 1659 1658 1582
2681 2 2 1 18 1591 1660 1601
2682 2 2 1 18 1660 1657 1601
2683 2 2 1 18 1660 1593 1657
2684 2 2 1 18 1601 1657 1583
2685 2 2 1 18 1593 1661 1658
2686 2 2 1 18 1661 1652 1658
2687 2 2 1 18 1661 1594 1652
2688 2 2 1 18 1658 1652 1582
2689 2 2 1 18 1594 1661 1655
2690 2 2 1 18 1661 1649 1655
2691 2 2 1 18 1661 1593 1649
2692 2 2 1 18 1655 1649 1574
2693 2 2 1 18 1591 1662 1660
2694 2 2 1 18 1662 1647 1660
2695 2 2 1 18 1662 1575 1647
2696 2 2 1 18 1660 1647 1593
2697 2 2 1 18 1591 1663 1662
2698 2 2 1 18 1663 1664 1662
2699 2 2 1 18 1663 16 1664
2700 2 2 1 18 1662 1664 1575
2701 2 2 1 18 18 19 1604
2702 2 2 1 18 19 1663 1604
2703 2 2 1 18 19 16 1663
2704 2 2 1 18 1604 1663 1591
2705 2 2 1 19 1686 1696 1698
2706 2 2 1 19 1696 1697 1698
2707 2 2 1 19 1696 1670 1697
2708 2 2 1 19 1698 1697 1669
2709 2 2 1 19 1686 1699 1701
2710 2 2 1 19 1699 1700 1701
2711 2 2 1 19 1699 1677 1700
2712 2 2 1 19 1701 1700 1678
2713 2 2 1 19 1684 1702 1703
2714 2 2 1 19 1702 1699 1703
2715 2 2 1 19 1702 1677 1699
2716 2 2 1 19 1703 1699 1686
2717 2 2 1 19 1669 1704 1698
2718 2 2 1 19 1704 1703 1698
2719 2 2 1 19 1704 1684 1703
2720 2 2 1 19 1698 1703 1686
2721 2 2 1 19 1670 1705 1707
2722 2 2 1 19 1705 1706 1707
2723 2 2 1 19 1705 1688 1706
2724 2 2 1 19 1707 1706 1671
2725 2 2 1 19 1670 1696 1705
2726 2 2 1 19 1696 1708 1705
2727 2 2 1 19 1696 1686 1708
2728 2 2 1 19 1705 1708 1688
2729 2 2 1 19 1679 1709 1711
2730 2 2 1 19 1709 1710 1711
2731 2 2 1 19 1709 1688 1710
2732 2 2 1 19 1711 1710 1678
2733 2 2 1 19 1686 1701 1708
2734 2 2 1 19 1701 1710 1708
2735 2 2 1 19 1701 1678 1710
2736 2 2 1 19 1708 1710 1688
2737 2 2 1 19 1685 1712 1714
2738 2 2 1 19 1712 1713 1714
2739 2 2 1 19 1712 1668 1713
2740 2 2 1 19 1714 1713 1667
2741 2 2 1 19 1685 1715 1717
2742 2 2 1 19 1715 1716 1717
2743 2 2 1 19 1715 1675 1716
2744 2 2 1 19 1717 1716 1676
2745 2 2 1 19 1687 1718 1720
2746 2 2 1 19 1718 1719 1720
2747 2 2 1 19 1718 1674 1719
2748 2 2 1 19 1720 1719 1673
2749 2 2 1 19 1687 1721 1723
2750 2 2 1 19 1721 1722 1723
2751 2 2 1 19 1721 1681 1722
2752 2 2 1 19 1723 1722 1682
2753 2 2 1 19 1668 1724 1725
2754 2 2 1 19 1724 1704 1725
2755 2 2 1 19 1724 1684 1704
2756 2 2 1 19 1725 1704 1669
2757 2 2 1 19 1668 1712 1724
2758 2 2 1 19 1712 1726 1724
2759 2 2 1 19 1712 1685 1726
2760 2 2 1 19 1724 1726 1684
2761 2 2 1 19 1677 1702 1728
2762 2 2 1 19 1702 1727 1728
2763 2 2 1 19 1702 1684 1727
2764 2 2 1 19 1728 1727 1676
2765 2 2 1 19 1685 1717 1726
2766 2 2 1 19 1717 1727 1726
2767 2 2 1 19 1717 1676 1727
2768 2 2 1 19 1726 1727 1684
2769 2 2 1 19 1681 1729 1731
2770 2 2 1 19 1729 1730 1731
2771 2 2 1 19 1729 1689 1730
2772 2 2 1 19 1731 1730 1680
2773 2 2 1 19 1689 1729 1732
2774 2 2 1 19 1729 1721 1732
2775 2 2 1 19 1729 1681 1721
2776 2 2 1 19 1732 1721 1687
2777 2 2 1 19 1690 1733 1735
2778 2 2 1 19 1733 1734 1735
2779 2 2 1 19 1733 1673 1734
2780 2 2 1 19 1735 1734 1672
2781 2 2 1 19 1673 1733 1720
2782 2 2 1 19 1733 1736 1720
2783 2 2 1 19 1733 1690 1736
2784 2 2 1 19 1720 1736 1687
2785 2 2 1 19 1691 1737 1739
2786 2 2 1 19 1737 1738 1739
2787 2 2 1 19 1737 1679 1738
2788 2 2 1 19 1739 1738 1680
2789 2 2 1 19 1679 1737 1709
2790 2 2 1 19 1737 1740 1709
2791 2 2 1 19 1737 1691 1740
2792 2 2 1 19 1709 1740 1688
2793 2 2 1 19 1671 1741 1743
2794 2 2 1 19 1741 1742 1743
2795 2 2 1 19 1741 1692 1742
2796 2 2 1 19 1743 1742 1672
2797 2 2 1 19 1692 1741 1744
2798 2 2 1 19 1741 1706 1744
2799 2 2 1 19 1741 1671 1706
2800 2 2 1 19 1744 1706 1688
2801 2 2 1 19 1692 1745 1742
2802 2 2 1 19 1745 1735 1742
2803 2 2 1 19 1745 1690 1735
2804 2 2 1 19 1742 1735 1672
2805 2 2 1 19 1689 1746 1730
2806 2 2 1 19 1746 1739 1730
2807 2 2 1 19 1746 1691 1739
2808 2 2 1 19 1730 1739 1680
2809 2 2 1 19 1690 1747 1736
2810 2 2 1 19 1747 1732 1736
2811 2 2 1 19 1747 1689 1732
2812 2 2 1 19 1736 1732 1687
2813 2 2 1 19 1691 1748 1740
2814 2 2 1 19 1748 1744 1740
2815 2 2 1 19 1748 1692 1744
2816 2 2 1 19 1740 1744 1688
2817 2 2 1 19 1691 1746 1749
2818 2 2 1 19 1746 1747 1749
2819 2 2 1 19 1746 1689 1747
2820 2 2 1 19 1749 1747 1690
2821 2 2 1 19 1691 1749 1748
2822 2 2 1 19 1749 1745 1748
2823 2 2 1 19 1749 1690 1745
2824 2 2 1 19 1748 1745 1692
2825 2 2 1 19 1693 1750 1752
2826 2 2 1 19 1750 1751 1752
2827 2 2 1 19 1750 1682 1751
2828 2 2 1 19 1752 1751 1666
2829 2 2 1 19 1683 1753 1754
2830 2 2 1 19 1753 1752 1754
2831 2 2 1 19 1753 1693 1752
2832 2 2 1 19 1754 1752 1666
2833 2 2 1 19 1674 1755 1757
2834 2 2 1 19 1755 1756 1757
2835 2 2 1 19 1755 1694 1756
2836 2 2 1 19 1757 1756 1665
2837 2 2 1 19 1694 1758 1756
2838 2 2 1 19 1758 1759 1756
2839 2 2 1 19 1758 1683 1759
2840 2 2 1 19 1756 1759 1665
2841 2 2 1 19 1695 1760 1761
2842 2 2 1 19 1760 1715 1761
2843 2 2 1 19 1760 1675 1715
2844 2 2 1 19 1761 1715 1685
2845 2 2 1 19 1667 1762 1714
2846 2 2 1 19 1762 1761 1714
2847 2 2 1 19 1762 1695 1761
2848 2 2 1 19 1714 1761 1685
2849 2 2 1 19 13 1763 14
2850 2 2 1 19 1763 1764 14
2851 2 2 1 19 1763 1695 1764
2852 2 2 1 19 14 1764 11
2853 2 2 1 19 1695 1762 1764
2854 2 2 1 19 1762 1765 1764
2855 2 2 1 19 1762 1667 1765
2856 2 2 1 19 1764 1765 11
2857 2 2 1 19 1695 1763 1766
2858 2 2 1 19 1763 15 1766
2859 2 2 1 19 1763 13 15
2860 2 2 1 19 1766 15 12
2861 2 2 1 19 1675 1760 1767
2862 2 2 1 19 1760 1766 1767
2863 2 2 1 19 1760 1695 1766
2864 2 2 1 19 1767 1766 12
2865 2 2 1 19 1683 1758 1753
2866 2 2 1 19 1758 1768 1753
2867 2 2 1 19 1758 1694 1768
2868 2 2 1 19 1753 1768 1693
2869 2 2 1 19 1693 1769 1750
2870 2 2 1 19 1769 1723 1750
2871 2 2 1 19 1769 1687 1723
2872 2 2 1 19 1750 1723 1682
2873 2 2 1 19 1687 1769 1718
2874 2 2 1 19 1769 1770 1718
2875 2 2 1 19 1769 1693 1770
2876 2 2 1 19 1718 1770 1674
2877 2 2 1 19 1694 1755 1768
2878 2 2 1 19 1755 1770 1768
2879 2 2 1 19 1755 1674 1770
2880 2 2 1 19 1768 1770 1693
2881 2 2 1 20 1792 1799 1801
2882 2 2 1 20 1799 1800 1801
2883 2 2 1 20 1799 1776 1800
2884 2 2 1 20 1801 1800 1775
2885 2 2 1 20 1792 1802 1804
2886 2 2 1 20 1802 1803 1804
2887 2 2 1 20 1802 1783 1803
2888 2 2 1 20 1804 1803 1784
2889 2 2 1 20 1790 1805 1806
2890 2 2 1 20 1805 1802 1806
2891 2 2 1 20 1805 1783 1802
2892 2 2 1 20 1806 1802 1792
2893 2 2 1 20 1775 1807 1801
2894 2 2 1 20 1807 1806 1801
2895 2 2 1 20 1807 1790 1806
2896 2 2 1 20 1801 1806 1792
2897 2 2 1 20 1776 1808 1810
2898 2 2 1 20 1808 1809 1810
2899 2 2 1 20 1808 1794 1809
2900 2 2 1 20 1810 1809 1777
2901 2 2 1 20 1776 1799 1808
2902 2 2 1 20 1799 1811 1808
2903 2 2 1 20 1799 1792 1811
2904 2 2 1 20 1808 1811 1794
2905 2 2 1 20 1785 1812 1814
2906 2 2 1 20 1812 1813 1814
2907 2 2 1 20 1812 1794 1813
2908 2 2 1 20 1814 1813 1784
2909 2 2 1 20 1792 1804 1811
2910 2 2 1 20 1804 1813 1811
2911 2 2 1 20 1804 1784 1813
2912 2 2 1 20 1811 1813 1794
2913 2 2 1 20 1791 1815 1817
2914 2 2 1 20 1815 1816 1817
2915 2 2 1 20 1815 1774 1816
2916 2 2 1 20 1817 1816 1773
2917 2 2 1 20 1791 1818 1820
2918 2 2 1 20 1818 1819 1820
2919 2 2 1 20 1818 1781 1819
2920 2 2 1 20 1820 1819 1782
2921 2 2 1 20 1793 1821 1823
2922 2 2 1 20 1821 1822 1823
2923 2 2 1 20 1821 1780 1822
2924 2 2 1 20 1823 1822 1779
2925 2 2 1 20 1793 1824 1826
2926 2 2 1 20 1824 1825 1826
2927 2 2 1 20 1824 1787 1825
2928 2 2 1 20 1826 1825 1788
2929 2 2 1 20 1774 1827 1828
2930 2 2 1 20 1827 1807 1828
2931 2 2 1 20 1827 1790 1807
2932 2 2 1 20 1828 1807 1775
2933 2 2 1 20 1774 1815 1827
2934 2 2 1 20 1815 1829 1827
2935 2 2 1 20 1815 1791 1829
2936 2 2 1 20 1827 1829 1790
2937 2 2 1 20 1783 1805 1831
2938 2 2 1 20 1805 1830 1831
2939 2 2 1 20 1805 1790 1830
2940 2 2 1 20 1831 1830 1782
2941 2 2 1 20 1791 1820 1829
2942 2 2 1 20 1820 1830 1829
2943 2 2 1 20 1820 1782 1830
2944 2 2 1 20 1829 1830 1790
2945 2 2 1 20 1787 1832 1834
2946 2 2 1 20 1832 1833 1834
2947 2 2 1 20 1832 1796 1833
2948 2 2 1 20 1834 1833 1786
2949 2 2 1 20 1796 1832 1835
2950 2 2 1 20 1832 1824 1835
2951 2 2 1 20 1832 1787 1824
2952 2 2 1 20 1835 1824 1793
2953 2 2 1 20 1795 1836 1838
2954 2 2 1 20 1836 1837 1838
2955 2 2 1 20 1836 1785 1837
2956 2 2 1 20 1838 1837 1786
2957 2 2 1 20 1785 1836 1812
2958 2 2 1 20 1836 1839 1812
2959 2 2 1 20 1836 1795 1839
2960 2 2 1 20 1812 1839 1794
2961 2 2 1 20 1777 1840 1842
2962 2 2 1 20 1840 1841 1842
2963 2 2 1 20 1840 1795 1841
2964 2 2 1 20 1842 1841 1778
2965 2 2 1 20 1795 1840 1839
2966 2 2 1 20 1840 1809 1839
2967 2 2 1 20 1840 1777 1809
2968 2 2 1 20 1839 1809 1794
2969 2 2 1 20 1796 1843 1845
2970 2 2 1 20 1843 1844 1845
2971 2 2 1 20 1843 1779 1844
2972 2 2 1 20 1845 1844 1778
2973 2 2 1 20 1779 1843 1823
2974 2 2 1 20 1843 1835 1823
2975 2 2 1 20 1843 1796 1835
2976 2 2 1 20 1823 1835 1793
2977 2 2 1 20 1796 1845 1846
2978 2 2 1 20 1845 1841 1846
2979 2 2 1 20 1845 1778 1841
2980 2 2 1 20 1846 1841 1795
2981 2 2 1 20 1786 1833 1838
2982 2 2 1 20 1833 1846 1838
2983 2 2 1 20 1833 1796 1846
2984 2 2 1 20 1838 1846 1795
2985 2 2 1 20 1797 1847 1849
2986 2 2 1 20 1847 1848 1849
2987 2 2 1 20 1847 1788 1848
2988 2 2 1 20 1849 1848 1772
2989 2 2 1 20 1789 1850 1851
2990 2 2 1 20 1850 1849 1851
2991 2 2 1 20 1850 1797 1849
2992 2 2 1 20 1851 1849 1772
2993 2 2 1 20 1797 1852 1847
2994 2 2 1 20 1852 1826 1847
2995 2 2 1 20 1852 1793 1826
2996 2 2 1 20 1847 1826 1788
2997 2 2 1 20 1780 1853 1855
2998 2 2 1 20 1853 1854 1855
2999 2 2 1 20 1853 1797 1854
3000 2 2 1 20 1855 1854 1771
3001 2 2 1 20 1797 1853 1852
3002 2 2 1 20 1853 1821 1852
3003 2 2 1 20 1853 1780 1821
3004 2 2 1 20 1852 1821 1793
3005 2 2 1 20 1797 1850 1854
3006 2 2 1 20 1850 1856 1854
3007 2 2 1 20 1850 1789 1856
3008 2 2 1 20 1854 1856 1771
3009 2 2 1 20 1798 1857 1858
3010 2 2 1 20 1857 1818 1858
3011 2 2 1 20 1857 1781 1818
3012 2 2 1 20 1858 1818 1791
3013 2 2 1 20 1773 1859 1817
3014 2 2 1 20 1859 1858 1817
3015 2 2 1 20 1859 1798 1858
3016 2 2 1 20 1817 1858 1791
3017 2 2 1 20 18 1860 19
3018 2 2 1 20 1860 1861 19
3019 2 2 1 20 1860 1798 1861
3020 2 2 1 20 19 1861 16
3021 2 2 1 20 1798 1859 1861
3022 2 2 1 20 1859 1862 1861
3023 2 2 1 20 1859 1773 1862
3024 2 2 1 20 1861 1862 16
3025 2 2 1 20 1798 1860 1863
3026 2 2 1 20 1860 20 1863
3027 2 2 1 20 1860 18 20
3028 2 2 1 20 1863 20 17
3029 2 2 1 20 1781 1857 1864
3030 2 2 1 20 1857 1863 1864
3031 2 2 1 20 1857 1798 1863
3032 2 2 1 20 1864 1863 17
3033 2 2 1 21 1871 1875 1877
3034 2 2 1 21 1875 1876 1877
3035 2 2 1 21 1875 1868 1876
3036 2 2 1 21 1877 1876 1866
3037 2 2 1 21 1869 1878 1879
3038 2 2 1 21 1878 1877 1879
3039 2 2 1 21 1878 1871 1877
3040 2 2 1 21 1879 1877 1866
3041 2 2 1 21 1868 1875 1881
3042 2 2 1 21 1875 1880 1881
3043 2 2 1 21 1875 1871 1880
3044 2 2 1 21 1881 1880 1870
3045 2 2 1 21 1868 1882 1884
3046 2 2 1 21 1882 1883 1884
3047 2 2 1 21 1882 1872 1883
3048 2 2 1 21 1884 1883 1666
3049 2 2 1 21 1872 1885 1883
3050 2 2 1 21 1885 1754 1883
3051 2 2 1 21 1885 1683 1754
3052 2 2 1 21 1883 1754 1666
3053 2 2 1 21 1872 1882 1886
3054 2 2 1 21 1882 1881 1886
3055 2 2 1 21 1882 1868 1881
3056 2 2 1 21 1886 1881 1870
3057 2 2 1 21 1867 1887 1889
3058 2 2 1 21 1887 1888 1889
3059 2 2 1 21 1887 1873 1888
3060 2 2 1 21 1889 1888 1865
3061 2 2 1 21 1873 1890 1888
3062 2 2 1 21 1890 1891 1888
3063 2 2 1 21 1890 1869 1891
3064 2 2 1 21 1888 1891 1865
3065 2 2 1 21 1873 1887 1893
3066 2 2 1 21 1887 1892 1893
3067 2 2 1 21 1887 1867 1892
3068 2 2 1 21 1893 1892 1870
3069 2 2 1 21 1874 1894 1896
3070 2 2 1 21 1894 1895 1896
3071 2 2 1 21 1894 1867 1895
3072 2 2 1 21 1896 1895 1665
3073 2 2 1 21 1683 1897 1759
3074 2 2 1 21 1897 1896 1759
3075 2 2 1 21 1897 1874 1896
3076 2 2 1 21 1759 1896 1665
3077 2 2 1 21 1867 1894 1892
3078 2 2 1 21 1894 1898 1892
3079 2 2 1 21 1894 1874 1898
3080 2 2 1 21 1892 1898 1870
3081 2 2 1 21 1872 1899 1885
3082 2 2 1 21 1899 1897 1885
3083 2 2 1 21 1899 1874 1897
3084 2 2 1 21 1885 1897 1683
3085 2 2 1 21 1872 1886 1899
3086 2 2 1 21 1886 1898 1899
3087 2 2 1 21 1886 1870 1898
3088 2 2 1 21 1899 1898 1874
3089 2 2 1 21 1873 1900 1890
3090 2 2 1 21 1900 1878 1890
3091 2 2 1 21 1900 1871 1878
3092 2 2 1 21 1890 1878 1869
3093 2 2 1 21 1870 1880 1893
3094 2 2 1 21 1880 1900 1893
3095 2 2 1 21 1880 1871 1900
3096 2 2 1 21 1893 1900 1873
3097 2 2 1 22 1907 1911 1913
3098 2 2 1 22 1911 1912 1913
3099 2 2 1 22 1911 1904 1912
3100 2 2 1 22 1913 1912 1902
3101 2 2 1 22 1905 1914 1915
3102 2 2 1 22 1914 1913 1915
3103 2 2 1 22 1914 1907 1913
3104 2 2 1 22 1915 1913 1902
3105 2 2 1 22 1904 1911 1917
3106 2 2 1 22 1911 1916 1917
3107 2 2 1 22 1911 1907 1916
3108 2 2 1 22 1917 1916 1906
3109 2 2 1 22 1904 1918 1920
3110 2 2 1 22 1918 1919 1920
3111 2 2 1 22 1918 1908 1919
3112 2 2 1 22 1920 1919 1772
3113 2 2 1 22 1908 1921 1919
3114 2 2 1 22 1921 1851 1919
3115 2 2 1 22 1921 1789 1851
3116 2 2 1 22 1919 1851 1772
3117 2 2 1 22 1908 1918 1922
3118 2 2 1 22 1918 1917 1922
3119 2 2 1 22 1918 1904 1917
3120 2 2 1 22 1922 1917 1906
3121 2 2 1 22 1903 1923 1925
3122 2 2 1 22 1923 1924 1925
3123 2 2 1 22 1923 1909 1924
3124 2 2 1 22 1925 1924 1901
3125 2 2 1 22 1909 1926 1924
3126 2 2 1 22 1926 1927 1924
3127 2 2 1 22 1926 1905 1927
3128 2 2 1 22 1924 1927 1901
3129 2 2 1 22 1909 1923 1929
3130 2 2 1 22 1923 1928 1929
3131 2 2 1 22 1923 1903 1928
3132 2 2 1 22 1929 1928 1906
3133 2 2 1 22 1910 1930 1932
3134 2 2 1 22 1930 1931 1932
3135 2 2 1 22 1930 1903 1931
3136 2 2 1 22 1932 1931 1771
3137 2 2 1 22 1789 1933 1856
3138 2 2 1 22 1933 1932 1856
3139 2 2 1 22 1933 1910 1932
3140 2 2 1 22 1856 1932 1771
3141 2 2 1 22 1903 1930 1928
3142 2 2 1 22 1930 1934 1928
3143 2 2 1 22 1930 1910 1934
3144 2 2 1 22 1928 1934 1906
3145 2 2 1 22 1909 1935 1926
3146 2 2 1 22 1935 1914 1926
3147 2 2 1 22 1935 1907 1914
3148 2 2 1 22 1926 1914 1905
3149 2 2 1 22 1906 1916 1929
3150 2 2 1 22 1916 1935 1929
3151 2 2 1 22 1916 1907 1935
3152 2 2 1 22 1929 1935 1909
3153 2 2 1 22 1908 1936 1921
3154 2 2 1 22 1936 1933 1921
3155 2 2 1 22 1936 1910 1933
3156 2 2 1 22 1921 1933 1789
3157 2 2 1 22 1908 1922 1936
3158 2 2 1 22 1922 1934 1936
3159 2 2 1 22 1922 1906 1934
3160 2 2 1 22 1936 1934 1910
3161 2 2 1 23 1939 2000 2002
3162 2 2 1 23 2000 2001 2002
3163 2 2 1 23 2000 1991 2001
3164 2 2 1 23 2002 2001 1938
3165 2 2 1 23 1959 2003 2005
3166 2 2 1 23 2003 2004 2005
3167 2 2 1 23 2003 1991 2004
3168 2 2 1 23 2005 2004 1983
3169 2 2 1 23 1991 2003 2001
3170 2 2 1 23 2003 2006 2001
3171 2 2 1 23 2003 1959 2006
3172 2 2 1 23 2001 2006 1938
3173 2 2 1 23 1992 2007 2009
3174 2 2 1 23 2007 2008 2009
3175 2 2 1 23 2007 1939 2008
3176 2 2 1 23 2009 2008 1937
3177 2 2 1 23 1992 2010 2012
3178 2 2 1 23 2010 2011 2012
3179 2 2 1 23 2010 1940 2011
3180 2 2 1 23 2012 2011 1983
3181 2 2 1 23 1940 2010 2013
3182 2 2 1 23 2010 2009 2013
3183 2 2 1 23 2010 1992 2009
3184 2 2 1 23 2013 2009 1937
3185 2 2 1 23 1985 2014 2016
3186 2 2 1 23 2014 2015 2016
3187 2 2 1 23 2014 1948 2015
3188 2 2 1 23 2016 2015 1949
3189 2 2 1 23 1981 2017 2018
3190 2 2 1 23 2017 2014 2018
3191 2 2 1 23 2017 1948 2014
3192 2 2 1 23 2018 2014 1985
3193 2 2 1 23 1985 2019 2021
3194 2 2 1 23 2019 2020 2021
3195 2 2 1 23 2019 1968 2020
3196 2 2 1 23 2021 2020 1967
3197 2 2 1 23 1967 2022 2021
3198 2 2 1 23 2022 2018 2021
3199 2 2 1 23 2022 1981 2018
3200 2 2 1 23 2021 2018 1985
3201 2 2 1 23 1982 2023 2025
3202 2 2 1 23 2023 2024 2025
3203 2 2 1 23 2023 1942 2024
3204 2 2 1 23 2025 2024 1943
3205 2 2 1 23 1982 2026 2028
3206 2 2 1 23 2026 2027 2028
3207 2 2 1 23 2026 1962 2027
3208 2 2 1 23 2028 2027 1961
3209 2 2 1 23 1987 2029 2031
3210 2 2 1 23 2029 2030 2031
3211 2 2 1 23 2029 1955 2030
3212 2 2 1 23 2031 2030 1956
3213 2 2 1 23 1987 2032 2034
3214 2 2 1 23 2032 2033 2034
3215 2 2 1 23 2032 1975 2033
3216 2 2 1 23 2034 2033 1974
3217 2 2 1 23 1979 2035 2037
3218 2 2 1 23 2035 2036 2037
3219 2 2 1 23 2035 1946 2036
3220 2 2 1 23 2037 2036 1947
3221 2 2 1 23 1979 2038 2040
3222 2 2 1 23 2038 2039 2040
3223 2 2 1 23 2038 1966 2039
3224 2 2 1 23 2040 2039 1965
3225 2 2 1 23 1942 2041 2043
3226 2 2 1 23 2041 2042 2043
3227 2 2 1 23 2041 1984 2042
3228 2 2 1 23 2043 2042 1941
3229 2 2 1 23 1942 2023 2041
3230 2 2 1 23 2023 2044 2041
3231 2 2 1 23 2023 1982 2044
3232 2 2 1 23 2041 2044 1984
3233 2 2 1 23 1960 2045 2047
3234 2 2 1 23 2045 2046 2047
3235 2 2 1 23 2045 1984 2046
3236 2 2 1 23 2047 2046 1961
3237 2 2 1 23 1982 2028 2044
3238 2 2 1 23 2028 2046 2044
3239 2 2 1 23 2028 1961 2046
3240 2 2 1 23 2044 2046 1984
3241 2 2 1 23 1986 2048 2050
3242 2 2 1 23 2048 2049 2050
3243 2 2 1 23 2048 1949 2049
3244 2 2 1 23 2050 2049 1950
3245 2 2 1 23 1985 2016 2051
3246 2 2 1 23 2016 2048 2051
3247 2 2 1 23 2016 1949 2048
3248 2 2 1 23 2051 2048 1986
3249 2 2 1 23 1986 2052 2054
3250 2 2 1 23 2052 2053 2054
3251 2 2 1 23 2052 1969 2053
3252 2 2 1 23 2054 2053 1968
3253 2 2 1 23 1968 2019 2054
3254 2 2 1 23 2019 2051 2054
3255 2 2 1 23 2019 1985 2051
3256 2 2 1 23 2054 2051 1986
3257 2 2 1 23 1981 2055 2017
3258 2 2 1 23 2055 2056 2017
3259 2 2 1 23 2055 1947 2056
3260 2 2 1 23 2017 2056 1948
3261 2 2 1 23 1981 2022 2058
3262 2 2 1 23 2022 2057 2058
3263 2 2 1 23 2022 1967 2057
3264 2 2 1 23 2058 2057 1966
3265 2 2 1 23 1990 2059 2061
3266 2 2 1 23 2059 2060 2061
3267 2 2 1 23 2059 1956 2060
3268 2 2 1 23 2061 2060 1957
3269 2 2 1 23 1987 2031 2062
3270 2 2 1 23 2031 2059 2062
3271 2 2 1 23 2031 1956 2059
3272 2 2 1 23 2062 2059 1990
3273 2 2 1 23 1990 2063 2065
3274 2 2 1 23 2063 2064 2065
3275 2 2 1 23 2063 1976 2064
3276 2 2 1 23 2065 2064 1975
3277 2 2 1 23 1975 2032 2065
3278 2 2 1 23 2032 2062 2065
3279 2 2 1 23 2032 1987 2062
3280 2 2 1 23 2065 2062 1990
3281 2 2 1 23 1988 2066 2068
3282 2 2 1 23 2066 2067 2068
3283 2 2 1 23 2066 1950 2067
3284 2 2 1 23 2068 2067 1951
3285 2 2 1 23 1986 2050 2069
3286 2 2 1 23 2050 2066 2069
3287 2 2 1 23 2050 1950 2066
3288 2 2 1 23 2069 2066 1988
3289 2 2 1 23 1988 2070 2072
3290 2 2 1 23 2070 2071 2072
3291 2 2 1 23 2070 1970 2071
3292 2 2 1 23 2072 2071 1969
3293 2 2 1 23 1969 2052 2072
3294 2 2 1 23 2052 2069 2072
3295 2 2 1 23 2052 1986 2069
3296 2 2 1 23 2072 2069 1988
3297 2 2 1 23 1989 2073 2075
3298 2 2 1 23 2073 2074 2075
3299 2 2 1 23 2073 1951 2074
3300 2 2 1 23 2075 2074 1952
3301 2 2 1 23 1988 2068 2076
3302 2 2 1 23 2068 2073 2076
3303 2 2 1 23 2068 1951 2073
3304 2 2 1 23 2076 2073 1989
3305 2 2 1 23 1989 2077 2079
3306 2 2 1 23 2077 2078 2079
3307 2 2 1 23 2077 1971 2078
3308 2 2 1 23 2079 2078 1970
3309 2 2 1 23 1970 2070 2079
3310 2 2 1 23 2070 2076 2079
3311 2 2 1 23 2070 1988 2076
3312 2 2 1 23 2079 2076 1989
3313 2 2 1 23 1945 2080 2082
3314 2 2 1 23 2080 2081 2082
3315 2 2 1 23 2080 1980 2081
3316 2 2 1 23 2082 2081 1944
3317 2 2 1 23 1945 2083 2080
3318 2 2 1 23 2083 2084 2080
3319 2 2 1 23 2083 1978 2084
3320 2 2 1 23 2080 2084 1980
3321 2 2 1 23 1963 2085 2087
3322 2 2 1 23 2085 2086 2087
3323 2 2 1 23 2085 1980 2086
3324 2 2 1 23 2087 2086 1964
3325 2 2 1 23 1978 2088 2084
3326 2 2 1 23 2088 2086 2084
3327 2 2 1 23 2088 1964 2086
3328 2 2 1 23 2084 2086 1980
3329 2 2 1 23 1983 2011 2090
3330 2 2 1 23 2011 2089 2090
3331 2 2 1 23 2011 1940 2089
3332 2 2 1 23 2090 2089 1941
3333 2 2 1 23 1983 2091 2005
3334 2 2 1 23 2091 2092 2005
3335 2 2 1 23 2091 1960 2092
3336 2 2 1 23 2005 2092 1959
3337 2 2 1 23 1984 2045 2093
3338 2 2 1 23 2045 2091 2093
3339 2 2 1 23 2045 1960 2091
3340 2 2 1 23 2093 2091 1983
3341 2 2 1 23 1941 2042 2090
3342 2 2 1 23 2042 2093 2090
3343 2 2 1 23 2042 1984 2093
3344 2 2 1 23 2090 2093 1983
3345 2 2 1 23 1946 2094 2095
3346 2 2 1 23 2094 2083 2095
3347 2 2 1 23 2094 1978 2083
3348 2 2 1 23 2095 2083 1945
3349 2 2 1 23 1946 2035 2094
3350 2 2 1 23 2035 2096 2094
3351 2 2 1 23 2035 1979 2096
3352 2 2 1 23 2094 2096 1978
3353 2 2 1 23 1964 2088 2098
3354 2 2 1 23 2088 2097 2098
3355 2 2 1 23 2088 1978 2097
3356 2 2 1 23 2098 2097 1965
3357 2 2 1 23 1979 2040 2096
3358 2 2 1 23 2040 2097 2096
3359 2 2 1 23 2040 1965 2097
3360 2 2 1 23 2096 2097 1978
3361 2 2 1 23 1992 2099 2007
3362 2 2 1 23 2099 2000 2007
3363 2 2 1 23 2099 1991 2000
3364 2 2 1 23 2007 2000 1939
3365 2 2 1 23 1983 2004 2012
3366 2 2 1 23 2004 2099 2012
3367 2 2 1 23 2004 1991 2099
3368 2 2 1 23 2012 2099 1992
3369 2 2 1 23 1958 2100 2102
3370 2 2 1 23 2100 2101 2102
3371 2 2 1 23 2100 1993 2101
3372 2 2 1 23 2102 2101 1957
3373 2 2 1 23 1993 2103 2101
3374 2 2 1 23 2103 2061 2101
3375 2 2 1 23 2103 1990 2061
3376 2 2 1 23 2101 2061 1957
3377 2 2 1 23 1944 2104 2106
3378 2 2 1 23 2104 2105 2106
3379 2 2 1 23 2104 1994 2105
3380 2 2 1 23 2106 2105 1943
3381 2 2 1 23 1994 2104 2107
3382 2 2 1 23 2104 2081 2107
3383 2 2 1 23 2104 1944 2081
3384 2 2 1 23 2107 2081 1980
3385 2 2 1 23 1995 2108 2110
3386 2 2 1 23 2108 2109 2110
3387 2 2 1 23 2108 1954 2109
3388 2 2 1 23 2110 2109 1955
3389 2 2 1 23 1954 2111 2113
3390 2 2 1 23 2111 2112 2113
3391 2 2 1 23 2111 1996 2112
3392 2 2 1 23 2113 2112 1953
3393 2 2 1 23 1997 2114 2116
3394 2 2 1 23 2114 2115 2116
3395 2 2 1 23 2114 1952 2115
3396 2 2 1 23 2116 2115 1953
3397 2 2 1 23 1952 2114 2075
3398 2 2 1 23 2114 2117 2075
3399 2 2 1 23 2114 1997 2117
3400 2 2 1 23 2075 2117 1989
3401 2 2 1 23 1947 2055 2037
3402 2 2 1 23 2055 2118 2037
3403 2 2 1 23 2055 1981 2118
3404 2 2 1 23 2037 2118 1979
3405 2 2 1 23 1981 2058 2118
3406 2 2 1 23 2058 2038 2118
3407 2 2 1 23 2058 1966 2038
3408 2 2 1 23 2118 2038 1979
3409 2 2 1 23 1995 2119 2108
3410 2 2 1 23 2119 2111 2108
3411 2 2 1 23 2119 1996 2111
3412 2 2 1 23 2108 2111 1954
3413 2 2 1 23 1995 2110 2120
3414 2 2 1 23 2110 2029 2120
3415 2 2 1 23 2110 1955 2029
3416 2 2 1 23 2120 2029 1987
3417 2 2 1 23 1974 2121 2034
3418 2 2 1 23 2121 2120 2034
3419 2 2 1 23 2121 1995 2120
3420 2 2 1 23 2034 2120 1987
3421 2 2 1 23 1993 2122 2124
3422 2 2 1 23 2122 2123 2124
3423 2 2 1 23 2122 1977 2123
3424 2 2 1 23 2124 2123 1976
3425 2 2 1 23 1990 2103 2063
3426 2 2 1 23 2103 2124 2063
3427 2 2 1 23 2103 1993 2124
3428 2 2 1 23 2063 2124 1976
3429 2 2 1 23 1996 2125 2112
3430 2 2 1 23 2125 2116 2112
3431 2 2 1 23 2125 1997 2116
3432 2 2 1 23 2112 2116 1953
3433 2 2 1 23 1971 2126 2128
3434 2 2 1 23 2126 2127 2128
3435 2 2 1 23 2126 1997 2127
3436 2 2 1 23 2128 2127 1972
3437 2 2 1 23 1997 2126 2117
3438 2 2 1 23 2126 2077 2117
3439 2 2 1 23 2126 1971 2077
3440 2 2 1 23 2117 2077 1989
3441 2 2 1 23 1997 2125 2127
3442 2 2 1 23 2125 2129 2127
3443 2 2 1 23 2125 1996 2129
3444 2 2 1 23 2127 2129 1972
3445 2 2 1 23 1994 2130 2132
3446 2 2 1 23 2130 2131 2132
3447 2 2 1 23 2130 1963 2131
3448 2 2 1 23 2132 2131 1962
3449 2 2 1 23 1963 2130 2085
3450 2 2 1 23 2130 2107 2085
3451 2 2 1 23 2130 1994 2107
3452 2 2 1 23 2085 2107 1980
3453 2 2 1 23 1994 2132 2133
3454 2 2 1 23 2132 2026 2133
3455 2 2 1 23 2132 1962 2026
3456 2 2 1 23 2133 2026 1982
3457 2 2 1 23 1943 2105 2025
3458 2 2 1 23 2105 2133 2025
3459 2 2 1 23 2105 1994 2133
3460 2 2 1 23 2025 2133 1982
3461 2 2 1 23 1996 2134 2129
3462 2 2 1 23 2134 2135 2129
3463 2 2 1 23 2134 1973 2135
3464 2 2 1 23 2129 2135 1972
3465 2 2 1 23 1973 2134 2136
3466 2 2 1 23 2134 2119 2136
3467 2 2 1 23 2134 1996 2119
3468 2 2 1 23 2136 2119 1995
3469 2 2 1 23 1973 2136 2137
3470 2 2 1 23 2136 2121 2137
3471 2 2 1 23 2136 1995 2121
3472 2 2 1 23 2137 2121 1974
3473 2 2 1 23 1998 2138 2139
3474 2 2 1 23 2138 1925 2139
3475 2 2 1 23 2138 1903 1925
3476 2 2 1 23 2139 1925 1901
3477 2 2 1 23 1977 2140 2141
3478 2 2 1 23 2140 2139 2141
3479 2 2 1 23 2140 1998 2139
3480 2 2 1 23 2141 2139 1901
3481 2 2 1 23 1903 2142 1931
3482 2 2 1 23 2142 2143 1931
3483 2 2 1 23 2142 1999 2143
3484 2 2 1 23 1931 2143 1771
3485 2 2 1 23 1999 2144 2143
3486 2 2 1 23 2144 2145 2143
3487 2 2 1 23 2144 1958 2145
3488 2 2 1 23 2143 2145 1771
3489 2 2 1 23 1903 2138 2142
3490 2 2 1 23 2138 2146 2142
3491 2 2 1 23 2138 1998 2146
3492 2 2 1 23 2142 2146 1999
3493 2 2 1 23 1993 2147 2122
3494 2 2 1 23 2147 2148 2122
3495 2 2 1 23 2147 1999 2148
3496 2 2 1 23 2122 2148 1977
3497 2 2 1 23 1999 2147 2144
3498 2 2 1 23 2147 2100 2144
3499 2 2 1 23 2147 1993 2100
3500 2 2 1 23 2144 2100 1958
3501 2 2 1 23 1998 2140 2146
3502 2 2 1 23 2140 2148 2146
3503 2 2 1 23 2140 1977 2148
3504 2 2 1 23 2146 2148 1999
3505 2 2 1 24 1868 2213 1876
3506 2 2 1 24 2213 2214 1876
3507 2 2 1 24 2213 2201 2214
3508 2 2 1 24 1876 2214 1866
3509 2 2 1 24 2168 2215 2217
3510 2 2 1 24 2215 2216 2217
3511 2 2 1 24 2215 2201 2216
3512 2 2 1 24 2217 2216 2189
3513 2 2 1 24 2201 2215 2214
3514 2 2 1 24 2215 2218 2214
3515 2 2 1 24 2215 2168 2218
3516 2 2 1 24 2214 2218 1866
3517 2 2 1 24 2202 2219 2220
3518 2 2 1 24 2219 2002 2220
3519 2 2 1 24 2219 1939 2002
3520 2 2 1 24 2220 2002 1938
3521 2 2 1 24 2202 2221 2223
3522 2 2 1 24 2221 2222 2223
3523 2 2 1 24 2221 2186 2222
3524 2 2 1 24 2223 2222 2200
3525 2 2 1 24 2186 2221 2224
3526 2 2 1 24 2221 2220 2224
3527 2 2 1 24 2221 2202 2220
3528 2 2 1 24 2224 2220 1938
3529 2 2 1 24 2203 2225 2226
3530 2 2 1 24 2225 1884 2226
3531 2 2 1 24 2225 1868 1884
3532 2 2 1 24 2226 1884 1666
3533 2 2 1 24 2203 2227 2229
3534 2 2 1 24 2227 2228 2229
3535 2 2 1 24 2227 2149 2228
3536 2 2 1 24 2229 2228 2189
3537 2 2 1 24 2149 2227 2230
3538 2 2 1 24 2227 2226 2230
3539 2 2 1 24 2227 2203 2226
3540 2 2 1 24 2230 2226 1666
3541 2 2 1 24 1939 2231 2008
3542 2 2 1 24 2231 2232 2008
3543 2 2 1 24 2231 2204 2232
3544 2 2 1 24 2008 2232 1937
3545 2 2 1 24 2167 2233 2235
3546 2 2 1 24 2233 2234 2235
3547 2 2 1 24 2233 2204 2234
3548 2 2 1 24 2235 2234 2200
3549 2 2 1 24 2204 2233 2232
3550 2 2 1 24 2233 2236 2232
3551 2 2 1 24 2233 2167 2236
3552 2 2 1 24 2232 2236 1937
3553 2 2 1 24 2191 2237 2239
3554 2 2 1 24 2237 2238 2239
3555 2 2 1 24 2237 2157 2238
3556 2 2 1 24 2239 2238 2158
3557 2 2 1 24 2190 2240 2241
3558 2 2 1 24 2240 2237 2241
3559 2 2 1 24 2240 2157 2237
3560 2 2 1 24 2241 2237 2191
3561 2 2 1 24 2191 2242 2244
3562 2 2 1 24 2242 2243 2244
3563 2 2 1 24 2242 2177 2243
3564 2 2 1 24 2244 2243 2176
3565 2 2 1 24 2176 2245 2244
3566 2 2 1 24 2245 2241 2244
3567 2 2 1 24 2245 2190 2241
3568 2 2 1 24 2244 2241 2191
3569 2 2 1 24 2197 2246 2248
3570 2 2 1 24 2246 2247 2248
3571 2 2 1 24 2246 2161 2247
3572 2 2 1 24 2248 2247 2162
3573 2 2 1 24 2197 2249 2251
3574 2 2 1 24 2249 2250 2251
3575 2 2 1 24 2249 2181 2250
3576 2 2 1 24 2251 2250 2180
3577 2 2 1 24 2193 2252 2253
3578 2 2 1 24 2252 2249 2253
3579 2 2 1 24 2252 2181 2249
3580 2 2 1 24 2253 2249 2197
3581 2 2 1 24 2162 2254 2248
3582 2 2 1 24 2254 2253 2248
3583 2 2 1 24 2254 2193 2253
3584 2 2 1 24 2248 2253 2197
3585 2 2 1 24 2196 2255 2257
3586 2 2 1 24 2255 2256 2257
3587 2 2 1 24 2255 2164 2256
3588 2 2 1 24 2257 2256 2165
3589 2 2 1 24 2192 2258 2259
3590 2 2 1 24 2258 2255 2259
3591 2 2 1 24 2258 2164 2255
3592 2 2 1 24 2259 2255 2196
3593 2 2 1 24 2196 2260 2262
3594 2 2 1 24 2260 2261 2262
3595 2 2 1 24 2260 2184 2261
3596 2 2 1 24 2262 2261 2183
3597 2 2 1 24 2183 2263 2262
3598 2 2 1 24 2263 2259 2262
3599 2 2 1 24 2263 2192 2259
3600 2 2 1 24 2262 2259 2196
3601 2 2 1 24 2159 2264 2266
3602 2 2 1 24 2264 2265 2266
3603 2 2 1 24 2264 2195 2265
3604 2 2 1 24 2266 2265 2158
3605 2 2 1 24 2177 2267 2269
3606 2 2 1 24 2267 2268 2269
3607 2 2 1 24 2267 2195 2268
3608 2 2 1 24 2269 2268 2178
3609 2 2 1 24 2177 2242 2267
3610 2 2 1 24 2242 2270 2267
3611 2 2 1 24 2242 2191 2270
3612 2 2 1 24 2267 2270 2195
3613 2 2 1 24 2191 2239 2270
3614 2 2 1 24 2239 2265 2270
3615 2 2 1 24 2239 2158 2265
3616 2 2 1 24 2270 2265 2195
3617 2 2 1 24 2190 2271 2240
3618 2 2 1 24 2271 2272 2240
3619 2 2 1 24 2271 2156 2272
3620 2 2 1 24 2240 2272 2157
3621 2 2 1 24 2187 2273 2274
3622 2 2 1 24 2273 2271 2274
3623 2 2 1 24 2273 2156 2271
3624 2 2 1 24 2274 2271 2190
3625 2 2 1 24 2190 2245 2276
3626 2 2 1 24 2245 2275 2276
3627 2 2 1 24 2245 2176 2275
3628 2 2 1 24 2276 2275 2175
3629 2 2 1 24 2175 2277 2276
3630 2 2 1 24 2277 2274 2276
3631 2 2 1 24 2277 2187 2274
3632 2 2 1 24 2276 2274 2190
3633 2 2 1 24 2199 2278 2280
3634 2 2 1 24 2278 2279 2280
3635 2 2 1 24 2278 2165 2279
3636 2 2 1 24 2280 2279 2166
3637 2 2 1 24 2196 2257 2281
3638 2 2 1 24 2257 2278 2281
3639 2 2 1 24 2257 2165 2278
3640 2 2 1 24 2281 2278 2199
3641 2 2 1 24 2199 2282 2284
3642 2 2 1 24 2282 2283 2284
3643 2 2 1 24 2282 2185 2283
3644 2 2 1 24 2284 2283 2184
3645 2 2 1 24 2184 2260 2284
3646 2 2 1 24 2260 2281 2284
3647 2 2 1 24 2260 2196 2281
3648 2 2 1 24 2284 2281 2199
3649 2 2 1 24 2198 2285 2287
3650 2 2 1 24 2285 2286 2287
3651 2 2 1 24 2285 2159 2286
3652 2 2 1 24 2287 2286 2160
3653 2 2 1 24 2195 2264 2288
3654 2 2 1 24 2264 2285 2288
3655 2 2 1 24 2264 2159 2285
3656 2 2 1 24 2288 2285 2198
3657 2 2 1 24 2198 2289 2291
3658 2 2 1 24 2289 2290 2291
3659 2 2 1 24 2289 2179 2290
3660 2 2 1 24 2291 2290 2178
3661 2 2 1 24 2178 2268 2291
3662 2 2 1 24 2268 2288 2291
3663 2 2 1 24 2268 2195 2288
3664 2 2 1 24 2291 2288 2198
3665 2 2 1 24 2187 2292 2273
3666 2 2 1 24 2292 2293 2273
3667 2 2 1 24 2292 2155 2293
3668 2 2 1 24 2273 2293 2156
3669 2 2 1 24 2187 2277 2295
3670 2 2 1 24 2277 2294 2295
3671 2 2 1 24 2277 2175 2294
3672 2 2 1 24 2295 2294 2174
3673 2 2 1 24 2151 2296 2298
3674 2 2 1 24 2296 2297 2298
3675 2 2 1 24 2296 2188 2297
3676 2 2 1 24 2298 2297 2150
3677 2 2 1 24 2169 2299 2301
3678 2 2 1 24 2299 2300 2301
3679 2 2 1 24 2299 2188 2300
3680 2 2 1 24 2301 2300 2170
3681 2 2 1 24 2200 2302 2235
3682 2 2 1 24 2302 2303 2235
3683 2 2 1 24 2302 2166 2303
3684 2 2 1 24 2235 2303 2167
3685 2 2 1 24 2199 2280 2304
3686 2 2 1 24 2280 2302 2304
3687 2 2 1 24 2280 2166 2302
3688 2 2 1 24 2304 2302 2200
3689 2 2 1 24 2200 2222 2306
3690 2 2 1 24 2222 2305 2306
3691 2 2 1 24 2222 2186 2305
3692 2 2 1 24 2306 2305 2185
3693 2 2 1 24 2185 2282 2306
3694 2 2 1 24 2282 2304 2306
3695 2 2 1 24 2282 2199 2304
3696 2 2 1 24 2306 2304 2200
3697 2 2 1 24 2164 2258 2308
3698 2 2 1 24 2258 2307 2308
3699 2 2 1 24 2258 2192 2307
3700 2 2 1 24 2308 2307 2163
3701 2 2 1 24 2182 2309 2310
3702 2 2 1 24 2309 2263 2310
3703 2 2 1 24 2309 2192 2263
3704 2 2 1 24 2310 2263 2183
3705 2 2 1 24 2182 2311 2309
3706 2 2 1 24 2311 2312 2309
3707 2 2 1 24 2311 2194 2312
3708 2 2 1 24 2309 2312 2192
3709 2 2 1 24 2194 2313 2312
3710 2 2 1 24 2313 2307 2312
3711 2 2 1 24 2313 2163 2307
3712 2 2 1 24 2312 2307 2192
3713 2 2 1 24 2193 2254 2315
3714 2 2 1 24 2254 2314 2315
3715 2 2 1 24 2254 2162 2314
3716 2 2 1 24 2315 2314 2163
3717 2 2 1 24 2193 2316 2252
3718 2 2 1 24 2316 2317 2252
3719 2 2 1 24 2316 2182 2317
3720 2 2 1 24 2252 2317 2181
3721 2 2 1 24 2194 2311 2318
3722 2 2 1 24 2311 2316 2318
3723 2 2 1 24 2311 2182 2316
3724 2 2 1 24 2318 2316 2193
3725 2 2 1 24 2163 2313 2315
3726 2 2 1 24 2313 2318 2315
3727 2 2 1 24 2313 2194 2318
3728 2 2 1 24 2315 2318 2193
3729 2 2 1 24 2189 2228 2320
3730 2 2 1 24 2228 2319 2320
3731 2 2 1 24 2228 2149 2319
3732 2 2 1 24 2320 2319 2150
3733 2 2 1 24 2203 2321 2225
3734 2 2 1 24 2321 2213 2225
3735 2 2 1 24 2321 2201 2213
3736 2 2 1 24 2225 2213 1868
3737 2 2 1 24 2189 2216 2229
3738 2 2 1 24 2216 2321 2229
3739 2 2 1 24 2216 2201 2321
3740 2 2 1 24 2229 2321 2203
3741 2 2 1 24 2202 2322 2219
3742 2 2 1 24 2322 2231 2219
3743 2 2 1 24 2322 2204 2231
3744 2 2 1 24 2219 2231 1939
3745 2 2 1 24 2202 2223 2322
3746 2 2 1 24 2223 2234 2322
3747 2 2 1 24 2223 2200 2234
3748 2 2 1 24 2322 2234 2204
3749 2 2 1 24 2206 2323 2325
3750 2 2 1 24 2323 2324 2325
3751 2 2 1 24 2323 2151 2324
3752 2 2 1 24 2325 2324 2152
3753 2 2 1 24 2153 2326 2328
3754 2 2 1 24 2326 2327 2328
3755 2 2 1 24 2326 2207 2327
3756 2 2 1 24 2328 2327 2152
3757 2 2 1 24 2205 2329 2331
3758 2 2 1 24 2329 2330 2331
3759 2 2 1 24 2329 2160 2330
3760 2 2 1 24 2331 2330 2161
3761 2 2 1 24 2160 2329 2287
3762 2 2 1 24 2329 2332 2287
3763 2 2 1 24 2329 2205 2332
3764 2 2 1 24 2287 2332 2198
3765 2 2 1 24 2197 2333 2246
3766 2 2 1 24 2333 2331 2246
3767 2 2 1 24 2333 2205 2331
3768 2 2 1 24 2246 2331 2161
3769 2 2 1 24 2179 2334 2336
3770 2 2 1 24 2334 2335 2336
3771 2 2 1 24 2334 2205 2335
3772 2 2 1 24 2336 2335 2180
3773 2 2 1 24 2205 2334 2332
3774 2 2 1 24 2334 2289 2332
3775 2 2 1 24 2334 2179 2289
3776 2 2 1 24 2332 2289 2198
3777 2 2 1 24 2205 2333 2335
3778 2 2 1 24 2333 2251 2335
3779 2 2 1 24 2333 2197 2251
3780 2 2 1 24 2335 2251 2180
3781 2 2 1 24 2151 2323 2296
3782 2 2 1 24 2323 2337 2296
3783 2 2 1 24 2323 2206 2337
3784 2 2 1 24 2296 2337 2188
3785 2 2 1 24 2207 2338 2327
3786 2 2 1 24 2338 2325 2327
3787 2 2 1 24 2338 2206 2325
3788 2 2 1 24 2327 2325 2152
3789 2 2 1 24 2207 2339 2341
3790 2 2 1 24 2339 2340 2341
3791 2 2 1 24 2339 2172 2340
3792 2 2 1 24 2341 2340 2171
3793 2 2 1 24 2171 2342 2341
3794 2 2 1 24 2342 2338 2341
3795 2 2 1 24 2342 2206 2338
3796 2 2 1 24 2341 2338 2207
3797 2 2 1 24 2170 2343 2344
3798 2 2 1 24 2343 2342 2344
3799 2 2 1 24 2343 2206 2342
3800 2 2 1 24 2344 2342 2171
3801 2 2 1 24 2170 2300 2343
3802 2 2 1 24 2300 2337 2343
3803 2 2 1 24 2300 2188 2337
3804 2 2 1 24 2343 2337 2206
3805 2 2 1 24 2208 2345 2346
3806 2 2 1 24 2345 2299 2346
3807 2 2 1 24 2345 2188 2299
3808 2 2 1 24 2346 2299 2169
3809 2 2 1 24 2208 2347 2348
3810 2 2 1 24 2347 2320 2348
3811 2 2 1 24 2347 2189 2320
3812 2 2 1 24 2348 2320 2150
3813 2 2 1 24 2188 2345 2297
3814 2 2 1 24 2345 2348 2297
3815 2 2 1 24 2345 2208 2348
3816 2 2 1 24 2297 2348 2150
3817 2 2 1 24 2168 2349 2350
3818 2 2 1 24 2349 2346 2350
3819 2 2 1 24 2349 2208 2346
3820 2 2 1 24 2350 2346 2169
3821 2 2 1 24 2168 2217 2349
3822 2 2 1 24 2217 2347 2349
3823 2 2 1 24 2217 2189 2347
3824 2 2 1 24 2349 2347 2208
3825 2 2 1 24 2210 2351 2352
3826 2 2 1 24 2351 2339 2352
3827 2 2 1 24 2351 2172 2339
3828 2 2 1 24 2352 2339 2207
3829 2 2 1 24 2172 2351 2354
3830 2 2 1 24 2351 2353 2354
3831 2 2 1 24 2351 2210 2353
3832 2 2 1 24 2354 2353 2173
3833 2 2 1 24 2211 2355 2357
3834 2 2 1 24 2355 2356 2357
3835 2 2 1 24 2355 2174 2356
3836 2 2 1 24 2357 2356 2173
3837 2 2 1 24 2153 2358 2326
3838 2 2 1 24 2358 2359 2326
3839 2 2 1 24 2358 2212 2359
3840 2 2 1 24 2326 2359 2207
3841 2 2 1 24 2209 2360 2362
3842 2 2 1 24 2360 2361 2362
3843 2 2 1 24 2360 2212 2361
3844 2 2 1 24 2362 2361 2154
3845 2 2 1 24 2212 2358 2361
3846 2 2 1 24 2358 2363 2361
3847 2 2 1 24 2358 2153 2363
3848 2 2 1 24 2361 2363 2154
3849 2 2 1 24 2210 2364 2353
3850 2 2 1 24 2364 2357 2353
3851 2 2 1 24 2364 2211 2357
3852 2 2 1 24 2353 2357 2173
3853 2 2 1 24 2210 2365 2364
3854 2 2 1 24 2365 2366 2364
3855 2 2 1 24 2365 2209 2366
3856 2 2 1 24 2364 2366 2211
3857 2 2 1 24 2212 2367 2359
3858 2 2 1 24 2367 2352 2359
3859 2 2 1 24 2367 2210 2352
3860 2 2 1 24 2359 2352 2207
3861 2 2 1 24 2209 2365 2360
3862 2 2 1 24 2365 2367 2360
3863 2 2 1 24 2365 2210 2367
3864 2 2 1 24 2360 2367 2212
3865 2 2 1 24 2187 2368 2292
3866 2 2 1 24 2368 2369 2292
3867 2 2 1 24 2368 2211 2369
3868 2 2 1 24 2292 2369 2155
3869 2 2 1 24 2211 2368 2355
3870 2 2 1 24 2368 2295 2355
3871 2 2 1 24 2368 2187 2295
3872 2 2 1 24 2355 2295 2174
3873 2 2 1 24 2209 2362 2366
3874 2 2 1 24 2362 2370 2366
3875 2 2 1 24 2362 2154 2370
3876 2 2 1 24 2366 2370 2211
3877 2 2 1 24 2211 2370 2369
3878 2 2 1 24 2370 2371 2369
3879 2 2 1 24 2370 2154 2371
3880 2 2 1 24 2369 2371 2155
3881 2 2 1 25 2380 2399 2401
3882 2 2 1 25 2399 2400 2401
3883 2 2 1 25 2399 2395 2400
3884 2 2 1 25 2401 2400 1866
3885 2 2 1 25 2395 2402 2400
3886 2 2 1 25 2402 1879 2400
3887 2 2 1 25 2402 1869 1879
3888 2 2 1 25 2400 1879 1866
3889 2 2 1 25 2395 2399 2404
3890 2 2 1 25 2399 2403 2404
3891 2 2 1 25 2399 2380 2403
3892 2 2 1 25 2404 2403 2389
3893 2 2 1 25 2396 2405 2407
3894 2 2 1 25 2405 2406 2407
3895 2 2 1 25 2405 2387 2406
3896 2 2 1 25 2407 2406 22
3897 2 2 1 25 23 2408 25
3898 2 2 1 25 2408 2407 25
3899 2 2 1 25 2408 2396 2407
3900 2 2 1 25 25 2407 22
3901 2 2 1 25 2387 2405 2410
3902 2 2 1 25 2405 2409 2410
3903 2 2 1 25 2405 2396 2409
3904 2 2 1 25 2410 2409 2394
3905 2 2 1 25 2397 2411 2413
3906 2 2 1 25 2411 2412 2413
3907 2 2 1 25 2411 2372 2412
3908 2 2 1 25 2413 2412 1865
3909 2 2 1 25 1869 2414 1891
3910 2 2 1 25 2414 2413 1891
3911 2 2 1 25 2414 2397 2413
3912 2 2 1 25 1891 2413 1865
3913 2 2 1 25 2372 2411 2416
3914 2 2 1 25 2411 2415 2416
3915 2 2 1 25 2411 2397 2415
3916 2 2 1 25 2416 2415 2389
3917 2 2 1 25 2379 2417 2419
3918 2 2 1 25 2417 2418 2419
3919 2 2 1 25 2417 2398 2418
3920 2 2 1 25 2419 2418 21
3921 2 2 1 25 2398 2420 2418
3922 2 2 1 25 2420 24 2418
3923 2 2 1 25 2420 23 24
3924 2 2 1 25 2418 24 21
3925 2 2 1 25 2398 2417 2422
3926 2 2 1 25 2417 2421 2422
3927 2 2 1 25 2417 2379 2421
3928 2 2 1 25 2422 2421 2394
3929 2 2 1 25 2390 2423 2425
3930 2 2 1 25 2423 2424 2425
3931 2 2 1 25 2423 2375 2424
3932 2 2 1 25 2425 2424 2374
3933 2 2 1 25 2390 2426 2428
3934 2 2 1 25 2426 2427 2428
3935 2 2 1 25 2426 2382 2427
3936 2 2 1 25 2428 2427 2383
3937 2 2 1 25 2372 2416 2430
3938 2 2 1 25 2416 2429 2430
3939 2 2 1 25 2416 2389 2429
3940 2 2 1 25 2430 2429 2373
3941 2 2 1 25 2381 2431 2432
3942 2 2 1 25 2431 2403 2432
3943 2 2 1 25 2431 2389 2403
3944 2 2 1 25 2432 2403 2380
3945 2 2 1 25 2381 2433 2431
3946 2 2 1 25 2433 2434 2431
3947 2 2 1 25 2433 2388 2434
3948 2 2 1 25 2431 2434 2389
3949 2 2 1 25 2388 2435 2434
3950 2 2 1 25 2435 2429 2434
3951 2 2 1 25 2435 2373 2429
3952 2 2 1 25 2434 2429 2389
3953 2 2 1 25 2393 2436 2438
3954 2 2 1 25 2436 2437 2438
3955 2 2 1 25 2436 2377 2437
3956 2 2 1 25 2438 2437 2376
3957 2 2 1 25 2393 2439 2441
3958 2 2 1 25 2439 2440 2441
3959 2 2 1 25 2439 2384 2440
3960 2 2 1 25 2441 2440 2385
3961 2 2 1 25 2391 2442 2443
3962 2 2 1 25 2442 2439 2443
3963 2 2 1 25 2442 2384 2439
3964 2 2 1 25 2443 2439 2393
3965 2 2 1 25 2376 2444 2438
3966 2 2 1 25 2444 2443 2438
3967 2 2 1 25 2444 2391 2443
3968 2 2 1 25 2438 2443 2393
3969 2 2 1 25 2391 2444 2446
3970 2 2 1 25 2444 2445 2446
3971 2 2 1 25 2444 2376 2445
3972 2 2 1 25 2446 2445 2375
3973 2 2 1 25 2391 2447 2442
3974 2 2 1 25 2447 2448 2442
3975 2 2 1 25 2447 2383 2448
3976 2 2 1 25 2442 2448 2384
3977 2 2 1 25 2390 2428 2449
3978 2 2 1 25 2428 2447 2449
3979 2 2 1 25 2428 2383 2447
3980 2 2 1 25 2449 2447 2391
3981 2 2 1 25 2375 2423 2446
3982 2 2 1 25 2423 2449 2446
3983 2 2 1 25 2423 2390 2449
3984 2 2 1 25 2446 2449 2391
3985 2 2 1 25 2378 2450 2451
3986 2 2 1 25 2450 2421 2451
3987 2 2 1 25 2450 2394 2421
3988 2 2 1 25 2451 2421 2379
3989 2 2 1 25 2378 2452 2450
3990 2 2 1 25 2452 2453 2450
3991 2 2 1 25 2452 2392 2453
3992 2 2 1 25 2450 2453 2394
3993 2 2 1 25 2387 2410 2455
3994 2 2 1 25 2410 2454 2455
3995 2 2 1 25 2410 2394 2454
3996 2 2 1 25 2455 2454 2386
3997 2 2 1 25 2392 2456 2453
3998 2 2 1 25 2456 2454 2453
3999 2 2 1 25 2456 2386 2454
4000 2 2 1 25 2453 2454 2394
4001 2 2 1 25 2392 2452 2458
4002 2 2 1 25 2452 2457 2458
4003 2 2 1 25 2452 2378 2457
4004 2 2 1 25 2458 2457 2377
4005 2 2 1 25 2392 2459 2456
4006 2 2 1 25 2459 2460 2456
4007 2 2 1 25 2459 2385 2460
4008 2 2 1 25 2456 2460 2386
4009 2 2 1 25 2393 2441 2461
4010 2 2 1 25 2441 2459 2461
4011 2 2 1 25 2441 2385 2459
4012 2 2 1 25 2461 2459 2392
4013 2 2 1 25 2377 2436 2458
4014 2 2 1 25 2436 2461 2458
4015 2 2 1 25 2436 2393 2461
4016 2 2 1 25 2458 2461 2392
4017 2 2 1 25 2388 2462 2435
4018 2 2 1 25 2462 2463 2435
4019 2 2 1 25 2462 2374 2463
4020 2 2 1 25 2435 2463 2373
4021 2 2 1 25 2388 2433 2465
4022 2 2 1 25 2433 2464 2465
4023 2 2 1 25 2433 2381 2464
4024 2 2 1 25 2465 2464 2382
4025 2 2 1 25 2395 2466 2402
4026 2 2 1 25 2466 2414 2402
4027 2 2 1 25 2466 2397 2414
4028 2 2 1 25 2402 2414 1869
4029 2 2 1 25 2395 2404 2466
4030 2 2 1 25 2404 2415 2466
4031 2 2 1 25 2404 2389 2415
4032 2 2 1 25 2466 2415 2397
4033 2 2 1 25 2398 2467 2420
4034 2 2 1 25 2467 2408 2420
4035 2 2 1 25 2467 2396 2408
4036 2 2 1 25 2420 2408 23
4037 2 2 1 25 2394 2409 2422
4038 2 2 1 25 2409 2467 2422
4039 2 2 1 25 2409 2396 2467
4040 2 2 1 25 2422 2467 2398
4041 2 2 1 25 2390 2425 2468
4042 2 2 1 25 2425 2462 2468
4043 2 2 1 25 2425 2374 2462
4044 2 2 1 25 2468 2462 2388
4045 2 2 1 25 2382 2426 2465
4046 2 2 1 25 2426 2468 2465
4047 2 2 1 25 2426 2390 2468
4048 2 2 1 25 2465 2468 2388
4049 2 2 1 26 2477 2496 2498
4050 2 2 1 26 2496 2497 2498
4051 2 2 1 26 2496 2492 2497
4052 2 2 1 26 2498 2497 1902
4053 2 2 1 26 2492 2499 2497
4054 2 2 1 26 2499 1915 2497
4055 2 2 1 26 2499 1905 1915
4056 2 2 1 26 2497 1915 1902
4057 2 2 1 26 2492 2496 2501
4058 2 2 1 26 2496 2500 2501
4059 2 2 1 26 2496 2477 2500
4060 2 2 1 26 2501 2500 2486
4061 2 2 1 26 2493 2502 2504
4062 2 2 1 26 2502 2503 2504
4063 2 2 1 26 2502 2484 2503
4064 2 2 1 26 2504 2503 27
4065 2 2 1 26 28 2505 30
4066 2 2 1 26 2505 2504 30
4067 2 2 1 26 2505 2493 2504
4068 2 2 1 26 30 2504 27
4069 2 2 1 26 2484 2502 2507
4070 2 2 1 26 2502 2506 2507
4071 2 2 1 26 2502 2493 2506
4072 2 2 1 26 2507 2506 2491
4073 2 2 1 26 2494 2508 2510
4074 2 2 1 26 2508 2509 2510
4075 2 2 1 26 2508 2469 2509
4076 2 2 1 26 2510 2509 1901
4077 2 2 1 26 1905 2511 1927
4078 2 2 1 26 2511 2510 1927
4079 2 2 1 26 2511 2494 2510
4080 2 2 1 26 1927 2510 1901
4081 2 2 1 26 2469 2508 2513
4082 2 2 1 26 2508 2512 2513
4083 2 2 1 26 2508 2494 2512
4084 2 2 1 26 2513 2512 2486
4085 2 2 1 26 2476 2514 2516
4086 2 2 1 26 2514 2515 2516
4087 2 2 1 26 2514 2495 2515
4088 2 2 1 26 2516 2515 26
4089 2 2 1 26 2495 2517 2515
4090 2 2 1 26 2517 29 2515
4091 2 2 1 26 2517 28 29
4092 2 2 1 26 2515 29 26
4093 2 2 1 26 2495 2514 2519
4094 2 2 1 26 2514 2518 2519
4095 2 2 1 26 2514 2476 2518
4096 2 2 1 26 2519 2518 2491
4097 2 2 1 26 2487 2520 2522
4098 2 2 1 26 2520 2521 2522
4099 2 2 1 26 2520 2472 2521
4100 2 2 1 26 2522 2521 2471
4101 2 2 1 26 2487 2523 2525
4102 2 2 1 26 2523 2524 2525
4103 2 2 1 26 2523 2479 2524
4104 2 2 1 26 2525 2524 2480
4105 2 2 1 26 2469 2513 2527
4106 2 2 1 26 2513 2526 2527
4107 2 2 1 26 2513 2486 2526
4108 2 2 1 26 2527 2526 2470
4109 2 2 1 26 2478 2528 2529
4110 2 2 1 26 2528 2500 2529
4111 2 2 1 26 2528 2486 2500
4112 2 2 1 26 2529 2500 2477
4113 2 2 1 26 2478 2530 2528
4114 2 2 1 26 2530 2531 2528
4115 2 2 1 26 2530 2485 2531
4116 2 2 1 26 2528 2531 2486
4117 2 2 1 26 2485 2532 2531
4118 2 2 1 26 2532 2526 2531
4119 2 2 1 26 2532 2470 2526
4120 2 2 1 26 2531 2526 2486
4121 2 2 1 26 2473 2533 2535
4122 2 2 1 26 2533 2534 2535
4123 2 2 1 26 2533 2490 2534
4124 2 2 1 26 2535 2534 2474
4125 2 2 1 26 2473 2536 2533
4126 2 2 1 26 2536 2537 2533
4127 2 2 1 26 2536 2488 2537
4128 2 2 1 26 2533 2537 2490
4129 2 2 1 26 2482 2538 2540
4130 2 2 1 26 2538 2539 2540
4131 2 2 1 26 2538 2490 2539
4132 2 2 1 26 2540 2539 2481
4133 2 2 1 26 2488 2541 2537
4134 2 2 1 26 2541 2539 2537
4135 2 2 1 26 2541 2481 2539
4136 2 2 1 26 2537 2539 2490
4137 2 2 1 26 2488 2536 2543
4138 2 2 1 26 2536 2542 2543
4139 2 2 1 26 2536 2473 2542
4140 2 2 1 26 2543 2542 2472
4141 2 2 1 26 2488 2544 2541
4142 2 2 1 26 2544 2545 2541
4143 2 2 1 26 2544 2480 2545
4144 2 2 1 26 2541 2545 2481
4145 2 2 1 26 2487 2525 2546
4146 2 2 1 26 2525 2544 2546
4147 2 2 1 26 2525 2480 2544
4148 2 2 1 26 2546 2544 2488
4149 2 2 1 26 2472 2520 2543
4150 2 2 1 26 2520 2546 2543
4151 2 2 1 26 2520 2487 2546
4152 2 2 1 26 2543 2546 2488
4153 2 2 1 26 2475 2547 2548
4154 2 2 1 26 2547 2518 2548
4155 2 2 1 26 2547 2491 2518
4156 2 2 1 26 2548 2518 2476
4157 2 2 1 26 2475 2549 2547
4158 2 2 1 26 2549 2550 2547
4159 2 2 1 26 2549 2489 2550
4160 2 2 1 26 2547 2550 2491
4161 2 2 1 26 2484 2507 2552
4162 2 2 1 26 2507 2551 2552
4163 2 2 1 26 2507 2491 2551
4164 2 2 1 26 2552 2551 2483
4165 2 2 1 26 2489 2553 2550
4166 2 2 1 26 2553 2551 2550
4167 2 2 1 26 2553 2483 2551
4168 2 2 1 26 2550 2551 2491
4169 2 2 1 26 2489 2549 2555
4170 2 2 1 26 2549 2554 2555
4171 2 2 1 26 2549 2475 2554
4172 2 2 1 26 2555 2554 2474
4173 2 2 1 26 2489 2556 2553
4174 2 2 1 26 2556 2557 2553
4175 2 2 1 26 2556 2482 2557
4176 2 2 1 26 2553 2557 2483
4177 2 2 1 26 2490 2538 2558
4178 2 2 1 26 2538 2556 2558
4179 2 2 1 26 2538 2482 2556
4180 2 2 1 26 2558 2556 2489
4181 2 2 1 26 2474 2534 2555
4182 2 2 1 26 2534 2558 2555
4183 2 2 1 26 2534 2490 2558
4184 2 2 1 26 2555 2558 2489
4185 2 2 1 26 2485 2559 2532
4186 2 2 1 26 2559 2560 2532
4187 2 2 1 26 2559 2471 2560
4188 2 2 1 26 2532 2560 2470
4189 2 2 1 26 2485 2530 2562
4190 2 2 1 26 2530 2561 2562
4191 2 2 1 26 2530 2478 2561
4192 2 2 1 26 2562 2561 2479
4193 2 2 1 26 2492 2563 2499
4194 2 2 1 26 2563 2511 2499
4195 2 2 1 26 2563 2494 2511
4196 2 2 1 26 2499 2511 1905
4197 2 2 1 26 2492 2501 2563
4198 2 2 1 26 2501 2512 2563
4199 2 2 1 26 2501 2486 2512
4200 2 2 1 26 2563 2512 2494
4201 2 2 1 26 2495 2564 2517
4202 2 2 1 26 2564 2505 2517
4203 2 2 1 26 2564 2493 2505
4204 2 2 1 26 2517 2505 28
4205 2 2 1 26 2491 2506 2519
4206 2 2 1 26 2506 2564 2519
4207 2 2 1 26 2506 2493 2564
4208 2 2 1 26 2519 2564 2495
4209 2 2 1 26 2487 2522 2565
4210 2 2 1 26 2522 2559 2565
4211 2 2 1 26 2522 2471 2559
4212 2 2 1 26 2565 2559 2485
4213 2 2 1 26 2479 2523 2562
4214 2 2 1 26 2523 2565 2562
4215 2 2 1 26 2523 2487 2565
4216 2 2 1 26 2562 2565 2485
4217 2 2 1 27 2590 2596 2597
4218 2 2 1 27 2596 25 2597
4219 2 2 1 27 2596 23 25
4220 2 2 1 27 2597 25 22
4221 2 2 1 27 2590 2598 2600
4222 2 2 1 27 2598 2599 2600
4223 2 2 1 27 2598 2576 2599
4224 2 2 1 27 2600 2599 2586
4225 2 2 1 27 2576 2598 2601
4226 2 2 1 27 2598 2597 2601
4227 2 2 1 27 2598 2590 2597
4228 2 2 1 27 2601 2597 22
4229 2 2 1 27 23 2602 24
4230 2 2 1 27 2602 2603 24
4231 2 2 1 27 2602 2591 2603
4232 2 2 1 27 24 2603 21
4233 2 2 1 27 2568 2604 2606
4234 2 2 1 27 2604 2605 2606
4235 2 2 1 27 2604 2591 2605
4236 2 2 1 27 2606 2605 2586
4237 2 2 1 27 2591 2604 2603
4238 2 2 1 27 2604 2607 2603
4239 2 2 1 27 2604 2568 2607
4240 2 2 1 27 2603 2607 21
4241 2 2 1 27 2573 2608 2610
4242 2 2 1 27 2608 2609 2610
4243 2 2 1 27 2608 2589 2609
4244 2 2 1 27 2610 2609 2574
4245 2 2 1 27 2582 2611 2613
4246 2 2 1 27 2611 2612 2613
4247 2 2 1 27 2611 2589 2612
4248 2 2 1 27 2613 2612 2581
4249 2 2 1 27 2582 2614 2611
4250 2 2 1 27 2614 2615 2611
4251 2 2 1 27 2614 2585 2615
4252 2 2 1 27 2611 2615 2589
4253 2 2 1 27 2585 2616 2615
4254 2 2 1 27 2616 2609 2615
4255 2 2 1 27 2616 2574 2609
4256 2 2 1 27 2615 2609 2589
4257 2 2 1 27 2569 2617 2619
4258 2 2 1 27 2617 2618 2619
4259 2 2 1 27 2617 2588 2618
4260 2 2 1 27 2619 2618 2570
4261 2 2 1 27 2578 2620 2622
4262 2 2 1 27 2620 2621 2622
4263 2 2 1 27 2620 2588 2621
4264 2 2 1 27 2622 2621 2577
4265 2 2 1 27 2574 2616 2624
4266 2 2 1 27 2616 2623 2624
4267 2 2 1 27 2616 2585 2623
4268 2 2 1 27 2624 2623 2575
4269 2 2 1 27 2583 2625 2626
4270 2 2 1 27 2625 2614 2626
4271 2 2 1 27 2625 2585 2614
4272 2 2 1 27 2626 2614 2582
4273 2 2 1 27 2568 2606 2628
4274 2 2 1 27 2606 2627 2628
4275 2 2 1 27 2606 2586 2627
4276 2 2 1 27 2628 2627 2569
4277 2 2 1 27 2577 2629 2630
4278 2 2 1 27 2629 2599 2630
4279 2 2 1 27 2629 2586 2599
4280 2 2 1 27 2630 2599 2576
4281 2 2 1 27 2587 2631 2633
4282 2 2 1 27 2631 2632 2633
4283 2 2 1 27 2631 2571 2632
4284 2 2 1 27 2633 2632 2570
4285 2 2 1 27 2587 2634 2636
4286 2 2 1 27 2634 2635 2636
4287 2 2 1 27 2634 2578 2635
4288 2 2 1 27 2636 2635 2579
4289 2 2 1 27 2588 2620 2637
4290 2 2 1 27 2620 2634 2637
4291 2 2 1 27 2620 2578 2634
4292 2 2 1 27 2637 2634 2587
4293 2 2 1 27 2570 2618 2633
4294 2 2 1 27 2618 2637 2633
4295 2 2 1 27 2618 2588 2637
4296 2 2 1 27 2633 2637 2587
4297 2 2 1 27 2590 2638 2596
4298 2 2 1 27 2638 2602 2596
4299 2 2 1 27 2638 2591 2602
4300 2 2 1 27 2596 2602 23
4301 2 2 1 27 2590 2600 2638
4302 2 2 1 27 2600 2605 2638
4303 2 2 1 27 2600 2586 2605
4304 2 2 1 27 2638 2605 2591
4305 2 2 1 27 2571 2639 2641
4306 2 2 1 27 2639 2640 2641
4307 2 2 1 27 2639 2593 2640
4308 2 2 1 27 2641 2640 2572
4309 2 2 1 27 2593 2639 2642
4310 2 2 1 27 2639 2631 2642
4311 2 2 1 27 2639 2571 2631
4312 2 2 1 27 2642 2631 2587
4313 2 2 1 27 2592 2643 2645
4314 2 2 1 27 2643 2644 2645
4315 2 2 1 27 2643 2573 2644
4316 2 2 1 27 2645 2644 2572
4317 2 2 1 27 2573 2643 2608
4318 2 2 1 27 2643 2646 2608
4319 2 2 1 27 2643 2592 2646
4320 2 2 1 27 2608 2646 2589
4321 2 2 1 27 2581 2647 2649
4322 2 2 1 27 2647 2648 2649
4323 2 2 1 27 2647 2592 2648
4324 2 2 1 27 2649 2648 2580
4325 2 2 1 27 2592 2647 2646
4326 2 2 1 27 2647 2612 2646
4327 2 2 1 27 2647 2581 2612
4328 2 2 1 27 2646 2612 2589
4329 2 2 1 27 2588 2617 2650
4330 2 2 1 27 2617 2627 2650
4331 2 2 1 27 2617 2569 2627
4332 2 2 1 27 2650 2627 2586
4333 2 2 1 27 2577 2621 2629
4334 2 2 1 27 2621 2650 2629
4335 2 2 1 27 2621 2588 2650
4336 2 2 1 27 2629 2650 2586
4337 2 2 1 27 2593 2651 2653
4338 2 2 1 27 2651 2652 2653
4339 2 2 1 27 2651 2579 2652
4340 2 2 1 27 2653 2652 2580
4341 2 2 1 27 2579 2651 2636
4342 2 2 1 27 2651 2642 2636
4343 2 2 1 27 2651 2593 2642
4344 2 2 1 27 2636 2642 2587
4345 2 2 1 27 2593 2653 2654
4346 2 2 1 27 2653 2648 2654
4347 2 2 1 27 2653 2580 2648
4348 2 2 1 27 2654 2648 2592
4349 2 2 1 27 2572 2640 2645
4350 2 2 1 27 2640 2654 2645
4351 2 2 1 27 2640 2593 2654
4352 2 2 1 27 2645 2654 2592
4353 2 2 1 27 2594 2655 2657
4354 2 2 1 27 2655 2656 2657
4355 2 2 1 27 2655 2583 2656
4356 2 2 1 27 2657 2656 2567
4357 2 2 1 27 2584 2658 2659
4358 2 2 1 27 2658 2657 2659
4359 2 2 1 27 2658 2594 2657
4360 2 2 1 27 2659 2657 2567
4361 2 2 1 27 2583 2655 2625
4362 2 2 1 27 2655 2660 2625
4363 2 2 1 27 2655 2594 2660
4364 2 2 1 27 2625 2660 2585
4365 2 2 1 27 2575 2661 2663
4366 2 2 1 27 2661 2662 2663
4367 2 2 1 27 2661 2595 2662
4368 2 2 1 27 2663 2662 2566
4369 2 2 1 27 2595 2664 2662
4370 2 2 1 27 2664 2665 2662
4371 2 2 1 27 2664 2584 2665
4372 2 2 1 27 2662 2665 2566
4373 2 2 1 27 2595 2661 2666
4374 2 2 1 27 2661 2623 2666
4375 2 2 1 27 2661 2575 2623
4376 2 2 1 27 2666 2623 2585
4377 2 2 1 27 2595 2667 2664
4378 2 2 1 27 2667 2658 2664
4379 2 2 1 27 2667 2594 2658
4380 2 2 1 27 2664 2658 2584
4381 2 2 1 27 2585 2660 2666
4382 2 2 1 27 2660 2667 2666
4383 2 2 1 27 2660 2594 2667
4384 2 2 1 27 2666 2667 2595
4385 2 2 1 28 2692 2699 2700
4386 2 2 1 28 2699 30 2700
4387 2 2 1 28 2699 28 30
4388 2 2 1 28 2700 30 27
4389 2 2 1 28 2692 2701 2703
4390 2 2 1 28 2701 2702 2703
4391 2 2 1 28 2701 2678 2702
4392 2 2 1 28 2703 2702 2688
4393 2 2 1 28 2678 2701 2704
4394 2 2 1 28 2701 2700 2704
4395 2 2 1 28 2701 2692 2700
4396 2 2 1 28 2704 2700 27
4397 2 2 1 28 28 2705 29
4398 2 2 1 28 2705 2706 29
4399 2 2 1 28 2705 2693 2706
4400 2 2 1 28 29 2706 26
4401 2 2 1 28 2670 2707 2709
4402 2 2 1 28 2707 2708 2709
4403 2 2 1 28 2707 2693 2708
4404 2 2 1 28 2709 2708 2688
4405 2 2 1 28 2693 2707 2706
4406 2 2 1 28 2707 2710 2706
4407 2 2 1 28 2707 2670 2710
4408 2 2 1 28 2706 2710 26
4409 2 2 1 28 2675 2711 2713
4410 2 2 1 28 2711 2712 2713
4411 2 2 1 28 2711 2691 2712
4412 2 2 1 28 2713 2712 2676
4413 2 2 1 28 2684 2714 2716
4414 2 2 1 28 2714 2715 2716
4415 2 2 1 28 2714 2691 2715
4416 2 2 1 28 2716 2715 2683
4417 2 2 1 28 2684 2717 2714
4418 2 2 1 28 2717 2718 2714
4419 2 2 1 28 2717 2687 2718
4420 2 2 1 28 2714 2718 2691
4421 2 2 1 28 2687 2719 2718
4422 2 2 1 28 2719 2712 2718
4423 2 2 1 28 2719 2676 2712
4424 2 2 1 28 2718 2712 2691
4425 2 2 1 28 2671 2720 2722
4426 2 2 1 28 2720 2721 2722
4427 2 2 1 28 2720 2690 2721
4428 2 2 1 28 2722 2721 2672
4429 2 2 1 28 2680 2723 2725
4430 2 2 1 28 2723 2724 2725
4431 2 2 1 28 2723 2690 2724
4432 2 2 1 28 2725 2724 2679
4433 2 2 1 28 2676 2719 2727
4434 2 2 1 28 2719 2726 2727
4435 2 2 1 28 2719 2687 2726
4436 2 2 1 28 2727 2726 2677
4437 2 2 1 28 2685 2728 2729
4438 2 2 1 28 2728 2717 2729
4439 2 2 1 28 2728 2687 2717
4440 2 2 1 28 2729 2717 2684
4441 2 2 1 28 2670 2709 2731
4442 2 2 1 28 2709 2730 2731
4443 2 2 1 28 2709 2688 2730
4444 2 2 1 28 2731 2730 2671
4445 2 2 1 28 2679 2732 2733
4446 2 2 1 28 2732 2702 2733
4447 2 2 1 28 2732 2688 2702
4448 2 2 1 28 2733 2702 2678
4449 2 2 1 28 2689 2734 2736
4450 2 2 1 28 2734 2735 2736
4451 2 2 1 28 2734 2673 2735
4452 2 2 1 28 2736 2735 2672
4453 2 2 1 28 2689 2737 2739
4454 2 2 1 28 2737 2738 2739
4455 2 2 1 28 2737 2680 2738
4456 2 2 1 28 2739 2738 2681
4457 2 2 1 28 2690 2723 2740
4458 2 2 1 28 2723 2737 2740
4459 2 2 1 28 2723 2680 2737
4460 2 2 1 28 2740 2737 2689
4461 2 2 1 28 2672 2721 2736
4462 2 2 1 28 2721 2740 2736
4463 2 2 1 28 2721 2690 2740
4464 2 2 1 28 2736 2740 2689
4465 2 2 1 28 2692 2741 2699
4466 2 2 1 28 2741 2705 2699
4467 2 2 1 28 2741 2693 2705
4468 2 2 1 28 2699 2705 28
4469 2 2 1 28 2692 2703 2741
4470 2 2 1 28 2703 2708 2741
4471 2 2 1 28 2703 2688 2708
4472 2 2 1 28 2741 2708 2693
4473 2 2 1 28 2694 2742 2744
4474 2 2 1 28 2742 2743 2744
4475 2 2 1 28 2742 2681 2743
4476 2 2 1 28 2744 2743 2682
4477 2 2 1 28 2681 2742 2739
4478 2 2 1 28 2742 2745 2739
4479 2 2 1 28 2742 2694 2745
4480 2 2 1 28 2739 2745 2689
4481 2 2 1 28 2673 2746 2748
4482 2 2 1 28 2746 2747 2748
4483 2 2 1 28 2746 2695 2747
4484 2 2 1 28 2748 2747 2674
4485 2 2 1 28 2695 2746 2749
4486 2 2 1 28 2746 2734 2749
4487 2 2 1 28 2746 2673 2734
4488 2 2 1 28 2749 2734 2689
4489 2 2 1 28 2683 2750 2752
4490 2 2 1 28 2750 2751 2752
4491 2 2 1 28 2750 2696 2751
4492 2 2 1 28 2752 2751 2682
4493 2 2 1 28 2696 2750 2753
4494 2 2 1 28 2750 2715 2753
4495 2 2 1 28 2750 2683 2715
4496 2 2 1 28 2753 2715 2691
4497 2 2 1 28 2697 2754 2756
4498 2 2 1 28 2754 2755 2756
4499 2 2 1 28 2754 2675 2755
4500 2 2 1 28 2756 2755 2674
4501 2 2 1 28 2675 2754 2711
4502 2 2 1 28 2754 2757 2711
4503 2 2 1 28 2754 2697 2757
4504 2 2 1 28 2711 2757 2691
4505 2 2 1 28 2695 2758 2747
4506 2 2 1 28 2758 2756 2747
4507 2 2 1 28 2758 2697 2756
4508 2 2 1 28 2747 2756 2674
4509 2 2 1 28 2696 2759 2751
4510 2 2 1 28 2759 2744 2751
4511 2 2 1 28 2759 2694 2744
4512 2 2 1 28 2751 2744 2682
4513 2 2 1 28 2694 2760 2745
4514 2 2 1 28 2760 2749 2745
4515 2 2 1 28 2760 2695 2749
4516 2 2 1 28 2745 2749 2689
4517 2 2 1 28 2697 2761 2757
4518 2 2 1 28 2761 2753 2757
4519 2 2 1 28 2761 2696 2753
4520 2 2 1 28 2757 2753 2691
4521 2 2 1 28 2690 2720 2762
4522 2 2 1 28 2720 2730 2762
4523 2 2 1 28 2720 2671 2730
4524 2 2 1 28 2762 2730 2688
4525 2 2 1 28 2679 2724 2732
4526 2 2 1 28 2724 2762 2732
4527 2 2 1 28 2724 2690 2762
4528 2 2 1 28 2732 2762 2688
4529 2 2 1 28 2694 2759 2760
4530 2 2 1 28 2759 2763 2760
4531 2 2 1 28 2759 2696 2763
4532 2 2 1 28 2760 2763 2695
4533 2 2 1 28 2695 2763 2758
4534 2 2 1 28 2763 2761 2758
4535 2 2 1 28 2763 2696 2761
4536 2 2 1 28 2758 2761 2697
4537 2 2 1 28 2685 2764 2728
4538 2 2 1 28 2764 2765 2728
4539 2 2 1 28 2764 2698 2765
4540 2 2 1 28 2728 2765 2687
4541 2 2 1 28 2698 2764 2767
4542 2 2 1 28 2764 2766 2767
4543 2 2 1 28 2764 2685 2766
4544 2 2 1 28 2767 2766 2669
4545 2 2 1 28 2686 2768 2769
4546 2 2 1 28 2768 2767 2769
4547 2 2 1 28 2768 2698 2767
4548 2 2 1 28 2769 2767 2669
4549 2 2 1 28 2698 2770 2765
4550 2 2 1 28 2770 2726 2765
4551 2 2 1 28 2770 2677 2726
4552 2 2 1 28 2765 2726 2687
4553 2 2 1 28 2677 2770 2772
4554 2 2 1 28 2770 2771 2772
4555 2 2 1 28 2770 2698 2771
4556 2 2 1 28 2772 2771 2668
4557 2 2 1 28 2698 2768 2771
4558 2 2 1 28 2768 2773 2771
4559 2 2 1 28 2768 2686 2773
4560 2 2 1 28 2771 2773 2668
4561 2 2 1 29 2777 2782 2784
4562 2 2 1 29 2782 2783 2784
4563 2 2 1 29 2782 2779 2783
4564 2 2 1 29 2784 2783 2567
4565 2 2 1 29 2779 2785 2783
4566 2 2 1 29 2785 2659 2783
4567 2 2 1 29 2785 2584 2659
4568 2 2 1 29 2783 2659 2567
4569 2 2 1 29 2779 2782 2787
4570 2 2 1 29 2782 2786 2787
4571 2 2 1 29 2782 2777 2786
4572 2 2 1 29 2787 2786 2775
4573 2 2 1 29 2778 2788 2789
4574 2 2 1 29 2788 2787 2789
4575 2 2 1 29 2788 2779 2787
4576 2 2 1 29 2789 2787 2775
4577 2 2 1 29 2780 2790 2792
4578 2 2 1 29 2790 2791 2792
4579 2 2 1 29 2790 2778 2791
4580 2 2 1 29 2792 2791 2774
4581 2 2 1 29 2778 2790 2788
4582 2 2 1 29 2790 2793 2788
4583 2 2 1 29 2790 2780 2793
4584 2 2 1 29 2788 2793 2779
4585 2 2 1 29 2776 2794 2795
4586 2 2 1 29 2794 2792 2795
4587 2 2 1 29 2794 2780 2792
4588 2 2 1 29 2795 2792 2774
4589 2 2 1 29 2781 2796 2798
4590 2 2 1 29 2796 2797 2798
4591 2 2 1 29 2796 2776 2797
4592 2 2 1 29 2798 2797 2566
4593 2 2 1 29 2781 2799 2800
4594 2 2 1 29 2799 2785 2800
4595 2 2 1 29 2799 2584 2785
4596 2 2 1 29 2800 2785 2779
4597 2 2 1 29 2584 2799 2665
4598 2 2 1 29 2799 2798 2665
4599 2 2 1 29 2799 2781 2798
4600 2 2 1 29 2665 2798 2566
4601 2 2 1 29 2781 2801 2796
4602 2 2 1 29 2801 2794 2796
4603 2 2 1 29 2801 2780 2794
4604 2 2 1 29 2796 2794 2776
4605 2 2 1 29 2779 2793 2800
4606 2 2 1 29 2793 2801 2800
4607 2 2 1 29 2793 2780 2801
4608 2 2 1 29 2800 2801 2781
4609 2 2 1 30 2805 2810 2812
4610 2 2 1 30 2810 2811 2812
4611 2 2 1 30 2810 2807 2811
4612 2 2 1 30 2812 2811 2669
4613 2 2 1 30 2807 2813 2811
4614 2 2 1 30 2813 2769 2811
4615 2 2 1 30 2813 2686 2769
4616 2 2 1 30 2811 2769 2669
4617 2 2 1 30 2807 2810 2815
4618 2 2 1 30 2810 2814 2815
4619 2 2 1 30 2810 2805 2814
4620 2 2 1 30 2815 2814 2803
4621 2 2 1 30 2806 2816 2817
4622 2 2 1 30 2816 2815 2817
4623 2 2 1 30 2816 2807 2815
4624 2 2 1 30 2817 2815 2803
4625 2 2 1 30 2808 2818 2820
4626 2 2 1 30 2818 2819 2820
4627 2 2 1 30 2818 2806 2819
4628 2 2 1 30 2820 2819 2802
4629 2 2 1 30 2806 2818 2816
4630 2 2 1 30 2818 2821 2816
4631 2 2 1 30 2818 2808 2821
4632 2 2 1 30 2816 2821 2807
4633 2 2 1 30 2804 2822 2823
4634 2 2 1 30 2822 2820 2823
4635 2 2 1 30 2822 2808 2820
4636 2 2 1 30 2823 2820 2802
4637 2 2 1 30 2809 2824 2826
4638 2 2 1 30 2824 2825 2826
4639 2 2 1 30 2824 2804 2825
4640 2 2 1 30 2826 2825 2668
4641 2 2 1 30 2809 2827 2828
4642 2 2 1 30 2827 2813 2828
4643 2 2 1 30 2827 2686 2813
4644 2 2 1 30 2828 2813 2807
4645 2 2 1 30 2686 2827 2773
4646 2 2 1 30 2827 2826 2773
4647 2 2 1 30 2827 2809 2826
4648 2 2 1 30 2773 2826 2668
4649 2 2 1 30 2809 2829 2824
4650 2 2 1 30 2829 2822 2824
4651 2 2 1 30 2829 2808 2822
4652 2 2 1 30 2824 2822 2804
4653 2 2 1 30 2807 2821 2828
4654 2 2 1 30 2821 2829 2828
4655 2 2 1 30 2821 2808 2829
4656 2 2 1 30 2828 2829 2809
4657 2 2 1 31 2879 2892 2894
4658 2 2 1 31 2892 2893 2894
4659 2 2 1 31 2892 2841 2893
4660 2 2 1 31 2894 2893 2842
4661 2 2 1 31 2875 2895 2896
4662 2 2 1 31 2895 2892 2896
4663 2 2 1 31 2895 2841 2892
4664 2 2 1 31 2896 2892 2879
4665 2 2 1 31 2879 2897 2899
4666 2 2 1 31 2897 2898 2899
4667 2 2 1 31 2897 2861 2898
4668 2 2 1 31 2899 2898 2860
4669 2 2 1 31 2860 2900 2899
4670 2 2 1 31 2900 2896 2899
4671 2 2 1 31 2900 2875 2896
4672 2 2 1 31 2899 2896 2879
4673 2 2 1 31 2876 2901 2903
4674 2 2 1 31 2901 2902 2903
4675 2 2 1 31 2901 2835 2902
4676 2 2 1 31 2903 2902 2836
4677 2 2 1 31 2876 2904 2906
4678 2 2 1 31 2904 2905 2906
4679 2 2 1 31 2904 2855 2905
4680 2 2 1 31 2906 2905 2854
4681 2 2 1 31 2874 2907 2908
4682 2 2 1 31 2907 2904 2908
4683 2 2 1 31 2907 2855 2904
4684 2 2 1 31 2908 2904 2876
4685 2 2 1 31 2836 2909 2903
4686 2 2 1 31 2909 2908 2903
4687 2 2 1 31 2909 2874 2908
4688 2 2 1 31 2903 2908 2876
4689 2 2 1 31 2883 2910 2912
4690 2 2 1 31 2910 2911 2912
4691 2 2 1 31 2910 2848 2911
4692 2 2 1 31 2912 2911 2849
4693 2 2 1 31 2880 2913 2914
4694 2 2 1 31 2913 2910 2914
4695 2 2 1 31 2913 2848 2910
4696 2 2 1 31 2914 2910 2883
4697 2 2 1 31 2883 2915 2917
4698 2 2 1 31 2915 2916 2917
4699 2 2 1 31 2915 2868 2916
4700 2 2 1 31 2917 2916 2867
4701 2 2 1 31 2867 2918 2917
4702 2 2 1 31 2918 2914 2917
4703 2 2 1 31 2918 2880 2914
4704 2 2 1 31 2917 2914 2883
4705 2 2 1 31 2840 2919 2921
4706 2 2 1 31 2919 2920 2921
4707 2 2 1 31 2919 2873 2920
4708 2 2 1 31 2921 2920 2839
4709 2 2 1 31 2858 2922 2924
4710 2 2 1 31 2922 2923 2924
4711 2 2 1 31 2922 2873 2923
4712 2 2 1 31 2924 2923 2859
4713 2 2 1 31 2878 2925 2927
4714 2 2 1 31 2925 2926 2927
4715 2 2 1 31 2925 2834 2926
4716 2 2 1 31 2927 2926 2835
4717 2 2 1 31 2878 2928 2930
4718 2 2 1 31 2928 2929 2930
4719 2 2 1 31 2928 2854 2929
4720 2 2 1 31 2930 2929 2853
4721 2 2 1 31 2876 2906 2931
4722 2 2 1 31 2906 2928 2931
4723 2 2 1 31 2906 2854 2928
4724 2 2 1 31 2931 2928 2878
4725 2 2 1 31 2835 2901 2927
4726 2 2 1 31 2901 2931 2927
4727 2 2 1 31 2901 2876 2931
4728 2 2 1 31 2927 2931 2878
4729 2 2 1 31 2843 2932 2934
4730 2 2 1 31 2932 2933 2934
4731 2 2 1 31 2932 2882 2933
4732 2 2 1 31 2934 2933 2842
4733 2 2 1 31 2861 2935 2937
4734 2 2 1 31 2935 2936 2937
4735 2 2 1 31 2935 2882 2936
4736 2 2 1 31 2937 2936 2862
4737 2 2 1 31 2861 2897 2935
4738 2 2 1 31 2897 2938 2935
4739 2 2 1 31 2897 2879 2938
4740 2 2 1 31 2935 2938 2882
4741 2 2 1 31 2879 2894 2938
4742 2 2 1 31 2894 2933 2938
4743 2 2 1 31 2894 2842 2933
4744 2 2 1 31 2938 2933 2882
4745 2 2 1 31 2875 2939 2895
4746 2 2 1 31 2939 2940 2895
4747 2 2 1 31 2939 2840 2940
4748 2 2 1 31 2895 2940 2841
4749 2 2 1 31 2875 2900 2942
4750 2 2 1 31 2900 2941 2942
4751 2 2 1 31 2900 2860 2941
4752 2 2 1 31 2942 2941 2859
4753 2 2 1 31 2850 2943 2945
4754 2 2 1 31 2943 2944 2945
4755 2 2 1 31 2943 2885 2944
4756 2 2 1 31 2945 2944 2849
4757 2 2 1 31 2868 2946 2948
4758 2 2 1 31 2946 2947 2948
4759 2 2 1 31 2946 2885 2947
4760 2 2 1 31 2948 2947 2869
4761 2 2 1 31 2868 2915 2946
4762 2 2 1 31 2915 2949 2946
4763 2 2 1 31 2915 2883 2949
4764 2 2 1 31 2946 2949 2885
4765 2 2 1 31 2883 2912 2949
4766 2 2 1 31 2912 2944 2949
4767 2 2 1 31 2912 2849 2944
4768 2 2 1 31 2949 2944 2885
4769 2 2 1 31 2844 2950 2952
4770 2 2 1 31 2950 2951 2952
4771 2 2 1 31 2950 2884 2951
4772 2 2 1 31 2952 2951 2843
4773 2 2 1 31 2862 2953 2955
4774 2 2 1 31 2953 2954 2955
4775 2 2 1 31 2953 2884 2954
4776 2 2 1 31 2955 2954 2863
4777 2 2 1 31 2862 2936 2953
4778 2 2 1 31 2936 2956 2953
4779 2 2 1 31 2936 2882 2956
4780 2 2 1 31 2953 2956 2884
4781 2 2 1 31 2882 2932 2956
4782 2 2 1 31 2932 2951 2956
4783 2 2 1 31 2932 2843 2951
4784 2 2 1 31 2956 2951 2884
4785 2 2 1 31 2881 2957 2959
4786 2 2 1 31 2957 2958 2959
4787 2 2 1 31 2957 2846 2958
4788 2 2 1 31 2959 2958 2847
4789 2 2 1 31 2881 2960 2962
4790 2 2 1 31 2960 2961 2962
4791 2 2 1 31 2960 2866 2961
4792 2 2 1 31 2962 2961 2865
4793 2 2 1 31 2837 2963 2964
4794 2 2 1 31 2963 2909 2964
4795 2 2 1 31 2963 2874 2909
4796 2 2 1 31 2964 2909 2836
4797 2 2 1 31 2837 2965 2963
4798 2 2 1 31 2965 2966 2963
4799 2 2 1 31 2965 2871 2966
4800 2 2 1 31 2963 2966 2874
4801 2 2 1 31 2855 2907 2968
4802 2 2 1 31 2907 2967 2968
4803 2 2 1 31 2907 2874 2967
4804 2 2 1 31 2968 2967 2856
4805 2 2 1 31 2871 2969 2966
4806 2 2 1 31 2969 2967 2966
4807 2 2 1 31 2969 2856 2967
4808 2 2 1 31 2966 2967 2874
4809 2 2 1 31 2877 2970 2972
4810 2 2 1 31 2970 2971 2972
4811 2 2 1 31 2970 2833 2971
4812 2 2 1 31 2972 2971 2834
4813 2 2 1 31 2877 2973 2975
4814 2 2 1 31 2973 2974 2975
4815 2 2 1 31 2973 2853 2974
4816 2 2 1 31 2975 2974 2852
4817 2 2 1 31 2878 2930 2976
4818 2 2 1 31 2930 2973 2976
4819 2 2 1 31 2930 2853 2973
4820 2 2 1 31 2976 2973 2877
4821 2 2 1 31 2834 2925 2972
4822 2 2 1 31 2925 2976 2972
4823 2 2 1 31 2925 2878 2976
4824 2 2 1 31 2972 2976 2877
4825 2 2 1 31 2871 2965 2978
4826 2 2 1 31 2965 2977 2978
4827 2 2 1 31 2965 2837 2977
4828 2 2 1 31 2978 2977 2838
4829 2 2 1 31 2871 2979 2969
4830 2 2 1 31 2979 2980 2969
4831 2 2 1 31 2979 2857 2980
4832 2 2 1 31 2969 2980 2856
4833 2 2 1 31 2872 2981 2982
4834 2 2 1 31 2981 2979 2982
4835 2 2 1 31 2981 2857 2979
4836 2 2 1 31 2982 2979 2871
4837 2 2 1 31 2838 2983 2978
4838 2 2 1 31 2983 2982 2978
4839 2 2 1 31 2983 2872 2982
4840 2 2 1 31 2978 2982 2871
4841 2 2 1 31 2880 2984 2913
4842 2 2 1 31 2984 2985 2913
4843 2 2 1 31 2984 2847 2985
4844 2 2 1 31 2913 2985 2848
4845 2 2 1 31 2881 2959 2986
4846 2 2 1 31 2959 2984 2986
4847 2 2 1 31 2959 2847 2984
4848 2 2 1 31 2986 2984 2880
4849 2 2 1 31 2880 2918 2988
4850 2 2 1 31 2918 2987 2988
4851 2 2 1 31 2918 2867 2987
4852 2 2 1 31 2988 2987 2866
4853 2 2 1 31 2866 2960 2988
4854 2 2 1 31 2960 2986 2988
4855 2 2 1 31 2960 2881 2986
4856 2 2 1 31 2988 2986 2880
4857 2 2 1 31 2872 2983 2990
4858 2 2 1 31 2983 2989 2990
4859 2 2 1 31 2983 2838 2989
4860 2 2 1 31 2990 2989 2839
4861 2 2 1 31 2872 2991 2981
4862 2 2 1 31 2991 2992 2981
4863 2 2 1 31 2991 2858 2992
4864 2 2 1 31 2981 2992 2857
4865 2 2 1 31 2873 2922 2993
4866 2 2 1 31 2922 2991 2993
4867 2 2 1 31 2922 2858 2991
4868 2 2 1 31 2993 2991 2872
4869 2 2 1 31 2839 2920 2990
4870 2 2 1 31 2920 2993 2990
4871 2 2 1 31 2920 2873 2993
4872 2 2 1 31 2990 2993 2872
4873 2 2 1 31 2863 2994 2996
4874 2 2 1 31 2994 2995 2996
4875 2 2 1 31 2994 2886 2995
4876 2 2 1 31 2996 2995 2864
4877 2 2 1 31 2886 2994 2997
4878 2 2 1 31 2994 2954 2997
4879 2 2 1 31 2994 2863 2954
4880 2 2 1 31 2997 2954 2884
4881 2 2 1 31 2864 2998 3000
4882 2 2 1 31 2998 2999 3000
4883 2 2 1 31 2998 2887 2999
4884 2 2 1 31 3000 2999 2865
4885 2 2 1 31 2888 3001 3003
4886 2 2 1 31 3001 3002 3003
4887 2 2 1 31 3001 2850 3002
4888 2 2 1 31 3003 3002 2851
4889 2 2 1 31 2850 3001 2943
4890 2 2 1 31 3001 3004 2943
4891 2 2 1 31 3001 2888 3004
4892 2 2 1 31 2943 3004 2885
4893 2 2 1 31 2873 2919 3005
4894 2 2 1 31 2919 2939 3005
4895 2 2 1 31 2919 2840 2939
4896 2 2 1 31 3005 2939 2875
4897 2 2 1 31 2859 2923 2942
4898 2 2 1 31 2923 3005 2942
4899 2 2 1 31 2923 2873 3005
4900 2 2 1 31 2942 3005 2875
4901 2 2 1 31 2887 3006 2999
4902 2 2 1 31 3006 2962 2999
4903 2 2 1 31 3006 2881 2962
4904 2 2 1 31 2999 2962 2865
4905 2 2 1 31 2869 3007 3009
4906 2 2 1 31 3007 3008 3009
4907 2 2 1 31 3007 2888 3008
4908 2 2 1 31 3009 3008 2870
4909 2 2 1 31 2888 3007 3004
4910 2 2 1 31 3007 2947 3004
4911 2 2 1 31 3007 2869 2947
4912 2 2 1 31 3004 2947 2885
4913 2 2 1 31 2886 3010 3012
4914 2 2 1 31 3010 3011 3012
4915 2 2 1 31 3010 2844 3011
4916 2 2 1 31 3012 3011 2845
4917 2 2 1 31 2844 3010 2950
4918 2 2 1 31 3010 2997 2950
4919 2 2 1 31 3010 2886 2997
4920 2 2 1 31 2950 2997 2884
4921 2 2 1 31 2887 3013 3015
4922 2 2 1 31 3013 3014 3015
4923 2 2 1 31 3013 2845 3014
4924 2 2 1 31 3015 3014 2846
4925 2 2 1 31 2881 3006 2957
4926 2 2 1 31 3006 3015 2957
4927 2 2 1 31 3006 2887 3015
4928 2 2 1 31 2957 3015 2846
4929 2 2 1 31 2845 3013 3012
4930 2 2 1 31 3013 3016 3012
4931 2 2 1 31 3013 2887 3016
4932 2 2 1 31 3012 3016 2886
4933 2 2 1 31 2887 2998 3016
4934 2 2 1 31 2998 2995 3016
4935 2 2 1 31 2998 2864 2995
4936 2 2 1 31 3016 2995 2886
4937 2 2 1 31 2889 3017 3018
4938 2 2 1 31 3017 2823 3018
4939 2 2 1 31 3017 2804 2823
4940 2 2 1 31 3018 2823 2802
4941 2 2 1 31 2870 3019 3020
4942 2 2 1 31 3019 3018 3020
4943 2 2 1 31 3019 2889 3018
4944 2 2 1 31 3020 3018 2802
4945 2 2 1 31 2804 3021 2825
4946 2 2 1 31 3021 3022 2825
4947 2 2 1 31 3021 2890 3022
4948 2 2 1 31 2825 3022 2668
4949 2 2 1 31 2890 3023 3022
4950 2 2 1 31 3023 3024 3022
4951 2 2 1 31 3023 2851 3024
4952 2 2 1 31 3022 3024 2668
4953 2 2 1 31 2804 3017 3021
4954 2 2 1 31 3017 3025 3021
4955 2 2 1 31 3017 2889 3025
4956 2 2 1 31 3021 3025 2890
4957 2 2 1 31 2888 3026 3008
4958 2 2 1 31 3026 3027 3008
4959 2 2 1 31 3026 2890 3027
4960 2 2 1 31 3008 3027 2870
4961 2 2 1 31 2890 3026 3023
4962 2 2 1 31 3026 3003 3023
4963 2 2 1 31 3026 2888 3003
4964 2 2 1 31 3023 3003 2851
4965 2 2 1 31 2889 3019 3025
4966 2 2 1 31 3019 3027 3025
4967 2 2 1 31 3019 2870 3027
4968 2 2 1 31 3025 3027 2890
4969 2 2 1 31 2891 3028 3030
4970 2 2 1 31 3028 3029 3030
4971 2 2 1 31 3028 2832 3029
4972 2 2 1 31 3030 3029 2830
4973 2 2 1 31 2833 3031 3032
4974 2 2 1 31 3031 3030 3032
4975 2 2 1 31 3031 2891 3030
4976 2 2 1 31 3032 3030 2830
4977 2 2 1 31 2891 3031 3033
4978 2 2 1 31 3031 2970 3033
4979 2 2 1 31 3031 2833 2970
4980 2 2 1 31 3033 2970 2877
4981 2 2 1 31 2832 3028 3035
4982 2 2 1 31 3028 3034 3035
4983 2 2 1 31 3028 2891 3034
4984 2 2 1 31 3035 3034 2831
4985 2 2 1 31 2891 3036 3034
4986 2 2 1 31 3036 3037 3034
4987 2 2 1 31 3036 2852 3037
4988 2 2 1 31 3034 3037 2831
4989 2 2 1 31 2852 3036 2975
4990 2 2 1 31 3036 3033 2975
4991 2 2 1 31 3036 2891 3033
4992 2 2 1 31 2975 3033 2877
4993 2 2 1 32 3047 3097 3099
4994 2 2 1 32 3097 3098 3099
4995 2 2 1 32 3097 3081 3098
4996 2 2 1 32 3099 3098 3046
4997 2 2 1 32 3065 3100 3102
4998 2 2 1 32 3100 3101 3102
4999 2 2 1 32 3100 3081 3101
5000 2 2 1 32 3102 3101 3066
5001 2 2 1 32 3065 3103 3100
5002 2 2 1 32 3103 3104 3100
5003 2 2 1 32 3103 3080 3104
5004 2 2 1 32 3100 3104 3081
5005 2 2 1 32 3080 3105 3104
5006 2 2 1 32 3105 3098 3104
5007 2 2 1 32 3105 3046 3098
5008 2 2 1 32 3104 3098 3081
5009 2 2 1 32 3085 3106 3108
5010 2 2 1 32 3106 3107 3108
5011 2 2 1 32 3106 3053 3107
5012 2 2 1 32 3108 3107 3054
5013 2 2 1 32 3082 3109 3110
5014 2 2 1 32 3109 3106 3110
5015 2 2 1 32 3109 3053 3106
5016 2 2 1 32 3110 3106 3085
5017 2 2 1 32 3085 3111 3113
5018 2 2 1 32 3111 3112 3113
5019 2 2 1 32 3111 3073 3112
5020 2 2 1 32 3113 3112 3072
5021 2 2 1 32 3072 3114 3113
5022 2 2 1 32 3114 3110 3113
5023 2 2 1 32 3114 3082 3110
5024 2 2 1 32 3113 3110 3085
5025 2 2 1 32 3048 3115 3117
5026 2 2 1 32 3115 3116 3117
5027 2 2 1 32 3115 3084 3116
5028 2 2 1 32 3117 3116 3047
5029 2 2 1 32 3066 3118 3120
5030 2 2 1 32 3118 3119 3120
5031 2 2 1 32 3118 3084 3119
5032 2 2 1 32 3120 3119 3067
5033 2 2 1 32 3066 3101 3118
5034 2 2 1 32 3101 3121 3118
5035 2 2 1 32 3101 3081 3121
5036 2 2 1 32 3118 3121 3084
5037 2 2 1 32 3081 3097 3121
5038 2 2 1 32 3097 3116 3121
5039 2 2 1 32 3097 3047 3116
5040 2 2 1 32 3121 3116 3084
5041 2 2 1 32 3080 3122 3105
5042 2 2 1 32 3122 3123 3105
5043 2 2 1 32 3122 3045 3123
5044 2 2 1 32 3105 3123 3046
5045 2 2 1 32 3077 3124 3125
5046 2 2 1 32 3124 3122 3125
5047 2 2 1 32 3124 3045 3122
5048 2 2 1 32 3125 3122 3080
5049 2 2 1 32 3080 3103 3127
5050 2 2 1 32 3103 3126 3127
5051 2 2 1 32 3103 3065 3126
5052 2 2 1 32 3127 3126 3064
5053 2 2 1 32 3064 3128 3127
5054 2 2 1 32 3128 3125 3127
5055 2 2 1 32 3128 3077 3125
5056 2 2 1 32 3127 3125 3080
5057 2 2 1 32 3087 3129 3131
5058 2 2 1 32 3129 3130 3131
5059 2 2 1 32 3129 3054 3130
5060 2 2 1 32 3131 3130 3055
5061 2 2 1 32 3085 3108 3132
5062 2 2 1 32 3108 3129 3132
5063 2 2 1 32 3108 3054 3129
5064 2 2 1 32 3132 3129 3087
5065 2 2 1 32 3087 3133 3135
5066 2 2 1 32 3133 3134 3135
5067 2 2 1 32 3133 3074 3134
5068 2 2 1 32 3135 3134 3073
5069 2 2 1 32 3073 3111 3135
5070 2 2 1 32 3111 3132 3135
5071 2 2 1 32 3111 3085 3132
5072 2 2 1 32 3135 3132 3087
5073 2 2 1 32 3086 3136 3138
5074 2 2 1 32 3136 3137 3138
5075 2 2 1 32 3136 3048 3137
5076 2 2 1 32 3138 3137 3049
5077 2 2 1 32 3084 3115 3139
5078 2 2 1 32 3115 3136 3139
5079 2 2 1 32 3115 3048 3136
5080 2 2 1 32 3139 3136 3086
5081 2 2 1 32 3086 3140 3142
5082 2 2 1 32 3140 3141 3142
5083 2 2 1 32 3140 3068 3141
5084 2 2 1 32 3142 3141 3067
5085 2 2 1 32 3067 3119 3142
5086 2 2 1 32 3119 3139 3142
5087 2 2 1 32 3119 3084 3139
5088 2 2 1 32 3142 3139 3086
5089 2 2 1 32 3077 3143 3124
5090 2 2 1 32 3143 3144 3124
5091 2 2 1 32 3143 3044 3144
5092 2 2 1 32 3124 3144 3045
5093 2 2 1 32 3079 3145 3146
5094 2 2 1 32 3145 3143 3146
5095 2 2 1 32 3145 3044 3143
5096 2 2 1 32 3146 3143 3077
5097 2 2 1 32 3077 3128 3148
5098 2 2 1 32 3128 3147 3148
5099 2 2 1 32 3128 3064 3147
5100 2 2 1 32 3148 3147 3063
5101 2 2 1 32 3063 3149 3148
5102 2 2 1 32 3149 3146 3148
5103 2 2 1 32 3149 3079 3146
5104 2 2 1 32 3148 3146 3077
5105 2 2 1 32 3088 3150 3152
5106 2 2 1 32 3150 3151 3152
5107 2 2 1 32 3150 3055 3151
5108 2 2 1 32 3152 3151 3056
5109 2 2 1 32 3087 3131 3153
5110 2 2 1 32 3131 3150 3153
5111 2 2 1 32 3131 3055 3150
5112 2 2 1 32 3153 3150 3088
5113 2 2 1 32 3088 3154 3156
5114 2 2 1 32 3154 3155 3156
5115 2 2 1 32 3154 3075 3155
5116 2 2 1 32 3156 3155 3074
5117 2 2 1 32 3074 3133 3156
5118 2 2 1 32 3133 3153 3156
5119 2 2 1 32 3133 3087 3153
5120 2 2 1 32 3156 3153 3088
5121 2 2 1 32 3082 3157 3109
5122 2 2 1 32 3157 3158 3109
5123 2 2 1 32 3157 3052 3158
5124 2 2 1 32 3109 3158 3053
5125 2 2 1 32 3083 3159 3160
5126 2 2 1 32 3159 3157 3160
5127 2 2 1 32 3159 3052 3157
5128 2 2 1 32 3160 3157 3082
5129 2 2 1 32 3082 3114 3162
5130 2 2 1 32 3114 3161 3162
5131 2 2 1 32 3114 3072 3161
5132 2 2 1 32 3162 3161 3071
5133 2 2 1 32 3071 3163 3162
5134 2 2 1 32 3163 3160 3162
5135 2 2 1 32 3163 3083 3160
5136 2 2 1 32 3162 3160 3082
5137 2 2 1 32 3044 3145 3165
5138 2 2 1 32 3145 3164 3165
5139 2 2 1 32 3145 3079 3164
5140 2 2 1 32 3165 3164 3043
5141 2 2 1 32 3062 3166 3167
5142 2 2 1 32 3166 3149 3167
5143 2 2 1 32 3166 3079 3149
5144 2 2 1 32 3167 3149 3063
5145 2 2 1 32 3039 3168 3170
5146 2 2 1 32 3168 3169 3170
5147 2 2 1 32 3168 3076 3169
5148 2 2 1 32 3170 3169 3038
5149 2 2 1 32 3057 3171 3173
5150 2 2 1 32 3171 3172 3173
5151 2 2 1 32 3171 3076 3172
5152 2 2 1 32 3173 3172 3058
5153 2 2 1 32 3078 3174 3176
5154 2 2 1 32 3174 3175 3176
5155 2 2 1 32 3174 3041 3175
5156 2 2 1 32 3176 3175 3042
5157 2 2 1 32 3078 3177 3179
5158 2 2 1 32 3177 3178 3179
5159 2 2 1 32 3177 3061 3178
5160 2 2 1 32 3179 3178 3060
5161 2 2 1 32 3051 3180 3182
5162 2 2 1 32 3180 3181 3182
5163 2 2 1 32 3180 3089 3181
5164 2 2 1 32 3182 3181 3050
5165 2 2 1 32 3090 3183 3185
5166 2 2 1 32 3183 3184 3185
5167 2 2 1 32 3183 3049 3184
5168 2 2 1 32 3185 3184 3050
5169 2 2 1 32 3049 3183 3138
5170 2 2 1 32 3183 3186 3138
5171 2 2 1 32 3183 3090 3186
5172 2 2 1 32 3138 3186 3086
5173 2 2 1 32 3091 3187 3189
5174 2 2 1 32 3187 3188 3189
5175 2 2 1 32 3187 3039 3188
5176 2 2 1 32 3189 3188 3040
5177 2 2 1 32 3092 3190 3191
5178 2 2 1 32 3190 3179 3191
5179 2 2 1 32 3190 3078 3179
5180 2 2 1 32 3191 3179 3060
5181 2 2 1 32 3078 3190 3174
5182 2 2 1 32 3190 3192 3174
5183 2 2 1 32 3190 3092 3192
5184 2 2 1 32 3174 3192 3041
5185 2 2 1 32 3093 3193 3194
5186 2 2 1 32 3193 3176 3194
5187 2 2 1 32 3193 3078 3176
5188 2 2 1 32 3194 3176 3042
5189 2 2 1 32 3078 3193 3177
5190 2 2 1 32 3193 3195 3177
5191 2 2 1 32 3193 3093 3195
5192 2 2 1 32 3177 3195 3061
5193 2 2 1 32 3043 3196 3197
5194 2 2 1 32 3196 3194 3197
5195 2 2 1 32 3196 3093 3194
5196 2 2 1 32 3197 3194 3042
5197 2 2 1 32 3093 3198 3195
5198 2 2 1 32 3198 3199 3195
5199 2 2 1 32 3198 3062 3199
5200 2 2 1 32 3195 3199 3061
5201 2 2 1 32 3092 3200 3192
5202 2 2 1 32 3200 3201 3192
5203 2 2 1 32 3200 3040 3201
5204 2 2 1 32 3192 3201 3041
5205 2 2 1 32 3059 3202 3203
5206 2 2 1 32 3202 3191 3203
5207 2 2 1 32 3202 3092 3191
5208 2 2 1 32 3203 3191 3060
5209 2 2 1 32 3091 3204 3187
5210 2 2 1 32 3204 3168 3187
5211 2 2 1 32 3204 3076 3168
5212 2 2 1 32 3187 3168 3039
5213 2 2 1 32 3076 3204 3172
5214 2 2 1 32 3204 3205 3172
5215 2 2 1 32 3204 3091 3205
5216 2 2 1 32 3172 3205 3058
5217 2 2 1 32 3089 3206 3208
5218 2 2 1 32 3206 3207 3208
5219 2 2 1 32 3206 3070 3207
5220 2 2 1 32 3208 3207 3069
5221 2 2 1 32 3089 3209 3181
5222 2 2 1 32 3209 3185 3181
5223 2 2 1 32 3209 3090 3185
5224 2 2 1 32 3181 3185 3050
5225 2 2 1 32 3068 3210 3212
5226 2 2 1 32 3210 3211 3212
5227 2 2 1 32 3210 3090 3211
5228 2 2 1 32 3212 3211 3069
5229 2 2 1 32 3090 3210 3186
5230 2 2 1 32 3210 3140 3186
5231 2 2 1 32 3210 3068 3140
5232 2 2 1 32 3186 3140 3086
5233 2 2 1 32 3090 3209 3211
5234 2 2 1 32 3209 3208 3211
5235 2 2 1 32 3209 3089 3208
5236 2 2 1 32 3211 3208 3069
5237 2 2 1 32 3093 3196 3213
5238 2 2 1 32 3196 3164 3213
5239 2 2 1 32 3196 3043 3164
5240 2 2 1 32 3213 3164 3079
5241 2 2 1 32 3062 3198 3166
5242 2 2 1 32 3198 3213 3166
5243 2 2 1 32 3198 3093 3213
5244 2 2 1 32 3166 3213 3079
5245 2 2 1 32 3083 3214 3159
5246 2 2 1 32 3214 3215 3159
5247 2 2 1 32 3214 3051 3215
5248 2 2 1 32 3159 3215 3052
5249 2 2 1 32 3089 3180 3216
5250 2 2 1 32 3180 3214 3216
5251 2 2 1 32 3180 3051 3214
5252 2 2 1 32 3216 3214 3083
5253 2 2 1 32 3083 3163 3218
5254 2 2 1 32 3163 3217 3218
5255 2 2 1 32 3163 3071 3217
5256 2 2 1 32 3218 3217 3070
5257 2 2 1 32 3070 3206 3218
5258 2 2 1 32 3206 3216 3218
5259 2 2 1 32 3206 3089 3216
5260 2 2 1 32 3218 3216 3083
5261 2 2 1 32 3058 3205 3220
5262 2 2 1 32 3205 3219 3220
5263 2 2 1 32 3205 3091 3219
5264 2 2 1 32 3220 3219 3059
5265 2 2 1 32 3059 3219 3202
5266 2 2 1 32 3219 3221 3202
5267 2 2 1 32 3219 3091 3221
5268 2 2 1 32 3202 3221 3092
5269 2 2 1 32 3091 3189 3221
5270 2 2 1 32 3189 3200 3221
5271 2 2 1 32 3189 3040 3200
5272 2 2 1 32 3221 3200 3092
5273 2 2 1 32 3094 3222 3224
5274 2 2 1 32 3222 3223 3224
5275 2 2 1 32 3222 3056 3223
5276 2 2 1 32 3224 3223 2830
5277 2 2 1 32 3056 3222 3152
5278 2 2 1 32 3222 3225 3152
5279 2 2 1 32 3222 3094 3225
5280 2 2 1 32 3152 3225 3088
5281 2 2 1 32 2832 3226 3029
5282 2 2 1 32 3226 3224 3029
5283 2 2 1 32 3226 3094 3224
5284 2 2 1 32 3029 3224 2830
5285 2 2 1 32 3094 3226 3227
5286 2 2 1 32 3226 3035 3227
5287 2 2 1 32 3226 2832 3035
5288 2 2 1 32 3227 3035 2831
5289 2 2 1 32 3075 3228 3229
5290 2 2 1 32 3228 3227 3229
5291 2 2 1 32 3228 3094 3227
5292 2 2 1 32 3229 3227 2831
5293 2 2 1 32 3094 3228 3225
5294 2 2 1 32 3228 3154 3225
5295 2 2 1 32 3228 3075 3154
5296 2 2 1 32 3225 3154 3088
5297 2 2 1 32 2777 3230 2786
5298 2 2 1 32 3230 3231 2786
5299 2 2 1 32 3230 3095 3231
5300 2 2 1 32 2786 3231 2775
5301 2 2 1 32 3095 3232 3231
5302 2 2 1 32 3232 3233 3231
5303 2 2 1 32 3232 3057 3233
5304 2 2 1 32 3231 3233 2775
5305 2 2 1 32 3096 3234 3235
5306 2 2 1 32 3234 2784 3235
5307 2 2 1 32 3234 2777 2784
5308 2 2 1 32 3235 2784 2567
5309 2 2 1 32 3038 3236 3237
5310 2 2 1 32 3236 3235 3237
5311 2 2 1 32 3236 3096 3235
5312 2 2 1 32 3237 3235 2567
5313 2 2 1 32 3095 3230 3238
5314 2 2 1 32 3230 3234 3238
5315 2 2 1 32 3230 2777 3234
5316 2 2 1 32 3238 3234 3096
5317 2 2 1 32 3096 3239 3240
5318 2 2 1 32 3239 3171 3240
5319 2 2 1 32 3239 3076 3171
5320 2 2 1 32 3240 3171 3057
5321 2 2 1 32 3076 3239 3169
5322 2 2 1 32 3239 3236 3169
5323 2 2 1 32 3239 3096 3236
5324 2 2 1 32 3169 3236 3038
5325 2 2 1 32 3057 3232 3240
5326 2 2 1 32 3232 3238 3240
5327 2 2 1 32 3232 3095 3238
5328 2 2 1 32 3240 3238 3096
5329 2 2 1 33 3249 3267 3269
5330 2 2 1 33 3267 3268 3269
5331 2 2 1 33 3267 3262 3268
5332 2 2 1 33 3269 3268 2775
5333 2 2 1 33 3262 3270 3268
5334 2 2 1 33 3270 2789 3268
5335 2 2 1 33 3270 2778 2789
5336 2 2 1 33 3268 2789 2775
5337 2 2 1 33 3262 3267 3272
5338 2 2 1 33 3267 3271 3272
5339 2 2 1 33 3267 3249 3271
5340 2 2 1 33 3272 3271 3257
5341 2 2 1 33 3263 3273 3275
5342 2 2 1 33 3273 3274 3275
5343 2 2 1 33 3273 3256 3274
5344 2 2 1 33 3275 3274 32
5345 2 2 1 33 33 3276 35
5346 2 2 1 33 3276 3275 35
5347 2 2 1 33 3276 3263 3275
5348 2 2 1 33 35 3275 32
5349 2 2 1 33 3264 3277 3279
5350 2 2 1 33 3277 3278 3279
5351 2 2 1 33 3277 3241 3278
5352 2 2 1 33 3279 3278 2774
5353 2 2 1 33 2778 3280 2791
5354 2 2 1 33 3280 3279 2791
5355 2 2 1 33 3280 3264 3279
5356 2 2 1 33 2791 3279 2774
5357 2 2 1 33 3241 3277 3282
5358 2 2 1 33 3277 3281 3282
5359 2 2 1 33 3277 3264 3281
5360 2 2 1 33 3282 3281 3257
5361 2 2 1 33 3243 3283 3285
5362 2 2 1 33 3283 3284 3285
5363 2 2 1 33 3283 3259 3284
5364 2 2 1 33 3285 3284 3244
5365 2 2 1 33 3252 3286 3288
5366 2 2 1 33 3286 3287 3288
5367 2 2 1 33 3286 3259 3287
5368 2 2 1 33 3288 3287 3251
5369 2 2 1 33 3258 3289 3291
5370 2 2 1 33 3289 3290 3291
5371 2 2 1 33 3289 3243 3290
5372 2 2 1 33 3291 3290 3242
5373 2 2 1 33 3258 3292 3294
5374 2 2 1 33 3292 3293 3294
5375 2 2 1 33 3292 3250 3293
5376 2 2 1 33 3294 3293 3251
5377 2 2 1 33 3261 3295 3297
5378 2 2 1 33 3295 3296 3297
5379 2 2 1 33 3295 3246 3296
5380 2 2 1 33 3297 3296 3245
5381 2 2 1 33 3261 3298 3300
5382 2 2 1 33 3298 3299 3300
5383 2 2 1 33 3298 3253 3299
5384 2 2 1 33 3300 3299 3254
5385 2 2 1 33 3260 3301 3302
5386 2 2 1 33 3301 3298 3302
5387 2 2 1 33 3301 3253 3298
5388 2 2 1 33 3302 3298 3261
5389 2 2 1 33 3245 3303 3297
5390 2 2 1 33 3303 3302 3297
5391 2 2 1 33 3303 3260 3302
5392 2 2 1 33 3297 3302 3261
5393 2 2 1 33 3244 3304 3305
5394 2 2 1 33 3304 3303 3305
5395 2 2 1 33 3304 3260 3303
5396 2 2 1 33 3305 3303 3245
5397 2 2 1 33 3244 3284 3304
5398 2 2 1 33 3284 3306 3304
5399 2 2 1 33 3284 3259 3306
5400 2 2 1 33 3304 3306 3260
5401 2 2 1 33 3253 3301 3308
5402 2 2 1 33 3301 3307 3308
5403 2 2 1 33 3301 3260 3307
5404 2 2 1 33 3308 3307 3252
5405 2 2 1 33 3259 3286 3306
5406 2 2 1 33 3286 3307 3306
5407 2 2 1 33 3286 3252 3307
5408 2 2 1 33 3306 3307 3260
5409 2 2 1 33 3241 3282 3310
5410 2 2 1 33 3282 3309 3310
5411 2 2 1 33 3282 3257 3309
5412 2 2 1 33 3310 3309 3242
5413 2 2 1 33 3250 3311 3312
5414 2 2 1 33 3311 3271 3312
5415 2 2 1 33 3311 3257 3271
5416 2 2 1 33 3312 3271 3249
5417 2 2 1 33 3250 3292 3311
5418 2 2 1 33 3292 3313 3311
5419 2 2 1 33 3292 3258 3313
5420 2 2 1 33 3311 3313 3257
5421 2 2 1 33 3258 3291 3313
5422 2 2 1 33 3291 3309 3313
5423 2 2 1 33 3291 3242 3309
5424 2 2 1 33 3313 3309 3257
5425 2 2 1 33 3262 3314 3270
5426 2 2 1 33 3314 3280 3270
5427 2 2 1 33 3314 3264 3280
5428 2 2 1 33 3270 3280 2778
5429 2 2 1 33 3262 3272 3314
5430 2 2 1 33 3272 3281 3314
5431 2 2 1 33 3272 3257 3281
5432 2 2 1 33 3314 3281 3264
5433 2 2 1 33 3265 3315 3317
5434 2 2 1 33 3315 3316 3317
5435 2 2 1 33 3315 3248 3316
5436 2 2 1 33 3317 3316 3247
5437 2 2 1 33 3266 3318 3320
5438 2 2 1 33 3318 3319 3320
5439 2 2 1 33 3318 3254 3319
5440 2 2 1 33 3320 3319 3255
5441 2 2 1 33 3254 3318 3300
5442 2 2 1 33 3318 3321 3300
5443 2 2 1 33 3318 3266 3321
5444 2 2 1 33 3300 3321 3261
5445 2 2 1 33 3246 3322 3324
5446 2 2 1 33 3322 3323 3324
5447 2 2 1 33 3322 3266 3323
5448 2 2 1 33 3324 3323 3247
5449 2 2 1 33 3266 3322 3321
5450 2 2 1 33 3322 3295 3321
5451 2 2 1 33 3322 3246 3295
5452 2 2 1 33 3321 3295 3261
5453 2 2 1 33 3243 3289 3283
5454 2 2 1 33 3289 3325 3283
5455 2 2 1 33 3289 3258 3325
5456 2 2 1 33 3283 3325 3259
5457 2 2 1 33 3258 3294 3325
5458 2 2 1 33 3294 3287 3325
5459 2 2 1 33 3294 3251 3287
5460 2 2 1 33 3325 3287 3259
5461 2 2 1 33 3256 3326 3328
5462 2 2 1 33 3326 3327 3328
5463 2 2 1 33 3326 3265 3327
5464 2 2 1 33 3328 3327 3255
5465 2 2 1 33 3263 3329 3273
5466 2 2 1 33 3329 3326 3273
5467 2 2 1 33 3329 3265 3326
5468 2 2 1 33 3273 3326 3256
5469 2 2 1 33 3265 3330 3327
5470 2 2 1 33 3330 3320 3327
5471 2 2 1 33 3330 3266 3320
5472 2 2 1 33 3327 3320 3255
5473 2 2 1 33 3266 3330 3323
5474 2 2 1 33 3330 3317 3323
5475 2 2 1 33 3330 3265 3317
5476 2 2 1 33 3323 3317 3247
5477 2 2 1 33 3263 3331 3329
5478 2 2 1 33 3331 3315 3329
5479 2 2 1 33 3331 3248 3315
5480 2 2 1 33 3329 3315 3265
5481 2 2 1 33 3263 3332 3331
5482 2 2 1 33 3332 3333 3331
5483 2 2 1 33 3332 31 3333
5484 2 2 1 33 3331 3333 3248
5485 2 2 1 33 33 34 3276
5486 2 2 1 33 34 3332 3276
5487 2 2 1 33 34 31 3332
5488 2 2 1 33 3276 3332 3263
5489 2 2 1 34 3342 3360 3362
5490 2 2 1 34 3360 3361 3362
5491 2 2 1 34 3360 3355 3361
5492 2 2 1 34 3362 3361 2803
5493 2 2 1 34 3355 3363 3361
5494 2 2 1 34 3363 2817 3361
5495 2 2 1 34 3363 2806 2817
5496 2 2 1 34 3361 2817 2803
5497 2 2 1 34 3355 3360 3365
5498 2 2 1 34 3360 3364 3365
5499 2 2 1 34 3360 3342 3364
5500 2 2 1 34 3365 3364 3350
5501 2 2 1 34 3356 3366 3368
5502 2 2 1 34 3366 3367 3368
5503 2 2 1 34 3366 3349 3367
5504 2 2 1 34 3368 3367 37
5505 2 2 1 34 38 3369 40
5506 2 2 1 34 3369 3368 40
5507 2 2 1 34 3369 3356 3368
5508 2 2 1 34 40 3368 37
5509 2 2 1 34 3357 3370 3372
5510 2 2 1 34 3370 3371 3372
5511 2 2 1 34 3370 3334 3371
5512 2 2 1 34 3372 3371 2802
5513 2 2 1 34 2806 3373 2819
5514 2 2 1 34 3373 3372 2819
5515 2 2 1 34 3373 3357 3372
5516 2 2 1 34 2819 3372 2802
5517 2 2 1 34 3334 3370 3375
5518 2 2 1 34 3370 3374 3375
5519 2 2 1 34 3370 3357 3374
5520 2 2 1 34 3375 3374 3350
5521 2 2 1 34 3336 3376 3378
5522 2 2 1 34 3376 3377 3378
5523 2 2 1 34 3376 3352 3377
5524 2 2 1 34 3378 3377 3337
5525 2 2 1 34 3345 3379 3381
5526 2 2 1 34 3379 3380 3381
5527 2 2 1 34 3379 3352 3380
5528 2 2 1 34 3381 3380 3344
5529 2 2 1 34 3351 3382 3384
5530 2 2 1 34 3382 3383 3384
5531 2 2 1 34 3382 3336 3383
5532 2 2 1 34 3384 3383 3335
5533 2 2 1 34 3351 3385 3387
5534 2 2 1 34 3385 3386 3387
5535 2 2 1 34 3385 3343 3386
5536 2 2 1 34 3387 3386 3344
5537 2 2 1 34 3338 3388 3390
5538 2 2 1 34 3388 3389 3390
5539 2 2 1 34 3388 3354 3389
5540 2 2 1 34 3390 3389 3339
5541 2 2 1 34 3338 3391 3388
5542 2 2 1 34 3391 3392 3388
5543 2 2 1 34 3391 3353 3392
5544 2 2 1 34 3388 3392 3354
5545 2 2 1 34 3347 3393 3395
5546 2 2 1 34 3393 3394 3395
5547 2 2 1 34 3393 3354 3394
5548 2 2 1 34 3395 3394 3346
5549 2 2 1 34 3353 3396 3392
5550 2 2 1 34 3396 3394 3392
5551 2 2 1 34 3396 3346 3394
5552 2 2 1 34 3392 3394 3354
5553 2 2 1 34 3337 3397 3398
5554 2 2 1 34 3397 3391 3398
5555 2 2 1 34 3397 3353 3391
5556 2 2 1 34 3398 3391 3338
5557 2 2 1 34 3337 3377 3397
5558 2 2 1 34 3377 3399 3397
5559 2 2 1 34 3377 3352 3399
5560 2 2 1 34 3397 3399 3353
5561 2 2 1 34 3346 3396 3401
5562 2 2 1 34 3396 3400 3401
5563 2 2 1 34 3396 3353 3400
5564 2 2 1 34 3401 3400 3345
5565 2 2 1 34 3352 3379 3399
5566 2 2 1 34 3379 3400 3399
5567 2 2 1 34 3379 3345 3400
5568 2 2 1 34 3399 3400 3353
5569 2 2 1 34 3334 3375 3403
5570 2 2 1 34 3375 3402 3403
5571 2 2 1 34 3375 3350 3402
5572 2 2 1 34 3403 3402 3335
5573 2 2 1 34 3343 3404 3405
5574 2 2 1 34 3404 3364 3405
5575 2 2 1 34 3404 3350 3364
5576 2 2 1 34 3405 3364 3342
5577 2 2 1 34 3343 3385 3404
5578 2 2 1 34 3385 3406 3404
5579 2 2 1 34 3385 3351 3406
5580 2 2 1 34 3404 3406 3350
5581 2 2 1 34 3351 3384 3406
5582 2 2 1 34 3384 3402 3406
5583 2 2 1 34 3384 3335 3402
5584 2 2 1 34 3406 3402 3350
5585 2 2 1 34 3355 3407 3363
5586 2 2 1 34 3407 3373 3363
5587 2 2 1 34 3407 3357 3373
5588 2 2 1 34 3363 3373 2806
5589 2 2 1 34 3355 3365 3407
5590 2 2 1 34 3365 3374 3407
5591 2 2 1 34 3365 3350 3374
5592 2 2 1 34 3407 3374 3357
5593 2 2 1 34 3358 3408 3410
5594 2 2 1 34 3408 3409 3410
5595 2 2 1 34 3408 3341 3409
5596 2 2 1 34 3410 3409 3340
5597 2 2 1 34 3359 3411 3413
5598 2 2 1 34 3411 3412 3413
5599 2 2 1 34 3411 3347 3412
5600 2 2 1 34 3413 3412 3348
5601 2 2 1 34 3347 3411 3393
5602 2 2 1 34 3411 3414 3393
5603 2 2 1 34 3411 3359 3414
5604 2 2 1 34 3393 3414 3354
5605 2 2 1 34 3339 3415 3417
5606 2 2 1 34 3415 3416 3417
5607 2 2 1 34 3415 3359 3416
5608 2 2 1 34 3417 3416 3340
5609 2 2 1 34 3359 3415 3414
5610 2 2 1 34 3415 3389 3414
5611 2 2 1 34 3415 3339 3389
5612 2 2 1 34 3414 3389 3354
5613 2 2 1 34 3336 3382 3376
5614 2 2 1 34 3382 3418 3376
5615 2 2 1 34 3382 3351 3418
5616 2 2 1 34 3376 3418 3352
5617 2 2 1 34 3351 3387 3418
5618 2 2 1 34 3387 3380 3418
5619 2 2 1 34 3387 3344 3380
5620 2 2 1 34 3418 3380 3352
5621 2 2 1 34 3349 3419 3421
5622 2 2 1 34 3419 3420 3421
5623 2 2 1 34 3419 3358 3420
5624 2 2 1 34 3421 3420 3348
5625 2 2 1 34 3356 3422 3366
5626 2 2 1 34 3422 3419 3366
5627 2 2 1 34 3422 3358 3419
5628 2 2 1 34 3366 3419 3349
5629 2 2 1 34 3358 3423 3420
5630 2 2 1 34 3423 3413 3420
5631 2 2 1 34 3423 3359 3413
5632 2 2 1 34 3420 3413 3348
5633 2 2 1 34 3359 3423 3416
5634 2 2 1 34 3423 3410 3416
5635 2 2 1 34 3423 3358 3410
5636 2 2 1 34 3416 3410 3340
5637 2 2 1 34 3356 3424 3422
5638 2 2 1 34 3424 3408 3422
5639 2 2 1 34 3424 3341 3408
5640 2 2 1 34 3422 3408 3358
5641 2 2 1 34 3356 3425 3424
5642 2 2 1 34 3425 3426 3424
5643 2 2 1 34 3425 36 3426
5644 2 2 1 34 3424 3426 3341
5645 2 2 1 34 38 39 3369
5646 2 2 1 34 39 3425 3369
5647 2 2 1 34 39 36 3425
5648 2 2 1 34 3369 3425 3356
5649 2 2 1 35 3448 3458 3460
5650 2 2 1 35 3458 3459 3460
5651 2 2 1 35 3458 3432 3459
5652 2 2 1 35 3460 3459 3431
5653 2 2 1 35 3448 3461 3463
5654 2 2 1 35 3461 3462 3463
5655 2 2 1 35 3461 3439 3462
5656 2 2 1 35 3463 3462 3440
5657 2 2 1 35 3446 3464 3465
5658 2 2 1 35 3464 3461 3465
5659 2 2 1 35 3464 3439 3461
5660 2 2 1 35 3465 3461 3448
5661 2 2 1 35 3431 3466 3460
5662 2 2 1 35 3466 3465 3460
5663 2 2 1 35 3466 3446 3465
5664 2 2 1 35 3460 3465 3448
5665 2 2 1 35 3432 3467 3469
5666 2 2 1 35 3467 3468 3469
5667 2 2 1 35 3467 3450 3468
5668 2 2 1 35 3469 3468 3433
5669 2 2 1 35 3432 3458 3467
5670 2 2 1 35 3458 3470 3467
5671 2 2 1 35 3458 3448 3470
5672 2 2 1 35 3467 3470 3450
5673 2 2 1 35 3441 3471 3473
5674 2 2 1 35 3471 3472 3473
5675 2 2 1 35 3471 3450 3472
5676 2 2 1 35 3473 3472 3440
5677 2 2 1 35 3448 3463 3470
5678 2 2 1 35 3463 3472 3470
5679 2 2 1 35 3463 3440 3472
5680 2 2 1 35 3470 3472 3450
5681 2 2 1 35 3447 3474 3476
5682 2 2 1 35 3474 3475 3476
5683 2 2 1 35 3474 3430 3475
5684 2 2 1 35 3476 3475 3429
5685 2 2 1 35 3447 3477 3479
5686 2 2 1 35 3477 3478 3479
5687 2 2 1 35 3477 3437 3478
5688 2 2 1 35 3479 3478 3438
5689 2 2 1 35 3449 3480 3482
5690 2 2 1 35 3480 3481 3482
5691 2 2 1 35 3480 3436 3481
5692 2 2 1 35 3482 3481 3435
5693 2 2 1 35 3449 3483 3485
5694 2 2 1 35 3483 3484 3485
5695 2 2 1 35 3483 3443 3484
5696 2 2 1 35 3485 3484 3444
5697 2 2 1 35 3430 3486 3487
5698 2 2 1 35 3486 3466 3487
5699 2 2 1 35 3486 3446 3466
5700 2 2 1 35 3487 3466 3431
5701 2 2 1 35 3430 3474 3486
5702 2 2 1 35 3474 3488 3486
5703 2 2 1 35 3474 3447 3488
5704 2 2 1 35 3486 3488 3446
5705 2 2 1 35 3439 3464 3490
5706 2 2 1 35 3464 3489 3490
5707 2 2 1 35 3464 3446 3489
5708 2 2 1 35 3490 3489 3438
5709 2 2 1 35 3447 3479 3488
5710 2 2 1 35 3479 3489 3488
5711 2 2 1 35 3479 3438 3489
5712 2 2 1 35 3488 3489 3446
5713 2 2 1 35 3443 3491 3493
5714 2 2 1 35 3491 3492 3493
5715 2 2 1 35 3491 3451 3492
5716 2 2 1 35 3493 3492 3442
5717 2 2 1 35 3451 3491 3494
5718 2 2 1 35 3491 3483 3494
5719 2 2 1 35 3491 3443 3483
5720 2 2 1 35 3494 3483 3449
5721 2 2 1 35 3452 3495 3497
5722 2 2 1 35 3495 3496 3497
5723 2 2 1 35 3495 3435 3496
5724 2 2 1 35 3497 3496 3434
5725 2 2 1 35 3435 3495 3482
5726 2 2 1 35 3495 3498 3482
5727 2 2 1 35 3495 3452 3498
5728 2 2 1 35 3482 3498 3449
5729 2 2 1 35 3453 3499 3501
5730 2 2 1 35 3499 3500 3501
5731 2 2 1 35 3499 3441 3500
5732 2 2 1 35 3501 3500 3442
5733 2 2 1 35 3441 3499 3471
5734 2 2 1 35 3499 3502 3471
5735 2 2 1 35 3499 3453 3502
5736 2 2 1 35 3471 3502 3450
5737 2 2 1 35 3433 3503 3505
5738 2 2 1 35 3503 3504 3505
5739 2 2 1 35 3503 3454 3504
5740 2 2 1 35 3505 3504 3434
5741 2 2 1 35 3454 3503 3506
5742 2 2 1 35 3503 3468 3506
5743 2 2 1 35 3503 3433 3468
5744 2 2 1 35 3506 3468 3450
5745 2 2 1 35 3454 3507 3504
5746 2 2 1 35 3507 3497 3504
5747 2 2 1 35 3507 3452 3497
5748 2 2 1 35 3504 3497 3434
5749 2 2 1 35 3451 3508 3492
5750 2 2 1 35 3508 3501 3492
5751 2 2 1 35 3508 3453 3501
5752 2 2 1 35 3492 3501 3442
5753 2 2 1 35 3452 3509 3498
5754 2 2 1 35 3509 3494 3498
5755 2 2 1 35 3509 3451 3494
5756 2 2 1 35 3498 3494 3449
5757 2 2 1 35 3453 3510 3502
5758 2 2 1 35 3510 3506 3502
5759 2 2 1 35 3510 3454 3506
5760 2 2 1 35 3502 3506 3450
5761 2 2 1 35 3453 3508 3511
5762 2 2 1 35 3508 3509 3511
5763 2 2 1 35 3508 3451 3509
5764 2 2 1 35 3511 3509 3452
5765 2 2 1 35 3453 3511 3510
5766 2 2 1 35 3511 3507 3510
5767 2 2 1 35 3511 3452 3507
5768 2 2 1 35 3510 3507 3454
5769 2 2 1 35 3455 3512 3514
5770 2 2 1 35 3512 3513 3514
5771 2 2 1 35 3512 3444 3513
5772 2 2 1 35 3514 3513 3428
5773 2 2 1 35 3445 3515 3516
5774 2 2 1 35 3515 3514 3516
5775 2 2 1 35 3515 3455 3514
5776 2 2 1 35 3516 3514 3428
5777 2 2 1 35 3436 3517 3519
5778 2 2 1 35 3517 3518 3519
5779 2 2 1 35 3517 3456 3518
5780 2 2 1 35 3519 3518 3427
5781 2 2 1 35 3456 3520 3518
5782 2 2 1 35 3520 3521 3518
5783 2 2 1 35 3520 3445 3521
5784 2 2 1 35 3518 3521 3427
5785 2 2 1 35 3457 3522 3523
5786 2 2 1 35 3522 3477 3523
5787 2 2 1 35 3522 3437 3477
5788 2 2 1 35 3523 3477 3447
5789 2 2 1 35 3429 3524 3476
5790 2 2 1 35 3524 3523 3476
5791 2 2 1 35 3524 3457 3523
5792 2 2 1 35 3476 3523 3447
5793 2 2 1 35 33 3525 34
5794 2 2 1 35 3525 3526 34
5795 2 2 1 35 3525 3457 3526
5796 2 2 1 35 34 3526 31
5797 2 2 1 35 3457 3524 3526
5798 2 2 1 35 3524 3527 3526
5799 2 2 1 35 3524 3429 3527
5800 2 2 1 35 3526 3527 31
5801 2 2 1 35 3457 3525 3528
5802 2 2 1 35 3525 35 3528
5803 2 2 1 35 3525 33 35
5804 2 2 1 35 3528 35 32
5805 2 2 1 35 3437 3522 3529
5806 2 2 1 35 3522 3528 3529
5807 2 2 1 35 3522 3457 3528
5808 2 2 1 35 3529 3528 32
5809 2 2 1 35 3445 3520 3515
5810 2 2 1 35 3520 3530 3515
5811 2 2 1 35 3520 3456 3530
5812 2 2 1 35 3515 3530 3455
5813 2 2 1 35 3455 3531 3512
5814 2 2 1 35 3531 3485 3512
5815 2 2 1 35 3531 3449 3485
5816 2 2 1 35 3512 3485 3444
5817 2 2 1 35 3449 3531 3480
5818 2 2 1 35 3531 3532 3480
5819 2 2 1 35 3531 3455 3532
5820 2 2 1 35 3480 3532 3436
5821 2 2 1 35 3456 3517 3530
5822 2 2 1 35 3517 3532 3530
5823 2 2 1 35 3517 3436 3532
5824 2 2 1 35 3530 3532 3455
5825 2 2 1 36 3554 3564 3566
5826 2 2 1 36 3564 3565 3566
5827 2 2 1 36 3564 3538 3565
5828 2 2 1 36 3566 3565 3537
5829 2 2 1 36 3554 3567 3569
5830 2 2 1 36 3567 3568 3569
5831 2 2 1 36 3567 3545 3568
5832 2 2 1 36 3569 3568 3546
5833 2 2 1 36 3552 3570 3571
5834 2 2 1 36 3570 3567 3571
5835 2 2 1 36 3570 3545 3567
5836 2 2 1 36 3571 3567 3554
5837 2 2 1 36 3537 3572 3566
5838 2 2 1 36 3572 3571 3566
5839 2 2 1 36 3572 3552 3571
5840 2 2 1 36 3566 3571 3554
5841 2 2 1 36 3538 3573 3575
5842 2 2 1 36 3573 3574 3575
5843 2 2 1 36 3573 3556 3574
5844 2 2 1 36 3575 3574 3539
5845 2 2 1 36 3538 3564 3573
5846 2 2 1 36 3564 3576 3573
5847 2 2 1 36 3564 3554 3576
5848 2 2 1 36 3573 3576 3556
5849 2 2 1 36 3547 3577 3579
5850 2 2 1 36 3577 3578 3579
5851 2 2 1 36 3577 3556 3578
5852 2 2 1 36 3579 3578 3546
5853 2 2 1 36 3554 3569 3576
5854 2 2 1 36 3569 3578 3576
5855 2 2 1 36 3569 3546 3578
5856 2 2 1 36 3576 3578 3556
5857 2 2 1 36 3553 3580 3582
5858 2 2 1 36 3580 3581 3582
5859 2 2 1 36 3580 3536 3581
5860 2 2 1 36 3582 3581 3535
5861 2 2 1 36 3553 3583 3585
5862 2 2 1 36 3583 3584 3585
5863 2 2 1 36 3583 3543 3584
5864 2 2 1 36 3585 3584 3544
5865 2 2 1 36 3555 3586 3588
5866 2 2 1 36 3586 3587 3588
5867 2 2 1 36 3586 3542 3587
5868 2 2 1 36 3588 3587 3541
5869 2 2 1 36 3555 3589 3591
5870 2 2 1 36 3589 3590 3591
5871 2 2 1 36 3589 3549 3590
5872 2 2 1 36 3591 3590 3550
5873 2 2 1 36 3536 3592 3593
5874 2 2 1 36 3592 3572 3593
5875 2 2 1 36 3592 3552 3572
5876 2 2 1 36 3593 3572 3537
5877 2 2 1 36 3536 3580 3592
5878 2 2 1 36 3580 3594 3592
5879 2 2 1 36 3580 3553 3594
5880 2 2 1 36 3592 3594 3552
5881 2 2 1 36 3545 3570 3596
5882 2 2 1 36 3570 3595 3596
5883 2 2 1 36 3570 3552 3595
5884 2 2 1 36 3596 3595 3544
5885 2 2 1 36 3553 3585 3594
5886 2 2 1 36 3585 3595 3594
5887 2 2 1 36 3585 3544 3595
5888 2 2 1 36 3594 3595 3552
5889 2 2 1 36 3549 3597 3599
5890 2 2 1 36 3597 3598 3599
5891 2 2 1 36 3597 3557 3598
5892 2 2 1 36 3599 3598 3548
5893 2 2 1 36 3557 3597 3600
5894 2 2 1 36 3597 3589 3600
5895 2 2 1 36 3597 3549 3589
5896 2 2 1 36 3600 3589 3555
5897 2 2 1 36 3558 3601 3603
5898 2 2 1 36 3601 3602 3603
5899 2 2 1 36 3601 3541 3602
5900 2 2 1 36 3603 3602 3540
5901 2 2 1 36 3541 3601 3588
5902 2 2 1 36 3601 3604 3588
5903 2 2 1 36 3601 3558 3604
5904 2 2 1 36 3588 3604 3555
5905 2 2 1 36 3559 3605 3607
5906 2 2 1 36 3605 3606 3607
5907 2 2 1 36 3605 3547 3606
5908 2 2 1 36 3607 3606 3548
5909 2 2 1 36 3547 3605 3577
5910 2 2 1 36 3605 3608 3577
5911 2 2 1 36 3605 3559 3608
5912 2 2 1 36 3577 3608 3556
5913 2 2 1 36 3539 3609 3611
5914 2 2 1 36 3609 3610 3611
5915 2 2 1 36 3609 3560 3610
5916 2 2 1 36 3611 3610 3540
5917 2 2 1 36 3560 3609 3612
5918 2 2 1 36 3609 3574 3612
5919 2 2 1 36 3609 3539 3574
5920 2 2 1 36 3612 3574 3556
5921 2 2 1 36 3560 3613 3610
5922 2 2 1 36 3613 3603 3610
5923 2 2 1 36 3613 3558 3603
5924 2 2 1 36 3610 3603 3540
5925 2 2 1 36 3557 3614 3598
5926 2 2 1 36 3614 3607 3598
5927 2 2 1 36 3614 3559 3607
5928 2 2 1 36 3598 3607 3548
5929 2 2 1 36 3558 3615 3604
5930 2 2 1 36 3615 3600 3604
5931 2 2 1 36 3615 3557 3600
5932 2 2 1 36 3604 3600 3555
5933 2 2 1 36 3559 3616 3608
5934 2 2 1 36 3616 3612 3608
5935 2 2 1 36 3616 3560 3612
5936 2 2 1 36 3608 3612 3556
5937 2 2 1 36 3559 3614 3617
5938 2 2 1 36 3614 3615 3617
5939 2 2 1 36 3614 3557 3615
5940 2 2 1 36 3617 3615 3558
5941 2 2 1 36 3559 3617 3616
5942 2 2 1 36 3617 3613 3616
5943 2 2 1 36 3617 3558 3613
5944 2 2 1 36 3616 3613 3560
5945 2 2 1 36 3561 3618 3620
5946 2 2 1 36 3618 3619 3620
5947 2 2 1 36 3618 3550 3619
5948 2 2 1 36 3620 3619 3534
5949 2 2 1 36 3551 3621 3622
5950 2 2 1 36 3621 3620 3622
5951 2 2 1 36 3621 3561 3620
5952 2 2 1 36 3622 3620 3534
5953 2 2 1 36 3542 3623 3625
5954 2 2 1 36 3623 3624 3625
5955 2 2 1 36 3623 3562 3624
5956 2 2 1 36 3625 3624 3533
5957 2 2 1 36 3562 3626 3624
5958 2 2 1 36 3626 3627 3624
5959 2 2 1 36 3626 3551 3627
5960 2 2 1 36 3624 3627 3533
5961 2 2 1 36 3563 3628 3629
5962 2 2 1 36 3628 3583 3629
5963 2 2 1 36 3628 3543 3583
5964 2 2 1 36 3629 3583 3553
5965 2 2 1 36 3535 3630 3582
5966 2 2 1 36 3630 3629 3582
5967 2 2 1 36 3630 3563 3629
5968 2 2 1 36 3582 3629 3553
5969 2 2 1 36 38 3631 39
5970 2 2 1 36 3631 3632 39
5971 2 2 1 36 3631 3563 3632
5972 2 2 1 36 39 3632 36
5973 2 2 1 36 3563 3630 3632
5974 2 2 1 36 3630 3633 3632
5975 2 2 1 36 3630 3535 3633
5976 2 2 1 36 3632 3633 36
5977 2 2 1 36 3563 3631 3634
5978 2 2 1 36 3631 40 3634
5979 2 2 1 36 3631 38 40
5980 2 2 1 36 3634 40 37
5981 2 2 1 36 3543 3628 3635
5982 2 2 1 36 3628 3634 3635
5983 2 2 1 36 3628 3563 3634
5984 2 2 1 36 3635 3634 37
5985 2 2 1 36 3551 3626 3621
5986 2 2 1 36 3626 3636 3621
5987 2 2 1 36 3626 3562 3636
5988 2 2 1 36 3621 3636 3561
5989 2 2 1 36 3561 3637 3618
5990 2 2 1 36 3637 3591 3618
5991 2 2 1 36 3637 3555 3591
5992 2 2 1 36 3618 3591 3550
5993 2 2 1 36 3555 3637 3586
5994 2 2 1 36 3637 3638 3586
5995 2 2 1 36 3637 3561 3638
5996 2 2 1 36 3586 3638 3542
5997 2 2 1 36 3562 3623 3636
5998 2 2 1 36 3623 3638 3636
5999 2 2 1 36 3623 3542 3638
6000 2 2 1 36 3636 3638 3561
6001 2 2 1 37 3645 3649 3651
6002 2 2 1 37 3649 3650 3651
6003 2 2 1 37 3649 3642 3650
6004 2 2 1 37 3651 3650 3640
6005 2 2 1 37 3643 3652 3653
6006 2 2 1 37 3652 3651 3653
6007 2 2 1 37 3652 3645 3651
6008 2 2 1 37 3653 3651 3640
6009 2 2 1 37 3642 3649 3655
6010 2 2 1 37 3649 3654 3655
6011 2 2 1 37 3649 3645 3654
6012 2 2 1 37 3655 3654 3644
6013 2 2 1 37 3642 3656 3658
6014 2 2 1 37 3656 3657 3658
6015 2 2 1 37 3656 3646 3657
6016 2 2 1 37 3658 3657 3428
6017 2 2 1 37 3646 3659 3657
6018 2 2 1 37 3659 3516 3657
6019 2 2 1 37 3659 3445 3516
6020 2 2 1 37 3657 3516 3428
6021 2 2 1 37 3646 3656 3660
6022 2 2 1 37 3656 3655 3660
6023 2 2 1 37 3656 3642 3655
6024 2 2 1 37 3660 3655 3644
6025 2 2 1 37 3641 3661 3663
6026 2 2 1 37 3661 3662 3663
6027 2 2 1 37 3661 3647 3662
6028 2 2 1 37 3663 3662 3639
6029 2 2 1 37 3647 3664 3662
6030 2 2 1 37 3664 3665 3662
6031 2 2 1 37 3664 3643 3665
6032 2 2 1 37 3662 3665 3639
6033 2 2 1 37 3647 3661 3667
6034 2 2 1 37 3661 3666 3667
6035 2 2 1 37 3661 3641 3666
6036 2 2 1 37 3667 3666 3644
6037 2 2 1 37 3648 3668 3670
6038 2 2 1 37 3668 3669 3670
6039 2 2 1 37 3668 3641 3669
6040 2 2 1 37 3670 3669 3427
6041 2 2 1 37 3445 3671 3521
6042 2 2 1 37 3671 3670 3521
6043 2 2 1 37 3671 3648 3670
6044 2 2 1 37 3521 3670 3427
6045 2 2 1 37 3641 3668 3666
6046 2 2 1 37 3668 3672 3666
6047 2 2 1 37 3668 3648 3672
6048 2 2 1 37 3666 3672 3644
6049 2 2 1 37 3646 3673 3659
6050 2 2 1 37 3673 3671 3659
6051 2 2 1 37 3673 3648 3671
6052 2 2 1 37 3659 3671 3445
6053 2 2 1 37 3646 3660 3673
6054 2 2 1 37 3660 3672 3673
6055 2 2 1 37 3660 3644 3672
6056 2 2 1 37 3673 3672 3648
6057 2 2 1 37 3647 3674 3664
6058 2 2 1 37 3674 3652 3664
6059 2 2 1 37 3674 3645 3652
6060 2 2 1 37 3664 3652 3643
6061 2 2 1 37 3644 3654 3667
6062 2 2 1 37 3654 3674 3667
6063 2 2 1 37 3654 3645 3674
6064 2 2 1 37 3667 3674 3647
6065 2 2 1 38 3681 3685 3687
6066 2 2 1 38 3685 3686 3687
6067 2 2 1 38 3685 3678 3686
6068 2 2 1 38 3687 3686 3676
6069 2 2 1 38 3679 3688 3689
6070 2 2 1 38 3688 3687 3689
6071 2 2 1 38 3688 3681 3687
6072 2 2 1 38 3689 3687 3676
6073 2 2 1 38 3678 3685 3691
6074 2 2 1 38 3685 3690 3691
6075 2 2 1 38 3685 3681 3690
6076 2 2 1 38 3691 3690 3680
6077 2 2 1 38 3678 3692 3694
6078 2 2 1 38 3692 3693 3694
6079 2 2 1 38 3692 3682 3693
6080 2 2 1 38 3694 3693 3534
6081 2 2 1 38 3682 3695 3693
6082 2 2 1 38 3695 3622 3693
6083 2 2 1 38 3695 3551 3622
6084 2 2 1 38 3693 3622 3534
6085 2 2 1 38 3682 3692 3696
6086 2 2 1 38 3692 3691 3696
6087 2 2 1 38 3692 3678 3691
6088 2 2 1 38 3696 3691 3680
6089 2 2 1 38 3677 3697 3699
6090 2 2 1 38 3697 3698 3699
6091 2 2 1 38 3697 3683 3698
6092 2 2 1 38 3699 3698 3675
6093 2 2 1 38 3683 3700 3698
6094 2 2 1 38 3700 3701 3698
6095 2 2 1 38 3700 3679 3701
6096 2 2 1 38 3698 3701 3675
6097 2 2 1 38 3683 3697 3703
6098 2 2 1 38 3697 3702 3703
6099 2 2 1 38 3697 3677 3702
6100 2 2 1 38 3703 3702 3680
6101 2 2 1 38 3684 3704 3706
6102 2 2 1 38 3704 3705 3706
6103 2 2 1 38 3704 3677 3705
6104 2 2 1 38 3706 3705 3533
6105 2 2 1 38 3551 3707 3627
6106 2 2 1 38 3707 3706 3627
6107 2 2 1 38 3707 3684 3706
6108 2 2 1 38 3627 3706 3533
6109 2 2 1 38 3677 3704 3702
6110 2 2 1 38 3704 3708 3702
6111 2 2 1 38 3704 3684 3708
6112 2 2 1 38 3702 3708 3680
6113 2 2 1 38 3683 3709 3700
6114 2 2 1 38 3709 3688 3700
6115 2 2 1 38 3709 3681 3688
6116 2 2 1 38 3700 3688 3679
6117 2 2 1 38 3680 3690 3703
6118 2 2 1 38 3690 3709 3703
6119 2 2 1 38 3690 3681 3709
6120 2 2 1 38 3703 3709 3683
6121 2 2 1 38 3682 3710 3695
6122 2 2 1 38 3710 3707 3695
6123 2 2 1 38 3710 3684 3707
6124 2 2 1 38 3695 3707 3551
6125 2 2 1 38 3682 3696 3710
6126 2 2 1 38 3696 3708 3710
6127 2 2 1 38 3696 3680 3708
6128 2 2 1 38 3710 3708 3684
6129 2 2 1 39 3713 3774 3776
6130 2 2 1 39 3774 3775 3776
6131 2 2 1 39 3774 3767 3775
6132 2 2 1 39 3776 3775 3712
6133 2 2 1 39 3733 3777 3779
6134 2 2 1 39 3777 3778 3779
6135 2 2 1 39 3777 3767 3778
6136 2 2 1 39 3779 3778 3757
6137 2 2 1 39 3767 3777 3775
6138 2 2 1 39 3777 3780 3775
6139 2 2 1 39 3777 3733 3780
6140 2 2 1 39 3775 3780 3712
6141 2 2 1 39 3768 3781 3783
6142 2 2 1 39 3781 3782 3783
6143 2 2 1 39 3781 3713 3782
6144 2 2 1 39 3783 3782 3711
6145 2 2 1 39 3768 3784 3786
6146 2 2 1 39 3784 3785 3786
6147 2 2 1 39 3784 3714 3785
6148 2 2 1 39 3786 3785 3757
6149 2 2 1 39 3714 3784 3787
6150 2 2 1 39 3784 3783 3787
6151 2 2 1 39 3784 3768 3783
6152 2 2 1 39 3787 3783 3711
6153 2 2 1 39 3759 3788 3790
6154 2 2 1 39 3788 3789 3790
6155 2 2 1 39 3788 3722 3789
6156 2 2 1 39 3790 3789 3723
6157 2 2 1 39 3755 3791 3792
6158 2 2 1 39 3791 3788 3792
6159 2 2 1 39 3791 3722 3788
6160 2 2 1 39 3792 3788 3759
6161 2 2 1 39 3759 3793 3795
6162 2 2 1 39 3793 3794 3795
6163 2 2 1 39 3793 3742 3794
6164 2 2 1 39 3795 3794 3741
6165 2 2 1 39 3741 3796 3795
6166 2 2 1 39 3796 3792 3795
6167 2 2 1 39 3796 3755 3792
6168 2 2 1 39 3795 3792 3759
6169 2 2 1 39 3756 3797 3799
6170 2 2 1 39 3797 3798 3799
6171 2 2 1 39 3797 3716 3798
6172 2 2 1 39 3799 3798 3717
6173 2 2 1 39 3756 3800 3802
6174 2 2 1 39 3800 3801 3802
6175 2 2 1 39 3800 3736 3801
6176 2 2 1 39 3802 3801 3735
6177 2 2 1 39 3763 3803 3805
6178 2 2 1 39 3803 3804 3805
6179 2 2 1 39 3803 3729 3804
6180 2 2 1 39 3805 3804 3730
6181 2 2 1 39 3760 3806 3807
6182 2 2 1 39 3806 3803 3807
6183 2 2 1 39 3806 3729 3803
6184 2 2 1 39 3807 3803 3763
6185 2 2 1 39 3763 3808 3810
6186 2 2 1 39 3808 3809 3810
6187 2 2 1 39 3808 3749 3809
6188 2 2 1 39 3810 3809 3748
6189 2 2 1 39 3748 3811 3810
6190 2 2 1 39 3811 3807 3810
6191 2 2 1 39 3811 3760 3807
6192 2 2 1 39 3810 3807 3763
6193 2 2 1 39 3753 3812 3814
6194 2 2 1 39 3812 3813 3814
6195 2 2 1 39 3812 3720 3813
6196 2 2 1 39 3814 3813 3721
6197 2 2 1 39 3753 3815 3817
6198 2 2 1 39 3815 3816 3817
6199 2 2 1 39 3815 3740 3816
6200 2 2 1 39 3817 3816 3739
6201 2 2 1 39 3716 3818 3820
6202 2 2 1 39 3818 3819 3820
6203 2 2 1 39 3818 3758 3819
6204 2 2 1 39 3820 3819 3715
6205 2 2 1 39 3716 3797 3818
6206 2 2 1 39 3797 3821 3818
6207 2 2 1 39 3797 3756 3821
6208 2 2 1 39 3818 3821 3758
6209 2 2 1 39 3734 3822 3824
6210 2 2 1 39 3822 3823 3824
6211 2 2 1 39 3822 3758 3823
6212 2 2 1 39 3824 3823 3735
6213 2 2 1 39 3756 3802 3821
6214 2 2 1 39 3802 3823 3821
6215 2 2 1 39 3802 3735 3823
6216 2 2 1 39 3821 3823 3758
6217 2 2 1 39 3762 3825 3827
6218 2 2 1 39 3825 3826 3827
6219 2 2 1 39 3825 3723 3826
6220 2 2 1 39 3827 3826 3724
6221 2 2 1 39 3759 3790 3828
6222 2 2 1 39 3790 3825 3828
6223 2 2 1 39 3790 3723 3825
6224 2 2 1 39 3828 3825 3762
6225 2 2 1 39 3762 3829 3831
6226 2 2 1 39 3829 3830 3831
6227 2 2 1 39 3829 3743 3830
6228 2 2 1 39 3831 3830 3742
6229 2 2 1 39 3742 3793 3831
6230 2 2 1 39 3793 3828 3831
6231 2 2 1 39 3793 3759 3828
6232 2 2 1 39 3831 3828 3762
6233 2 2 1 39 3755 3832 3791
6234 2 2 1 39 3832 3833 3791
6235 2 2 1 39 3832 3721 3833
6236 2 2 1 39 3791 3833 3722
6237 2 2 1 39 3755 3796 3835
6238 2 2 1 39 3796 3834 3835
6239 2 2 1 39 3796 3741 3834
6240 2 2 1 39 3835 3834 3740
6241 2 2 1 39 3766 3836 3838
6242 2 2 1 39 3836 3837 3838
6243 2 2 1 39 3836 3730 3837
6244 2 2 1 39 3838 3837 3731
6245 2 2 1 39 3763 3805 3839
6246 2 2 1 39 3805 3836 3839
6247 2 2 1 39 3805 3730 3836
6248 2 2 1 39 3839 3836 3766
6249 2 2 1 39 3766 3840 3842
6250 2 2 1 39 3840 3841 3842
6251 2 2 1 39 3840 3750 3841
6252 2 2 1 39 3842 3841 3749
6253 2 2 1 39 3749 3808 3842
6254 2 2 1 39 3808 3839 3842
6255 2 2 1 39 3808 3763 3839
6256 2 2 1 39 3842 3839 3766
6257 2 2 1 39 3764 3843 3845
6258 2 2 1 39 3843 3844 3845
6259 2 2 1 39 3843 3724 3844
6260 2 2 1 39 3845 3844 3725
6261 2 2 1 39 3762 3827 3846
6262 2 2 1 39 3827 3843 3846
6263 2 2 1 39 3827 3724 3843
6264 2 2 1 39 3846 3843 3764
6265 2 2 1 39 3764 3847 3849
6266 2 2 1 39 3847 3848 3849
6267 2 2 1 39 3847 3744 3848
6268 2 2 1 39 3849 3848 3743
6269 2 2 1 39 3743 3829 3849
6270 2 2 1 39 3829 3846 3849
6271 2 2 1 39 3829 3762 3846
6272 2 2 1 39 3849 3846 3764
6273 2 2 1 39 3728 3850 3852
6274 2 2 1 39 3850 3851 3852
6275 2 2 1 39 3850 3761 3851
6276 2 2 1 39 3852 3851 3727
6277 2 2 1 39 3746 3853 3855
6278 2 2 1 39 3853 3854 3855
6279 2 2 1 39 3853 3761 3854
6280 2 2 1 39 3855 3854 3747
6281 2 2 1 39 3765 3856 3858
6282 2 2 1 39 3856 3857 3858
6283 2 2 1 39 3856 3725 3857
6284 2 2 1 39 3858 3857 3726
6285 2 2 1 39 3764 3845 3859
6286 2 2 1 39 3845 3856 3859
6287 2 2 1 39 3845 3725 3856
6288 2 2 1 39 3859 3856 3765
6289 2 2 1 39 3765 3860 3862
6290 2 2 1 39 3860 3861 3862
6291 2 2 1 39 3860 3745 3861
6292 2 2 1 39 3862 3861 3744
6293 2 2 1 39 3744 3847 3862
6294 2 2 1 39 3847 3859 3862
6295 2 2 1 39 3847 3764 3859
6296 2 2 1 39 3862 3859 3765
6297 2 2 1 39 3719 3863 3865
6298 2 2 1 39 3863 3864 3865
6299 2 2 1 39 3863 3754 3864
6300 2 2 1 39 3865 3864 3718
6301 2 2 1 39 3719 3866 3863
6302 2 2 1 39 3866 3867 3863
6303 2 2 1 39 3866 3752 3867
6304 2 2 1 39 3863 3867 3754
6305 2 2 1 39 3737 3868 3870
6306 2 2 1 39 3868 3869 3870
6307 2 2 1 39 3868 3754 3869
6308 2 2 1 39 3870 3869 3738
6309 2 2 1 39 3752 3871 3867
6310 2 2 1 39 3871 3869 3867
6311 2 2 1 39 3871 3738 3869
6312 2 2 1 39 3867 3869 3754
6313 2 2 1 39 3757 3785 3873
6314 2 2 1 39 3785 3872 3873
6315 2 2 1 39 3785 3714 3872
6316 2 2 1 39 3873 3872 3715
6317 2 2 1 39 3757 3874 3779
6318 2 2 1 39 3874 3875 3779
6319 2 2 1 39 3874 3734 3875
6320 2 2 1 39 3779 3875 3733
6321 2 2 1 39 3758 3822 3876
6322 2 2 1 39 3822 3874 3876
6323 2 2 1 39 3822 3734 3874
6324 2 2 1 39 3876 3874 3757
6325 2 2 1 39 3715 3819 3873
6326 2 2 1 39 3819 3876 3873
6327 2 2 1 39 3819 3758 3876
6328 2 2 1 39 3873 3876 3757
6329 2 2 1 39 3720 3877 3878
6330 2 2 1 39 3877 3866 3878
6331 2 2 1 39 3877 3752 3866
6332 2 2 1 39 3878 3866 3719
6333 2 2 1 39 3720 3812 3877
6334 2 2 1 39 3812 3879 3877
6335 2 2 1 39 3812 3753 3879
6336 2 2 1 39 3877 3879 3752
6337 2 2 1 39 3738 3871 3881
6338 2 2 1 39 3871 3880 3881
6339 2 2 1 39 3871 3752 3880
6340 2 2 1 39 3881 3880 3739
6341 2 2 1 39 3753 3817 3879
6342 2 2 1 39 3817 3880 3879
6343 2 2 1 39 3817 3739 3880
6344 2 2 1 39 3879 3880 3752
6345 2 2 1 39 3760 3882 3806
6346 2 2 1 39 3882 3883 3806
6347 2 2 1 39 3882 3728 3883
6348 2 2 1 39 3806 3883 3729
6349 2 2 1 39 3761 3850 3884
6350 2 2 1 39 3850 3882 3884
6351 2 2 1 39 3850 3728 3882
6352 2 2 1 39 3884 3882 3760
6353 2 2 1 39 3760 3811 3886
6354 2 2 1 39 3811 3885 3886
6355 2 2 1 39 3811 3748 3885
6356 2 2 1 39 3886 3885 3747
6357 2 2 1 39 3747 3854 3886
6358 2 2 1 39 3854 3884 3886
6359 2 2 1 39 3854 3761 3884
6360 2 2 1 39 3886 3884 3760
6361 2 2 1 39 3768 3887 3781
6362 2 2 1 39 3887 3774 3781
6363 2 2 1 39 3887 3767 3774
6364 2 2 1 39 3781 3774 3713
6365 2 2 1 39 3757 3778 3786
6366 2 2 1 39 3778 3887 3786
6367 2 2 1 39 3778 3767 3887
6368 2 2 1 39 3786 3887 3768
6369 2 2 1 39 3732 3888 3890
6370 2 2 1 39 3888 3889 3890
6371 2 2 1 39 3888 3769 3889
6372 2 2 1 39 3890 3889 3731
6373 2 2 1 39 3769 3891 3889
6374 2 2 1 39 3891 3838 3889
6375 2 2 1 39 3891 3766 3838
6376 2 2 1 39 3889 3838 3731
6377 2 2 1 39 3770 3892 3894
6378 2 2 1 39 3892 3893 3894
6379 2 2 1 39 3892 3726 3893
6380 2 2 1 39 3894 3893 3727
6381 2 2 1 39 3726 3892 3858
6382 2 2 1 39 3892 3895 3858
6383 2 2 1 39 3892 3770 3895
6384 2 2 1 39 3858 3895 3765
6385 2 2 1 39 3718 3896 3898
6386 2 2 1 39 3896 3897 3898
6387 2 2 1 39 3896 3771 3897
6388 2 2 1 39 3898 3897 3717
6389 2 2 1 39 3771 3896 3899
6390 2 2 1 39 3896 3864 3899
6391 2 2 1 39 3896 3718 3864
6392 2 2 1 39 3899 3864 3754
6393 2 2 1 39 3721 3832 3814
6394 2 2 1 39 3832 3900 3814
6395 2 2 1 39 3832 3755 3900
6396 2 2 1 39 3814 3900 3753
6397 2 2 1 39 3755 3835 3900
6398 2 2 1 39 3835 3815 3900
6399 2 2 1 39 3835 3740 3815
6400 2 2 1 39 3900 3815 3753
6401 2 2 1 39 3761 3901 3851
6402 2 2 1 39 3901 3894 3851
6403 2 2 1 39 3901 3770 3894
6404 2 2 1 39 3851 3894 3727
6405 2 2 1 39 3769 3902 3904
6406 2 2 1 39 3902 3903 3904
6407 2 2 1 39 3902 3751 3903
6408 2 2 1 39 3904 3903 3750
6409 2 2 1 39 3766 3891 3840
6410 2 2 1 39 3891 3904 3840
6411 2 2 1 39 3891 3769 3904
6412 2 2 1 39 3840 3904 3750
6413 2 2 1 39 3745 3905 3907
6414 2 2 1 39 3905 3906 3907
6415 2 2 1 39 3905 3770 3906
6416 2 2 1 39 3907 3906 3746
6417 2 2 1 39 3770 3905 3895
6418 2 2 1 39 3905 3860 3895
6419 2 2 1 39 3905 3745 3860
6420 2 2 1 39 3895 3860 3765
6421 2 2 1 39 3770 3901 3906
6422 2 2 1 39 3901 3853 3906
6423 2 2 1 39 3901 3761 3853
6424 2 2 1 39 3906 3853 3746
6425 2 2 1 39 3771 3908 3910
6426 2 2 1 39 3908 3909 3910
6427 2 2 1 39 3908 3737 3909
6428 2 2 1 39 3910 3909 3736
6429 2 2 1 39 3737 3908 3868
6430 2 2 1 39 3908 3899 3868
6431 2 2 1 39 3908 3771 3899
6432 2 2 1 39 3868 3899 3754
6433 2 2 1 39 3771 3910 3911
6434 2 2 1 39 3910 3800 3911
6435 2 2 1 39 3910 3736 3800
6436 2 2 1 39 3911 3800 3756
6437 2 2 1 39 3717 3897 3799
6438 2 2 1 39 3897 3911 3799
6439 2 2 1 39 3897 3771 3911
6440 2 2 1 39 3799 3911 3756
6441 2 2 1 39 3772 3912 3913
6442 2 2 1 39 3912 3699 3913
6443 2 2 1 39 3912 3677 3699
6444 2 2 1 39 3913 3699 3675
6445 2 2 1 39 3751 3914 3915
6446 2 2 1 39 3914 3913 3915
6447 2 2 1 39 3914 3772 3913
6448 2 2 1 39 3915 3913 3675
6449 2 2 1 39 3677 3916 3705
6450 2 2 1 39 3916 3917 3705
6451 2 2 1 39 3916 3773 3917
6452 2 2 1 39 3705 3917 3533
6453 2 2 1 39 3773 3918 3917
6454 2 2 1 39 3918 3919 3917
6455 2 2 1 39 3918 3732 3919
6456 2 2 1 39 3917 3919 3533
6457 2 2 1 39 3677 3912 3916
6458 2 2 1 39 3912 3920 3916
6459 2 2 1 39 3912 3772 3920
6460 2 2 1 39 3916 3920 3773
6461 2 2 1 39 3769 3921 3902
6462 2 2 1 39 3921 3922 3902
6463 2 2 1 39 3921 3773 3922
6464 2 2 1 39 3902 3922 3751
6465 2 2 1 39 3773 3921 3918
6466 2 2 1 39 3921 3888 3918
6467 2 2 1 39 3921 3769 3888
6468 2 2 1 39 3918 3888 3732
6469 2 2 1 39 3772 3914 3920
6470 2 2 1 39 3914 3922 3920
6471 2 2 1 39 3914 3751 3922
6472 2 2 1 39 3920 3922 3773
6473 2 2 1 40 3642 3987 3650
6474 2 2 1 40 3987 3988 3650
6475 2 2 1 40 3987 3975 3988
6476 2 2 1 40 3650 3988 3640
6477 2 2 1 40 3942 3989 3991
6478 2 2 1 40 3989 3990 3991
6479 2 2 1 40 3989 3975 3990
6480 2 2 1 40 3991 3990 3963
6481 2 2 1 40 3975 3989 3988
6482 2 2 1 40 3989 3992 3988
6483 2 2 1 40 3989 3942 3992
6484 2 2 1 40 3988 3992 3640
6485 2 2 1 40 3976 3993 3994
6486 2 2 1 40 3993 3776 3994
6487 2 2 1 40 3993 3713 3776
6488 2 2 1 40 3994 3776 3712
6489 2 2 1 40 3976 3995 3997
6490 2 2 1 40 3995 3996 3997
6491 2 2 1 40 3995 3960 3996
6492 2 2 1 40 3997 3996 3974
6493 2 2 1 40 3960 3995 3998
6494 2 2 1 40 3995 3994 3998
6495 2 2 1 40 3995 3976 3994
6496 2 2 1 40 3998 3994 3712
6497 2 2 1 40 3977 3999 4000
6498 2 2 1 40 3999 3658 4000
6499 2 2 1 40 3999 3642 3658
6500 2 2 1 40 4000 3658 3428
6501 2 2 1 40 3977 4001 4003
6502 2 2 1 40 4001 4002 4003
6503 2 2 1 40 4001 3923 4002
6504 2 2 1 40 4003 4002 3963
6505 2 2 1 40 3923 4001 4004
6506 2 2 1 40 4001 4000 4004
6507 2 2 1 40 4001 3977 4000
6508 2 2 1 40 4004 4000 3428
6509 2 2 1 40 3713 4005 3782
6510 2 2 1 40 4005 4006 3782
6511 2 2 1 40 4005 3978 4006
6512 2 2 1 40 3782 4006 3711
6513 2 2 1 40 3941 4007 4009
6514 2 2 1 40 4007 4008 4009
6515 2 2 1 40 4007 3978 4008
6516 2 2 1 40 4009 4008 3974
6517 2 2 1 40 3978 4007 4006
6518 2 2 1 40 4007 4010 4006
6519 2 2 1 40 4007 3941 4010
6520 2 2 1 40 4006 4010 3711
6521 2 2 1 40 3965 4011 4013
6522 2 2 1 40 4011 4012 4013
6523 2 2 1 40 4011 3931 4012
6524 2 2 1 40 4013 4012 3932
6525 2 2 1 40 3964 4014 4015
6526 2 2 1 40 4014 4011 4015
6527 2 2 1 40 4014 3931 4011
6528 2 2 1 40 4015 4011 3965
6529 2 2 1 40 3965 4016 4018
6530 2 2 1 40 4016 4017 4018
6531 2 2 1 40 4016 3951 4017
6532 2 2 1 40 4018 4017 3950
6533 2 2 1 40 3950 4019 4018
6534 2 2 1 40 4019 4015 4018
6535 2 2 1 40 4019 3964 4015
6536 2 2 1 40 4018 4015 3965
6537 2 2 1 40 3971 4020 4022
6538 2 2 1 40 4020 4021 4022
6539 2 2 1 40 4020 3935 4021
6540 2 2 1 40 4022 4021 3936
6541 2 2 1 40 3971 4023 4025
6542 2 2 1 40 4023 4024 4025
6543 2 2 1 40 4023 3955 4024
6544 2 2 1 40 4025 4024 3954
6545 2 2 1 40 3967 4026 4027
6546 2 2 1 40 4026 4023 4027
6547 2 2 1 40 4026 3955 4023
6548 2 2 1 40 4027 4023 3971
6549 2 2 1 40 3936 4028 4022
6550 2 2 1 40 4028 4027 4022
6551 2 2 1 40 4028 3967 4027
6552 2 2 1 40 4022 4027 3971
6553 2 2 1 40 3970 4029 4031
6554 2 2 1 40 4029 4030 4031
6555 2 2 1 40 4029 3938 4030
6556 2 2 1 40 4031 4030 3939
6557 2 2 1 40 3966 4032 4033
6558 2 2 1 40 4032 4029 4033
6559 2 2 1 40 4032 3938 4029
6560 2 2 1 40 4033 4029 3970
6561 2 2 1 40 3970 4034 4036
6562 2 2 1 40 4034 4035 4036
6563 2 2 1 40 4034 3958 4035
6564 2 2 1 40 4036 4035 3957
6565 2 2 1 40 3957 4037 4036
6566 2 2 1 40 4037 4033 4036
6567 2 2 1 40 4037 3966 4033
6568 2 2 1 40 4036 4033 3970
6569 2 2 1 40 3969 4038 4040
6570 2 2 1 40 4038 4039 4040
6571 2 2 1 40 4038 3932 4039
6572 2 2 1 40 4040 4039 3933
6573 2 2 1 40 3965 4013 4041
6574 2 2 1 40 4013 4038 4041
6575 2 2 1 40 4013 3932 4038
6576 2 2 1 40 4041 4038 3969
6577 2 2 1 40 3969 4042 4044
6578 2 2 1 40 4042 4043 4044
6579 2 2 1 40 4042 3952 4043
6580 2 2 1 40 4044 4043 3951
6581 2 2 1 40 3951 4016 4044
6582 2 2 1 40 4016 4041 4044
6583 2 2 1 40 4016 3965 4041
6584 2 2 1 40 4044 4041 3969
6585 2 2 1 40 3931 4014 4046
6586 2 2 1 40 4014 4045 4046
6587 2 2 1 40 4014 3964 4045
6588 2 2 1 40 4046 4045 3930
6589 2 2 1 40 3949 4047 4048
6590 2 2 1 40 4047 4019 4048
6591 2 2 1 40 4047 3964 4019
6592 2 2 1 40 4048 4019 3950
6593 2 2 1 40 3949 4049 4047
6594 2 2 1 40 4049 4050 4047
6595 2 2 1 40 4049 3961 4050
6596 2 2 1 40 4047 4050 3964
6597 2 2 1 40 3961 4051 4050
6598 2 2 1 40 4051 4045 4050
6599 2 2 1 40 4051 3930 4045
6600 2 2 1 40 4050 4045 3964
6601 2 2 1 40 3973 4052 4054
6602 2 2 1 40 4052 4053 4054
6603 2 2 1 40 4052 3939 4053
6604 2 2 1 40 4054 4053 3940
6605 2 2 1 40 3970 4031 4055
6606 2 2 1 40 4031 4052 4055
6607 2 2 1 40 4031 3939 4052
6608 2 2 1 40 4055 4052 3973
6609 2 2 1 40 3973 4056 4058
6610 2 2 1 40 4056 4057 4058
6611 2 2 1 40 4056 3959 4057
6612 2 2 1 40 4058 4057 3958
6613 2 2 1 40 3958 4034 4058
6614 2 2 1 40 4034 4055 4058
6615 2 2 1 40 4034 3970 4055
6616 2 2 1 40 4058 4055 3973
6617 2 2 1 40 3972 4059 4061
6618 2 2 1 40 4059 4060 4061
6619 2 2 1 40 4059 3933 4060
6620 2 2 1 40 4061 4060 3934
6621 2 2 1 40 3969 4040 4062
6622 2 2 1 40 4040 4059 4062
6623 2 2 1 40 4040 3933 4059
6624 2 2 1 40 4062 4059 3972
6625 2 2 1 40 3972 4063 4065
6626 2 2 1 40 4063 4064 4065
6627 2 2 1 40 4063 3953 4064
6628 2 2 1 40 4065 4064 3952
6629 2 2 1 40 3952 4042 4065
6630 2 2 1 40 4042 4062 4065
6631 2 2 1 40 4042 3969 4062
6632 2 2 1 40 4065 4062 3972
6633 2 2 1 40 3961 4066 4051
6634 2 2 1 40 4066 4067 4051
6635 2 2 1 40 4066 3929 4067
6636 2 2 1 40 4051 4067 3930
6637 2 2 1 40 3961 4049 4069
6638 2 2 1 40 4049 4068 4069
6639 2 2 1 40 4049 3949 4068
6640 2 2 1 40 4069 4068 3948
6641 2 2 1 40 3925 4070 4072
6642 2 2 1 40 4070 4071 4072
6643 2 2 1 40 4070 3962 4071
6644 2 2 1 40 4072 4071 3924
6645 2 2 1 40 3943 4073 4075
6646 2 2 1 40 4073 4074 4075
6647 2 2 1 40 4073 3962 4074
6648 2 2 1 40 4075 4074 3944
6649 2 2 1 40 3974 4076 4009
6650 2 2 1 40 4076 4077 4009
6651 2 2 1 40 4076 3940 4077
6652 2 2 1 40 4009 4077 3941
6653 2 2 1 40 3973 4054 4078
6654 2 2 1 40 4054 4076 4078
6655 2 2 1 40 4054 3940 4076
6656 2 2 1 40 4078 4076 3974
6657 2 2 1 40 3974 3996 4080
6658 2 2 1 40 3996 4079 4080
6659 2 2 1 40 3996 3960 4079
6660 2 2 1 40 4080 4079 3959
6661 2 2 1 40 3959 4056 4080
6662 2 2 1 40 4056 4078 4080
6663 2 2 1 40 4056 3973 4078
6664 2 2 1 40 4080 4078 3974
6665 2 2 1 40 3938 4032 4082
6666 2 2 1 40 4032 4081 4082
6667 2 2 1 40 4032 3966 4081
6668 2 2 1 40 4082 4081 3937
6669 2 2 1 40 3956 4083 4084
6670 2 2 1 40 4083 4037 4084
6671 2 2 1 40 4083 3966 4037
6672 2 2 1 40 4084 4037 3957
6673 2 2 1 40 3956 4085 4083
6674 2 2 1 40 4085 4086 4083
6675 2 2 1 40 4085 3968 4086
6676 2 2 1 40 4083 4086 3966
6677 2 2 1 40 3968 4087 4086
6678 2 2 1 40 4087 4081 4086
6679 2 2 1 40 4087 3937 4081
6680 2 2 1 40 4086 4081 3966
6681 2 2 1 40 3967 4028 4089
6682 2 2 1 40 4028 4088 4089
6683 2 2 1 40 4028 3936 4088
6684 2 2 1 40 4089 4088 3937
6685 2 2 1 40 3967 4090 4026
6686 2 2 1 40 4090 4091 4026
6687 2 2 1 40 4090 3956 4091
6688 2 2 1 40 4026 4091 3955
6689 2 2 1 40 3968 4085 4092
6690 2 2 1 40 4085 4090 4092
6691 2 2 1 40 4085 3956 4090
6692 2 2 1 40 4092 4090 3967
6693 2 2 1 40 3937 4087 4089
6694 2 2 1 40 4087 4092 4089
6695 2 2 1 40 4087 3968 4092
6696 2 2 1 40 4089 4092 3967
6697 2 2 1 40 3924 4093 4094
6698 2 2 1 40 4093 4002 4094
6699 2 2 1 40 4093 3963 4002
6700 2 2 1 40 4094 4002 3923
6701 2 2 1 40 3977 4095 3999
6702 2 2 1 40 4095 3987 3999
6703 2 2 1 40 4095 3975 3987
6704 2 2 1 40 3999 3987 3642
6705 2 2 1 40 3963 3990 4003
6706 2 2 1 40 3990 4095 4003
6707 2 2 1 40 3990 3975 4095
6708 2 2 1 40 4003 4095 3977
6709 2 2 1 40 3976 4096 3993
6710 2 2 1 40 4096 4005 3993
6711 2 2 1 40 4096 3978 4005
6712 2 2 1 40 3993 4005 3713
6713 2 2 1 40 3976 3997 4096
6714 2 2 1 40 3997 4008 4096
6715 2 2 1 40 3997 3974 4008
6716 2 2 1 40 4096 4008 3978
6717 2 2 1 40 3980 4097 4099
6718 2 2 1 40 4097 4098 4099
6719 2 2 1 40 4097 3925 4098
6720 2 2 1 40 4099 4098 3926
6721 2 2 1 40 3927 4100 4102
6722 2 2 1 40 4100 4101 4102
6723 2 2 1 40 4100 3981 4101
6724 2 2 1 40 4102 4101 3926
6725 2 2 1 40 3979 4103 4105
6726 2 2 1 40 4103 4104 4105
6727 2 2 1 40 4103 3934 4104
6728 2 2 1 40 4105 4104 3935
6729 2 2 1 40 3934 4103 4061
6730 2 2 1 40 4103 4106 4061
6731 2 2 1 40 4103 3979 4106
6732 2 2 1 40 4061 4106 3972
6733 2 2 1 40 3971 4107 4020
6734 2 2 1 40 4107 4105 4020
6735 2 2 1 40 4107 3979 4105
6736 2 2 1 40 4020 4105 3935
6737 2 2 1 40 3953 4108 4110
6738 2 2 1 40 4108 4109 4110
6739 2 2 1 40 4108 3979 4109
6740 2 2 1 40 4110 4109 3954
6741 2 2 1 40 3979 4108 4106
6742 2 2 1 40 4108 4063 4106
6743 2 2 1 40 4108 3953 4063
6744 2 2 1 40 4106 4063 3972
6745 2 2 1 40 3979 4107 4109
6746 2 2 1 40 4107 4025 4109
6747 2 2 1 40 4107 3971 4025
6748 2 2 1 40 4109 4025 3954
6749 2 2 1 40 3925 4097 4070
6750 2 2 1 40 4097 4111 4070
6751 2 2 1 40 4097 3980 4111
6752 2 2 1 40 4070 4111 3962
6753 2 2 1 40 3981 4112 4101
6754 2 2 1 40 4112 4099 4101
6755 2 2 1 40 4112 3980 4099
6756 2 2 1 40 4101 4099 3926
6757 2 2 1 40 3981 4113 4115
6758 2 2 1 40 4113 4114 4115
6759 2 2 1 40 4113 3946 4114
6760 2 2 1 40 4115 4114 3945
6761 2 2 1 40 3945 4116 4115
6762 2 2 1 40 4116 4112 4115
6763 2 2 1 40 4116 3980 4112
6764 2 2 1 40 4115 4112 3981
6765 2 2 1 40 3944 4117 4118
6766 2 2 1 40 4117 4116 4118
6767 2 2 1 40 4117 3980 4116
6768 2 2 1 40 4118 4116 3945
6769 2 2 1 40 3944 4074 4117
6770 2 2 1 40 4074 4111 4117
6771 2 2 1 40 4074 3962 4111
6772 2 2 1 40 4117 4111 3980
6773 2 2 1 40 3962 4119 4071
6774 2 2 1 40 4119 4120 4071
6775 2 2 1 40 4119 3982 4120
6776 2 2 1 40 4071 4120 3924
6777 2 2 1 40 3982 4121 4120
6778 2 2 1 40 4121 4093 4120
6779 2 2 1 40 4121 3963 4093
6780 2 2 1 40 4120 4093 3924
6781 2 2 1 40 3982 4119 4122
6782 2 2 1 40 4119 4073 4122
6783 2 2 1 40 4119 3962 4073
6784 2 2 1 40 4122 4073 3943
6785 2 2 1 40 3942 4123 4124
6786 2 2 1 40 4123 4122 4124
6787 2 2 1 40 4123 3982 4122
6788 2 2 1 40 4124 4122 3943
6789 2 2 1 40 3942 3991 4123
6790 2 2 1 40 3991 4121 4123
6791 2 2 1 40 3991 3963 4121
6792 2 2 1 40 4123 4121 3982
6793 2 2 1 40 3984 4125 4126
6794 2 2 1 40 4125 4113 4126
6795 2 2 1 40 4125 3946 4113
6796 2 2 1 40 4126 4113 3981
6797 2 2 1 40 3946 4125 4128
6798 2 2 1 40 4125 4127 4128
6799 2 2 1 40 4125 3984 4127
6800 2 2 1 40 4128 4127 3947
6801 2 2 1 40 3985 4129 4131
6802 2 2 1 40 4129 4130 4131
6803 2 2 1 40 4129 3948 4130
6804 2 2 1 40 4131 4130 3947
6805 2 2 1 40 3927 4132 4100
6806 2 2 1 40 4132 4133 4100
6807 2 2 1 40 4132 3986 4133
6808 2 2 1 40 4100 4133 3981
6809 2 2 1 40 3983 4134 4136
6810 2 2 1 40 4134 4135 4136
6811 2 2 1 40 4134 3986 4135
6812 2 2 1 40 4136 4135 3928
6813 2 2 1 40 3986 4132 4135
6814 2 2 1 40 4132 4137 4135
6815 2 2 1 40 4132 3927 4137
6816 2 2 1 40 4135 4137 3928
6817 2 2 1 40 3984 4138 4127
6818 2 2 1 40 4138 4131 4127
6819 2 2 1 40 4138 3985 4131
6820 2 2 1 40 4127 4131 3947
6821 2 2 1 40 3984 4139 4138
6822 2 2 1 40 4139 4140 4138
6823 2 2 1 40 4139 3983 4140
6824 2 2 1 40 4138 4140 3985
6825 2 2 1 40 3986 4141 4133
6826 2 2 1 40 4141 4126 4133
6827 2 2 1 40 4141 3984 4126
6828 2 2 1 40 4133 4126 3981
6829 2 2 1 40 3983 4139 4134
6830 2 2 1 40 4139 4141 4134
6831 2 2 1 40 4139 3984 4141
6832 2 2 1 40 4134 4141 3986
6833 2 2 1 40 3961 4142 4066
6834 2 2 1 40 4142 4143 4066
6835 2 2 1 40 4142 3985 4143
6836 2 2 1 40 4066 4143 3929
6837 2 2 1 40 3985 4142 4129
6838 2 2 1 40 4142 4069 4129
6839 2 2 1 40 4142 3961 4069
6840 2 2 1 40 4129 4069 3948
6841 2 2 1 40 3983 4136 4140
6842 2 2 1 40 4136 4144 4140
6843 2 2 1 40 4136 3928 4144
6844 2 2 1 40 4140 4144 3985
6845 2 2 1 40 3985 4144 4143
6846 2 2 1 40 4144 4145 4143
6847 2 2 1 40 4144 3928 4145
6848 2 2 1 40 4143 4145 3929
6849 2 2 1 41 4154 4173 4175
6850 2 2 1 41 4173 4174 4175
6851 2 2 1 41 4173 4169 4174
6852 2 2 1 41 4175 4174 3640
6853 2 2 1 41 4169 4176 4174
6854 2 2 1 41 4176 3653 4174
6855 2 2 1 41 4176 3643 3653
6856 2 2 1 41 4174 3653 3640
6857 2 2 1 41 4169 4173 4178
6858 2 2 1 41 4173 4177 4178
6859 2 2 1 41 4173 4154 4177
6860 2 2 1 41 4178 4177 4163
6861 2 2 1 41 4170 4179 4181
6862 2 2 1 41 4179 4180 4181
6863 2 2 1 41 4179 4161 4180
6864 2 2 1 41 4181 4180 42
6865 2 2 1 41 43 4182 45
6866 2 2 1 41 4182 4181 45
6867 2 2 1 41 4182 4170 4181
6868 2 2 1 41 45 4181 42
6869 2 2 1 41 4161 4179 4184
6870 2 2 1 41 4179 4183 4184
6871 2 2 1 41 4179 4170 4183
6872 2 2 1 41 4184 4183 4168
6873 2 2 1 41 4171 4185 4187
6874 2 2 1 41 4185 4186 4187
6875 2 2 1 41 4185 4146 4186
6876 2 2 1 41 4187 4186 3639
6877 2 2 1 41 3643 4188 3665
6878 2 2 1 41 4188 4187 3665
6879 2 2 1 41 4188 4171 4187
6880 2 2 1 41 3665 4187 3639
6881 2 2 1 41 4146 4185 4190
6882 2 2 1 41 4185 4189 4190
6883 2 2 1 41 4185 4171 4189
6884 2 2 1 41 4190 4189 4163
6885 2 2 1 41 4153 4191 4193
6886 2 2 1 41 4191 4192 4193
6887 2 2 1 41 4191 4172 4192
6888 2 2 1 41 4193 4192 41
6889 2 2 1 41 4172 4194 4192
6890 2 2 1 41 4194 44 4192
6891 2 2 1 41 4194 43 44
6892 2 2 1 41 4192 44 41
6893 2 2 1 41 4172 4191 4196
6894 2 2 1 41 4191 4195 4196
6895 2 2 1 41 4191 4153 4195
6896 2 2 1 41 4196 4195 4168
6897 2 2 1 41 4164 4197 4199
6898 2 2 1 41 4197 4198 4199
6899 2 2 1 41 4197 4149 4198
6900 2 2 1 41 4199 4198 4148
6901 2 2 1 41 4164 4200 4202
6902 2 2 1 41 4200 4201 4202
6903 2 2 1 41 4200 4156 4201
6904 2 2 1 41 4202 4201 4157
6905 2 2 1 41 4146 4190 4204
6906 2 2 1 41 4190 4203 4204
6907 2 2 1 41 4190 4163 4203
6908 2 2 1 41 4204 4203 4147
6909 2 2 1 41 4155 4205 4206
6910 2 2 1 41 4205 4177 4206
6911 2 2 1 41 4205 4163 4177
6912 2 2 1 41 4206 4177 4154
6913 2 2 1 41 4155 4207 4205
6914 2 2 1 41 4207 4208 4205
6915 2 2 1 41 4207 4162 4208
6916 2 2 1 41 4205 4208 4163
6917 2 2 1 41 4162 4209 4208
6918 2 2 1 41 4209 4203 4208
6919 2 2 1 41 4209 4147 4203
6920 2 2 1 41 4208 4203 4163
6921 2 2 1 41 4167 4210 4212
6922 2 2 1 41 4210 4211 4212
6923 2 2 1 41 4210 4151 4211
6924 2 2 1 41 4212 4211 4150
6925 2 2 1 41 4167 4213 4215
6926 2 2 1 41 4213 4214 4215
6927 2 2 1 41 4213 4158 4214
6928 2 2 1 41 4215 4214 4159
6929 2 2 1 41 4165 4216 4217
6930 2 2 1 41 4216 4213 4217
6931 2 2 1 41 4216 4158 4213
6932 2 2 1 41 4217 4213 4167
6933 2 2 1 41 4150 4218 4212
6934 2 2 1 41 4218 4217 4212
6935 2 2 1 41 4218 4165 4217
6936 2 2 1 41 4212 4217 4167
6937 2 2 1 41 4165 4218 4220
6938 2 2 1 41 4218 4219 4220
6939 2 2 1 41 4218 4150 4219
6940 2 2 1 41 4220 4219 4149
6941 2 2 1 41 4165 4221 4216
6942 2 2 1 41 4221 4222 4216
6943 2 2 1 41 4221 4157 4222
6944 2 2 1 41 4216 4222 4158
6945 2 2 1 41 4164 4202 4223
6946 2 2 1 41 4202 4221 4223
6947 2 2 1 41 4202 4157 4221
6948 2 2 1 41 4223 4221 4165
6949 2 2 1 41 4149 4197 4220
6950 2 2 1 41 4197 4223 4220
6951 2 2 1 41 4197 4164 4223
6952 2 2 1 41 4220 4223 4165
6953 2 2 1 41 4152 4224 4225
6954 2 2 1 41 4224 4195 4225
6955 2 2 1 41 4224 4168 4195
6956 2 2 1 41 4225 4195 4153
6957 2 2 1 41 4152 4226 4224
6958 2 2 1 41 4226 4227 4224
6959 2 2 1 41 4226 4166 4227
6960 2 2 1 41 4224 4227 4168
6961 2 2 1 41 4161 4184 4229
6962 2 2 1 41 4184 4228 4229
6963 2 2 1 41 4184 4168 4228
6964 2 2 1 41 4229 4228 4160
6965 2 2 1 41 4166 4230 4227
6966 2 2 1 41 4230 4228 4227
6967 2 2 1 41 4230 4160 4228
6968 2 2 1 41 4227 4228 4168
6969 2 2 1 41 4166 4226 4232
6970 2 2 1 41 4226 4231 4232
6971 2 2 1 41 4226 4152 4231
6972 2 2 1 41 4232 4231 4151
6973 2 2 1 41 4166 4233 4230
6974 2 2 1 41 4233 4234 4230
6975 2 2 1 41 4233 4159 4234
6976 2 2 1 41 4230 4234 4160
6977 2 2 1 41 4167 4215 4235
6978 2 2 1 41 4215 4233 4235
6979 2 2 1 41 4215 4159 4233
6980 2 2 1 41 4235 4233 4166
6981 2 2 1 41 4151 4210 4232
6982 2 2 1 41 4210 4235 4232
6983 2 2 1 41 4210 4167 4235
6984 2 2 1 41 4232 4235 4166
6985 2 2 1 41 4162 4236 4209
6986 2 2 1 41 4236 4237 4209
6987 2 2 1 41 4236 4148 4237
6988 2 2 1 41 4209 4237 4147
6989 2 2 1 41 4162 4207 4239
6990 2 2 1 41 4207 4238 4239
6991 2 2 1 41 4207 4155 4238
6992 2 2 1 41 4239 4238 4156
6993 2 2 1 41 4169 4240 4176
6994 2 2 1 41 4240 4188 4176
6995 2 2 1 41 4240 4171 4188
6996 2 2 1 41 4176 4188 3643
6997 2 2 1 41 4169 4178 4240
6998 2 2 1 41 4178 4189 4240
6999 2 2 1 41 4178 4163 4189
7000 2 2 1 41 4240 4189 4171
7001 2 2 1 41 4172 4241 4194
7002 2 2 1 41 4241 4182 4194
7003 2 2 1 41 4241 4170 4182
7004 2 2 1 41 4194 4182 43
7005 2 2 1 41 4168 4183 4196
7006 2 2 1 41 4183 4241 4196
7007 2 2 1 41 4183 4170 4241
7008 2 2 1 41 4196 4241 4172
7009 2 2 1 41 4164 4199 4242
7010 2 2 1 41 4199 4236 4242
7011 2 2 1 41 4199 4148 4236
7012 2 2 1 41 4242 4236 4162
7013 2 2 1 41 4156 4200 4239
7014 2 2 1 41 4200 4242 4239
7015 2 2 1 41 4200 4164 4242
7016 2 2 1 41 4239 4242 4162
7017 2 2 1 42 4251 4270 4272
7018 2 2 1 42 4270 4271 4272
7019 2 2 1 42 4270 4266 4271
7020 2 2 1 42 4272 4271 3676
7021 2 2 1 42 4266 4273 4271
7022 2 2 1 42 4273 3689 4271
7023 2 2 1 42 4273 3679 3689
7024 2 2 1 42 4271 3689 3676
7025 2 2 1 42 4266 4270 4275
7026 2 2 1 42 4270 4274 4275
7027 2 2 1 42 4270 4251 4274
7028 2 2 1 42 4275 4274 4260
7029 2 2 1 42 4267 4276 4278
7030 2 2 1 42 4276 4277 4278
7031 2 2 1 42 4276 4258 4277
7032 2 2 1 42 4278 4277 47
7033 2 2 1 42 48 4279 50
7034 2 2 1 42 4279 4278 50
7035 2 2 1 42 4279 4267 4278
7036 2 2 1 42 50 4278 47
7037 2 2 1 42 4258 4276 4281
7038 2 2 1 42 4276 4280 4281
7039 2 2 1 42 4276 4267 4280
7040 2 2 1 42 4281 4280 4265
7041 2 2 1 42 4268 4282 4284
7042 2 2 1 42 4282 4283 4284
7043 2 2 1 42 4282 4243 4283
7044 2 2 1 42 4284 4283 3675
7045 2 2 1 42 3679 4285 3701
7046 2 2 1 42 4285 4284 3701
7047 2 2 1 42 4285 4268 4284
7048 2 2 1 42 3701 4284 3675
7049 2 2 1 42 4243 4282 4287
7050 2 2 1 42 4282 4286 4287
7051 2 2 1 42 4282 4268 4286
7052 2 2 1 42 4287 4286 4260
7053 2 2 1 42 4250 4288 4290
7054 2 2 1 42 4288 4289 4290
7055 2 2 1 42 4288 4269 4289
7056 2 2 1 42 4290 4289 46
7057 2 2 1 42 4269 4291 4289
7058 2 2 1 42 4291 49 4289
7059 2 2 1 42 4291 48 49
7060 2 2 1 42 4289 49 46
7061 2 2 1 42 4269 4288 4293
7062 2 2 1 42 4288 4292 4293
7063 2 2 1 42 4288 4250 4292
7064 2 2 1 42 4293 4292 4265
7065 2 2 1 42 4261 4294 4296
7066 2 2 1 42 4294 4295 4296
7067 2 2 1 42 4294 4246 4295
7068 2 2 1 42 4296 4295 4245
7069 2 2 1 42 4261 4297 4299
7070 2 2 1 42 4297 4298 4299
7071 2 2 1 42 4297 4253 4298
7072 2 2 1 42 4299 4298 4254
7073 2 2 1 42 4243 4287 4301
7074 2 2 1 42 4287 4300 4301
7075 2 2 1 42 4287 4260 4300
7076 2 2 1 42 4301 4300 4244
7077 2 2 1 42 4252 4302 4303
7078 2 2 1 42 4302 4274 4303
7079 2 2 1 42 4302 4260 4274
7080 2 2 1 42 4303 4274 4251
7081 2 2 1 42 4252 4304 4302
7082 2 2 1 42 4304 4305 4302
7083 2 2 1 42 4304 4259 4305
7084 2 2 1 42 4302 4305 4260
7085 2 2 1 42 4259 4306 4305
7086 2 2 1 42 4306 4300 4305
7087 2 2 1 42 4306 4244 4300
7088 2 2 1 42 4305 4300 4260
7089 2 2 1 42 4247 4307 4309
7090 2 2 1 42 4307 4308 4309
7091 2 2 1 42 4307 4264 4308
7092 2 2 1 42 4309 4308 4248
7093 2 2 1 42 4247 4310 4307
7094 2 2 1 42 4310 4311 4307
7095 2 2 1 42 4310 4262 4311
7096 2 2 1 42 4307 4311 4264
7097 2 2 1 42 4256 4312 4314
7098 2 2 1 42 4312 4313 4314
7099 2 2 1 42 4312 4264 4313
7100 2 2 1 42 4314 4313 4255
7101 2 2 1 42 4262 4315 4311
7102 2 2 1 42 4315 4313 4311
7103 2 2 1 42 4315 4255 4313
7104 2 2 1 42 4311 4313 4264
7105 2 2 1 42 4262 4310 4317
7106 2 2 1 42 4310 4316 4317
7107 2 2 1 42 4310 4247 4316
7108 2 2 1 42 4317 4316 4246
7109 2 2 1 42 4262 4318 4315
7110 2 2 1 42 4318 4319 4315
7111 2 2 1 42 4318 4254 4319
7112 2 2 1 42 4315 4319 4255
7113 2 2 1 42 4261 4299 4320
7114 2 2 1 42 4299 4318 4320
7115 2 2 1 42 4299 4254 4318
7116 2 2 1 42 4320 4318 4262
7117 2 2 1 42 4246 4294 4317
7118 2 2 1 42 4294 4320 4317
7119 2 2 1 42 4294 4261 4320
7120 2 2 1 42 4317 4320 4262
7121 2 2 1 42 4249 4321 4322
7122 2 2 1 42 4321 4292 4322
7123 2 2 1 42 4321 4265 4292
7124 2 2 1 42 4322 4292 4250
7125 2 2 1 42 4249 4323 4321
7126 2 2 1 42 4323 4324 4321
7127 2 2 1 42 4323 4263 4324
7128 2 2 1 42 4321 4324 4265
7129 2 2 1 42 4258 4281 4326
7130 2 2 1 42 4281 4325 4326
7131 2 2 1 42 4281 4265 4325
7132 2 2 1 42 4326 4325 4257
7133 2 2 1 42 4263 4327 4324
7134 2 2 1 42 4327 4325 4324
7135 2 2 1 42 4327 4257 4325
7136 2 2 1 42 4324 4325 4265
7137 2 2 1 42 4263 4323 4329
7138 2 2 1 42 4323 4328 4329
7139 2 2 1 42 4323 4249 4328
7140 2 2 1 42 4329 4328 4248
7141 2 2 1 42 4263 4330 4327
7142 2 2 1 42 4330 4331 4327
7143 2 2 1 42 4330 4256 4331
7144 2 2 1 42 4327 4331 4257
7145 2 2 1 42 4264 4312 4332
7146 2 2 1 42 4312 4330 4332
7147 2 2 1 42 4312 4256 4330
7148 2 2 1 42 4332 4330 4263
7149 2 2 1 42 4248 4308 4329
7150 2 2 1 42 4308 4332 4329
7151 2 2 1 42 4308 4264 4332
7152 2 2 1 42 4329 4332 4263
7153 2 2 1 42 4259 4333 4306
7154 2 2 1 42 4333 4334 4306
7155 2 2 1 42 4333 4245 4334
7156 2 2 1 42 4306 4334 4244
7157 2 2 1 42 4259 4304 4336
7158 2 2 1 42 4304 4335 4336
7159 2 2 1 42 4304 4252 4335
7160 2 2 1 42 4336 4335 4253
7161 2 2 1 42 4266 4337 4273
7162 2 2 1 42 4337 4285 4273
7163 2 2 1 42 4337 4268 4285
7164 2 2 1 42 4273 4285 3679
7165 2 2 1 42 4266 4275 4337
7166 2 2 1 42 4275 4286 4337
7167 2 2 1 42 4275 4260 4286
7168 2 2 1 42 4337 4286 4268
7169 2 2 1 42 4269 4338 4291
7170 2 2 1 42 4338 4279 4291
7171 2 2 1 42 4338 4267 4279
7172 2 2 1 42 4291 4279 48
7173 2 2 1 42 4265 4280 4293
7174 2 2 1 42 4280 4338 4293
7175 2 2 1 42 4280 4267 4338
7176 2 2 1 42 4293 4338 4269
7177 2 2 1 42 4261 4296 4339
7178 2 2 1 42 4296 4333 4339
7179 2 2 1 42 4296 4245 4333
7180 2 2 1 42 4339 4333 4259
7181 2 2 1 42 4253 4297 4336
7182 2 2 1 42 4297 4339 4336
7183 2 2 1 42 4297 4261 4339
7184 2 2 1 42 4336 4339 4259
7185 2 2 1 43 4364 4370 4371
7186 2 2 1 43 4370 45 4371
7187 2 2 1 43 4370 43 45
7188 2 2 1 43 4371 45 42
7189 2 2 1 43 4364 4372 4374
7190 2 2 1 43 4372 4373 4374
7191 2 2 1 43 4372 4350 4373
7192 2 2 1 43 4374 4373 4360
7193 2 2 1 43 4350 4372 4375
7194 2 2 1 43 4372 4371 4375
7195 2 2 1 43 4372 4364 4371
7196 2 2 1 43 4375 4371 42
7197 2 2 1 43 43 4376 44
7198 2 2 1 43 4376 4377 44
7199 2 2 1 43 4376 4365 4377
7200 2 2 1 43 44 4377 41
7201 2 2 1 43 4342 4378 4380
7202 2 2 1 43 4378 4379 4380
7203 2 2 1 43 4378 4365 4379
7204 2 2 1 43 4380 4379 4360
7205 2 2 1 43 4365 4378 4377
7206 2 2 1 43 4378 4381 4377
7207 2 2 1 43 4378 4342 4381
7208 2 2 1 43 4377 4381 41
7209 2 2 1 43 4347 4382 4384
7210 2 2 1 43 4382 4383 4384
7211 2 2 1 43 4382 4363 4383
7212 2 2 1 43 4384 4383 4348
7213 2 2 1 43 4356 4385 4387
7214 2 2 1 43 4385 4386 4387
7215 2 2 1 43 4385 4363 4386
7216 2 2 1 43 4387 4386 4355
7217 2 2 1 43 4356 4388 4385
7218 2 2 1 43 4388 4389 4385
7219 2 2 1 43 4388 4359 4389
7220 2 2 1 43 4385 4389 4363
7221 2 2 1 43 4359 4390 4389
7222 2 2 1 43 4390 4383 4389
7223 2 2 1 43 4390 4348 4383
7224 2 2 1 43 4389 4383 4363
7225 2 2 1 43 4343 4391 4393
7226 2 2 1 43 4391 4392 4393
7227 2 2 1 43 4391 4362 4392
7228 2 2 1 43 4393 4392 4344
7229 2 2 1 43 4352 4394 4396
7230 2 2 1 43 4394 4395 4396
7231 2 2 1 43 4394 4362 4395
7232 2 2 1 43 4396 4395 4351
7233 2 2 1 43 4348 4390 4398
7234 2 2 1 43 4390 4397 4398
7235 2 2 1 43 4390 4359 4397
7236 2 2 1 43 4398 4397 4349
7237 2 2 1 43 4357 4399 4400
7238 2 2 1 43 4399 4388 4400
7239 2 2 1 43 4399 4359 4388
7240 2 2 1 43 4400 4388 4356
7241 2 2 1 43 4342 4380 4402
7242 2 2 1 43 4380 4401 4402
7243 2 2 1 43 4380 4360 4401
7244 2 2 1 43 4402 4401 4343
7245 2 2 1 43 4351 4403 4404
7246 2 2 1 43 4403 4373 4404
7247 2 2 1 43 4403 4360 4373
7248 2 2 1 43 4404 4373 4350
7249 2 2 1 43 4361 4405 4407
7250 2 2 1 43 4405 4406 4407
7251 2 2 1 43 4405 4345 4406
7252 2 2 1 43 4407 4406 4344
7253 2 2 1 43 4361 4408 4410
7254 2 2 1 43 4408 4409 4410
7255 2 2 1 43 4408 4352 4409
7256 2 2 1 43 4410 4409 4353
7257 2 2 1 43 4362 4394 4411
7258 2 2 1 43 4394 4408 4411
7259 2 2 1 43 4394 4352 4408
7260 2 2 1 43 4411 4408 4361
7261 2 2 1 43 4344 4392 4407
7262 2 2 1 43 4392 4411 4407
7263 2 2 1 43 4392 4362 4411
7264 2 2 1 43 4407 4411 4361
7265 2 2 1 43 4364 4412 4370
7266 2 2 1 43 4412 4376 4370
7267 2 2 1 43 4412 4365 4376
7268 2 2 1 43 4370 4376 43
7269 2 2 1 43 4364 4374 4412
7270 2 2 1 43 4374 4379 4412
7271 2 2 1 43 4374 4360 4379
7272 2 2 1 43 4412 4379 4365
7273 2 2 1 43 4345 4413 4415
7274 2 2 1 43 4413 4414 4415
7275 2 2 1 43 4413 4367 4414
7276 2 2 1 43 4415 4414 4346
7277 2 2 1 43 4367 4413 4416
7278 2 2 1 43 4413 4405 4416
7279 2 2 1 43 4413 4345 4405
7280 2 2 1 43 4416 4405 4361
7281 2 2 1 43 4366 4417 4419
7282 2 2 1 43 4417 4418 4419
7283 2 2 1 43 4417 4347 4418
7284 2 2 1 43 4419 4418 4346
7285 2 2 1 43 4347 4417 4382
7286 2 2 1 43 4417 4420 4382
7287 2 2 1 43 4417 4366 4420
7288 2 2 1 43 4382 4420 4363
7289 2 2 1 43 4355 4421 4423
7290 2 2 1 43 4421 4422 4423
7291 2 2 1 43 4421 4366 4422
7292 2 2 1 43 4423 4422 4354
7293 2 2 1 43 4366 4421 4420
7294 2 2 1 43 4421 4386 4420
7295 2 2 1 43 4421 4355 4386
7296 2 2 1 43 4420 4386 4363
7297 2 2 1 43 4362 4391 4424
7298 2 2 1 43 4391 4401 4424
7299 2 2 1 43 4391 4343 4401
7300 2 2 1 43 4424 4401 4360
7301 2 2 1 43 4351 4395 4403
7302 2 2 1 43 4395 4424 4403
7303 2 2 1 43 4395 4362 4424
7304 2 2 1 43 4403 4424 4360
7305 2 2 1 43 4367 4425 4427
7306 2 2 1 43 4425 4426 4427
7307 2 2 1 43 4425 4353 4426
7308 2 2 1 43 4427 4426 4354
7309 2 2 1 43 4353 4425 4410
7310 2 2 1 43 4425 4416 4410
7311 2 2 1 43 4425 4367 4416
7312 2 2 1 43 4410 4416 4361
7313 2 2 1 43 4367 4427 4428
7314 2 2 1 43 4427 4422 4428
7315 2 2 1 43 4427 4354 4422
7316 2 2 1 43 4428 4422 4366
7317 2 2 1 43 4346 4414 4419
7318 2 2 1 43 4414 4428 4419
7319 2 2 1 43 4414 4367 4428
7320 2 2 1 43 4419 4428 4366
7321 2 2 1 43 4368 4429 4431
7322 2 2 1 43 4429 4430 4431
7323 2 2 1 43 4429 4357 4430
7324 2 2 1 43 4431 4430 4341
7325 2 2 1 43 4358 4432 4433
7326 2 2 1 43 4432 4431 4433
7327 2 2 1 43 4432 4368 4431
7328 2 2 1 43 4433 4431 4341
7329 2 2 1 43 4357 4429 4399
7330 2 2 1 43 4429 4434 4399
7331 2 2 1 43 4429 4368 4434
7332 2 2 1 43 4399 4434 4359
7333 2 2 1 43 4349 4435 4437
7334 2 2 1 43 4435 4436 4437
7335 2 2 1 43 4435 4369 4436
7336 2 2 1 43 4437 4436 4340
7337 2 2 1 43 4369 4438 4436
7338 2 2 1 43 4438 4439 4436
7339 2 2 1 43 4438 4358 4439
7340 2 2 1 43 4436 4439 4340
7341 2 2 1 43 4369 4435 4440
7342 2 2 1 43 4435 4397 4440
7343 2 2 1 43 4435 4349 4397
7344 2 2 1 43 4440 4397 4359
7345 2 2 1 43 4369 4441 4438
7346 2 2 1 43 4441 4432 4438
7347 2 2 1 43 4441 4368 4432
7348 2 2 1 43 4438 4432 4358
7349 2 2 1 43 4359 4434 4440
7350 2 2 1 43 4434 4441 4440
7351 2 2 1 43 4434 4368 4441
7352 2 2 1 43 4440 4441 4369
7353 2 2 1 44 4466 4473 4474
7354 2 2 1 44 4473 50 4474
7355 2 2 1 44 4473 48 50
7356 2 2 1 44 4474 50 47
7357 2 2 1 44 4466 4475 4477
7358 2 2 1 44 4475 4476 4477
7359 2 2 1 44 4475 4452 4476
7360 2 2 1 44 4477 4476 4462
7361 2 2 1 44 4452 4475 4478
7362 2 2 1 44 4475 4474 4478
7363 2 2 1 44 4475 4466 4474
7364 2 2 1 44 4478 4474 47
7365 2 2 1 44 48 4479 49
7366 2 2 1 44 4479 4480 49
7367 2 2 1 44 4479 4467 4480
7368 2 2 1 44 49 4480 46
7369 2 2 1 44 4444 4481 4483
7370 2 2 1 44 4481 4482 4483
7371 2 2 1 44 4481 4467 4482
7372 2 2 1 44 4483 4482 4462
7373 2 2 1 44 4467 4481 4480
7374 2 2 1 44 4481 4484 4480
7375 2 2 1 44 4481 4444 4484
7376 2 2 1 44 4480 4484 46
7377 2 2 1 44 4449 4485 4487
7378 2 2 1 44 4485 4486 4487
7379 2 2 1 44 4485 4465 4486
7380 2 2 1 44 4487 4486 4450
7381 2 2 1 44 4458 4488 4490
7382 2 2 1 44 4488 4489 4490
7383 2 2 1 44 4488 4465 4489
7384 2 2 1 44 4490 4489 4457
7385 2 2 1 44 4458 4491 4488
7386 2 2 1 44 4491 4492 4488
7387 2 2 1 44 4491 4461 4492
7388 2 2 1 44 4488 4492 4465
7389 2 2 1 44 4461 4493 4492
7390 2 2 1 44 4493 4486 4492
7391 2 2 1 44 4493 4450 4486
7392 2 2 1 44 4492 4486 4465
7393 2 2 1 44 4445 4494 4496
7394 2 2 1 44 4494 4495 4496
7395 2 2 1 44 4494 4464 4495
7396 2 2 1 44 4496 4495 4446
7397 2 2 1 44 4454 4497 4499
7398 2 2 1 44 4497 4498 4499
7399 2 2 1 44 4497 4464 4498
7400 2 2 1 44 4499 4498 4453
7401 2 2 1 44 4450 4493 4501
7402 2 2 1 44 4493 4500 4501
7403 2 2 1 44 4493 4461 4500
7404 2 2 1 44 4501 4500 4451
7405 2 2 1 44 4459 4502 4503
7406 2 2 1 44 4502 4491 4503
7407 2 2 1 44 4502 4461 4491
7408 2 2 1 44 4503 4491 4458
7409 2 2 1 44 4444 4483 4505
7410 2 2 1 44 4483 4504 4505
7411 2 2 1 44 4483 4462 4504
7412 2 2 1 44 4505 4504 4445
7413 2 2 1 44 4453 4506 4507
7414 2 2 1 44 4506 4476 4507
7415 2 2 1 44 4506 4462 4476
7416 2 2 1 44 4507 4476 4452
7417 2 2 1 44 4463 4508 4510
7418 2 2 1 44 4508 4509 4510
7419 2 2 1 44 4508 4447 4509
7420 2 2 1 44 4510 4509 4446
7421 2 2 1 44 4463 4511 4513
7422 2 2 1 44 4511 4512 4513
7423 2 2 1 44 4511 4454 4512
7424 2 2 1 44 4513 4512 4455
7425 2 2 1 44 4464 4497 4514
7426 2 2 1 44 4497 4511 4514
7427 2 2 1 44 4497 4454 4511
7428 2 2 1 44 4514 4511 4463
7429 2 2 1 44 4446 4495 4510
7430 2 2 1 44 4495 4514 4510
7431 2 2 1 44 4495 4464 4514
7432 2 2 1 44 4510 4514 4463
7433 2 2 1 44 4466 4515 4473
7434 2 2 1 44 4515 4479 4473
7435 2 2 1 44 4515 4467 4479
7436 2 2 1 44 4473 4479 48
7437 2 2 1 44 4466 4477 4515
7438 2 2 1 44 4477 4482 4515
7439 2 2 1 44 4477 4462 4482
7440 2 2 1 44 4515 4482 4467
7441 2 2 1 44 4468 4516 4518
7442 2 2 1 44 4516 4517 4518
7443 2 2 1 44 4516 4455 4517
7444 2 2 1 44 4518 4517 4456
7445 2 2 1 44 4455 4516 4513
7446 2 2 1 44 4516 4519 4513
7447 2 2 1 44 4516 4468 4519
7448 2 2 1 44 4513 4519 4463
7449 2 2 1 44 4447 4520 4522
7450 2 2 1 44 4520 4521 4522
7451 2 2 1 44 4520 4469 4521
7452 2 2 1 44 4522 4521 4448
7453 2 2 1 44 4469 4520 4523
7454 2 2 1 44 4520 4508 4523
7455 2 2 1 44 4520 4447 4508
7456 2 2 1 44 4523 4508 4463
7457 2 2 1 44 4457 4524 4526
7458 2 2 1 44 4524 4525 4526
7459 2 2 1 44 4524 4470 4525
7460 2 2 1 44 4526 4525 4456
7461 2 2 1 44 4470 4524 4527
7462 2 2 1 44 4524 4489 4527
7463 2 2 1 44 4524 4457 4489
7464 2 2 1 44 4527 4489 4465
7465 2 2 1 44 4471 4528 4530
7466 2 2 1 44 4528 4529 4530
7467 2 2 1 44 4528 4449 4529
7468 2 2 1 44 4530 4529 4448
7469 2 2 1 44 4449 4528 4485
7470 2 2 1 44 4528 4531 4485
7471 2 2 1 44 4528 4471 4531
7472 2 2 1 44 4485 4531 4465
7473 2 2 1 44 4469 4532 4521
7474 2 2 1 44 4532 4530 4521
7475 2 2 1 44 4532 4471 4530
7476 2 2 1 44 4521 4530 4448
7477 2 2 1 44 4470 4533 4525
7478 2 2 1 44 4533 4518 4525
7479 2 2 1 44 4533 4468 4518
7480 2 2 1 44 4525 4518 4456
7481 2 2 1 44 4468 4534 4519
7482 2 2 1 44 4534 4523 4519
7483 2 2 1 44 4534 4469 4523
7484 2 2 1 44 4519 4523 4463
7485 2 2 1 44 4471 4535 4531
7486 2 2 1 44 4535 4527 4531
7487 2 2 1 44 4535 4470 4527
7488 2 2 1 44 4531 4527 4465
7489 2 2 1 44 4464 4494 4536
7490 2 2 1 44 4494 4504 4536
7491 2 2 1 44 4494 4445 4504
7492 2 2 1 44 4536 4504 4462
7493 2 2 1 44 4453 4498 4506
7494 2 2 1 44 4498 4536 4506
7495 2 2 1 44 4498 4464 4536
7496 2 2 1 44 4506 4536 4462
7497 2 2 1 44 4468 4533 4534
7498 2 2 1 44 4533 4537 4534
7499 2 2 1 44 4533 4470 4537
7500 2 2 1 44 4534 4537 4469
7501 2 2 1 44 4469 4537 4532
7502 2 2 1 44 4537 4535 4532
7503 2 2 1 44 4537 4470 4535
7504 2 2 1 44 4532 4535 4471
7505 2 2 1 44 4459 4538 4502
7506 2 2 1 44 4538 4539 4502
7507 2 2 1 44 4538 4472 4539
7508 2 2 1 44 4502 4539 4461
7509 2 2 1 44 4472 4538 4541
7510 2 2 1 44 4538 4540 4541
7511 2 2 1 44 4538 4459 4540
7512 2 2 1 44 4541 4540 4443
7513 2 2 1 44 4460 4542 4543
7514 2 2 1 44 4542 4541 4543
7515 2 2 1 44 4542 4472 4541
7516 2 2 1 44 4543 4541 4443
7517 2 2 1 44 4472 4544 4539
7518 2 2 1 44 4544 4500 4539
7519 2 2 1 44 4544 4451 4500
7520 2 2 1 44 4539 4500 4461
7521 2 2 1 44 4451 4544 4546
7522 2 2 1 44 4544 4545 4546
7523 2 2 1 44 4544 4472 4545
7524 2 2 1 44 4546 4545 4442
7525 2 2 1 44 4472 4542 4545
7526 2 2 1 44 4542 4547 4545
7527 2 2 1 44 4542 4460 4547
7528 2 2 1 44 4545 4547 4442
7529 2 2 1 45 4551 4556 4558
7530 2 2 1 45 4556 4557 4558
7531 2 2 1 45 4556 4553 4557
7532 2 2 1 45 4558 4557 4341
7533 2 2 1 45 4553 4559 4557
7534 2 2 1 45 4559 4433 4557
7535 2 2 1 45 4559 4358 4433
7536 2 2 1 45 4557 4433 4341
7537 2 2 1 45 4553 4556 4561
7538 2 2 1 45 4556 4560 4561
7539 2 2 1 45 4556 4551 4560
7540 2 2 1 45 4561 4560 4549
7541 2 2 1 45 4552 4562 4563
7542 2 2 1 45 4562 4561 4563
7543 2 2 1 45 4562 4553 4561
7544 2 2 1 45 4563 4561 4549
7545 2 2 1 45 4554 4564 4566
7546 2 2 1 45 4564 4565 4566
7547 2 2 1 45 4564 4552 4565
7548 2 2 1 45 4566 4565 4548
7549 2 2 1 45 4552 4564 4562
7550 2 2 1 45 4564 4567 4562
7551 2 2 1 45 4564 4554 4567
7552 2 2 1 45 4562 4567 4553
7553 2 2 1 45 4550 4568 4569
7554 2 2 1 45 4568 4566 4569
7555 2 2 1 45 4568 4554 4566
7556 2 2 1 45 4569 4566 4548
7557 2 2 1 45 4555 4570 4572
7558 2 2 1 45 4570 4571 4572
7559 2 2 1 45 4570 4550 4571
7560 2 2 1 45 4572 4571 4340
7561 2 2 1 45 4555 4573 4574
7562 2 2 1 45 4573 4559 4574
7563 2 2 1 45 4573 4358 4559
7564 2 2 1 45 4574 4559 4553
7565 2 2 1 45 4358 4573 4439
7566 2 2 1 45 4573 4572 4439
7567 2 2 1 45 4573 4555 4572
7568 2 2 1 45 4439 4572 4340
7569 2 2 1 45 4555 4575 4570
7570 2 2 1 45 4575 4568 4570
7571 2 2 1 45 4575 4554 4568
7572 2 2 1 45 4570 4568 4550
7573 2 2 1 45 4553 4567 4574
7574 2 2 1 45 4567 4575 4574
7575 2 2 1 45 4567 4554 4575
7576 2 2 1 45 4574 4575 4555
7577 2 2 1 46 4579 4584 4586
7578 2 2 1 46 4584 4585 4586
7579 2 2 1 46 4584 4581 4585
7580 2 2 1 46 4586 4585 4443
7581 2 2 1 46 4581 4587 4585
7582 2 2 1 46 4587 4543 4585
7583 2 2 1 46 4587 4460 4543
7584 2 2 1 46 4585 4543 4443
7585 2 2 1 46 4581 4584 4589
7586 2 2 1 46 4584 4588 4589
7587 2 2 1 46 4584 4579 4588
7588 2 2 1 46 4589 4588 4577
7589 2 2 1 46 4580 4590 4591
7590 2 2 1 46 4590 4589 4591
7591 2 2 1 46 4590 4581 4589
7592 2 2 1 46 4591 4589 4577
7593 2 2 1 46 4582 4592 4594
7594 2 2 1 46 4592 4593 4594
7595 2 2 1 46 4592 4580 4593
7596 2 2 1 46 4594 4593 4576
7597 2 2 1 46 4580 4592 4590
7598 2 2 1 46 4592 4595 4590
7599 2 2 1 46 4592 4582 4595
7600 2 2 1 46 4590 4595 4581
7601 2 2 1 46 4578 4596 4597
7602 2 2 1 46 4596 4594 4597
7603 2 2 1 46 4596 4582 4594
7604 2 2 1 46 4597 4594 4576
7605 2 2 1 46 4583 4598 4600
7606 2 2 1 46 4598 4599 4600
7607 2 2 1 46 4598 4578 4599
7608 2 2 1 46 4600 4599 4442
7609 2 2 1 46 4583 4601 4602
7610 2 2 1 46 4601 4587 4602
7611 2 2 1 46 4601 4460 4587
7612 2 2 1 46 4602 4587 4581
7613 2 2 1 46 4460 4601 4547
7614 2 2 1 46 4601 4600 4547
7615 2 2 1 46 4601 4583 4600
7616 2 2 1 46 4547 4600 4442
7617 2 2 1 46 4583 4603 4598
7618 2 2 1 46 4603 4596 4598
7619 2 2 1 46 4603 4582 4596
7620 2 2 1 46 4598 4596 4578
7621 2 2 1 46 4581 4595 4602
7622 2 2 1 46 4595 4603 4602
7623 2 2 1 46 4595 4582 4603
7624 2 2 1 46 4602 4603 4583
7625 2 2 1 47 4653 4665 4667
7626 2 2 1 47 4665 4666 4667
7627 2 2 1 47 4665 4615 4666
7628 2 2 1 47 4667 4666 4616
7629 2 2 1 47 4649 4668 4669
7630 2 2 1 47 4668 4665 4669
7631 2 2 1 47 4668 4615 4665
7632 2 2 1 47 4669 4665 4653
7633 2 2 1 47 4653 4670 4672
7634 2 2 1 47 4670 4671 4672
7635 2 2 1 47 4670 4635 4671
7636 2 2 1 47 4672 4671 4634
7637 2 2 1 47 4634 4673 4672
7638 2 2 1 47 4673 4669 4672
7639 2 2 1 47 4673 4649 4669
7640 2 2 1 47 4672 4669 4653
7641 2 2 1 47 4650 4674 4676
7642 2 2 1 47 4674 4675 4676
7643 2 2 1 47 4674 4609 4675
7644 2 2 1 47 4676 4675 4610
7645 2 2 1 47 4650 4677 4679
7646 2 2 1 47 4677 4678 4679
7647 2 2 1 47 4677 4629 4678
7648 2 2 1 47 4679 4678 4628
7649 2 2 1 47 4648 4680 4681
7650 2 2 1 47 4680 4677 4681
7651 2 2 1 47 4680 4629 4677
7652 2 2 1 47 4681 4677 4650
7653 2 2 1 47 4610 4682 4676
7654 2 2 1 47 4682 4681 4676
7655 2 2 1 47 4682 4648 4681
7656 2 2 1 47 4676 4681 4650
7657 2 2 1 47 4657 4683 4685
7658 2 2 1 47 4683 4684 4685
7659 2 2 1 47 4683 4622 4684
7660 2 2 1 47 4685 4684 4623
7661 2 2 1 47 4654 4686 4687
7662 2 2 1 47 4686 4683 4687
7663 2 2 1 47 4686 4622 4683
7664 2 2 1 47 4687 4683 4657
7665 2 2 1 47 4657 4688 4690
7666 2 2 1 47 4688 4689 4690
7667 2 2 1 47 4688 4642 4689
7668 2 2 1 47 4690 4689 4641
7669 2 2 1 47 4641 4691 4690
7670 2 2 1 47 4691 4687 4690
7671 2 2 1 47 4691 4654 4687
7672 2 2 1 47 4690 4687 4657
7673 2 2 1 47 4614 4692 4694
7674 2 2 1 47 4692 4693 4694
7675 2 2 1 47 4692 4647 4693
7676 2 2 1 47 4694 4693 4613
7677 2 2 1 47 4632 4695 4697
7678 2 2 1 47 4695 4696 4697
7679 2 2 1 47 4695 4647 4696
7680 2 2 1 47 4697 4696 4633
7681 2 2 1 47 4652 4698 4700
7682 2 2 1 47 4698 4699 4700
7683 2 2 1 47 4698 4608 4699
7684 2 2 1 47 4700 4699 4609
7685 2 2 1 47 4652 4701 4703
7686 2 2 1 47 4701 4702 4703
7687 2 2 1 47 4701 4628 4702
7688 2 2 1 47 4703 4702 4627
7689 2 2 1 47 4650 4679 4704
7690 2 2 1 47 4679 4701 4704
7691 2 2 1 47 4679 4628 4701
7692 2 2 1 47 4704 4701 4652
7693 2 2 1 47 4609 4674 4700
7694 2 2 1 47 4674 4704 4700
7695 2 2 1 47 4674 4650 4704
7696 2 2 1 47 4700 4704 4652
7697 2 2 1 47 4617 4705 4707
7698 2 2 1 47 4705 4706 4707
7699 2 2 1 47 4705 4656 4706
7700 2 2 1 47 4707 4706 4616
7701 2 2 1 47 4635 4708 4710
7702 2 2 1 47 4708 4709 4710
7703 2 2 1 47 4708 4656 4709
7704 2 2 1 47 4710 4709 4636
7705 2 2 1 47 4635 4670 4708
7706 2 2 1 47 4670 4711 4708
7707 2 2 1 47 4670 4653 4711
7708 2 2 1 47 4708 4711 4656
7709 2 2 1 47 4653 4667 4711
7710 2 2 1 47 4667 4706 4711
7711 2 2 1 47 4667 4616 4706
7712 2 2 1 47 4711 4706 4656
7713 2 2 1 47 4649 4712 4668
7714 2 2 1 47 4712 4713 4668
7715 2 2 1 47 4712 4614 4713
7716 2 2 1 47 4668 4713 4615
7717 2 2 1 47 4649 4673 4715
7718 2 2 1 47 4673 4714 4715
7719 2 2 1 47 4673 4634 4714
7720 2 2 1 47 4715 4714 4633
7721 2 2 1 47 4624 4716 4718
7722 2 2 1 47 4716 4717 4718
7723 2 2 1 47 4716 4660 4717
7724 2 2 1 47 4718 4717 4623
7725 2 2 1 47 4642 4719 4721
7726 2 2 1 47 4719 4720 4721
7727 2 2 1 47 4719 4660 4720
7728 2 2 1 47 4721 4720 4643
7729 2 2 1 47 4642 4688 4719
7730 2 2 1 47 4688 4722 4719
7731 2 2 1 47 4688 4657 4722
7732 2 2 1 47 4719 4722 4660
7733 2 2 1 47 4657 4685 4722
7734 2 2 1 47 4685 4717 4722
7735 2 2 1 47 4685 4623 4717
7736 2 2 1 47 4722 4717 4660
7737 2 2 1 47 4618 4723 4725
7738 2 2 1 47 4723 4724 4725
7739 2 2 1 47 4723 4658 4724
7740 2 2 1 47 4725 4724 4617
7741 2 2 1 47 4636 4726 4728
7742 2 2 1 47 4726 4727 4728
7743 2 2 1 47 4726 4658 4727
7744 2 2 1 47 4728 4727 4637
7745 2 2 1 47 4636 4709 4726
7746 2 2 1 47 4709 4729 4726
7747 2 2 1 47 4709 4656 4729
7748 2 2 1 47 4726 4729 4658
7749 2 2 1 47 4656 4705 4729
7750 2 2 1 47 4705 4724 4729
7751 2 2 1 47 4705 4617 4724
7752 2 2 1 47 4729 4724 4658
7753 2 2 1 47 4655 4730 4732
7754 2 2 1 47 4730 4731 4732
7755 2 2 1 47 4730 4620 4731
7756 2 2 1 47 4732 4731 4621
7757 2 2 1 47 4655 4733 4735
7758 2 2 1 47 4733 4734 4735
7759 2 2 1 47 4733 4640 4734
7760 2 2 1 47 4735 4734 4639
7761 2 2 1 47 4611 4736 4737
7762 2 2 1 47 4736 4682 4737
7763 2 2 1 47 4736 4648 4682
7764 2 2 1 47 4737 4682 4610
7765 2 2 1 47 4611 4738 4736
7766 2 2 1 47 4738 4739 4736
7767 2 2 1 47 4738 4645 4739
7768 2 2 1 47 4736 4739 4648
7769 2 2 1 47 4629 4680 4741
7770 2 2 1 47 4680 4740 4741
7771 2 2 1 47 4680 4648 4740
7772 2 2 1 47 4741 4740 4630
7773 2 2 1 47 4645 4742 4739
7774 2 2 1 47 4742 4740 4739
7775 2 2 1 47 4742 4630 4740
7776 2 2 1 47 4739 4740 4648
7777 2 2 1 47 4651 4743 4745
7778 2 2 1 47 4743 4744 4745
7779 2 2 1 47 4743 4607 4744
7780 2 2 1 47 4745 4744 4608
7781 2 2 1 47 4651 4746 4748
7782 2 2 1 47 4746 4747 4748
7783 2 2 1 47 4746 4627 4747
7784 2 2 1 47 4748 4747 4626
7785 2 2 1 47 4652 4703 4749
7786 2 2 1 47 4703 4746 4749
7787 2 2 1 47 4703 4627 4746
7788 2 2 1 47 4749 4746 4651
7789 2 2 1 47 4608 4698 4745
7790 2 2 1 47 4698 4749 4745
7791 2 2 1 47 4698 4652 4749
7792 2 2 1 47 4745 4749 4651
7793 2 2 1 47 4645 4738 4751
7794 2 2 1 47 4738 4750 4751
7795 2 2 1 47 4738 4611 4750
7796 2 2 1 47 4751 4750 4612
7797 2 2 1 47 4645 4752 4742
7798 2 2 1 47 4752 4753 4742
7799 2 2 1 47 4752 4631 4753
7800 2 2 1 47 4742 4753 4630
7801 2 2 1 47 4646 4754 4755
7802 2 2 1 47 4754 4752 4755
7803 2 2 1 47 4754 4631 4752
7804 2 2 1 47 4755 4752 4645
7805 2 2 1 47 4612 4756 4751
7806 2 2 1 47 4756 4755 4751
7807 2 2 1 47 4756 4646 4755
7808 2 2 1 47 4751 4755 4645
7809 2 2 1 47 4646 4756 4758
7810 2 2 1 47 4756 4757 4758
7811 2 2 1 47 4756 4612 4757
7812 2 2 1 47 4758 4757 4613
7813 2 2 1 47 4646 4759 4754
7814 2 2 1 47 4759 4760 4754
7815 2 2 1 47 4759 4632 4760
7816 2 2 1 47 4754 4760 4631
7817 2 2 1 47 4647 4695 4761
7818 2 2 1 47 4695 4759 4761
7819 2 2 1 47 4695 4632 4759
7820 2 2 1 47 4761 4759 4646
7821 2 2 1 47 4613 4693 4758
7822 2 2 1 47 4693 4761 4758
7823 2 2 1 47 4693 4647 4761
7824 2 2 1 47 4758 4761 4646
7825 2 2 1 47 4654 4762 4686
7826 2 2 1 47 4762 4763 4686
7827 2 2 1 47 4762 4621 4763
7828 2 2 1 47 4686 4763 4622
7829 2 2 1 47 4655 4732 4764
7830 2 2 1 47 4732 4762 4764
7831 2 2 1 47 4732 4621 4762
7832 2 2 1 47 4764 4762 4654
7833 2 2 1 47 4654 4691 4766
7834 2 2 1 47 4691 4765 4766
7835 2 2 1 47 4691 4641 4765
7836 2 2 1 47 4766 4765 4640
7837 2 2 1 47 4640 4733 4766
7838 2 2 1 47 4733 4764 4766
7839 2 2 1 47 4733 4655 4764
7840 2 2 1 47 4766 4764 4654
7841 2 2 1 47 4659 4767 4769
7842 2 2 1 47 4767 4768 4769
7843 2 2 1 47 4767 4624 4768
7844 2 2 1 47 4769 4768 4625
7845 2 2 1 47 4660 4716 4770
7846 2 2 1 47 4716 4767 4770
7847 2 2 1 47 4716 4624 4767
7848 2 2 1 47 4770 4767 4659
7849 2 2 1 47 4659 4771 4773
7850 2 2 1 47 4771 4772 4773
7851 2 2 1 47 4771 4644 4772
7852 2 2 1 47 4773 4772 4643
7853 2 2 1 47 4643 4720 4773
7854 2 2 1 47 4720 4770 4773
7855 2 2 1 47 4720 4660 4770
7856 2 2 1 47 4773 4770 4659
7857 2 2 1 47 4637 4774 4776
7858 2 2 1 47 4774 4775 4776
7859 2 2 1 47 4774 4661 4775
7860 2 2 1 47 4776 4775 4638
7861 2 2 1 47 4661 4774 4777
7862 2 2 1 47 4774 4727 4777
7863 2 2 1 47 4774 4637 4727
7864 2 2 1 47 4777 4727 4658
7865 2 2 1 47 4638 4778 4780
7866 2 2 1 47 4778 4779 4780
7867 2 2 1 47 4778 4662 4779
7868 2 2 1 47 4780 4779 4639
7869 2 2 1 47 4647 4692 4781
7870 2 2 1 47 4692 4712 4781
7871 2 2 1 47 4692 4614 4712
7872 2 2 1 47 4781 4712 4649
7873 2 2 1 47 4633 4696 4715
7874 2 2 1 47 4696 4781 4715
7875 2 2 1 47 4696 4647 4781
7876 2 2 1 47 4715 4781 4649
7877 2 2 1 47 4662 4782 4779
7878 2 2 1 47 4782 4735 4779
7879 2 2 1 47 4782 4655 4735
7880 2 2 1 47 4779 4735 4639
7881 2 2 1 47 4661 4783 4785
7882 2 2 1 47 4783 4784 4785
7883 2 2 1 47 4783 4618 4784
7884 2 2 1 47 4785 4784 4619
7885 2 2 1 47 4618 4783 4723
7886 2 2 1 47 4783 4777 4723
7887 2 2 1 47 4783 4661 4777
7888 2 2 1 47 4723 4777 4658
7889 2 2 1 47 4662 4786 4788
7890 2 2 1 47 4786 4787 4788
7891 2 2 1 47 4786 4619 4787
7892 2 2 1 47 4788 4787 4620
7893 2 2 1 47 4655 4782 4730
7894 2 2 1 47 4782 4788 4730
7895 2 2 1 47 4782 4662 4788
7896 2 2 1 47 4730 4788 4620
7897 2 2 1 47 4619 4786 4785
7898 2 2 1 47 4786 4789 4785
7899 2 2 1 47 4786 4662 4789
7900 2 2 1 47 4785 4789 4661
7901 2 2 1 47 4662 4778 4789
7902 2 2 1 47 4778 4775 4789
7903 2 2 1 47 4778 4638 4775
7904 2 2 1 47 4789 4775 4661
7905 2 2 1 47 4578 4790 4599
7906 2 2 1 47 4790 4791 4599
7907 2 2 1 47 4790 4664 4791
7908 2 2 1 47 4599 4791 4442
7909 2 2 1 47 4664 4792 4791
7910 2 2 1 47 4792 4793 4791
7911 2 2 1 47 4792 4625 4793
7912 2 2 1 47 4791 4793 4442
7913 2 2 1 47 4625 4792 4769
7914 2 2 1 47 4792 4794 4769
7915 2 2 1 47 4792 4664 4794
7916 2 2 1 47 4769 4794 4659
7917 2 2 1 47 4664 4790 4795
7918 2 2 1 47 4790 4597 4795
7919 2 2 1 47 4790 4578 4597
7920 2 2 1 47 4795 4597 4576
7921 2 2 1 47 4644 4796 4797
7922 2 2 1 47 4796 4795 4797
7923 2 2 1 47 4796 4664 4795
7924 2 2 1 47 4797 4795 4576
7925 2 2 1 47 4664 4796 4794
7926 2 2 1 47 4796 4771 4794
7927 2 2 1 47 4796 4644 4771
7928 2 2 1 47 4794 4771 4659
7929 2 2 1 47 4663 4798 4800
7930 2 2 1 47 4798 4799 4800
7931 2 2 1 47 4798 4606 4799
7932 2 2 1 47 4800 4799 4604
7933 2 2 1 47 4607 4801 4802
7934 2 2 1 47 4801 4800 4802
7935 2 2 1 47 4801 4663 4800
7936 2 2 1 47 4802 4800 4604
7937 2 2 1 47 4663 4801 4803
7938 2 2 1 47 4801 4743 4803
7939 2 2 1 47 4801 4607 4743
7940 2 2 1 47 4803 4743 4651
7941 2 2 1 47 4606 4798 4805
7942 2 2 1 47 4798 4804 4805
7943 2 2 1 47 4798 4663 4804
7944 2 2 1 47 4805 4804 4605
7945 2 2 1 47 4663 4806 4804
7946 2 2 1 47 4806 4807 4804
7947 2 2 1 47 4806 4626 4807
7948 2 2 1 47 4804 4807 4605
7949 2 2 1 47 4626 4806 4748
7950 2 2 1 47 4806 4803 4748
7951 2 2 1 47 4806 4663 4803
7952 2 2 1 47 4748 4803 4651
7953 2 2 1 48 4817 4867 4869
7954 2 2 1 48 4867 4868 4869
7955 2 2 1 48 4867 4852 4868
7956 2 2 1 48 4869 4868 4816
7957 2 2 1 48 4835 4870 4872
7958 2 2 1 48 4870 4871 4872
7959 2 2 1 48 4870 4852 4871
7960 2 2 1 48 4872 4871 4836
7961 2 2 1 48 4835 4873 4870
7962 2 2 1 48 4873 4874 4870
7963 2 2 1 48 4873 4851 4874
7964 2 2 1 48 4870 4874 4852
7965 2 2 1 48 4851 4875 4874
7966 2 2 1 48 4875 4868 4874
7967 2 2 1 48 4875 4816 4868
7968 2 2 1 48 4874 4868 4852
7969 2 2 1 48 4856 4876 4878
7970 2 2 1 48 4876 4877 4878
7971 2 2 1 48 4876 4823 4877
7972 2 2 1 48 4878 4877 4824
7973 2 2 1 48 4853 4879 4880
7974 2 2 1 48 4879 4876 4880
7975 2 2 1 48 4879 4823 4876
7976 2 2 1 48 4880 4876 4856
7977 2 2 1 48 4856 4881 4883
7978 2 2 1 48 4881 4882 4883
7979 2 2 1 48 4881 4843 4882
7980 2 2 1 48 4883 4882 4842
7981 2 2 1 48 4842 4884 4883
7982 2 2 1 48 4884 4880 4883
7983 2 2 1 48 4884 4853 4880
7984 2 2 1 48 4883 4880 4856
7985 2 2 1 48 4818 4885 4887
7986 2 2 1 48 4885 4886 4887
7987 2 2 1 48 4885 4855 4886
7988 2 2 1 48 4887 4886 4817
7989 2 2 1 48 4836 4888 4890
7990 2 2 1 48 4888 4889 4890
7991 2 2 1 48 4888 4855 4889
7992 2 2 1 48 4890 4889 4837
7993 2 2 1 48 4836 4871 4888
7994 2 2 1 48 4871 4891 4888
7995 2 2 1 48 4871 4852 4891
7996 2 2 1 48 4888 4891 4855
7997 2 2 1 48 4852 4867 4891
7998 2 2 1 48 4867 4886 4891
7999 2 2 1 48 4867 4817 4886
8000 2 2 1 48 4891 4886 4855
8001 2 2 1 48 4851 4892 4875
8002 2 2 1 48 4892 4893 4875
8003 2 2 1 48 4892 4815 4893
8004 2 2 1 48 4875 4893 4816
8005 2 2 1 48 4847 4894 4895
8006 2 2 1 48 4894 4892 4895
8007 2 2 1 48 4894 4815 4892
8008 2 2 1 48 4895 4892 4851
8009 2 2 1 48 4851 4873 4897
8010 2 2 1 48 4873 4896 4897
8011 2 2 1 48 4873 4835 4896
8012 2 2 1 48 4897 4896 4834
8013 2 2 1 48 4834 4898 4897
8014 2 2 1 48 4898 4895 4897
8015 2 2 1 48 4898 4847 4895
8016 2 2 1 48 4897 4895 4851
8017 2 2 1 48 4858 4899 4901
8018 2 2 1 48 4899 4900 4901
8019 2 2 1 48 4899 4824 4900
8020 2 2 1 48 4901 4900 4825
8021 2 2 1 48 4856 4878 4902
8022 2 2 1 48 4878 4899 4902
8023 2 2 1 48 4878 4824 4899
8024 2 2 1 48 4902 4899 4858
8025 2 2 1 48 4858 4903 4905
8026 2 2 1 48 4903 4904 4905
8027 2 2 1 48 4903 4844 4904
8028 2 2 1 48 4905 4904 4843
8029 2 2 1 48 4843 4881 4905
8030 2 2 1 48 4881 4902 4905
8031 2 2 1 48 4881 4856 4902
8032 2 2 1 48 4905 4902 4858
8033 2 2 1 48 4857 4906 4908
8034 2 2 1 48 4906 4907 4908
8035 2 2 1 48 4906 4818 4907
8036 2 2 1 48 4908 4907 4819
8037 2 2 1 48 4855 4885 4909
8038 2 2 1 48 4885 4906 4909
8039 2 2 1 48 4885 4818 4906
8040 2 2 1 48 4909 4906 4857
8041 2 2 1 48 4857 4910 4912
8042 2 2 1 48 4910 4911 4912
8043 2 2 1 48 4910 4838 4911
8044 2 2 1 48 4912 4911 4837
8045 2 2 1 48 4837 4889 4912
8046 2 2 1 48 4889 4909 4912
8047 2 2 1 48 4889 4855 4909
8048 2 2 1 48 4912 4909 4857
8049 2 2 1 48 4847 4913 4894
8050 2 2 1 48 4913 4914 4894
8051 2 2 1 48 4913 4814 4914
8052 2 2 1 48 4894 4914 4815
8053 2 2 1 48 4849 4915 4916
8054 2 2 1 48 4915 4913 4916
8055 2 2 1 48 4915 4814 4913
8056 2 2 1 48 4916 4913 4847
8057 2 2 1 48 4847 4898 4918
8058 2 2 1 48 4898 4917 4918
8059 2 2 1 48 4898 4834 4917
8060 2 2 1 48 4918 4917 4833
8061 2 2 1 48 4833 4919 4918
8062 2 2 1 48 4919 4916 4918
8063 2 2 1 48 4919 4849 4916
8064 2 2 1 48 4918 4916 4847
8065 2 2 1 48 4813 4920 4922
8066 2 2 1 48 4920 4921 4922
8067 2 2 1 48 4920 4850 4921
8068 2 2 1 48 4922 4921 4812
8069 2 2 1 48 4831 4923 4925
8070 2 2 1 48 4923 4924 4925
8071 2 2 1 48 4923 4850 4924
8072 2 2 1 48 4925 4924 4832
8073 2 2 1 48 4831 4926 4923
8074 2 2 1 48 4926 4927 4923
8075 2 2 1 48 4926 4848 4927
8076 2 2 1 48 4923 4927 4850
8077 2 2 1 48 4848 4928 4927
8078 2 2 1 48 4928 4921 4927
8079 2 2 1 48 4928 4812 4921
8080 2 2 1 48 4927 4921 4850
8081 2 2 1 48 4859 4929 4931
8082 2 2 1 48 4929 4930 4931
8083 2 2 1 48 4929 4825 4930
8084 2 2 1 48 4931 4930 4826
8085 2 2 1 48 4858 4901 4932
8086 2 2 1 48 4901 4929 4932
8087 2 2 1 48 4901 4825 4929
8088 2 2 1 48 4932 4929 4859
8089 2 2 1 48 4859 4933 4935
8090 2 2 1 48 4933 4934 4935
8091 2 2 1 48 4933 4845 4934
8092 2 2 1 48 4935 4934 4844
8093 2 2 1 48 4844 4903 4935
8094 2 2 1 48 4903 4932 4935
8095 2 2 1 48 4903 4858 4932
8096 2 2 1 48 4935 4932 4859
8097 2 2 1 48 4853 4936 4879
8098 2 2 1 48 4936 4937 4879
8099 2 2 1 48 4936 4822 4937
8100 2 2 1 48 4879 4937 4823
8101 2 2 1 48 4854 4938 4939
8102 2 2 1 48 4938 4936 4939
8103 2 2 1 48 4938 4822 4936
8104 2 2 1 48 4939 4936 4853
8105 2 2 1 48 4853 4884 4941
8106 2 2 1 48 4884 4940 4941
8107 2 2 1 48 4884 4842 4940
8108 2 2 1 48 4941 4940 4841
8109 2 2 1 48 4841 4942 4941
8110 2 2 1 48 4942 4939 4941
8111 2 2 1 48 4942 4854 4939
8112 2 2 1 48 4941 4939 4853
8113 2 2 1 48 4814 4915 4944
8114 2 2 1 48 4915 4943 4944
8115 2 2 1 48 4915 4849 4943
8116 2 2 1 48 4944 4943 4813
8117 2 2 1 48 4832 4945 4946
8118 2 2 1 48 4945 4919 4946
8119 2 2 1 48 4945 4849 4919
8120 2 2 1 48 4946 4919 4833
8121 2 2 1 48 4832 4924 4945
8122 2 2 1 48 4924 4947 4945
8123 2 2 1 48 4924 4850 4947
8124 2 2 1 48 4945 4947 4849
8125 2 2 1 48 4850 4920 4947
8126 2 2 1 48 4920 4943 4947
8127 2 2 1 48 4920 4813 4943
8128 2 2 1 48 4947 4943 4849
8129 2 2 1 48 4809 4948 4950
8130 2 2 1 48 4948 4949 4950
8131 2 2 1 48 4948 4846 4949
8132 2 2 1 48 4950 4949 4808
8133 2 2 1 48 4827 4951 4953
8134 2 2 1 48 4951 4952 4953
8135 2 2 1 48 4951 4846 4952
8136 2 2 1 48 4953 4952 4828
8137 2 2 1 48 4848 4954 4928
8138 2 2 1 48 4954 4955 4928
8139 2 2 1 48 4954 4811 4955
8140 2 2 1 48 4928 4955 4812
8141 2 2 1 48 4848 4926 4957
8142 2 2 1 48 4926 4956 4957
8143 2 2 1 48 4926 4831 4956
8144 2 2 1 48 4957 4956 4830
8145 2 2 1 48 4821 4958 4960
8146 2 2 1 48 4958 4959 4960
8147 2 2 1 48 4958 4860 4959
8148 2 2 1 48 4960 4959 4820
8149 2 2 1 48 4861 4961 4963
8150 2 2 1 48 4961 4962 4963
8151 2 2 1 48 4961 4819 4962
8152 2 2 1 48 4963 4962 4820
8153 2 2 1 48 4819 4961 4908
8154 2 2 1 48 4961 4964 4908
8155 2 2 1 48 4961 4861 4964
8156 2 2 1 48 4908 4964 4857
8157 2 2 1 48 4862 4965 4967
8158 2 2 1 48 4965 4966 4967
8159 2 2 1 48 4965 4809 4966
8160 2 2 1 48 4967 4966 4810
8161 2 2 1 48 4811 4968 4970
8162 2 2 1 48 4968 4969 4970
8163 2 2 1 48 4968 4863 4969
8164 2 2 1 48 4970 4969 4810
8165 2 2 1 48 4863 4971 4972
8166 2 2 1 48 4971 4957 4972
8167 2 2 1 48 4971 4848 4957
8168 2 2 1 48 4972 4957 4830
8169 2 2 1 48 4848 4971 4954
8170 2 2 1 48 4971 4968 4954
8171 2 2 1 48 4971 4863 4968
8172 2 2 1 48 4954 4968 4811
8173 2 2 1 48 4862 4973 4965
8174 2 2 1 48 4973 4948 4965
8175 2 2 1 48 4973 4846 4948
8176 2 2 1 48 4965 4948 4809
8177 2 2 1 48 4846 4973 4952
8178 2 2 1 48 4973 4974 4952
8179 2 2 1 48 4973 4862 4974
8180 2 2 1 48 4952 4974 4828
8181 2 2 1 48 4860 4975 4977
8182 2 2 1 48 4975 4976 4977
8183 2 2 1 48 4975 4840 4976
8184 2 2 1 48 4977 4976 4839
8185 2 2 1 48 4860 4978 4959
8186 2 2 1 48 4978 4963 4959
8187 2 2 1 48 4978 4861 4963
8188 2 2 1 48 4959 4963 4820
8189 2 2 1 48 4838 4979 4981
8190 2 2 1 48 4979 4980 4981
8191 2 2 1 48 4979 4861 4980
8192 2 2 1 48 4981 4980 4839
8193 2 2 1 48 4861 4979 4964
8194 2 2 1 48 4979 4910 4964
8195 2 2 1 48 4979 4838 4910
8196 2 2 1 48 4964 4910 4857
8197 2 2 1 48 4861 4978 4980
8198 2 2 1 48 4978 4977 4980
8199 2 2 1 48 4978 4860 4977
8200 2 2 1 48 4980 4977 4839
8201 2 2 1 48 4863 4972 4983
8202 2 2 1 48 4972 4982 4983
8203 2 2 1 48 4972 4830 4982
8204 2 2 1 48 4983 4982 4829
8205 2 2 1 48 4863 4984 4969
8206 2 2 1 48 4984 4967 4969
8207 2 2 1 48 4984 4862 4967
8208 2 2 1 48 4969 4967 4810
8209 2 2 1 48 4854 4985 4938
8210 2 2 1 48 4985 4986 4938
8211 2 2 1 48 4985 4821 4986
8212 2 2 1 48 4938 4986 4822
8213 2 2 1 48 4860 4958 4987
8214 2 2 1 48 4958 4985 4987
8215 2 2 1 48 4958 4821 4985
8216 2 2 1 48 4987 4985 4854
8217 2 2 1 48 4854 4942 4989
8218 2 2 1 48 4942 4988 4989
8219 2 2 1 48 4942 4841 4988
8220 2 2 1 48 4989 4988 4840
8221 2 2 1 48 4840 4975 4989
8222 2 2 1 48 4975 4987 4989
8223 2 2 1 48 4975 4860 4987
8224 2 2 1 48 4989 4987 4854
8225 2 2 1 48 4828 4974 4991
8226 2 2 1 48 4974 4990 4991
8227 2 2 1 48 4974 4862 4990
8228 2 2 1 48 4991 4990 4829
8229 2 2 1 48 4862 4984 4990
8230 2 2 1 48 4984 4983 4990
8231 2 2 1 48 4984 4863 4983
8232 2 2 1 48 4990 4983 4829
8233 2 2 1 48 4864 4992 4994
8234 2 2 1 48 4992 4993 4994
8235 2 2 1 48 4992 4826 4993
8236 2 2 1 48 4994 4993 4604
8237 2 2 1 48 4826 4992 4931
8238 2 2 1 48 4992 4995 4931
8239 2 2 1 48 4992 4864 4995
8240 2 2 1 48 4931 4995 4859
8241 2 2 1 48 4606 4996 4799
8242 2 2 1 48 4996 4994 4799
8243 2 2 1 48 4996 4864 4994
8244 2 2 1 48 4799 4994 4604
8245 2 2 1 48 4864 4996 4997
8246 2 2 1 48 4996 4805 4997
8247 2 2 1 48 4996 4606 4805
8248 2 2 1 48 4997 4805 4605
8249 2 2 1 48 4845 4998 4999
8250 2 2 1 48 4998 4997 4999
8251 2 2 1 48 4998 4864 4997
8252 2 2 1 48 4999 4997 4605
8253 2 2 1 48 4864 4998 4995
8254 2 2 1 48 4998 4933 4995
8255 2 2 1 48 4998 4845 4933
8256 2 2 1 48 4995 4933 4859
8257 2 2 1 48 4551 5000 4560
8258 2 2 1 48 5000 5001 4560
8259 2 2 1 48 5000 4865 5001
8260 2 2 1 48 4560 5001 4549
8261 2 2 1 48 4865 5002 5001
8262 2 2 1 48 5002 5003 5001
8263 2 2 1 48 5002 4827 5003
8264 2 2 1 48 5001 5003 4549
8265 2 2 1 48 4866 5004 5005
8266 2 2 1 48 5004 4558 5005
8267 2 2 1 48 5004 4551 4558
8268 2 2 1 48 5005 4558 4341
8269 2 2 1 48 4808 5006 5007
8270 2 2 1 48 5006 5005 5007
8271 2 2 1 48 5006 4866 5005
8272 2 2 1 48 5007 5005 4341
8273 2 2 1 48 4865 5000 5008
8274 2 2 1 48 5000 5004 5008
8275 2 2 1 48 5000 4551 5004
8276 2 2 1 48 5008 5004 4866
8277 2 2 1 48 4866 5009 5010
8278 2 2 1 48 5009 4951 5010
8279 2 2 1 48 5009 4846 4951
8280 2 2 1 48 5010 4951 4827
8281 2 2 1 48 4846 5009 4949
8282 2 2 1 48 5009 5006 4949
8283 2 2 1 48 5009 4866 5006
8284 2 2 1 48 4949 5006 4808
8285 2 2 1 48 4827 5002 5010
8286 2 2 1 48 5002 5008 5010
8287 2 2 1 48 5002 4865 5008
8288 2 2 1 48 5010 5008 4866
8289 2 2 1 49 5019 5038 5040
8290 2 2 1 49 5038 5039 5040
8291 2 2 1 49 5038 5033 5039
8292 2 2 1 49 5040 5039 4549
8293 2 2 1 49 5033 5041 5039
8294 2 2 1 49 5041 4563 5039
8295 2 2 1 49 5041 4552 4563
8296 2 2 1 49 5039 4563 4549
8297 2 2 1 49 5033 5038 5043
8298 2 2 1 49 5038 5042 5043
8299 2 2 1 49 5038 5019 5042
8300 2 2 1 49 5043 5042 5029
8301 2 2 1 49 5034 5044 5046
8302 2 2 1 49 5044 5045 5046
8303 2 2 1 49 5044 5026 5045
8304 2 2 1 49 5046 5045 52
8305 2 2 1 49 53 5047 55
8306 2 2 1 49 5047 5046 55
8307 2 2 1 49 5047 5034 5046
8308 2 2 1 49 55 5046 52
8309 2 2 1 49 5035 5048 5050
8310 2 2 1 49 5048 5049 5050
8311 2 2 1 49 5048 5011 5049
8312 2 2 1 49 5050 5049 4548
8313 2 2 1 49 4552 5051 4565
8314 2 2 1 49 5051 5050 4565
8315 2 2 1 49 5051 5035 5050
8316 2 2 1 49 4565 5050 4548
8317 2 2 1 49 5011 5048 5053
8318 2 2 1 49 5048 5052 5053
8319 2 2 1 49 5048 5035 5052
8320 2 2 1 49 5053 5052 5029
8321 2 2 1 49 5013 5054 5056
8322 2 2 1 49 5054 5055 5056
8323 2 2 1 49 5054 5030 5055
8324 2 2 1 49 5056 5055 5014
8325 2 2 1 49 5013 5057 5054
8326 2 2 1 49 5057 5058 5054
8327 2 2 1 49 5057 5027 5058
8328 2 2 1 49 5054 5058 5030
8329 2 2 1 49 5022 5059 5061
8330 2 2 1 49 5059 5060 5061
8331 2 2 1 49 5059 5030 5060
8332 2 2 1 49 5061 5060 5021
8333 2 2 1 49 5027 5062 5058
8334 2 2 1 49 5062 5060 5058
8335 2 2 1 49 5062 5021 5060
8336 2 2 1 49 5058 5060 5030
8337 2 2 1 49 5028 5063 5065
8338 2 2 1 49 5063 5064 5065
8339 2 2 1 49 5063 5013 5064
8340 2 2 1 49 5065 5064 5012
8341 2 2 1 49 5027 5057 5066
8342 2 2 1 49 5057 5063 5066
8343 2 2 1 49 5057 5013 5063
8344 2 2 1 49 5066 5063 5028
8345 2 2 1 49 5028 5067 5069
8346 2 2 1 49 5067 5068 5069
8347 2 2 1 49 5067 5020 5068
8348 2 2 1 49 5069 5068 5021
8349 2 2 1 49 5021 5062 5069
8350 2 2 1 49 5062 5066 5069
8351 2 2 1 49 5062 5027 5066
8352 2 2 1 49 5069 5066 5028
8353 2 2 1 49 5032 5070 5072
8354 2 2 1 49 5070 5071 5072
8355 2 2 1 49 5070 5016 5071
8356 2 2 1 49 5072 5071 5015
8357 2 2 1 49 5032 5073 5075
8358 2 2 1 49 5073 5074 5075
8359 2 2 1 49 5073 5023 5074
8360 2 2 1 49 5075 5074 5024
8361 2 2 1 49 5031 5076 5077
8362 2 2 1 49 5076 5073 5077
8363 2 2 1 49 5076 5023 5073
8364 2 2 1 49 5077 5073 5032
8365 2 2 1 49 5015 5078 5072
8366 2 2 1 49 5078 5077 5072
8367 2 2 1 49 5078 5031 5077
8368 2 2 1 49 5072 5077 5032
8369 2 2 1 49 5014 5079 5080
8370 2 2 1 49 5079 5078 5080
8371 2 2 1 49 5079 5031 5078
8372 2 2 1 49 5080 5078 5015
8373 2 2 1 49 5014 5055 5079
8374 2 2 1 49 5055 5081 5079
8375 2 2 1 49 5055 5030 5081
8376 2 2 1 49 5079 5081 5031
8377 2 2 1 49 5023 5076 5083
8378 2 2 1 49 5076 5082 5083
8379 2 2 1 49 5076 5031 5082
8380 2 2 1 49 5083 5082 5022
8381 2 2 1 49 5030 5059 5081
8382 2 2 1 49 5059 5082 5081
8383 2 2 1 49 5059 5022 5082
8384 2 2 1 49 5081 5082 5031
8385 2 2 1 49 5011 5053 5085
8386 2 2 1 49 5053 5084 5085
8387 2 2 1 49 5053 5029 5084
8388 2 2 1 49 5085 5084 5012
8389 2 2 1 49 5020 5086 5087
8390 2 2 1 49 5086 5042 5087
8391 2 2 1 49 5086 5029 5042
8392 2 2 1 49 5087 5042 5019
8393 2 2 1 49 5020 5067 5086
8394 2 2 1 49 5067 5088 5086
8395 2 2 1 49 5067 5028 5088
8396 2 2 1 49 5086 5088 5029
8397 2 2 1 49 5028 5065 5088
8398 2 2 1 49 5065 5084 5088
8399 2 2 1 49 5065 5012 5084
8400 2 2 1 49 5088 5084 5029
8401 2 2 1 49 5033 5089 5041
8402 2 2 1 49 5089 5051 5041
8403 2 2 1 49 5089 5035 5051
8404 2 2 1 49 5041 5051 4552
8405 2 2 1 49 5033 5043 5089
8406 2 2 1 49 5043 5052 5089
8407 2 2 1 49 5043 5029 5052
8408 2 2 1 49 5089 5052 5035
8409 2 2 1 49 5036 5090 5092
8410 2 2 1 49 5090 5091 5092
8411 2 2 1 49 5090 5018 5091
8412 2 2 1 49 5092 5091 5017
8413 2 2 1 49 5037 5093 5095
8414 2 2 1 49 5093 5094 5095
8415 2 2 1 49 5093 5024 5094
8416 2 2 1 49 5095 5094 5025
8417 2 2 1 49 5024 5093 5075
8418 2 2 1 49 5093 5096 5075
8419 2 2 1 49 5093 5037 5096
8420 2 2 1 49 5075 5096 5032
8421 2 2 1 49 5016 5097 5099
8422 2 2 1 49 5097 5098 5099
8423 2 2 1 49 5097 5037 5098
8424 2 2 1 49 5099 5098 5017
8425 2 2 1 49 5037 5097 5096
8426 2 2 1 49 5097 5070 5096
8427 2 2 1 49 5097 5016 5070
8428 2 2 1 49 5096 5070 5032
8429 2 2 1 49 5026 5100 5102
8430 2 2 1 49 5100 5101 5102
8431 2 2 1 49 5100 5036 5101
8432 2 2 1 49 5102 5101 5025
8433 2 2 1 49 5034 5103 5044
8434 2 2 1 49 5103 5100 5044
8435 2 2 1 49 5103 5036 5100
8436 2 2 1 49 5044 5100 5026
8437 2 2 1 49 5036 5104 5101
8438 2 2 1 49 5104 5095 5101
8439 2 2 1 49 5104 5037 5095
8440 2 2 1 49 5101 5095 5025
8441 2 2 1 49 5037 5104 5098
8442 2 2 1 49 5104 5092 5098
8443 2 2 1 49 5104 5036 5092
8444 2 2 1 49 5098 5092 5017
8445 2 2 1 49 5034 5105 5103
8446 2 2 1 49 5105 5090 5103
8447 2 2 1 49 5105 5018 5090
8448 2 2 1 49 5103 5090 5036
8449 2 2 1 49 5034 5106 5105
8450 2 2 1 49 5106 5107 5105
8451 2 2 1 49 5106 51 5107
8452 2 2 1 49 5105 5107 5018
8453 2 2 1 49 53 54 5047
8454 2 2 1 49 54 5106 5047
8455 2 2 1 49 54 51 5106
8456 2 2 1 49 5047 5106 5034
8457 2 2 1 50 5116 5135 5137
8458 2 2 1 50 5135 5136 5137
8459 2 2 1 50 5135 5130 5136
8460 2 2 1 50 5137 5136 4577
8461 2 2 1 50 5130 5138 5136
8462 2 2 1 50 5138 4591 5136
8463 2 2 1 50 5138 4580 4591
8464 2 2 1 50 5136 4591 4577
8465 2 2 1 50 5130 5135 5140
8466 2 2 1 50 5135 5139 5140
8467 2 2 1 50 5135 5116 5139
8468 2 2 1 50 5140 5139 5126
8469 2 2 1 50 5131 5141 5143
8470 2 2 1 50 5141 5142 5143
8471 2 2 1 50 5141 5123 5142
8472 2 2 1 50 5143 5142 57
8473 2 2 1 50 58 5144 60
8474 2 2 1 50 5144 5143 60
8475 2 2 1 50 5144 5131 5143
8476 2 2 1 50 60 5143 57
8477 2 2 1 50 5132 5145 5147
8478 2 2 1 50 5145 5146 5147
8479 2 2 1 50 5145 5108 5146
8480 2 2 1 50 5147 5146 4576
8481 2 2 1 50 4580 5148 4593
8482 2 2 1 50 5148 5147 4593
8483 2 2 1 50 5148 5132 5147
8484 2 2 1 50 4593 5147 4576
8485 2 2 1 50 5108 5145 5150
8486 2 2 1 50 5145 5149 5150
8487 2 2 1 50 5145 5132 5149
8488 2 2 1 50 5150 5149 5126
8489 2 2 1 50 5110 5151 5153
8490 2 2 1 50 5151 5152 5153
8491 2 2 1 50 5151 5127 5152
8492 2 2 1 50 5153 5152 5111
8493 2 2 1 50 5110 5154 5151
8494 2 2 1 50 5154 5155 5151
8495 2 2 1 50 5154 5124 5155
8496 2 2 1 50 5151 5155 5127
8497 2 2 1 50 5119 5156 5158
8498 2 2 1 50 5156 5157 5158
8499 2 2 1 50 5156 5127 5157
8500 2 2 1 50 5158 5157 5118
8501 2 2 1 50 5124 5159 5155
8502 2 2 1 50 5159 5157 5155
8503 2 2 1 50 5159 5118 5157
8504 2 2 1 50 5155 5157 5127
8505 2 2 1 50 5125 5160 5162
8506 2 2 1 50 5160 5161 5162
8507 2 2 1 50 5160 5110 5161
8508 2 2 1 50 5162 5161 5109
8509 2 2 1 50 5124 5154 5163
8510 2 2 1 50 5154 5160 5163
8511 2 2 1 50 5154 5110 5160
8512 2 2 1 50 5163 5160 5125
8513 2 2 1 50 5125 5164 5166
8514 2 2 1 50 5164 5165 5166
8515 2 2 1 50 5164 5117 5165
8516 2 2 1 50 5166 5165 5118
8517 2 2 1 50 5118 5159 5166
8518 2 2 1 50 5159 5163 5166
8519 2 2 1 50 5159 5124 5163
8520 2 2 1 50 5166 5163 5125
8521 2 2 1 50 5112 5167 5169
8522 2 2 1 50 5167 5168 5169
8523 2 2 1 50 5167 5129 5168
8524 2 2 1 50 5169 5168 5113
8525 2 2 1 50 5112 5170 5167
8526 2 2 1 50 5170 5171 5167
8527 2 2 1 50 5170 5128 5171
8528 2 2 1 50 5167 5171 5129
8529 2 2 1 50 5121 5172 5174
8530 2 2 1 50 5172 5173 5174
8531 2 2 1 50 5172 5129 5173
8532 2 2 1 50 5174 5173 5120
8533 2 2 1 50 5128 5175 5171
8534 2 2 1 50 5175 5173 5171
8535 2 2 1 50 5175 5120 5173
8536 2 2 1 50 5171 5173 5129
8537 2 2 1 50 5111 5176 5177
8538 2 2 1 50 5176 5170 5177
8539 2 2 1 50 5176 5128 5170
8540 2 2 1 50 5177 5170 5112
8541 2 2 1 50 5111 5152 5176
8542 2 2 1 50 5152 5178 5176
8543 2 2 1 50 5152 5127 5178
8544 2 2 1 50 5176 5178 5128
8545 2 2 1 50 5120 5175 5180
8546 2 2 1 50 5175 5179 5180
8547 2 2 1 50 5175 5128 5179
8548 2 2 1 50 5180 5179 5119
8549 2 2 1 50 5127 5156 5178
8550 2 2 1 50 5156 5179 5178
8551 2 2 1 50 5156 5119 5179
8552 2 2 1 50 5178 5179 5128
8553 2 2 1 50 5108 5150 5182
8554 2 2 1 50 5150 5181 5182
8555 2 2 1 50 5150 5126 5181
8556 2 2 1 50 5182 5181 5109
8557 2 2 1 50 5117 5183 5184
8558 2 2 1 50 5183 5139 5184
8559 2 2 1 50 5183 5126 5139
8560 2 2 1 50 5184 5139 5116
8561 2 2 1 50 5117 5164 5183
8562 2 2 1 50 5164 5185 5183
8563 2 2 1 50 5164 5125 5185
8564 2 2 1 50 5183 5185 5126
8565 2 2 1 50 5125 5162 5185
8566 2 2 1 50 5162 5181 5185
8567 2 2 1 50 5162 5109 5181
8568 2 2 1 50 5185 5181 5126
8569 2 2 1 50 5130 5186 5138
8570 2 2 1 50 5186 5148 5138
8571 2 2 1 50 5186 5132 5148
8572 2 2 1 50 5138 5148 4580
8573 2 2 1 50 5130 5140 5186
8574 2 2 1 50 5140 5149 5186
8575 2 2 1 50 5140 5126 5149
8576 2 2 1 50 5186 5149 5132
8577 2 2 1 50 5133 5187 5189
8578 2 2 1 50 5187 5188 5189
8579 2 2 1 50 5187 5115 5188
8580 2 2 1 50 5189 5188 5114
8581 2 2 1 50 5134 5190 5192
8582 2 2 1 50 5190 5191 5192
8583 2 2 1 50 5190 5121 5191
8584 2 2 1 50 5192 5191 5122
8585 2 2 1 50 5121 5190 5172
8586 2 2 1 50 5190 5193 5172
8587 2 2 1 50 5190 5134 5193
8588 2 2 1 50 5172 5193 5129
8589 2 2 1 50 5113 5194 5196
8590 2 2 1 50 5194 5195 5196
8591 2 2 1 50 5194 5134 5195
8592 2 2 1 50 5196 5195 5114
8593 2 2 1 50 5134 5194 5193
8594 2 2 1 50 5194 5168 5193
8595 2 2 1 50 5194 5113 5168
8596 2 2 1 50 5193 5168 5129
8597 2 2 1 50 5123 5197 5199
8598 2 2 1 50 5197 5198 5199
8599 2 2 1 50 5197 5133 5198
8600 2 2 1 50 5199 5198 5122
8601 2 2 1 50 5131 5200 5141
8602 2 2 1 50 5200 5197 5141
8603 2 2 1 50 5200 5133 5197
8604 2 2 1 50 5141 5197 5123
8605 2 2 1 50 5133 5201 5198
8606 2 2 1 50 5201 5192 5198
8607 2 2 1 50 5201 5134 5192
8608 2 2 1 50 5198 5192 5122
8609 2 2 1 50 5134 5201 5195
8610 2 2 1 50 5201 5189 5195
8611 2 2 1 50 5201 5133 5189
8612 2 2 1 50 5195 5189 5114
8613 2 2 1 50 5131 5202 5200
8614 2 2 1 50 5202 5187 5200
8615 2 2 1 50 5202 5115 5187
8616 2 2 1 50 5200 5187 5133
8617 2 2 1 50 5131 5203 5202
8618 2 2 1 50 5203 5204 5202
8619 2 2 1 50 5203 56 5204
8620 2 2 1 50 5202 5204 5115
8621 2 2 1 50 58 59 5144
8622 2 2 1 50 59 5203 5144
8623 2 2 1 50 59 56 5203
8624 2 2 1 50 5144 5203 5131
8625 2 2 1 51 5226 5236 5238
8626 2 2 1 51 5236 5237 5238
8627 2 2 1 51 5236 5210 5237
8628 2 2 1 51 5238 5237 5209
8629 2 2 1 51 5226 5239 5241
8630 2 2 1 51 5239 5240 5241
8631 2 2 1 51 5239 5217 5240
8632 2 2 1 51 5241 5240 5218
8633 2 2 1 51 5224 5242 5243
8634 2 2 1 51 5242 5239 5243
8635 2 2 1 51 5242 5217 5239
8636 2 2 1 51 5243 5239 5226
8637 2 2 1 51 5209 5244 5238
8638 2 2 1 51 5244 5243 5238
8639 2 2 1 51 5244 5224 5243
8640 2 2 1 51 5238 5243 5226
8641 2 2 1 51 5210 5245 5247
8642 2 2 1 51 5245 5246 5247
8643 2 2 1 51 5245 5228 5246
8644 2 2 1 51 5247 5246 5211
8645 2 2 1 51 5210 5236 5245
8646 2 2 1 51 5236 5248 5245
8647 2 2 1 51 5236 5226 5248
8648 2 2 1 51 5245 5248 5228
8649 2 2 1 51 5219 5249 5251
8650 2 2 1 51 5249 5250 5251
8651 2 2 1 51 5249 5228 5250
8652 2 2 1 51 5251 5250 5218
8653 2 2 1 51 5226 5241 5248
8654 2 2 1 51 5241 5250 5248
8655 2 2 1 51 5241 5218 5250
8656 2 2 1 51 5248 5250 5228
8657 2 2 1 51 5225 5252 5254
8658 2 2 1 51 5252 5253 5254
8659 2 2 1 51 5252 5208 5253
8660 2 2 1 51 5254 5253 5207
8661 2 2 1 51 5225 5255 5257
8662 2 2 1 51 5255 5256 5257
8663 2 2 1 51 5255 5215 5256
8664 2 2 1 51 5257 5256 5216
8665 2 2 1 51 5227 5258 5260
8666 2 2 1 51 5258 5259 5260
8667 2 2 1 51 5258 5214 5259
8668 2 2 1 51 5260 5259 5213
8669 2 2 1 51 5227 5261 5263
8670 2 2 1 51 5261 5262 5263
8671 2 2 1 51 5261 5221 5262
8672 2 2 1 51 5263 5262 5222
8673 2 2 1 51 5208 5264 5265
8674 2 2 1 51 5264 5244 5265
8675 2 2 1 51 5264 5224 5244
8676 2 2 1 51 5265 5244 5209
8677 2 2 1 51 5208 5252 5264
8678 2 2 1 51 5252 5266 5264
8679 2 2 1 51 5252 5225 5266
8680 2 2 1 51 5264 5266 5224
8681 2 2 1 51 5217 5242 5268
8682 2 2 1 51 5242 5267 5268
8683 2 2 1 51 5242 5224 5267
8684 2 2 1 51 5268 5267 5216
8685 2 2 1 51 5225 5257 5266
8686 2 2 1 51 5257 5267 5266
8687 2 2 1 51 5257 5216 5267
8688 2 2 1 51 5266 5267 5224
8689 2 2 1 51 5221 5269 5271
8690 2 2 1 51 5269 5270 5271
8691 2 2 1 51 5269 5229 5270
8692 2 2 1 51 5271 5270 5220
8693 2 2 1 51 5229 5269 5272
8694 2 2 1 51 5269 5261 5272
8695 2 2 1 51 5269 5221 5261
8696 2 2 1 51 5272 5261 5227
8697 2 2 1 51 5230 5273 5275
8698 2 2 1 51 5273 5274 5275
8699 2 2 1 51 5273 5213 5274
8700 2 2 1 51 5275 5274 5212
8701 2 2 1 51 5213 5273 5260
8702 2 2 1 51 5273 5276 5260
8703 2 2 1 51 5273 5230 5276
8704 2 2 1 51 5260 5276 5227
8705 2 2 1 51 5231 5277 5279
8706 2 2 1 51 5277 5278 5279
8707 2 2 1 51 5277 5219 5278
8708 2 2 1 51 5279 5278 5220
8709 2 2 1 51 5219 5277 5249
8710 2 2 1 51 5277 5280 5249
8711 2 2 1 51 5277 5231 5280
8712 2 2 1 51 5249 5280 5228
8713 2 2 1 51 5211 5281 5283
8714 2 2 1 51 5281 5282 5283
8715 2 2 1 51 5281 5232 5282
8716 2 2 1 51 5283 5282 5212
8717 2 2 1 51 5232 5281 5284
8718 2 2 1 51 5281 5246 5284
8719 2 2 1 51 5281 5211 5246
8720 2 2 1 51 5284 5246 5228
8721 2 2 1 51 5232 5285 5282
8722 2 2 1 51 5285 5275 5282
8723 2 2 1 51 5285 5230 5275
8724 2 2 1 51 5282 5275 5212
8725 2 2 1 51 5229 5286 5270
8726 2 2 1 51 5286 5279 5270
8727 2 2 1 51 5286 5231 5279
8728 2 2 1 51 5270 5279 5220
8729 2 2 1 51 5230 5287 5276
8730 2 2 1 51 5287 5272 5276
8731 2 2 1 51 5287 5229 5272
8732 2 2 1 51 5276 5272 5227
8733 2 2 1 51 5231 5288 5280
8734 2 2 1 51 5288 5284 5280
8735 2 2 1 51 5288 5232 5284
8736 2 2 1 51 5280 5284 5228
8737 2 2 1 51 5231 5286 5289
8738 2 2 1 51 5286 5287 5289
8739 2 2 1 51 5286 5229 5287
8740 2 2 1 51 5289 5287 5230
8741 2 2 1 51 5231 5289 5288
8742 2 2 1 51 5289 5285 5288
8743 2 2 1 51 5289 5230 5285
8744 2 2 1 51 5288 5285 5232
8745 2 2 1 51 5233 5290 5292
8746 2 2 1 51 5290 5291 5292
8747 2 2 1 51 5290 5222 5291
8748 2 2 1 51 5292 5291 5206
8749 2 2 1 51 5223 5293 5294
8750 2 2 1 51 5293 5292 5294
8751 2 2 1 51 5293 5233 5292
8752 2 2 1 51 5294 5292 5206
8753 2 2 1 51 5214 5295 5297
8754 2 2 1 51 5295 5296 5297
8755 2 2 1 51 5295 5234 5296
8756 2 2 1 51 5297 5296 5205
8757 2 2 1 51 5234 5298 5296
8758 2 2 1 51 5298 5299 5296
8759 2 2 1 51 5298 5223 5299
8760 2 2 1 51 5296 5299 5205
8761 2 2 1 51 5235 5300 5301
8762 2 2 1 51 5300 5255 5301
8763 2 2 1 51 5300 5215 5255
8764 2 2 1 51 5301 5255 5225
8765 2 2 1 51 5207 5302 5254
8766 2 2 1 51 5302 5301 5254
8767 2 2 1 51 5302 5235 5301
8768 2 2 1 51 5254 5301 5225
8769 2 2 1 51 53 5303 54
8770 2 2 1 51 5303 5304 54
8771 2 2 1 51 5303 5235 5304
8772 2 2 1 51 54 5304 51
8773 2 2 1 51 5235 5302 5304
8774 2 2 1 51 5302 5305 5304
8775 2 2 1 51 5302 5207 5305
8776 2 2 1 51 5304 5305 51
8777 2 2 1 51 5235 5303 5306
8778 2 2 1 51 5303 55 5306
8779 2 2 1 51 5303 53 55
8780 2 2 1 51 5306 55 52
8781 2 2 1 51 5215 5300 5307
8782 2 2 1 51 5300 5306 5307
8783 2 2 1 51 5300 5235 5306
8784 2 2 1 51 5307 5306 52
8785 2 2 1 51 5223 5298 5293
8786 2 2 1 51 5298 5308 5293
8787 2 2 1 51 5298 5234 5308
8788 2 2 1 51 5293 5308 5233
8789 2 2 1 51 5233 5309 5290
8790 2 2 1 51 5309 5263 5290
8791 2 2 1 51 5309 5227 5263
8792 2 2 1 51 5290 5263 5222
8793 2 2 1 51 5227 5309 5258
8794 2 2 1 51 5309 5310 5258
8795 2 2 1 51 5309 5233 5310
8796 2 2 1 51 5258 5310 5214
8797 2 2 1 51 5234 5295 5308
8798 2 2 1 51 5295 5310 5308
8799 2 2 1 51 5295 5214 5310
8800 2 2 1 51 5308 5310 5233
8801 2 2 1 52 5332 5339 5341
8802 2 2 1 52 5339 5340 5341
8803 2 2 1 52 5339 5316 5340
8804 2 2 1 52 5341 5340 5315
8805 2 2 1 52 5332 5342 5344
8806 2 2 1 52 5342 5343 5344
8807 2 2 1 52 5342 5323 5343
8808 2 2 1 52 5344 5343 5324
8809 2 2 1 52 5330 5345 5346
8810 2 2 1 52 5345 5342 5346
8811 2 2 1 52 5345 5323 5342
8812 2 2 1 52 5346 5342 5332
8813 2 2 1 52 5315 5347 5341
8814 2 2 1 52 5347 5346 5341
8815 2 2 1 52 5347 5330 5346
8816 2 2 1 52 5341 5346 5332
8817 2 2 1 52 5316 5348 5350
8818 2 2 1 52 5348 5349 5350
8819 2 2 1 52 5348 5334 5349
8820 2 2 1 52 5350 5349 5317
8821 2 2 1 52 5316 5339 5348
8822 2 2 1 52 5339 5351 5348
8823 2 2 1 52 5339 5332 5351
8824 2 2 1 52 5348 5351 5334
8825 2 2 1 52 5325 5352 5354
8826 2 2 1 52 5352 5353 5354
8827 2 2 1 52 5352 5334 5353
8828 2 2 1 52 5354 5353 5324
8829 2 2 1 52 5332 5344 5351
8830 2 2 1 52 5344 5353 5351
8831 2 2 1 52 5344 5324 5353
8832 2 2 1 52 5351 5353 5334
8833 2 2 1 52 5331 5355 5357
8834 2 2 1 52 5355 5356 5357
8835 2 2 1 52 5355 5314 5356
8836 2 2 1 52 5357 5356 5313
8837 2 2 1 52 5331 5358 5360
8838 2 2 1 52 5358 5359 5360
8839 2 2 1 52 5358 5321 5359
8840 2 2 1 52 5360 5359 5322
8841 2 2 1 52 5333 5361 5363
8842 2 2 1 52 5361 5362 5363
8843 2 2 1 52 5361 5320 5362
8844 2 2 1 52 5363 5362 5319
8845 2 2 1 52 5333 5364 5366
8846 2 2 1 52 5364 5365 5366
8847 2 2 1 52 5364 5327 5365
8848 2 2 1 52 5366 5365 5328
8849 2 2 1 52 5314 5367 5368
8850 2 2 1 52 5367 5347 5368
8851 2 2 1 52 5367 5330 5347
8852 2 2 1 52 5368 5347 5315
8853 2 2 1 52 5314 5355 5367
8854 2 2 1 52 5355 5369 5367
8855 2 2 1 52 5355 5331 5369
8856 2 2 1 52 5367 5369 5330
8857 2 2 1 52 5323 5345 5371
8858 2 2 1 52 5345 5370 5371
8859 2 2 1 52 5345 5330 5370
8860 2 2 1 52 5371 5370 5322
8861 2 2 1 52 5331 5360 5369
8862 2 2 1 52 5360 5370 5369
8863 2 2 1 52 5360 5322 5370
8864 2 2 1 52 5369 5370 5330
8865 2 2 1 52 5336 5372 5374
8866 2 2 1 52 5372 5373 5374
8867 2 2 1 52 5372 5319 5373
8868 2 2 1 52 5374 5373 5318
8869 2 2 1 52 5319 5372 5363
8870 2 2 1 52 5372 5375 5363
8871 2 2 1 52 5372 5336 5375
8872 2 2 1 52 5363 5375 5333
8873 2 2 1 52 5317 5376 5378
8874 2 2 1 52 5376 5377 5378
8875 2 2 1 52 5376 5335 5377
8876 2 2 1 52 5378 5377 5318
8877 2 2 1 52 5335 5376 5379
8878 2 2 1 52 5376 5349 5379
8879 2 2 1 52 5376 5317 5349
8880 2 2 1 52 5379 5349 5334
8881 2 2 1 52 5335 5380 5382
8882 2 2 1 52 5380 5381 5382
8883 2 2 1 52 5380 5325 5381
8884 2 2 1 52 5382 5381 5326
8885 2 2 1 52 5325 5380 5352
8886 2 2 1 52 5380 5379 5352
8887 2 2 1 52 5380 5335 5379
8888 2 2 1 52 5352 5379 5334
8889 2 2 1 52 5335 5383 5377
8890 2 2 1 52 5383 5374 5377
8891 2 2 1 52 5383 5336 5374
8892 2 2 1 52 5377 5374 5318
8893 2 2 1 52 5327 5384 5386
8894 2 2 1 52 5384 5385 5386
8895 2 2 1 52 5384 5336 5385
8896 2 2 1 52 5386 5385 5326
8897 2 2 1 52 5336 5384 5375
8898 2 2 1 52 5384 5364 5375
8899 2 2 1 52 5384 5327 5364
8900 2 2 1 52 5375 5364 5333
8901 2 2 1 52 5336 5383 5385
8902 2 2 1 52 5383 5382 5385
8903 2 2 1 52 5383 5335 5382
8904 2 2 1 52 5385 5382 5326
8905 2 2 1 52 5320 5387 5389
8906 2 2 1 52 5387 5388 5389
8907 2 2 1 52 5387 5337 5388
8908 2 2 1 52 5389 5388 5311
8909 2 2 1 52 5337 5390 5388
8910 2 2 1 52 5390 5391 5388
8911 2 2 1 52 5390 5329 5391
8912 2 2 1 52 5388 5391 5311
8913 2 2 1 52 5333 5392 5361
8914 2 2 1 52 5392 5387 5361
8915 2 2 1 52 5392 5337 5387
8916 2 2 1 52 5361 5387 5320
8917 2 2 1 52 5337 5393 5395
8918 2 2 1 52 5393 5394 5395
8919 2 2 1 52 5393 5328 5394
8920 2 2 1 52 5395 5394 5312
8921 2 2 1 52 5328 5393 5366
8922 2 2 1 52 5393 5392 5366
8923 2 2 1 52 5393 5337 5392
8924 2 2 1 52 5366 5392 5333
8925 2 2 1 52 5329 5390 5396
8926 2 2 1 52 5390 5395 5396
8927 2 2 1 52 5390 5337 5395
8928 2 2 1 52 5396 5395 5312
8929 2 2 1 52 5338 5397 5398
8930 2 2 1 52 5397 5358 5398
8931 2 2 1 52 5397 5321 5358
8932 2 2 1 52 5398 5358 5331
8933 2 2 1 52 5313 5399 5357
8934 2 2 1 52 5399 5398 5357
8935 2 2 1 52 5399 5338 5398
8936 2 2 1 52 5357 5398 5331
8937 2 2 1 52 58 5400 59
8938 2 2 1 52 5400 5401 59
8939 2 2 1 52 5400 5338 5401
8940 2 2 1 52 59 5401 56
8941 2 2 1 52 5338 5399 5401
8942 2 2 1 52 5399 5402 5401
8943 2 2 1 52 5399 5313 5402
8944 2 2 1 52 5401 5402 56
8945 2 2 1 52 5338 5400 5403
8946 2 2 1 52 5400 60 5403
8947 2 2 1 52 5400 58 60
8948 2 2 1 52 5403 60 57
8949 2 2 1 52 5321 5397 5404
8950 2 2 1 52 5397 5403 5404
8951 2 2 1 52 5397 5338 5403
8952 2 2 1 52 5404 5403 57
8953 2 2 1 53 5411 5415 5417
8954 2 2 1 53 5415 5416 5417
8955 2 2 1 53 5415 5408 5416
8956 2 2 1 53 5417 5416 5406
8957 2 2 1 53 5409 5418 5419
8958 2 2 1 53 5418 5417 5419
8959 2 2 1 53 5418 5411 5417
8960 2 2 1 53 5419 5417 5406
8961 2 2 1 53 5408 5415 5421
8962 2 2 1 53 5415 5420 5421
8963 2 2 1 53 5415 5411 5420
8964 2 2 1 53 5421 5420 5410
8965 2 2 1 53 5408 5422 5424
8966 2 2 1 53 5422 5423 5424
8967 2 2 1 53 5422 5412 5423
8968 2 2 1 53 5424 5423 5206
8969 2 2 1 53 5412 5425 5423
8970 2 2 1 53 5425 5294 5423
8971 2 2 1 53 5425 5223 5294
8972 2 2 1 53 5423 5294 5206
8973 2 2 1 53 5412 5422 5426
8974 2 2 1 53 5422 5421 5426
8975 2 2 1 53 5422 5408 5421
8976 2 2 1 53 5426 5421 5410
8977 2 2 1 53 5407 5427 5429
8978 2 2 1 53 5427 5428 5429
8979 2 2 1 53 5427 5413 5428
8980 2 2 1 53 5429 5428 5405
8981 2 2 1 53 5413 5430 5428
8982 2 2 1 53 5430 5431 5428
8983 2 2 1 53 5430 5409 5431
8984 2 2 1 53 5428 5431 5405
8985 2 2 1 53 5413 5427 5433
8986 2 2 1 53 5427 5432 5433
8987 2 2 1 53 5427 5407 5432
8988 2 2 1 53 5433 5432 5410
8989 2 2 1 53 5414 5434 5436
8990 2 2 1 53 5434 5435 5436
8991 2 2 1 53 5434 5407 5435
8992 2 2 1 53 5436 5435 5205
8993 2 2 1 53 5223 5437 5299
8994 2 2 1 53 5437 5436 5299
8995 2 2 1 53 5437 5414 5436
8996 2 2 1 53 5299 5436 5205
8997 2 2 1 53 5407 5434 5432
8998 2 2 1 53 5434 5438 5432
8999 2 2 1 53 5434 5414 5438
9000 2 2 1 53 5432 5438 5410
9001 2 2 1 53 5412 5439 5425
9002 2 2 1 53 5439 5437 5425
9003 2 2 1 53 5439 5414 5437
9004 2 2 1 53 5425 5437 5223
9005 2 2 1 53 5412 5426 5439
9006 2 2 1 53 5426 5438 5439
9007 2 2 1 53 5426 5410 5438
9008 2 2 1 53 5439 5438 5414
9009 2 2 1 53 5413 5440 5430
9010 2 2 1 53 5440 5418 5430
9011 2 2 1 53 5440 5411 5418
9012 2 2 1 53 5430 5418 5409
9013 2 2 1 53 5410 5420 5433
9014 2 2 1 53 5420 5440 5433
9015 2 2 1 53 5420 5411 5440
9016 2 2 1 53 5433 5440 5413
9017 2 2 1 54 5447 5451 5453
9018 2 2 1 54 5451 5452 5453
9019 2 2 1 54 5451 5444 5452
9020 2 2 1 54 5453 5452 5442
9021 2 2 1 54 5445 5454 5455
9022 2 2 1 54 5454 5453 5455
9023 2 2 1 54 5454 5447 5453
9024 2 2 1 54 5455 5453 5442
9025 2 2 1 54 5444 5451 5457
9026 2 2 1 54 5451 5456 5457
9027 2 2 1 54 5451 5447 5456
9028 2 2 1 54 5457 5456 5446
9029 2 2 1 54 5444 5458 5460
9030 2 2 1 54 5458 5459 5460
9031 2 2 1 54 5458 5448 5459
9032 2 2 1 54 5460 5459 5312
9033 2 2 1 54 5448 5461 5459
9034 2 2 1 54 5461 5396 5459
9035 2 2 1 54 5461 5329 5396
9036 2 2 1 54 5459 5396 5312
9037 2 2 1 54 5448 5458 5462
9038 2 2 1 54 5458 5457 5462
9039 2 2 1 54 5458 5444 5457
9040 2 2 1 54 5462 5457 5446
9041 2 2 1 54 5443 5463 5465
9042 2 2 1 54 5463 5464 5465
9043 2 2 1 54 5463 5449 5464
9044 2 2 1 54 5465 5464 5441
9045 2 2 1 54 5449 5466 5464
9046 2 2 1 54 5466 5467 5464
9047 2 2 1 54 5466 5445 5467
9048 2 2 1 54 5464 5467 5441
9049 2 2 1 54 5449 5463 5469
9050 2 2 1 54 5463 5468 5469
9051 2 2 1 54 5463 5443 5468
9052 2 2 1 54 5469 5468 5446
9053 2 2 1 54 5450 5470 5472
9054 2 2 1 54 5470 5471 5472
9055 2 2 1 54 5470 5443 5471
9056 2 2 1 54 5472 5471 5311
9057 2 2 1 54 5329 5473 5391
9058 2 2 1 54 5473 5472 5391
9059 2 2 1 54 5473 5450 5472
9060 2 2 1 54 5391 5472 5311
9061 2 2 1 54 5443 5470 5468
9062 2 2 1 54 5470 5474 5468
9063 2 2 1 54 5470 5450 5474
9064 2 2 1 54 5468 5474 5446
9065 2 2 1 54 5449 5475 5466
9066 2 2 1 54 5475 5454 5466
9067 2 2 1 54 5475 5447 5454
9068 2 2 1 54 5466 5454 5445
9069 2 2 1 54 5446 5456 5469
9070 2 2 1 54 5456 5475 5469
9071 2 2 1 54 5456 5447 5475
9072 2 2 1 54 5469 5475 5449
9073 2 2 1 54 5448 5476 5461
9074 2 2 1 54 5476 5473 5461
9075 2 2 1 54 5476 5450 5473
9076 2 2 1 54 5461 5473 5329
9077 2 2 1 54 5448 5462 5476
9078 2 2 1 54 5462 5474 5476
9079 2 2 1 54 5462 5446 5474
9080 2 2 1 54 5476 5474 5450
9081 2 2 1 55 5479 5543 5545
9082 2 2 1 55 5543 5544 5545
9083 2 2 1 55 5543 5531 5544
9084 2 2 1 55 5545 5544 5478
9085 2 2 1 55 5499 5546 5548
9086 2 2 1 55 5546 5547 5548
9087 2 2 1 55 5546 5531 5547
9088 2 2 1 55 5548 5547 5523
9089 2 2 1 55 5531 5546 5544
9090 2 2 1 55 5546 5549 5544
9091 2 2 1 55 5546 5499 5549
9092 2 2 1 55 5544 5549 5478
9093 2 2 1 55 5532 5550 5552
9094 2 2 1 55 5550 5551 5552
9095 2 2 1 55 5550 5479 5551
9096 2 2 1 55 5552 5551 5477
9097 2 2 1 55 5532 5553 5555
9098 2 2 1 55 5553 5554 5555
9099 2 2 1 55 5553 5480 5554
9100 2 2 1 55 5555 5554 5523
9101 2 2 1 55 5480 5553 5556
9102 2 2 1 55 5553 5552 5556
9103 2 2 1 55 5553 5532 5552
9104 2 2 1 55 5556 5552 5477
9105 2 2 1 55 5525 5557 5559
9106 2 2 1 55 5557 5558 5559
9107 2 2 1 55 5557 5488 5558
9108 2 2 1 55 5559 5558 5489
9109 2 2 1 55 5521 5560 5561
9110 2 2 1 55 5560 5557 5561
9111 2 2 1 55 5560 5488 5557
9112 2 2 1 55 5561 5557 5525
9113 2 2 1 55 5525 5562 5564
9114 2 2 1 55 5562 5563 5564
9115 2 2 1 55 5562 5508 5563
9116 2 2 1 55 5564 5563 5507
9117 2 2 1 55 5507 5565 5564
9118 2 2 1 55 5565 5561 5564
9119 2 2 1 55 5565 5521 5561
9120 2 2 1 55 5564 5561 5525
9121 2 2 1 55 5522 5566 5568
9122 2 2 1 55 5566 5567 5568
9123 2 2 1 55 5566 5482 5567
9124 2 2 1 55 5568 5567 5483
9125 2 2 1 55 5522 5569 5571
9126 2 2 1 55 5569 5570 5571
9127 2 2 1 55 5569 5502 5570
9128 2 2 1 55 5571 5570 5501
9129 2 2 1 55 5527 5572 5574
9130 2 2 1 55 5572 5573 5574
9131 2 2 1 55 5572 5495 5573
9132 2 2 1 55 5574 5573 5496
9133 2 2 1 55 5527 5575 5577
9134 2 2 1 55 5575 5576 5577
9135 2 2 1 55 5575 5515 5576
9136 2 2 1 55 5577 5576 5514
9137 2 2 1 55 5519 5578 5580
9138 2 2 1 55 5578 5579 5580
9139 2 2 1 55 5578 5486 5579
9140 2 2 1 55 5580 5579 5487
9141 2 2 1 55 5519 5581 5583
9142 2 2 1 55 5581 5582 5583
9143 2 2 1 55 5581 5506 5582
9144 2 2 1 55 5583 5582 5505
9145 2 2 1 55 5482 5584 5586
9146 2 2 1 55 5584 5585 5586
9147 2 2 1 55 5584 5524 5585
9148 2 2 1 55 5586 5585 5481
9149 2 2 1 55 5482 5566 5584
9150 2 2 1 55 5566 5587 5584
9151 2 2 1 55 5566 5522 5587
9152 2 2 1 55 5584 5587 5524
9153 2 2 1 55 5500 5588 5590
9154 2 2 1 55 5588 5589 5590
9155 2 2 1 55 5588 5524 5589
9156 2 2 1 55 5590 5589 5501
9157 2 2 1 55 5522 5571 5587
9158 2 2 1 55 5571 5589 5587
9159 2 2 1 55 5571 5501 5589
9160 2 2 1 55 5587 5589 5524
9161 2 2 1 55 5526 5591 5593
9162 2 2 1 55 5591 5592 5593
9163 2 2 1 55 5591 5489 5592
9164 2 2 1 55 5593 5592 5490
9165 2 2 1 55 5525 5559 5594
9166 2 2 1 55 5559 5591 5594
9167 2 2 1 55 5559 5489 5591
9168 2 2 1 55 5594 5591 5526
9169 2 2 1 55 5526 5595 5597
9170 2 2 1 55 5595 5596 5597
9171 2 2 1 55 5595 5509 5596
9172 2 2 1 55 5597 5596 5508
9173 2 2 1 55 5508 5562 5597
9174 2 2 1 55 5562 5594 5597
9175 2 2 1 55 5562 5525 5594
9176 2 2 1 55 5597 5594 5526
9177 2 2 1 55 5521 5598 5560
9178 2 2 1 55 5598 5599 5560
9179 2 2 1 55 5598 5487 5599
9180 2 2 1 55 5560 5599 5488
9181 2 2 1 55 5521 5565 5601
9182 2 2 1 55 5565 5600 5601
9183 2 2 1 55 5565 5507 5600
9184 2 2 1 55 5601 5600 5506
9185 2 2 1 55 5530 5602 5604
9186 2 2 1 55 5602 5603 5604
9187 2 2 1 55 5602 5496 5603
9188 2 2 1 55 5604 5603 5497
9189 2 2 1 55 5527 5574 5605
9190 2 2 1 55 5574 5602 5605
9191 2 2 1 55 5574 5496 5602
9192 2 2 1 55 5605 5602 5530
9193 2 2 1 55 5530 5606 5608
9194 2 2 1 55 5606 5607 5608
9195 2 2 1 55 5606 5516 5607
9196 2 2 1 55 5608 5607 5515
9197 2 2 1 55 5515 5575 5608
9198 2 2 1 55 5575 5605 5608
9199 2 2 1 55 5575 5527 5605
9200 2 2 1 55 5608 5605 5530
9201 2 2 1 55 5529 5609 5611
9202 2 2 1 55 5609 5610 5611
9203 2 2 1 55 5609 5490 5610
9204 2 2 1 55 5611 5610 5491
9205 2 2 1 55 5526 5593 5612
9206 2 2 1 55 5593 5609 5612
9207 2 2 1 55 5593 5490 5609
9208 2 2 1 55 5612 5609 5529
9209 2 2 1 55 5529 5613 5615
9210 2 2 1 55 5613 5614 5615
9211 2 2 1 55 5613 5510 5614
9212 2 2 1 55 5615 5614 5509
9213 2 2 1 55 5509 5595 5615
9214 2 2 1 55 5595 5612 5615
9215 2 2 1 55 5595 5526 5612
9216 2 2 1 55 5615 5612 5529
9217 2 2 1 55 5523 5554 5617
9218 2 2 1 55 5554 5616 5617
9219 2 2 1 55 5554 5480 5616
9220 2 2 1 55 5617 5616 5481
9221 2 2 1 55 5523 5618 5548
9222 2 2 1 55 5618 5619 5548
9223 2 2 1 55 5618 5500 5619
9224 2 2 1 55 5548 5619 5499
9225 2 2 1 55 5524 5588 5620
9226 2 2 1 55 5588 5618 5620
9227 2 2 1 55 5588 5500 5618
9228 2 2 1 55 5620 5618 5523
9229 2 2 1 55 5481 5585 5617
9230 2 2 1 55 5585 5620 5617
9231 2 2 1 55 5585 5524 5620
9232 2 2 1 55 5617 5620 5523
9233 2 2 1 55 5520 5621 5623
9234 2 2 1 55 5621 5622 5623
9235 2 2 1 55 5621 5484 5622
9236 2 2 1 55 5623 5622 5485
9237 2 2 1 55 5520 5624 5626
9238 2 2 1 55 5624 5625 5626
9239 2 2 1 55 5624 5504 5625
9240 2 2 1 55 5626 5625 5503
9241 2 2 1 55 5518 5627 5628
9242 2 2 1 55 5627 5624 5628
9243 2 2 1 55 5627 5504 5624
9244 2 2 1 55 5628 5624 5520
9245 2 2 1 55 5485 5629 5623
9246 2 2 1 55 5629 5628 5623
9247 2 2 1 55 5629 5518 5628
9248 2 2 1 55 5623 5628 5520
9249 2 2 1 55 5486 5630 5631
9250 2 2 1 55 5630 5629 5631
9251 2 2 1 55 5630 5518 5629
9252 2 2 1 55 5631 5629 5485
9253 2 2 1 55 5486 5578 5630
9254 2 2 1 55 5578 5632 5630
9255 2 2 1 55 5578 5519 5632
9256 2 2 1 55 5630 5632 5518
9257 2 2 1 55 5504 5627 5634
9258 2 2 1 55 5627 5633 5634
9259 2 2 1 55 5627 5518 5633
9260 2 2 1 55 5634 5633 5505
9261 2 2 1 55 5519 5583 5632
9262 2 2 1 55 5583 5633 5632
9263 2 2 1 55 5583 5505 5633
9264 2 2 1 55 5632 5633 5518
9265 2 2 1 55 5532 5635 5550
9266 2 2 1 55 5635 5543 5550
9267 2 2 1 55 5635 5531 5543
9268 2 2 1 55 5550 5543 5479
9269 2 2 1 55 5523 5547 5555
9270 2 2 1 55 5547 5635 5555
9271 2 2 1 55 5547 5531 5635
9272 2 2 1 55 5555 5635 5532
9273 2 2 1 55 5498 5636 5638
9274 2 2 1 55 5636 5637 5638
9275 2 2 1 55 5636 5533 5637
9276 2 2 1 55 5638 5637 5497
9277 2 2 1 55 5533 5639 5637
9278 2 2 1 55 5639 5604 5637
9279 2 2 1 55 5639 5530 5604
9280 2 2 1 55 5637 5604 5497
9281 2 2 1 55 5484 5640 5642
9282 2 2 1 55 5640 5641 5642
9283 2 2 1 55 5640 5534 5641
9284 2 2 1 55 5642 5641 5483
9285 2 2 1 55 5534 5640 5643
9286 2 2 1 55 5640 5621 5643
9287 2 2 1 55 5640 5484 5621
9288 2 2 1 55 5643 5621 5520
9289 2 2 1 55 5535 5644 5646
9290 2 2 1 55 5644 5645 5646
9291 2 2 1 55 5644 5491 5645
9292 2 2 1 55 5646 5645 5492
9293 2 2 1 55 5528 5647 5648
9294 2 2 1 55 5647 5646 5648
9295 2 2 1 55 5647 5535 5646
9296 2 2 1 55 5648 5646 5492
9297 2 2 1 55 5491 5644 5611
9298 2 2 1 55 5644 5649 5611
9299 2 2 1 55 5644 5535 5649
9300 2 2 1 55 5611 5649 5529
9301 2 2 1 55 5487 5598 5580
9302 2 2 1 55 5598 5650 5580
9303 2 2 1 55 5598 5521 5650
9304 2 2 1 55 5580 5650 5519
9305 2 2 1 55 5521 5601 5650
9306 2 2 1 55 5601 5581 5650
9307 2 2 1 55 5601 5506 5581
9308 2 2 1 55 5650 5581 5519
9309 2 2 1 55 5533 5651 5653
9310 2 2 1 55 5651 5652 5653
9311 2 2 1 55 5651 5517 5652
9312 2 2 1 55 5653 5652 5516
9313 2 2 1 55 5530 5639 5606
9314 2 2 1 55 5639 5653 5606
9315 2 2 1 55 5639 5533 5653
9316 2 2 1 55 5606 5653 5516
9317 2 2 1 55 5510 5654 5656
9318 2 2 1 55 5654 5655 5656
9319 2 2 1 55 5654 5535 5655
9320 2 2 1 55 5656 5655 5511
9321 2 2 1 55 5535 5654 5649
9322 2 2 1 55 5654 5613 5649
9323 2 2 1 55 5654 5510 5613
9324 2 2 1 55 5649 5613 5529
9325 2 2 1 55 5535 5647 5655
9326 2 2 1 55 5647 5657 5655
9327 2 2 1 55 5647 5528 5657
9328 2 2 1 55 5655 5657 5511
9329 2 2 1 55 5534 5658 5660
9330 2 2 1 55 5658 5659 5660
9331 2 2 1 55 5658 5503 5659
9332 2 2 1 55 5660 5659 5502
9333 2 2 1 55 5503 5658 5626
9334 2 2 1 55 5658 5643 5626
9335 2 2 1 55 5658 5534 5643
9336 2 2 1 55 5626 5643 5520
9337 2 2 1 55 5534 5660 5661
9338 2 2 1 55 5660 5569 5661
9339 2 2 1 55 5660 5502 5569
9340 2 2 1 55 5661 5569 5522
9341 2 2 1 55 5483 5641 5568
9342 2 2 1 55 5641 5661 5568
9343 2 2 1 55 5641 5534 5661
9344 2 2 1 55 5568 5661 5522
9345 2 2 1 55 5492 5662 5648
9346 2 2 1 55 5662 5663 5648
9347 2 2 1 55 5662 5493 5663
9348 2 2 1 55 5648 5663 5528
9349 2 2 1 55 5512 5664 5665
9350 2 2 1 55 5664 5657 5665
9351 2 2 1 55 5664 5511 5657
9352 2 2 1 55 5665 5657 5528
9353 2 2 1 55 5537 5666 5668
9354 2 2 1 55 5666 5667 5668
9355 2 2 1 55 5666 5514 5667
9356 2 2 1 55 5668 5667 5513
9357 2 2 1 55 5514 5666 5577
9358 2 2 1 55 5666 5669 5577
9359 2 2 1 55 5666 5537 5669
9360 2 2 1 55 5577 5669 5527
9361 2 2 1 55 5512 5670 5672
9362 2 2 1 55 5670 5671 5672
9363 2 2 1 55 5670 5538 5671
9364 2 2 1 55 5672 5671 5513
9365 2 2 1 55 5539 5673 5674
9366 2 2 1 55 5673 5465 5674
9367 2 2 1 55 5673 5443 5465
9368 2 2 1 55 5674 5465 5441
9369 2 2 1 55 5517 5675 5676
9370 2 2 1 55 5675 5674 5676
9371 2 2 1 55 5675 5539 5674
9372 2 2 1 55 5676 5674 5441
9373 2 2 1 55 5443 5677 5471
9374 2 2 1 55 5677 5678 5471
9375 2 2 1 55 5677 5540 5678
9376 2 2 1 55 5471 5678 5311
9377 2 2 1 55 5540 5679 5678
9378 2 2 1 55 5679 5680 5678
9379 2 2 1 55 5679 5498 5680
9380 2 2 1 55 5678 5680 5311
9381 2 2 1 55 5495 5681 5683
9382 2 2 1 55 5681 5682 5683
9383 2 2 1 55 5681 5541 5682
9384 2 2 1 55 5683 5682 5494
9385 2 2 1 55 5541 5684 5682
9386 2 2 1 55 5684 5685 5682
9387 2 2 1 55 5684 5536 5685
9388 2 2 1 55 5682 5685 5494
9389 2 2 1 55 5542 5686 5688
9390 2 2 1 55 5686 5687 5688
9391 2 2 1 55 5686 5493 5687
9392 2 2 1 55 5688 5687 5494
9393 2 2 1 55 5536 5689 5685
9394 2 2 1 55 5689 5688 5685
9395 2 2 1 55 5689 5542 5688
9396 2 2 1 55 5685 5688 5494
9397 2 2 1 55 5538 5690 5671
9398 2 2 1 55 5690 5668 5671
9399 2 2 1 55 5690 5537 5668
9400 2 2 1 55 5671 5668 5513
9401 2 2 1 55 5536 5691 5692
9402 2 2 1 55 5691 5690 5692
9403 2 2 1 55 5691 5537 5690
9404 2 2 1 55 5692 5690 5538
9405 2 2 1 55 5527 5693 5572
9406 2 2 1 55 5693 5681 5572
9407 2 2 1 55 5693 5541 5681
9408 2 2 1 55 5572 5681 5495
9409 2 2 1 55 5541 5693 5694
9410 2 2 1 55 5693 5669 5694
9411 2 2 1 55 5693 5527 5669
9412 2 2 1 55 5694 5669 5537
9413 2 2 1 55 5536 5684 5691
9414 2 2 1 55 5684 5694 5691
9415 2 2 1 55 5684 5541 5694
9416 2 2 1 55 5691 5694 5537
9417 2 2 1 55 5542 5695 5686
9418 2 2 1 55 5695 5663 5686
9419 2 2 1 55 5695 5528 5663
9420 2 2 1 55 5686 5663 5493
9421 2 2 1 55 5528 5695 5665
9422 2 2 1 55 5695 5696 5665
9423 2 2 1 55 5695 5542 5696
9424 2 2 1 55 5665 5696 5512
9425 2 2 1 55 5536 5692 5689
9426 2 2 1 55 5692 5697 5689
9427 2 2 1 55 5692 5538 5697
9428 2 2 1 55 5689 5697 5542
9429 2 2 1 55 5538 5670 5697
9430 2 2 1 55 5670 5696 5697
9431 2 2 1 55 5670 5512 5696
9432 2 2 1 55 5697 5696 5542
9433 2 2 1 55 5443 5673 5677
9434 2 2 1 55 5673 5698 5677
9435 2 2 1 55 5673 5539 5698
9436 2 2 1 55 5677 5698 5540
9437 2 2 1 55 5533 5699 5651
9438 2 2 1 55 5699 5700 5651
9439 2 2 1 55 5699 5540 5700
9440 2 2 1 55 5651 5700 5517
9441 2 2 1 55 5540 5699 5679
9442 2 2 1 55 5699 5636 5679
9443 2 2 1 55 5699 5533 5636
9444 2 2 1 55 5679 5636 5498
9445 2 2 1 55 5539 5675 5698
9446 2 2 1 55 5675 5700 5698
9447 2 2 1 55 5675 5517 5700
9448 2 2 1 55 5698 5700 5540
9449 2 2 1 56 5408 5762 5416
9450 2 2 1 56 5762 5763 5416
9451 2 2 1 56 5762 5757 5763
9452 2 2 1 56 5416 5763 5406
9453 2 2 1 56 5720 5764 5766
9454 2 2 1 56 5764 5765 5766
9455 2 2 1 56 5764 5757 5765
9456 2 2 1 56 5766 5765 5744
9457 2 2 1 56 5757 5764 5763
9458 2 2 1 56 5764 5767 5763
9459 2 2 1 56 5764 5720 5767
9460 2 2 1 56 5763 5767 5406
9461 2 2 1 56 5758 5768 5769
9462 2 2 1 56 5768 5545 5769
9463 2 2 1 56 5768 5479 5545
9464 2 2 1 56 5769 5545 5478
9465 2 2 1 56 5758 5770 5772
9466 2 2 1 56 5770 5771 5772
9467 2 2 1 56 5770 5738 5771
9468 2 2 1 56 5772 5771 5755
9469 2 2 1 56 5738 5770 5773
9470 2 2 1 56 5770 5769 5773
9471 2 2 1 56 5770 5758 5769
9472 2 2 1 56 5773 5769 5478
9473 2 2 1 56 5759 5774 5775
9474 2 2 1 56 5774 5424 5775
9475 2 2 1 56 5774 5408 5424
9476 2 2 1 56 5775 5424 5206
9477 2 2 1 56 5759 5776 5778
9478 2 2 1 56 5776 5777 5778
9479 2 2 1 56 5776 5701 5777
9480 2 2 1 56 5778 5777 5744
9481 2 2 1 56 5701 5776 5779
9482 2 2 1 56 5776 5775 5779
9483 2 2 1 56 5776 5759 5775
9484 2 2 1 56 5779 5775 5206
9485 2 2 1 56 5479 5780 5551
9486 2 2 1 56 5780 5781 5551
9487 2 2 1 56 5780 5760 5781
9488 2 2 1 56 5551 5781 5477
9489 2 2 1 56 5719 5782 5784
9490 2 2 1 56 5782 5783 5784
9491 2 2 1 56 5782 5760 5783
9492 2 2 1 56 5784 5783 5755
9493 2 2 1 56 5760 5782 5781
9494 2 2 1 56 5782 5785 5781
9495 2 2 1 56 5782 5719 5785
9496 2 2 1 56 5781 5785 5477
9497 2 2 1 56 5748 5786 5788
9498 2 2 1 56 5786 5787 5788
9499 2 2 1 56 5786 5709 5787
9500 2 2 1 56 5788 5787 5710
9501 2 2 1 56 5747 5789 5790
9502 2 2 1 56 5789 5786 5790
9503 2 2 1 56 5789 5709 5786
9504 2 2 1 56 5790 5786 5748
9505 2 2 1 56 5748 5791 5793
9506 2 2 1 56 5791 5792 5793
9507 2 2 1 56 5791 5729 5792
9508 2 2 1 56 5793 5792 5728
9509 2 2 1 56 5728 5794 5793
9510 2 2 1 56 5794 5790 5793
9511 2 2 1 56 5794 5747 5790
9512 2 2 1 56 5793 5790 5748
9513 2 2 1 56 5753 5795 5797
9514 2 2 1 56 5795 5796 5797
9515 2 2 1 56 5795 5713 5796
9516 2 2 1 56 5797 5796 5714
9517 2 2 1 56 5753 5798 5800
9518 2 2 1 56 5798 5799 5800
9519 2 2 1 56 5798 5733 5799
9520 2 2 1 56 5800 5799 5732
9521 2 2 1 56 5750 5801 5802
9522 2 2 1 56 5801 5798 5802
9523 2 2 1 56 5801 5733 5798
9524 2 2 1 56 5802 5798 5753
9525 2 2 1 56 5714 5803 5797
9526 2 2 1 56 5803 5802 5797
9527 2 2 1 56 5803 5750 5802
9528 2 2 1 56 5797 5802 5753
9529 2 2 1 56 5752 5804 5806
9530 2 2 1 56 5804 5805 5806
9531 2 2 1 56 5804 5716 5805
9532 2 2 1 56 5806 5805 5717
9533 2 2 1 56 5749 5807 5808
9534 2 2 1 56 5807 5804 5808
9535 2 2 1 56 5807 5716 5804
9536 2 2 1 56 5808 5804 5752
9537 2 2 1 56 5752 5809 5811
9538 2 2 1 56 5809 5810 5811
9539 2 2 1 56 5809 5736 5810
9540 2 2 1 56 5811 5810 5735
9541 2 2 1 56 5735 5812 5811
9542 2 2 1 56 5812 5808 5811
9543 2 2 1 56 5812 5749 5808
9544 2 2 1 56 5811 5808 5752
9545 2 2 1 56 5711 5813 5815
9546 2 2 1 56 5813 5814 5815
9547 2 2 1 56 5813 5751 5814
9548 2 2 1 56 5815 5814 5710
9549 2 2 1 56 5729 5816 5818
9550 2 2 1 56 5816 5817 5818
9551 2 2 1 56 5816 5751 5817
9552 2 2 1 56 5818 5817 5730
9553 2 2 1 56 5729 5791 5816
9554 2 2 1 56 5791 5819 5816
9555 2 2 1 56 5791 5748 5819
9556 2 2 1 56 5816 5819 5751
9557 2 2 1 56 5748 5788 5819
9558 2 2 1 56 5788 5814 5819
9559 2 2 1 56 5788 5710 5814
9560 2 2 1 56 5819 5814 5751
9561 2 2 1 56 5709 5789 5821
9562 2 2 1 56 5789 5820 5821
9563 2 2 1 56 5789 5747 5820
9564 2 2 1 56 5821 5820 5708
9565 2 2 1 56 5727 5822 5823
9566 2 2 1 56 5822 5794 5823
9567 2 2 1 56 5822 5747 5794
9568 2 2 1 56 5823 5794 5728
9569 2 2 1 56 5727 5824 5822
9570 2 2 1 56 5824 5825 5822
9571 2 2 1 56 5824 5742 5825
9572 2 2 1 56 5822 5825 5747
9573 2 2 1 56 5742 5826 5825
9574 2 2 1 56 5826 5820 5825
9575 2 2 1 56 5826 5708 5820
9576 2 2 1 56 5825 5820 5747
9577 2 2 1 56 5756 5827 5829
9578 2 2 1 56 5827 5828 5829
9579 2 2 1 56 5827 5717 5828
9580 2 2 1 56 5829 5828 5718
9581 2 2 1 56 5752 5806 5830
9582 2 2 1 56 5806 5827 5830
9583 2 2 1 56 5806 5717 5827
9584 2 2 1 56 5830 5827 5756
9585 2 2 1 56 5756 5831 5833
9586 2 2 1 56 5831 5832 5833
9587 2 2 1 56 5831 5737 5832
9588 2 2 1 56 5833 5832 5736
9589 2 2 1 56 5736 5809 5833
9590 2 2 1 56 5809 5830 5833
9591 2 2 1 56 5809 5752 5830
9592 2 2 1 56 5833 5830 5756
9593 2 2 1 56 5754 5834 5836
9594 2 2 1 56 5834 5835 5836
9595 2 2 1 56 5834 5711 5835
9596 2 2 1 56 5836 5835 5712
9597 2 2 1 56 5751 5813 5837
9598 2 2 1 56 5813 5834 5837
9599 2 2 1 56 5813 5711 5834
9600 2 2 1 56 5837 5834 5754
9601 2 2 1 56 5754 5838 5840
9602 2 2 1 56 5838 5839 5840
9603 2 2 1 56 5838 5731 5839
9604 2 2 1 56 5840 5839 5730
9605 2 2 1 56 5730 5817 5840
9606 2 2 1 56 5817 5837 5840
9607 2 2 1 56 5817 5751 5837
9608 2 2 1 56 5840 5837 5754
9609 2 2 1 56 5742 5841 5826
9610 2 2 1 56 5841 5842 5826
9611 2 2 1 56 5841 5707 5842
9612 2 2 1 56 5826 5842 5708
9613 2 2 1 56 5745 5843 5844
9614 2 2 1 56 5843 5841 5844
9615 2 2 1 56 5843 5707 5841
9616 2 2 1 56 5844 5841 5742
9617 2 2 1 56 5742 5824 5846
9618 2 2 1 56 5824 5845 5846
9619 2 2 1 56 5824 5727 5845
9620 2 2 1 56 5846 5845 5726
9621 2 2 1 56 5726 5847 5846
9622 2 2 1 56 5847 5844 5846
9623 2 2 1 56 5847 5745 5844
9624 2 2 1 56 5846 5844 5742
9625 2 2 1 56 5703 5848 5850
9626 2 2 1 56 5848 5849 5850
9627 2 2 1 56 5848 5743 5849
9628 2 2 1 56 5850 5849 5702
9629 2 2 1 56 5703 5851 5848
9630 2 2 1 56 5851 5852 5848
9631 2 2 1 56 5851 5739 5852
9632 2 2 1 56 5848 5852 5743
9633 2 2 1 56 5721 5853 5855
9634 2 2 1 56 5853 5854 5855
9635 2 2 1 56 5853 5743 5854
9636 2 2 1 56 5855 5854 5722
9637 2 2 1 56 5739 5856 5852
9638 2 2 1 56 5856 5854 5852
9639 2 2 1 56 5856 5722 5854
9640 2 2 1 56 5852 5854 5743
9641 2 2 1 56 5704 5857 5859
9642 2 2 1 56 5857 5858 5859
9643 2 2 1 56 5857 5740 5858
9644 2 2 1 56 5859 5858 5703
9645 2 2 1 56 5722 5860 5862
9646 2 2 1 56 5860 5861 5862
9647 2 2 1 56 5860 5740 5861
9648 2 2 1 56 5862 5861 5723
9649 2 2 1 56 5722 5856 5860
9650 2 2 1 56 5856 5863 5860
9651 2 2 1 56 5856 5739 5863
9652 2 2 1 56 5860 5863 5740
9653 2 2 1 56 5739 5851 5863
9654 2 2 1 56 5851 5858 5863
9655 2 2 1 56 5851 5703 5858
9656 2 2 1 56 5863 5858 5740
9657 2 2 1 56 5755 5864 5784
9658 2 2 1 56 5864 5865 5784
9659 2 2 1 56 5864 5718 5865
9660 2 2 1 56 5784 5865 5719
9661 2 2 1 56 5756 5829 5866
9662 2 2 1 56 5829 5864 5866
9663 2 2 1 56 5829 5718 5864
9664 2 2 1 56 5866 5864 5755
9665 2 2 1 56 5755 5771 5868
9666 2 2 1 56 5771 5867 5868
9667 2 2 1 56 5771 5738 5867
9668 2 2 1 56 5868 5867 5737
9669 2 2 1 56 5737 5831 5868
9670 2 2 1 56 5831 5866 5868
9671 2 2 1 56 5831 5756 5866
9672 2 2 1 56 5868 5866 5755
9673 2 2 1 56 5716 5807 5870
9674 2 2 1 56 5807 5869 5870
9675 2 2 1 56 5807 5749 5869
9676 2 2 1 56 5870 5869 5715
9677 2 2 1 56 5734 5871 5872
9678 2 2 1 56 5871 5812 5872
9679 2 2 1 56 5871 5749 5812
9680 2 2 1 56 5872 5812 5735
9681 2 2 1 56 5750 5803 5874
9682 2 2 1 56 5803 5873 5874
9683 2 2 1 56 5803 5714 5873
9684 2 2 1 56 5874 5873 5715
9685 2 2 1 56 5750 5875 5801
9686 2 2 1 56 5875 5876 5801
9687 2 2 1 56 5875 5734 5876
9688 2 2 1 56 5801 5876 5733
9689 2 2 1 56 5745 5877 5843
9690 2 2 1 56 5877 5878 5843
9691 2 2 1 56 5877 5706 5878
9692 2 2 1 56 5843 5878 5707
9693 2 2 1 56 5746 5879 5880
9694 2 2 1 56 5879 5877 5880
9695 2 2 1 56 5879 5706 5877
9696 2 2 1 56 5880 5877 5745
9697 2 2 1 56 5745 5847 5882
9698 2 2 1 56 5847 5881 5882
9699 2 2 1 56 5847 5726 5881
9700 2 2 1 56 5882 5881 5725
9701 2 2 1 56 5725 5883 5882
9702 2 2 1 56 5883 5880 5882
9703 2 2 1 56 5883 5746 5880
9704 2 2 1 56 5882 5880 5745
9705 2 2 1 56 5702 5884 5885
9706 2 2 1 56 5884 5777 5885
9707 2 2 1 56 5884 5744 5777
9708 2 2 1 56 5885 5777 5701
9709 2 2 1 56 5702 5849 5884
9710 2 2 1 56 5849 5886 5884
9711 2 2 1 56 5849 5743 5886
9712 2 2 1 56 5884 5886 5744
9713 2 2 1 56 5720 5766 5888
9714 2 2 1 56 5766 5887 5888
9715 2 2 1 56 5766 5744 5887
9716 2 2 1 56 5888 5887 5721
9717 2 2 1 56 5743 5853 5886
9718 2 2 1 56 5853 5887 5886
9719 2 2 1 56 5853 5721 5887
9720 2 2 1 56 5886 5887 5744
9721 2 2 1 56 5705 5889 5891
9722 2 2 1 56 5889 5890 5891
9723 2 2 1 56 5889 5741 5890
9724 2 2 1 56 5891 5890 5704
9725 2 2 1 56 5723 5892 5894
9726 2 2 1 56 5892 5893 5894
9727 2 2 1 56 5892 5741 5893
9728 2 2 1 56 5894 5893 5724
9729 2 2 1 56 5723 5861 5892
9730 2 2 1 56 5861 5895 5892
9731 2 2 1 56 5861 5740 5895
9732 2 2 1 56 5892 5895 5741
9733 2 2 1 56 5740 5857 5895
9734 2 2 1 56 5857 5890 5895
9735 2 2 1 56 5857 5704 5890
9736 2 2 1 56 5895 5890 5741
9737 2 2 1 56 5759 5896 5774
9738 2 2 1 56 5896 5762 5774
9739 2 2 1 56 5896 5757 5762
9740 2 2 1 56 5774 5762 5408
9741 2 2 1 56 5744 5765 5778
9742 2 2 1 56 5765 5896 5778
9743 2 2 1 56 5765 5757 5896
9744 2 2 1 56 5778 5896 5759
9745 2 2 1 56 5758 5897 5768
9746 2 2 1 56 5897 5780 5768
9747 2 2 1 56 5897 5760 5780
9748 2 2 1 56 5768 5780 5479
9749 2 2 1 56 5758 5772 5897
9750 2 2 1 56 5772 5783 5897
9751 2 2 1 56 5772 5755 5783
9752 2 2 1 56 5897 5783 5760
9753 2 2 1 56 5746 5898 5879
9754 2 2 1 56 5898 5899 5879
9755 2 2 1 56 5898 5705 5899
9756 2 2 1 56 5879 5899 5706
9757 2 2 1 56 5741 5889 5900
9758 2 2 1 56 5889 5898 5900
9759 2 2 1 56 5889 5705 5898
9760 2 2 1 56 5900 5898 5746
9761 2 2 1 56 5724 5901 5902
9762 2 2 1 56 5901 5883 5902
9763 2 2 1 56 5901 5746 5883
9764 2 2 1 56 5902 5883 5725
9765 2 2 1 56 5724 5893 5901
9766 2 2 1 56 5893 5900 5901
9767 2 2 1 56 5893 5741 5900
9768 2 2 1 56 5901 5900 5746
9769 2 2 1 56 5761 5903 5905
9770 2 2 1 56 5903 5904 5905
9771 2 2 1 56 5903 5712 5904
9772 2 2 1 56 5905 5904 5713
9773 2 2 1 56 5712 5903 5836
9774 2 2 1 56 5903 5906 5836
9775 2 2 1 56 5903 5761 5906
9776 2 2 1 56 5836 5906 5754
9777 2 2 1 56 5753 5907 5795
9778 2 2 1 56 5907 5905 5795
9779 2 2 1 56 5907 5761 5905
9780 2 2 1 56 5795 5905 5713
9781 2 2 1 56 5731 5908 5910
9782 2 2 1 56 5908 5909 5910
9783 2 2 1 56 5908 5761 5909
9784 2 2 1 56 5910 5909 5732
9785 2 2 1 56 5761 5908 5906
9786 2 2 1 56 5908 5838 5906
9787 2 2 1 56 5908 5731 5838
9788 2 2 1 56 5906 5838 5754
9789 2 2 1 56 5761 5907 5909
9790 2 2 1 56 5907 5800 5909
9791 2 2 1 56 5907 5753 5800
9792 2 2 1 56 5909 5800 5732
9793 2 2 1 56 5750 5874 5911
9794 2 2 1 56 5874 5869 5911
9795 2 2 1 56 5874 5715 5869
9796 2 2 1 56 5911 5869 5749
9797 2 2 1 56 5734 5875 5871
9798 2 2 1 56 5875 5911 5871
9799 2 2 1 56 5875 5750 5911
9800 2 2 1 56 5871 5911 5749
9801 2 2 1 57 5920 5939 5941
9802 2 2 1 57 5939 5940 5941
9803 2 2 1 57 5939 5935 5940
9804 2 2 1 57 5941 5940 5406
9805 2 2 1 57 5935 5942 5940
9806 2 2 1 57 5942 5419 5940
9807 2 2 1 57 5942 5409 5419
9808 2 2 1 57 5940 5419 5406
9809 2 2 1 57 5935 5939 5944
9810 2 2 1 57 5939 5943 5944
9811 2 2 1 57 5939 5920 5943
9812 2 2 1 57 5944 5943 5929
9813 2 2 1 57 5936 5945 5947
9814 2 2 1 57 5945 5946 5947
9815 2 2 1 57 5945 5927 5946
9816 2 2 1 57 5947 5946 62
9817 2 2 1 57 63 5948 65
9818 2 2 1 57 5948 5947 65
9819 2 2 1 57 5948 5936 5947
9820 2 2 1 57 65 5947 62
9821 2 2 1 57 5927 5945 5950
9822 2 2 1 57 5945 5949 5950
9823 2 2 1 57 5945 5936 5949
9824 2 2 1 57 5950 5949 5934
9825 2 2 1 57 5937 5951 5953
9826 2 2 1 57 5951 5952 5953
9827 2 2 1 57 5951 5912 5952
9828 2 2 1 57 5953 5952 5405
9829 2 2 1 57 5409 5954 5431
9830 2 2 1 57 5954 5953 5431
9831 2 2 1 57 5954 5937 5953
9832 2 2 1 57 5431 5953 5405
9833 2 2 1 57 5912 5951 5956
9834 2 2 1 57 5951 5955 5956
9835 2 2 1 57 5951 5937 5955
9836 2 2 1 57 5956 5955 5929
9837 2 2 1 57 5919 5957 5959
9838 2 2 1 57 5957 5958 5959
9839 2 2 1 57 5957 5938 5958
9840 2 2 1 57 5959 5958 61
9841 2 2 1 57 5938 5960 5958
9842 2 2 1 57 5960 64 5958
9843 2 2 1 57 5960 63 64
9844 2 2 1 57 5958 64 61
9845 2 2 1 57 5938 5957 5962
9846 2 2 1 57 5957 5961 5962
9847 2 2 1 57 5957 5919 5961
9848 2 2 1 57 5962 5961 5934
9849 2 2 1 57 5930 5963 5965
9850 2 2 1 57 5963 5964 5965
9851 2 2 1 57 5963 5915 5964
9852 2 2 1 57 5965 5964 5914
9853 2 2 1 57 5930 5966 5968
9854 2 2 1 57 5966 5967 5968
9855 2 2 1 57 5966 5922 5967
9856 2 2 1 57 5968 5967 5923
9857 2 2 1 57 5912 5956 5970
9858 2 2 1 57 5956 5969 5970
9859 2 2 1 57 5956 5929 5969
9860 2 2 1 57 5970 5969 5913
9861 2 2 1 57 5921 5971 5972
9862 2 2 1 57 5971 5943 5972
9863 2 2 1 57 5971 5929 5943
9864 2 2 1 57 5972 5943 5920
9865 2 2 1 57 5921 5973 5971
9866 2 2 1 57 5973 5974 5971
9867 2 2 1 57 5973 5928 5974
9868 2 2 1 57 5971 5974 5929
9869 2 2 1 57 5928 5975 5974
9870 2 2 1 57 5975 5969 5974
9871 2 2 1 57 5975 5913 5969
9872 2 2 1 57 5974 5969 5929
9873 2 2 1 57 5933 5976 5978
9874 2 2 1 57 5976 5977 5978
9875 2 2 1 57 5976 5917 5977
9876 2 2 1 57 5978 5977 5916
9877 2 2 1 57 5933 5979 5981
9878 2 2 1 57 5979 5980 5981
9879 2 2 1 57 5979 5924 5980
9880 2 2 1 57 5981 5980 5925
9881 2 2 1 57 5931 5982 5983
9882 2 2 1 57 5982 5979 5983
9883 2 2 1 57 5982 5924 5979
9884 2 2 1 57 5983 5979 5933
9885 2 2 1 57 5916 5984 5978
9886 2 2 1 57 5984 5983 5978
9887 2 2 1 57 5984 5931 5983
9888 2 2 1 57 5978 5983 5933
9889 2 2 1 57 5931 5984 5986
9890 2 2 1 57 5984 5985 5986
9891 2 2 1 57 5984 5916 5985
9892 2 2 1 57 5986 5985 5915
9893 2 2 1 57 5931 5987 5982
9894 2 2 1 57 5987 5988 5982
9895 2 2 1 57 5987 5923 5988
9896 2 2 1 57 5982 5988 5924
9897 2 2 1 57 5930 5968 5989
9898 2 2 1 57 5968 5987 5989
9899 2 2 1 57 5968 5923 5987
9900 2 2 1 57 5989 5987 5931
9901 2 2 1 57 5915 5963 5986
9902 2 2 1 57 5963 5989 5986
9903 2 2 1 57 5963 5930 5989
9904 2 2 1 57 5986 5989 5931
9905 2 2 1 57 5918 5990 5991
9906 2 2 1 57 5990 5961 5991
9907 2 2 1 57 5990 5934 5961
9908 2 2 1 57 5991 5961 5919
9909 2 2 1 57 5918 5992 5990
9910 2 2 1 57 5992 5993 5990
9911 2 2 1 57 5992 5932 5993
9912 2 2 1 57 5990 5993 5934
9913 2 2 1 57 5927 5950 5995
9914 2 2 1 57 5950 5994 5995
9915 2 2 1 57 5950 5934 5994
9916 2 2 1 57 5995 5994 5926
9917 2 2 1 57 5932 5996 5993
9918 2 2 1 57 5996 5994 5993
9919 2 2 1 57 5996 5926 5994
9920 2 2 1 57 5993 5994 5934
9921 2 2 1 57 5932 5992 5998
9922 2 2 1 57 5992 5997 5998
9923 2 2 1 57 5992 5918 5997
9924 2 2 1 57 5998 5997 5917
9925 2 2 1 57 5932 5999 5996
9926 2 2 1 57 5999 6000 5996
9927 2 2 1 57 5999 5925 6000
9928 2 2 1 57 5996 6000 5926
9929 2 2 1 57 5933 5981 6001
9930 2 2 1 57 5981 5999 6001
9931 2 2 1 57 5981 5925 5999
9932 2 2 1 57 6001 5999 5932
9933 2 2 1 57 5917 5976 5998
9934 2 2 1 57 5976 6001 5998
9935 2 2 1 57 5976 5933 6001
9936 2 2 1 57 5998 6001 5932
9937 2 2 1 57 5928 6002 5975
9938 2 2 1 57 6002 6003 5975
9939 2 2 1 57 6002 5914 6003
9940 2 2 1 57 5975 6003 5913
9941 2 2 1 57 5928 5973 6005
9942 2 2 1 57 5973 6004 6005
9943 2 2 1 57 5973 5921 6004
9944 2 2 1 57 6005 6004 5922
9945 2 2 1 57 5935 6006 5942
9946 2 2 1 57 6006 5954 5942
9947 2 2 1 57 6006 5937 5954
9948 2 2 1 57 5942 5954 5409
9949 2 2 1 57 5935 5944 6006
9950 2 2 1 57 5944 5955 6006
9951 2 2 1 57 5944 5929 5955
9952 2 2 1 57 6006 5955 5937
9953 2 2 1 57 5938 6007 5960
9954 2 2 1 57 6007 5948 5960
9955 2 2 1 57 6007 5936 5948
9956 2 2 1 57 5960 5948 63
9957 2 2 1 57 5934 5949 5962
9958 2 2 1 57 5949 6007 5962
9959 2 2 1 57 5949 5936 6007
9960 2 2 1 57 5962 6007 5938
9961 2 2 1 57 5930 5965 6008
9962 2 2 1 57 5965 6002 6008
9963 2 2 1 57 5965 5914 6002
9964 2 2 1 57 6008 6002 5928
9965 2 2 1 57 5922 5966 6005
9966 2 2 1 57 5966 6008 6005
9967 2 2 1 57 5966 5930 6008
9968 2 2 1 57 6005 6008 5928
9969 2 2 1 58 6017 6036 6038
9970 2 2 1 58 6036 6037 6038
9971 2 2 1 58 6036 6032 6037
9972 2 2 1 58 6038 6037 5442
9973 2 2 1 58 6032 6039 6037
9974 2 2 1 58 6039 5455 6037
9975 2 2 1 58 6039 5445 5455
9976 2 2 1 58 6037 5455 5442
9977 2 2 1 58 6032 6036 6041
9978 2 2 1 58 6036 6040 6041
9979 2 2 1 58 6036 6017 6040
9980 2 2 1 58 6041 6040 6026
9981 2 2 1 58 6033 6042 6044
9982 2 2 1 58 6042 6043 6044
9983 2 2 1 58 6042 6024 6043
9984 2 2 1 58 6044 6043 67
9985 2 2 1 58 68 6045 70
9986 2 2 1 58 6045 6044 70
9987 2 2 1 58 6045 6033 6044
9988 2 2 1 58 70 6044 67
9989 2 2 1 58 6024 6042 6047
9990 2 2 1 58 6042 6046 6047
9991 2 2 1 58 6042 6033 6046
9992 2 2 1 58 6047 6046 6031
9993 2 2 1 58 6034 6048 6050
9994 2 2 1 58 6048 6049 6050
9995 2 2 1 58 6048 6009 6049
9996 2 2 1 58 6050 6049 5441
9997 2 2 1 58 5445 6051 5467
9998 2 2 1 58 6051 6050 5467
9999 2 2 1 58 6051 6034 6050
10000 2 2 1 58 5467 6050 5441
10001 2 2 1 58 6009 6048 6053
10002 2 2 1 58 6048 6052 6053
10003 2 2 1 58 6048 6034 6052
10004 2 2 1 58 6053 6052 6026
10005 2 2 1 58 6016 6054 6056
10006 2 2 1 58 6054 6055 6056
10007 2 2 1 58 6054 6035 6055
10008 2 2 1 58 6056 6055 66
10009 2 2 1 58 6035 6057 6055
10010 2 2 1 58 6057 69 6055
10011 2 2 1 58 6057 68 69
10012 2 2 1 58 6055 69 66
10013 2 2 1 58 6035 6054 6059
10014 2 2 1 58 6054 6058 6059
10015 2 2 1 58 6054 6016 6058
10016 2 2 1 58 6059 6058 6031
10017 2 2 1 58 6027 6060 6062
10018 2 2 1 58 6060 6061 6062
10019 2 2 1 58 6060 6012 6061
10020 2 2 1 58 6062 6061 6011
10021 2 2 1 58 6027 6063 6065
10022 2 2 1 58 6063 6064 6065
10023 2 2 1 58 6063 6019 6064
10024 2 2 1 58 6065 6064 6020
10025 2 2 1 58 6009 6053 6067
10026 2 2 1 58 6053 6066 6067
10027 2 2 1 58 6053 6026 6066
10028 2 2 1 58 6067 6066 6010
10029 2 2 1 58 6018 6068 6069
10030 2 2 1 58 6068 6040 6069
10031 2 2 1 58 6068 6026 6040
10032 2 2 1 58 6069 6040 6017
10033 2 2 1 58 6018 6070 6068
10034 2 2 1 58 6070 6071 6068
10035 2 2 1 58 6070 6025 6071
10036 2 2 1 58 6068 6071 6026
10037 2 2 1 58 6025 6072 6071
10038 2 2 1 58 6072 6066 6071
10039 2 2 1 58 6072 6010 6066
10040 2 2 1 58 6071 6066 6026
10041 2 2 1 58 6013 6073 6075
10042 2 2 1 58 6073 6074 6075
10043 2 2 1 58 6073 6030 6074
10044 2 2 1 58 6075 6074 6014
10045 2 2 1 58 6013 6076 6073
10046 2 2 1 58 6076 6077 6073
10047 2 2 1 58 6076 6028 6077
10048 2 2 1 58 6073 6077 6030
10049 2 2 1 58 6022 6078 6080
10050 2 2 1 58 6078 6079 6080
10051 2 2 1 58 6078 6030 6079
10052 2 2 1 58 6080 6079 6021
10053 2 2 1 58 6028 6081 6077
10054 2 2 1 58 6081 6079 6077
10055 2 2 1 58 6081 6021 6079
10056 2 2 1 58 6077 6079 6030
10057 2 2 1 58 6028 6076 6083
10058 2 2 1 58 6076 6082 6083
10059 2 2 1 58 6076 6013 6082
10060 2 2 1 58 6083 6082 6012
10061 2 2 1 58 6028 6084 6081
10062 2 2 1 58 6084 6085 6081
10063 2 2 1 58 6084 6020 6085
10064 2 2 1 58 6081 6085 6021
10065 2 2 1 58 6027 6065 6086
10066 2 2 1 58 6065 6084 6086
10067 2 2 1 58 6065 6020 6084
10068 2 2 1 58 6086 6084 6028
10069 2 2 1 58 6012 6060 6083
10070 2 2 1 58 6060 6086 6083
10071 2 2 1 58 6060 6027 6086
10072 2 2 1 58 6083 6086 6028
10073 2 2 1 58 6015 6087 6088
10074 2 2 1 58 6087 6058 6088
10075 2 2 1 58 6087 6031 6058
10076 2 2 1 58 6088 6058 6016
10077 2 2 1 58 6015 6089 6087
10078 2 2 1 58 6089 6090 6087
10079 2 2 1 58 6089 6029 6090
10080 2 2 1 58 6087 6090 6031
10081 2 2 1 58 6024 6047 6092
10082 2 2 1 58 6047 6091 6092
10083 2 2 1 58 6047 6031 6091
10084 2 2 1 58 6092 6091 6023
10085 2 2 1 58 6029 6093 6090
10086 2 2 1 58 6093 6091 6090
10087 2 2 1 58 6093 6023 6091
10088 2 2 1 58 6090 6091 6031
10089 2 2 1 58 6029 6089 6095
10090 2 2 1 58 6089 6094 6095
10091 2 2 1 58 6089 6015 6094
10092 2 2 1 58 6095 6094 6014
10093 2 2 1 58 6029 6096 6093
10094 2 2 1 58 6096 6097 6093
10095 2 2 1 58 6096 6022 6097
10096 2 2 1 58 6093 6097 6023
10097 2 2 1 58 6030 6078 6098
10098 2 2 1 58 6078 6096 6098
10099 2 2 1 58 6078 6022 6096
10100 2 2 1 58 6098 6096 6029
10101 2 2 1 58 6014 6074 6095
10102 2 2 1 58 6074 6098 6095
10103 2 2 1 58 6074 6030 6098
10104 2 2 1 58 6095 6098 6029
10105 2 2 1 58 6025 6099 6072
10106 2 2 1 58 6099 6100 6072
10107 2 2 1 58 6099 6011 6100
10108 2 2 1 58 6072 6100 6010
10109 2 2 1 58 6025 6070 6102
10110 2 2 1 58 6070 6101 6102
10111 2 2 1 58 6070 6018 6101
10112 2 2 1 58 6102 6101 6019
10113 2 2 1 58 6032 6103 6039
10114 2 2 1 58 6103 6051 6039
10115 2 2 1 58 6103 6034 6051
10116 2 2 1 58 6039 6051 5445
10117 2 2 1 58 6032 6041 6103
10118 2 2 1 58 6041 6052 6103
10119 2 2 1 58 6041 6026 6052
10120 2 2 1 58 6103 6052 6034
10121 2 2 1 58 6035 6104 6057
10122 2 2 1 58 6104 6045 6057
10123 2 2 1 58 6104 6033 6045
10124 2 2 1 58 6057 6045 68
10125 2 2 1 58 6031 6046 6059
10126 2 2 1 58 6046 6104 6059
10127 2 2 1 58 6046 6033 6104
10128 2 2 1 58 6059 6104 6035
10129 2 2 1 58 6027 6062 6105
10130 2 2 1 58 6062 6099 6105
10131 2 2 1 58 6062 6011 6099
10132 2 2 1 58 6105 6099 6025
10133 2 2 1 58 6019 6063 6102
10134 2 2 1 58 6063 6105 6102
10135 2 2 1 58 6063 6027 6105
10136 2 2 1 58 6102 6105 6025
10137 2 2 1 59 6130 6137 6138
10138 2 2 1 59 6137 65 6138
10139 2 2 1 59 6137 63 65
10140 2 2 1 59 6138 65 62
10141 2 2 1 59 6130 6139 6141
10142 2 2 1 59 6139 6140 6141
10143 2 2 1 59 6139 6116 6140
10144 2 2 1 59 6141 6140 6126
10145 2 2 1 59 6116 6139 6142
10146 2 2 1 59 6139 6138 6142
10147 2 2 1 59 6139 6130 6138
10148 2 2 1 59 6142 6138 62
10149 2 2 1 59 63 6143 64
10150 2 2 1 59 6143 6144 64
10151 2 2 1 59 6143 6131 6144
10152 2 2 1 59 64 6144 61
10153 2 2 1 59 6108 6145 6147
10154 2 2 1 59 6145 6146 6147
10155 2 2 1 59 6145 6131 6146
10156 2 2 1 59 6147 6146 6126
10157 2 2 1 59 6131 6145 6144
10158 2 2 1 59 6145 6148 6144
10159 2 2 1 59 6145 6108 6148
10160 2 2 1 59 6144 6148 61
10161 2 2 1 59 6113 6149 6151
10162 2 2 1 59 6149 6150 6151
10163 2 2 1 59 6149 6129 6150
10164 2 2 1 59 6151 6150 6114
10165 2 2 1 59 6122 6152 6154
10166 2 2 1 59 6152 6153 6154
10167 2 2 1 59 6152 6129 6153
10168 2 2 1 59 6154 6153 6121
10169 2 2 1 59 6122 6155 6152
10170 2 2 1 59 6155 6156 6152
10171 2 2 1 59 6155 6125 6156
10172 2 2 1 59 6152 6156 6129
10173 2 2 1 59 6125 6157 6156
10174 2 2 1 59 6157 6150 6156
10175 2 2 1 59 6157 6114 6150
10176 2 2 1 59 6156 6150 6129
10177 2 2 1 59 6109 6158 6160
10178 2 2 1 59 6158 6159 6160
10179 2 2 1 59 6158 6128 6159
10180 2 2 1 59 6160 6159 6110
10181 2 2 1 59 6118 6161 6163
10182 2 2 1 59 6161 6162 6163
10183 2 2 1 59 6161 6128 6162
10184 2 2 1 59 6163 6162 6117
10185 2 2 1 59 6114 6157 6165
10186 2 2 1 59 6157 6164 6165
10187 2 2 1 59 6157 6125 6164
10188 2 2 1 59 6165 6164 6115
10189 2 2 1 59 6123 6166 6167
10190 2 2 1 59 6166 6155 6167
10191 2 2 1 59 6166 6125 6155
10192 2 2 1 59 6167 6155 6122
10193 2 2 1 59 6108 6147 6169
10194 2 2 1 59 6147 6168 6169
10195 2 2 1 59 6147 6126 6168
10196 2 2 1 59 6169 6168 6109
10197 2 2 1 59 6117 6170 6171
10198 2 2 1 59 6170 6140 6171
10199 2 2 1 59 6170 6126 6140
10200 2 2 1 59 6171 6140 6116
10201 2 2 1 59 6127 6172 6174
10202 2 2 1 59 6172 6173 6174
10203 2 2 1 59 6172 6111 6173
10204 2 2 1 59 6174 6173 6110
10205 2 2 1 59 6127 6175 6177
10206 2 2 1 59 6175 6176 6177
10207 2 2 1 59 6175 6118 6176
10208 2 2 1 59 6177 6176 6119
10209 2 2 1 59 6128 6161 6178
10210 2 2 1 59 6161 6175 6178
10211 2 2 1 59 6161 6118 6175
10212 2 2 1 59 6178 6175 6127
10213 2 2 1 59 6110 6159 6174
10214 2 2 1 59 6159 6178 6174
10215 2 2 1 59 6159 6128 6178
10216 2 2 1 59 6174 6178 6127
10217 2 2 1 59 6130 6179 6137
10218 2 2 1 59 6179 6143 6137
10219 2 2 1 59 6179 6131 6143
10220 2 2 1 59 6137 6143 63
10221 2 2 1 59 6130 6141 6179
10222 2 2 1 59 6141 6146 6179
10223 2 2 1 59 6141 6126 6146
10224 2 2 1 59 6179 6146 6131
10225 2 2 1 59 6132 6180 6182
10226 2 2 1 59 6180 6181 6182
10227 2 2 1 59 6180 6119 6181
10228 2 2 1 59 6182 6181 6120
10229 2 2 1 59 6119 6180 6177
10230 2 2 1 59 6180 6183 6177
10231 2 2 1 59 6180 6132 6183
10232 2 2 1 59 6177 6183 6127
10233 2 2 1 59 6111 6184 6186
10234 2 2 1 59 6184 6185 6186
10235 2 2 1 59 6184 6133 6185
10236 2 2 1 59 6186 6185 6112
10237 2 2 1 59 6133 6184 6187
10238 2 2 1 59 6184 6172 6187
10239 2 2 1 59 6184 6111 6172
10240 2 2 1 59 6187 6172 6127
10241 2 2 1 59 6121 6188 6190
10242 2 2 1 59 6188 6189 6190
10243 2 2 1 59 6188 6134 6189
10244 2 2 1 59 6190 6189 6120
10245 2 2 1 59 6134 6188 6191
10246 2 2 1 59 6188 6153 6191
10247 2 2 1 59 6188 6121 6153
10248 2 2 1 59 6191 6153 6129
10249 2 2 1 59 6135 6192 6194
10250 2 2 1 59 6192 6193 6194
10251 2 2 1 59 6192 6113 6193
10252 2 2 1 59 6194 6193 6112
10253 2 2 1 59 6113 6192 6149
10254 2 2 1 59 6192 6195 6149
10255 2 2 1 59 6192 6135 6195
10256 2 2 1 59 6149 6195 6129
10257 2 2 1 59 6133 6196 6185
10258 2 2 1 59 6196 6194 6185
10259 2 2 1 59 6196 6135 6194
10260 2 2 1 59 6185 6194 6112
10261 2 2 1 59 6134 6197 6189
10262 2 2 1 59 6197 6182 6189
10263 2 2 1 59 6197 6132 6182
10264 2 2 1 59 6189 6182 6120
10265 2 2 1 59 6132 6198 6183
10266 2 2 1 59 6198 6187 6183
10267 2 2 1 59 6198 6133 6187
10268 2 2 1 59 6183 6187 6127
10269 2 2 1 59 6135 6199 6195
10270 2 2 1 59 6199 6191 6195
10271 2 2 1 59 6199 6134 6191
10272 2 2 1 59 6195 6191 6129
10273 2 2 1 59 6128 6158 6200
10274 2 2 1 59 6158 6168 6200
10275 2 2 1 59 6158 6109 6168
10276 2 2 1 59 6200 6168 6126
10277 2 2 1 59 6117 6162 6170
10278 2 2 1 59 6162 6200 6170
10279 2 2 1 59 6162 6128 6200
10280 2 2 1 59 6170 6200 6126
10281 2 2 1 59 6132 6197 6198
10282 2 2 1 59 6197 6201 6198
10283 2 2 1 59 6197 6134 6201
10284 2 2 1 59 6198 6201 6133
10285 2 2 1 59 6133 6201 6196
10286 2 2 1 59 6201 6199 6196
10287 2 2 1 59 6201 6134 6199
10288 2 2 1 59 6196 6199 6135
10289 2 2 1 59 6123 6202 6166
10290 2 2 1 59 6202 6203 6166
10291 2 2 1 59 6202 6136 6203
10292 2 2 1 59 6166 6203 6125
10293 2 2 1 59 6136 6202 6205
10294 2 2 1 59 6202 6204 6205
10295 2 2 1 59 6202 6123 6204
10296 2 2 1 59 6205 6204 6107
10297 2 2 1 59 6124 6206 6207
10298 2 2 1 59 6206 6205 6207
10299 2 2 1 59 6206 6136 6205
10300 2 2 1 59 6207 6205 6107
10301 2 2 1 59 6136 6208 6203
10302 2 2 1 59 6208 6164 6203
10303 2 2 1 59 6208 6115 6164
10304 2 2 1 59 6203 6164 6125
10305 2 2 1 59 6115 6208 6210
10306 2 2 1 59 6208 6209 6210
10307 2 2 1 59 6208 6136 6209
10308 2 2 1 59 6210 6209 6106
10309 2 2 1 59 6136 6206 6209
10310 2 2 1 59 6206 6211 6209
10311 2 2 1 59 6206 6124 6211
10312 2 2 1 59 6209 6211 6106
10313 2 2 1 60 6236 6242 6243
10314 2 2 1 60 6242 70 6243
10315 2 2 1 60 6242 68 70
10316 2 2 1 60 6243 70 67
10317 2 2 1 60 6236 6244 6246
10318 2 2 1 60 6244 6245 6246
10319 2 2 1 60 6244 6222 6245
10320 2 2 1 60 6246 6245 6232
10321 2 2 1 60 6222 6244 6247
10322 2 2 1 60 6244 6243 6247
10323 2 2 1 60 6244 6236 6243
10324 2 2 1 60 6247 6243 67
10325 2 2 1 60 68 6248 69
10326 2 2 1 60 6248 6249 69
10327 2 2 1 60 6248 6237 6249
10328 2 2 1 60 69 6249 66
10329 2 2 1 60 6214 6250 6252
10330 2 2 1 60 6250 6251 6252
10331 2 2 1 60 6250 6237 6251
10332 2 2 1 60 6252 6251 6232
10333 2 2 1 60 6237 6250 6249
10334 2 2 1 60 6250 6253 6249
10335 2 2 1 60 6250 6214 6253
10336 2 2 1 60 6249 6253 66
10337 2 2 1 60 6219 6254 6256
10338 2 2 1 60 6254 6255 6256
10339 2 2 1 60 6254 6235 6255
10340 2 2 1 60 6256 6255 6220
10341 2 2 1 60 6228 6257 6259
10342 2 2 1 60 6257 6258 6259
10343 2 2 1 60 6257 6235 6258
10344 2 2 1 60 6259 6258 6227
10345 2 2 1 60 6228 6260 6257
10346 2 2 1 60 6260 6261 6257
10347 2 2 1 60 6260 6231 6261
10348 2 2 1 60 6257 6261 6235
10349 2 2 1 60 6231 6262 6261
10350 2 2 1 60 6262 6255 6261
10351 2 2 1 60 6262 6220 6255
10352 2 2 1 60 6261 6255 6235
10353 2 2 1 60 6215 6263 6265
10354 2 2 1 60 6263 6264 6265
10355 2 2 1 60 6263 6234 6264
10356 2 2 1 60 6265 6264 6216
10357 2 2 1 60 6224 6266 6268
10358 2 2 1 60 6266 6267 6268
10359 2 2 1 60 6266 6234 6267
10360 2 2 1 60 6268 6267 6223
10361 2 2 1 60 6220 6262 6270
10362 2 2 1 60 6262 6269 6270
10363 2 2 1 60 6262 6231 6269
10364 2 2 1 60 6270 6269 6221
10365 2 2 1 60 6229 6271 6272
10366 2 2 1 60 6271 6260 6272
10367 2 2 1 60 6271 6231 6260
10368 2 2 1 60 6272 6260 6228
10369 2 2 1 60 6214 6252 6274
10370 2 2 1 60 6252 6273 6274
10371 2 2 1 60 6252 6232 6273
10372 2 2 1 60 6274 6273 6215
10373 2 2 1 60 6223 6275 6276
10374 2 2 1 60 6275 6245 6276
10375 2 2 1 60 6275 6232 6245
10376 2 2 1 60 6276 6245 6222
10377 2 2 1 60 6233 6277 6279
10378 2 2 1 60 6277 6278 6279
10379 2 2 1 60 6277 6217 6278
10380 2 2 1 60 6279 6278 6216
10381 2 2 1 60 6233 6280 6282
10382 2 2 1 60 6280 6281 6282
10383 2 2 1 60 6280 6224 6281
10384 2 2 1 60 6282 6281 6225
10385 2 2 1 60 6234 6266 6283
10386 2 2 1 60 6266 6280 6283
10387 2 2 1 60 6266 6224 6280
10388 2 2 1 60 6283 6280 6233
10389 2 2 1 60 6216 6264 6279
10390 2 2 1 60 6264 6283 6279
10391 2 2 1 60 6264 6234 6283
10392 2 2 1 60 6279 6283 6233
10393 2 2 1 60 6236 6284 6242
10394 2 2 1 60 6284 6248 6242
10395 2 2 1 60 6284 6237 6248
10396 2 2 1 60 6242 6248 68
10397 2 2 1 60 6236 6246 6284
10398 2 2 1 60 6246 6251 6284
10399 2 2 1 60 6246 6232 6251
10400 2 2 1 60 6284 6251 6237
10401 2 2 1 60 6239 6285 6287
10402 2 2 1 60 6285 6286 6287
10403 2 2 1 60 6285 6225 6286
10404 2 2 1 60 6287 6286 6226
10405 2 2 1 60 6225 6285 6282
10406 2 2 1 60 6285 6288 6282
10407 2 2 1 60 6285 6239 6288
10408 2 2 1 60 6282 6288 6233
10409 2 2 1 60 6238 6289 6291
10410 2 2 1 60 6289 6290 6291
10411 2 2 1 60 6289 6219 6290
10412 2 2 1 60 6291 6290 6218
10413 2 2 1 60 6219 6289 6254
10414 2 2 1 60 6289 6292 6254
10415 2 2 1 60 6289 6238 6292
10416 2 2 1 60 6254 6292 6235
10417 2 2 1 60 6227 6293 6295
10418 2 2 1 60 6293 6294 6295
10419 2 2 1 60 6293 6238 6294
10420 2 2 1 60 6295 6294 6226
10421 2 2 1 60 6238 6293 6292
10422 2 2 1 60 6293 6258 6292
10423 2 2 1 60 6293 6227 6258
10424 2 2 1 60 6292 6258 6235
10425 2 2 1 60 6234 6263 6296
10426 2 2 1 60 6263 6273 6296
10427 2 2 1 60 6263 6215 6273
10428 2 2 1 60 6296 6273 6232
10429 2 2 1 60 6223 6267 6275
10430 2 2 1 60 6267 6296 6275
10431 2 2 1 60 6267 6234 6296
10432 2 2 1 60 6275 6296 6232
10433 2 2 1 60 6217 6297 6299
10434 2 2 1 60 6297 6298 6299
10435 2 2 1 60 6297 6239 6298
10436 2 2 1 60 6299 6298 6218
10437 2 2 1 60 6239 6297 6288
10438 2 2 1 60 6297 6277 6288
10439 2 2 1 60 6297 6217 6277
10440 2 2 1 60 6288 6277 6233
10441 2 2 1 60 6218 6298 6291
10442 2 2 1 60 6298 6300 6291
10443 2 2 1 60 6298 6239 6300
10444 2 2 1 60 6291 6300 6238
10445 2 2 1 60 6239 6287 6300
10446 2 2 1 60 6287 6294 6300
10447 2 2 1 60 6287 6226 6294
10448 2 2 1 60 6300 6294 6238
10449 2 2 1 60 6240 6301 6303
10450 2 2 1 60 6301 6302 6303
10451 2 2 1 60 6301 6229 6302
10452 2 2 1 60 6303 6302 6213
10453 2 2 1 60 6230 6304 6305
10454 2 2 1 60 6304 6303 6305
10455 2 2 1 60 6304 6240 6303
10456 2 2 1 60 6305 6303 6213
10457 2 2 1 60 6229 6301 6271
10458 2 2 1 60 6301 6306 6271
10459 2 2 1 60 6301 6240 6306
10460 2 2 1 60 6271 6306 6231
10461 2 2 1 60 6221 6307 6309
10462 2 2 1 60 6307 6308 6309
10463 2 2 1 60 6307 6241 6308
10464 2 2 1 60 6309 6308 6212
10465 2 2 1 60 6241 6310 6308
10466 2 2 1 60 6310 6311 6308
10467 2 2 1 60 6310 6230 6311
10468 2 2 1 60 6308 6311 6212
10469 2 2 1 60 6241 6307 6312
10470 2 2 1 60 6307 6269 6312
10471 2 2 1 60 6307 6221 6269
10472 2 2 1 60 6312 6269 6231
10473 2 2 1 60 6241 6313 6310
10474 2 2 1 60 6313 6304 6310
10475 2 2 1 60 6313 6240 6304
10476 2 2 1 60 6310 6304 6230
10477 2 2 1 60 6231 6306 6312
10478 2 2 1 60 6306 6313 6312
10479 2 2 1 60 6306 6240 6313
10480 2 2 1 60 6312 6313 6241
10481 2 2 1 61 6317 6322 6324
10482 2 2 1 61 6322 6323 6324
10483 2 2 1 61 6322 6319 6323
10484 2 2 1 61 6324 6323 6107
10485 2 2 1 61 6319 6325 6323
10486 2 2 1 61 6325 6207 6323
10487 2 2 1 61 6325 6124 6207
10488 2 2 1 61 6323 6207 6107
10489 2 2 1 61 6319 6322 6327
10490 2 2 1 61 6322 6326 6327
10491 2 2 1 61 6322 6317 6326
10492 2 2 1 61 6327 6326 6315
10493 2 2 1 61 6318 6328 6329
10494 2 2 1 61 6328 6327 6329
10495 2 2 1 61 6328 6319 6327
10496 2 2 1 61 6329 6327 6315
10497 2 2 1 61 6320 6330 6332
10498 2 2 1 61 6330 6331 6332
10499 2 2 1 61 6330 6318 6331
10500 2 2 1 61 6332 6331 6314
10501 2 2 1 61 6318 6330 6328
10502 2 2 1 61 6330 6333 6328
10503 2 2 1 61 6330 6320 6333
10504 2 2 1 61 6328 6333 6319
10505 2 2 1 61 6316 6334 6335
10506 2 2 1 61 6334 6332 6335
10507 2 2 1 61 6334 6320 6332
10508 2 2 1 61 6335 6332 6314
10509 2 2 1 61 6321 6336 6338
10510 2 2 1 61 6336 6337 6338
10511 2 2 1 61 6336 6316 6337
10512 2 2 1 61 6338 6337 6106
10513 2 2 1 61 6321 6339 6340
10514 2 2 1 61 6339 6325 6340
10515 2 2 1 61 6339 6124 6325
10516 2 2 1 61 6340 6325 6319
10517 2 2 1 61 6124 6339 6211
10518 2 2 1 61 6339 6338 6211
10519 2 2 1 61 6339 6321 6338
10520 2 2 1 61 6211 6338 6106
10521 2 2 1 61 6321 6341 6336
10522 2 2 1 61 6341 6334 6336
10523 2 2 1 61 6341 6320 6334
10524 2 2 1 61 6336 6334 6316
10525 2 2 1 61 6319 6333 6340
10526 2 2 1 61 6333 6341 6340
10527 2 2 1 61 6333 6320 6341
10528 2 2 1 61 6340 6341 6321
10529 2 2 1 62 6345 6350 6352
10530 2 2 1 62 6350 6351 6352
10531 2 2 1 62 6350 6347 6351
10532 2 2 1 62 6352 6351 6213
10533 2 2 1 62 6347 6353 6351
10534 2 2 1 62 6353 6305 6351
10535 2 2 1 62 6353 6230 6305
10536 2 2 1 62 6351 6305 6213
10537 2 2 1 62 6347 6350 6355
10538 2 2 1 62 6350 6354 6355
10539 2 2 1 62 6350 6345 6354
10540 2 2 1 62 6355 6354 6343
10541 2 2 1 62 6346 6356 6357
10542 2 2 1 62 6356 6355 6357
10543 2 2 1 62 6356 6347 6355
10544 2 2 1 62 6357 6355 6343
10545 2 2 1 62 6348 6358 6360
10546 2 2 1 62 6358 6359 6360
10547 2 2 1 62 6358 6346 6359
10548 2 2 1 62 6360 6359 6342
10549 2 2 1 62 6346 6358 6356
10550 2 2 1 62 6358 6361 6356
10551 2 2 1 62 6358 6348 6361
10552 2 2 1 62 6356 6361 6347
10553 2 2 1 62 6344 6362 6363
10554 2 2 1 62 6362 6360 6363
10555 2 2 1 62 6362 6348 6360
10556 2 2 1 62 6363 6360 6342
10557 2 2 1 62 6349 6364 6366
10558 2 2 1 62 6364 6365 6366
10559 2 2 1 62 6364 6344 6365
10560 2 2 1 62 6366 6365 6212
10561 2 2 1 62 6349 6367 6368
10562 2 2 1 62 6367 6353 6368
10563 2 2 1 62 6367 6230 6353
10564 2 2 1 62 6368 6353 6347
10565 2 2 1 62 6230 6367 6311
10566 2 2 1 62 6367 6366 6311
10567 2 2 1 62 6367 6349 6366
10568 2 2 1 62 6311 6366 6212
10569 2 2 1 62 6349 6369 6364
10570 2 2 1 62 6369 6362 6364
10571 2 2 1 62 6369 6348 6362
10572 2 2 1 62 6364 6362 6344
10573 2 2 1 62 6347 6361 6368
10574 2 2 1 62 6361 6369 6368
10575 2 2 1 62 6361 6348 6369
10576 2 2 1 62 6368 6369 6349
10577 2 2 1 63 6419 6432 6434
10578 2 2 1 63 6432 6433 6434
10579 2 2 1 63 6432 6381 6433
10580 2 2 1 63 6434 6433 6382
10581 2 2 1 63 6415 6435 6436
10582 2 2 1 63 6435 6432 6436
10583 2 2 1 63 6435 6381 6432
10584 2 2 1 63 6436 6432 6419
10585 2 2 1 63 6419 6437 6439
10586 2 2 1 63 6437 6438 6439
10587 2 2 1 63 6437 6401 6438
10588 2 2 1 63 6439 6438 6400
10589 2 2 1 63 6400 6440 6439
10590 2 2 1 63 6440 6436 6439
10591 2 2 1 63 6440 6415 6436
10592 2 2 1 63 6439 6436 6419
10593 2 2 1 63 6416 6441 6443
10594 2 2 1 63 6441 6442 6443
10595 2 2 1 63 6441 6375 6442
10596 2 2 1 63 6443 6442 6376
10597 2 2 1 63 6416 6444 6446
10598 2 2 1 63 6444 6445 6446
10599 2 2 1 63 6444 6395 6445
10600 2 2 1 63 6446 6445 6394
10601 2 2 1 63 6414 6447 6448
10602 2 2 1 63 6447 6444 6448
10603 2 2 1 63 6447 6395 6444
10604 2 2 1 63 6448 6444 6416
10605 2 2 1 63 6376 6449 6443
10606 2 2 1 63 6449 6448 6443
10607 2 2 1 63 6449 6414 6448
10608 2 2 1 63 6443 6448 6416
10609 2 2 1 63 6423 6450 6452
10610 2 2 1 63 6450 6451 6452
10611 2 2 1 63 6450 6388 6451
10612 2 2 1 63 6452 6451 6389
10613 2 2 1 63 6420 6453 6454
10614 2 2 1 63 6453 6450 6454
10615 2 2 1 63 6453 6388 6450
10616 2 2 1 63 6454 6450 6423
10617 2 2 1 63 6423 6455 6457
10618 2 2 1 63 6455 6456 6457
10619 2 2 1 63 6455 6408 6456
10620 2 2 1 63 6457 6456 6407
10621 2 2 1 63 6407 6458 6457
10622 2 2 1 63 6458 6454 6457
10623 2 2 1 63 6458 6420 6454
10624 2 2 1 63 6457 6454 6423
10625 2 2 1 63 6380 6459 6461
10626 2 2 1 63 6459 6460 6461
10627 2 2 1 63 6459 6413 6460
10628 2 2 1 63 6461 6460 6379
10629 2 2 1 63 6398 6462 6464
10630 2 2 1 63 6462 6463 6464
10631 2 2 1 63 6462 6413 6463
10632 2 2 1 63 6464 6463 6399
10633 2 2 1 63 6418 6465 6467
10634 2 2 1 63 6465 6466 6467
10635 2 2 1 63 6465 6374 6466
10636 2 2 1 63 6467 6466 6375
10637 2 2 1 63 6418 6468 6470
10638 2 2 1 63 6468 6469 6470
10639 2 2 1 63 6468 6394 6469
10640 2 2 1 63 6470 6469 6393
10641 2 2 1 63 6416 6446 6471
10642 2 2 1 63 6446 6468 6471
10643 2 2 1 63 6446 6394 6468
10644 2 2 1 63 6471 6468 6418
10645 2 2 1 63 6375 6441 6467
10646 2 2 1 63 6441 6471 6467
10647 2 2 1 63 6441 6416 6471
10648 2 2 1 63 6467 6471 6418
10649 2 2 1 63 6383 6472 6474
10650 2 2 1 63 6472 6473 6474
10651 2 2 1 63 6472 6422 6473
10652 2 2 1 63 6474 6473 6382
10653 2 2 1 63 6401 6475 6477
10654 2 2 1 63 6475 6476 6477
10655 2 2 1 63 6475 6422 6476
10656 2 2 1 63 6477 6476 6402
10657 2 2 1 63 6401 6437 6475
10658 2 2 1 63 6437 6478 6475
10659 2 2 1 63 6437 6419 6478
10660 2 2 1 63 6475 6478 6422
10661 2 2 1 63 6419 6434 6478
10662 2 2 1 63 6434 6473 6478
10663 2 2 1 63 6434 6382 6473
10664 2 2 1 63 6478 6473 6422
10665 2 2 1 63 6415 6479 6435
10666 2 2 1 63 6479 6480 6435
10667 2 2 1 63 6479 6380 6480
10668 2 2 1 63 6435 6480 6381
10669 2 2 1 63 6415 6440 6482
10670 2 2 1 63 6440 6481 6482
10671 2 2 1 63 6440 6400 6481
10672 2 2 1 63 6482 6481 6399
10673 2 2 1 63 6390 6483 6485
10674 2 2 1 63 6483 6484 6485
10675 2 2 1 63 6483 6425 6484
10676 2 2 1 63 6485 6484 6389
10677 2 2 1 63 6408 6486 6488
10678 2 2 1 63 6486 6487 6488
10679 2 2 1 63 6486 6425 6487
10680 2 2 1 63 6488 6487 6409
10681 2 2 1 63 6408 6455 6486
10682 2 2 1 63 6455 6489 6486
10683 2 2 1 63 6455 6423 6489
10684 2 2 1 63 6486 6489 6425
10685 2 2 1 63 6423 6452 6489
10686 2 2 1 63 6452 6484 6489
10687 2 2 1 63 6452 6389 6484
10688 2 2 1 63 6489 6484 6425
10689 2 2 1 63 6384 6490 6492
10690 2 2 1 63 6490 6491 6492
10691 2 2 1 63 6490 6424 6491
10692 2 2 1 63 6492 6491 6383
10693 2 2 1 63 6402 6493 6495
10694 2 2 1 63 6493 6494 6495
10695 2 2 1 63 6493 6424 6494
10696 2 2 1 63 6495 6494 6403
10697 2 2 1 63 6402 6476 6493
10698 2 2 1 63 6476 6496 6493
10699 2 2 1 63 6476 6422 6496
10700 2 2 1 63 6493 6496 6424
10701 2 2 1 63 6422 6472 6496
10702 2 2 1 63 6472 6491 6496
10703 2 2 1 63 6472 6383 6491
10704 2 2 1 63 6496 6491 6424
10705 2 2 1 63 6387 6497 6499
10706 2 2 1 63 6497 6498 6499
10707 2 2 1 63 6497 6421 6498
10708 2 2 1 63 6499 6498 6386
10709 2 2 1 63 6405 6500 6502
10710 2 2 1 63 6500 6501 6502
10711 2 2 1 63 6500 6421 6501
10712 2 2 1 63 6502 6501 6406
10713 2 2 1 63 6377 6503 6504
10714 2 2 1 63 6503 6449 6504
10715 2 2 1 63 6503 6414 6449
10716 2 2 1 63 6504 6449 6376
10717 2 2 1 63 6377 6505 6503
10718 2 2 1 63 6505 6506 6503
10719 2 2 1 63 6505 6411 6506
10720 2 2 1 63 6503 6506 6414
10721 2 2 1 63 6395 6447 6508
10722 2 2 1 63 6447 6507 6508
10723 2 2 1 63 6447 6414 6507
10724 2 2 1 63 6508 6507 6396
10725 2 2 1 63 6411 6509 6506
10726 2 2 1 63 6509 6507 6506
10727 2 2 1 63 6509 6396 6507
10728 2 2 1 63 6506 6507 6414
10729 2 2 1 63 6417 6510 6512
10730 2 2 1 63 6510 6511 6512
10731 2 2 1 63 6510 6373 6511
10732 2 2 1 63 6512 6511 6374
10733 2 2 1 63 6417 6513 6515
10734 2 2 1 63 6513 6514 6515
10735 2 2 1 63 6513 6393 6514
10736 2 2 1 63 6515 6514 6392
10737 2 2 1 63 6418 6470 6516
10738 2 2 1 63 6470 6513 6516
10739 2 2 1 63 6470 6393 6513
10740 2 2 1 63 6516 6513 6417
10741 2 2 1 63 6374 6465 6512
10742 2 2 1 63 6465 6516 6512
10743 2 2 1 63 6465 6418 6516
10744 2 2 1 63 6512 6516 6417
10745 2 2 1 63 6411 6505 6518
10746 2 2 1 63 6505 6517 6518
10747 2 2 1 63 6505 6377 6517
10748 2 2 1 63 6518 6517 6378
10749 2 2 1 63 6411 6519 6509
10750 2 2 1 63 6519 6520 6509
10751 2 2 1 63 6519 6397 6520
10752 2 2 1 63 6509 6520 6396
10753 2 2 1 63 6412 6521 6522
10754 2 2 1 63 6521 6519 6522
10755 2 2 1 63 6521 6397 6519
10756 2 2 1 63 6522 6519 6411
10757 2 2 1 63 6378 6523 6518
10758 2 2 1 63 6523 6522 6518
10759 2 2 1 63 6523 6412 6522
10760 2 2 1 63 6518 6522 6411
10761 2 2 1 63 6379 6524 6525
10762 2 2 1 63 6524 6523 6525
10763 2 2 1 63 6524 6412 6523
10764 2 2 1 63 6525 6523 6378
10765 2 2 1 63 6379 6460 6524
10766 2 2 1 63 6460 6526 6524
10767 2 2 1 63 6460 6413 6526
10768 2 2 1 63 6524 6526 6412
10769 2 2 1 63 6397 6521 6528
10770 2 2 1 63 6521 6527 6528
10771 2 2 1 63 6521 6412 6527
10772 2 2 1 63 6528 6527 6398
10773 2 2 1 63 6413 6462 6526
10774 2 2 1 63 6462 6527 6526
10775 2 2 1 63 6462 6398 6527
10776 2 2 1 63 6526 6527 6412
10777 2 2 1 63 6420 6529 6453
10778 2 2 1 63 6529 6530 6453
10779 2 2 1 63 6529 6387 6530
10780 2 2 1 63 6453 6530 6388
10781 2 2 1 63 6421 6497 6531
10782 2 2 1 63 6497 6529 6531
10783 2 2 1 63 6497 6387 6529
10784 2 2 1 63 6531 6529 6420
10785 2 2 1 63 6420 6458 6533
10786 2 2 1 63 6458 6532 6533
10787 2 2 1 63 6458 6407 6532
10788 2 2 1 63 6533 6532 6406
10789 2 2 1 63 6406 6501 6533
10790 2 2 1 63 6501 6531 6533
10791 2 2 1 63 6501 6421 6531
10792 2 2 1 63 6533 6531 6420
10793 2 2 1 63 6403 6534 6536
10794 2 2 1 63 6534 6535 6536
10795 2 2 1 63 6534 6426 6535
10796 2 2 1 63 6536 6535 6404
10797 2 2 1 63 6426 6534 6537
10798 2 2 1 63 6534 6494 6537
10799 2 2 1 63 6534 6403 6494
10800 2 2 1 63 6537 6494 6424
10801 2 2 1 63 6404 6538 6540
10802 2 2 1 63 6538 6539 6540
10803 2 2 1 63 6538 6427 6539
10804 2 2 1 63 6540 6539 6405
10805 2 2 1 63 6428 6541 6543
10806 2 2 1 63 6541 6542 6543
10807 2 2 1 63 6541 6390 6542
10808 2 2 1 63 6543 6542 6391
10809 2 2 1 63 6390 6541 6483
10810 2 2 1 63 6541 6544 6483
10811 2 2 1 63 6541 6428 6544
10812 2 2 1 63 6483 6544 6425
10813 2 2 1 63 6413 6459 6545
10814 2 2 1 63 6459 6479 6545
10815 2 2 1 63 6459 6380 6479
10816 2 2 1 63 6545 6479 6415
10817 2 2 1 63 6399 6463 6482
10818 2 2 1 63 6463 6545 6482
10819 2 2 1 63 6463 6413 6545
10820 2 2 1 63 6482 6545 6415
10821 2 2 1 63 6427 6546 6539
10822 2 2 1 63 6546 6500 6539
10823 2 2 1 63 6546 6421 6500
10824 2 2 1 63 6539 6500 6405
10825 2 2 1 63 6409 6547 6549
10826 2 2 1 63 6547 6548 6549
10827 2 2 1 63 6547 6428 6548
10828 2 2 1 63 6549 6548 6410
10829 2 2 1 63 6428 6547 6544
10830 2 2 1 63 6547 6487 6544
10831 2 2 1 63 6547 6409 6487
10832 2 2 1 63 6544 6487 6425
10833 2 2 1 63 6426 6550 6552
10834 2 2 1 63 6550 6551 6552
10835 2 2 1 63 6550 6384 6551
10836 2 2 1 63 6552 6551 6385
10837 2 2 1 63 6384 6550 6490
10838 2 2 1 63 6550 6537 6490
10839 2 2 1 63 6550 6426 6537
10840 2 2 1 63 6490 6537 6424
10841 2 2 1 63 6427 6553 6555
10842 2 2 1 63 6553 6554 6555
10843 2 2 1 63 6553 6385 6554
10844 2 2 1 63 6555 6554 6386
10845 2 2 1 63 6421 6546 6498
10846 2 2 1 63 6546 6555 6498
10847 2 2 1 63 6546 6427 6555
10848 2 2 1 63 6498 6555 6386
10849 2 2 1 63 6385 6553 6552
10850 2 2 1 63 6553 6556 6552
10851 2 2 1 63 6553 6427 6556
10852 2 2 1 63 6552 6556 6426
10853 2 2 1 63 6427 6538 6556
10854 2 2 1 63 6538 6535 6556
10855 2 2 1 63 6538 6404 6535
10856 2 2 1 63 6556 6535 6426
10857 2 2 1 63 6429 6557 6558
10858 2 2 1 63 6557 6363 6558
10859 2 2 1 63 6557 6344 6363
10860 2 2 1 63 6558 6363 6342
10861 2 2 1 63 6410 6559 6560
10862 2 2 1 63 6559 6558 6560
10863 2 2 1 63 6559 6429 6558
10864 2 2 1 63 6560 6558 6342
10865 2 2 1 63 6344 6561 6365
10866 2 2 1 63 6561 6562 6365
10867 2 2 1 63 6561 6430 6562
10868 2 2 1 63 6365 6562 6212
10869 2 2 1 63 6430 6563 6562
10870 2 2 1 63 6563 6564 6562
10871 2 2 1 63 6563 6391 6564
10872 2 2 1 63 6562 6564 6212
10873 2 2 1 63 6344 6557 6561
10874 2 2 1 63 6557 6565 6561
10875 2 2 1 63 6557 6429 6565
10876 2 2 1 63 6561 6565 6430
10877 2 2 1 63 6428 6566 6548
10878 2 2 1 63 6566 6567 6548
10879 2 2 1 63 6566 6430 6567
10880 2 2 1 63 6548 6567 6410
10881 2 2 1 63 6430 6566 6563
10882 2 2 1 63 6566 6543 6563
10883 2 2 1 63 6566 6428 6543
10884 2 2 1 63 6563 6543 6391
10885 2 2 1 63 6429 6559 6565
10886 2 2 1 63 6559 6567 6565
10887 2 2 1 63 6559 6410 6567
10888 2 2 1 63 6565 6567 6430
10889 2 2 1 63 6431 6568 6570
10890 2 2 1 63 6568 6569 6570
10891 2 2 1 63 6568 6372 6569
10892 2 2 1 63 6570 6569 6370
10893 2 2 1 63 6373 6571 6572
10894 2 2 1 63 6571 6570 6572
10895 2 2 1 63 6571 6431 6570
10896 2 2 1 63 6572 6570 6370
10897 2 2 1 63 6431 6571 6573
10898 2 2 1 63 6571 6510 6573
10899 2 2 1 63 6571 6373 6510
10900 2 2 1 63 6573 6510 6417
10901 2 2 1 63 6372 6568 6575
10902 2 2 1 63 6568 6574 6575
10903 2 2 1 63 6568 6431 6574
10904 2 2 1 63 6575 6574 6371
10905 2 2 1 63 6431 6576 6574
10906 2 2 1 63 6576 6577 6574
10907 2 2 1 63 6576 6392 6577
10908 2 2 1 63 6574 6577 6371
10909 2 2 1 63 6392 6576 6515
10910 2 2 1 63 6576 6573 6515
10911 2 2 1 63 6576 6431 6573
10912 2 2 1 63 6515 6573 6417
10913 2 2 1 64 6587 6637 6639
10914 2 2 1 64 6637 6638 6639
10915 2 2 1 64 6637 6622 6638
10916 2 2 1 64 6639 6638 6586
10917 2 2 1 64 6605 6640 6642
10918 2 2 1 64 6640 6641 6642
10919 2 2 1 64 6640 6622 6641
10920 2 2 1 64 6642 6641 6606
10921 2 2 1 64 6605 6643 6640
10922 2 2 1 64 6643 6644 6640
10923 2 2 1 64 6643 6621 6644
10924 2 2 1 64 6640 6644 6622
10925 2 2 1 64 6621 6645 6644
10926 2 2 1 64 6645 6638 6644
10927 2 2 1 64 6645 6586 6638
10928 2 2 1 64 6644 6638 6622
10929 2 2 1 64 6626 6646 6648
10930 2 2 1 64 6646 6647 6648
10931 2 2 1 64 6646 6593 6647
10932 2 2 1 64 6648 6647 6594
10933 2 2 1 64 6623 6649 6650
10934 2 2 1 64 6649 6646 6650
10935 2 2 1 64 6649 6593 6646
10936 2 2 1 64 6650 6646 6626
10937 2 2 1 64 6626 6651 6653
10938 2 2 1 64 6651 6652 6653
10939 2 2 1 64 6651 6613 6652
10940 2 2 1 64 6653 6652 6612
10941 2 2 1 64 6612 6654 6653
10942 2 2 1 64 6654 6650 6653
10943 2 2 1 64 6654 6623 6650
10944 2 2 1 64 6653 6650 6626
10945 2 2 1 64 6588 6655 6657
10946 2 2 1 64 6655 6656 6657
10947 2 2 1 64 6655 6625 6656
10948 2 2 1 64 6657 6656 6587
10949 2 2 1 64 6606 6658 6660
10950 2 2 1 64 6658 6659 6660
10951 2 2 1 64 6658 6625 6659
10952 2 2 1 64 6660 6659 6607
10953 2 2 1 64 6606 6641 6658
10954 2 2 1 64 6641 6661 6658
10955 2 2 1 64 6641 6622 6661
10956 2 2 1 64 6658 6661 6625
10957 2 2 1 64 6622 6637 6661
10958 2 2 1 64 6637 6656 6661
10959 2 2 1 64 6637 6587 6656
10960 2 2 1 64 6661 6656 6625
10961 2 2 1 64 6621 6662 6645
10962 2 2 1 64 6662 6663 6645
10963 2 2 1 64 6662 6585 6663
10964 2 2 1 64 6645 6663 6586
10965 2 2 1 64 6617 6664 6665
10966 2 2 1 64 6664 6662 6665
10967 2 2 1 64 6664 6585 6662
10968 2 2 1 64 6665 6662 6621
10969 2 2 1 64 6621 6643 6667
10970 2 2 1 64 6643 6666 6667
10971 2 2 1 64 6643 6605 6666
10972 2 2 1 64 6667 6666 6604
10973 2 2 1 64 6604 6668 6667
10974 2 2 1 64 6668 6665 6667
10975 2 2 1 64 6668 6617 6665
10976 2 2 1 64 6667 6665 6621
10977 2 2 1 64 6629 6669 6671
10978 2 2 1 64 6669 6670 6671
10979 2 2 1 64 6669 6594 6670
10980 2 2 1 64 6671 6670 6595
10981 2 2 1 64 6626 6648 6672
10982 2 2 1 64 6648 6669 6672
10983 2 2 1 64 6648 6594 6669
10984 2 2 1 64 6672 6669 6629
10985 2 2 1 64 6629 6673 6675
10986 2 2 1 64 6673 6674 6675
10987 2 2 1 64 6673 6614 6674
10988 2 2 1 64 6675 6674 6613
10989 2 2 1 64 6613 6651 6675
10990 2 2 1 64 6651 6672 6675
10991 2 2 1 64 6651 6626 6672
10992 2 2 1 64 6675 6672 6629
10993 2 2 1 64 6627 6676 6678
10994 2 2 1 64 6676 6677 6678
10995 2 2 1 64 6676 6588 6677
10996 2 2 1 64 6678 6677 6589
10997 2 2 1 64 6625 6655 6679
10998 2 2 1 64 6655 6676 6679
10999 2 2 1 64 6655 6588 6676
11000 2 2 1 64 6679 6676 6627
11001 2 2 1 64 6627 6680 6682
11002 2 2 1 64 6680 6681 6682
11003 2 2 1 64 6680 6608 6681
11004 2 2 1 64 6682 6681 6607
11005 2 2 1 64 6607 6659 6682
11006 2 2 1 64 6659 6679 6682
11007 2 2 1 64 6659 6625 6679
11008 2 2 1 64 6682 6679 6627
11009 2 2 1 64 6617 6683 6664
11010 2 2 1 64 6683 6684 6664
11011 2 2 1 64 6683 6584 6684
11012 2 2 1 64 6664 6684 6585
11013 2 2 1 64 6619 6685 6686
11014 2 2 1 64 6685 6683 6686
11015 2 2 1 64 6685 6584 6683
11016 2 2 1 64 6686 6683 6617
11017 2 2 1 64 6617 6668 6688
11018 2 2 1 64 6668 6687 6688
11019 2 2 1 64 6668 6604 6687
11020 2 2 1 64 6688 6687 6603
11021 2 2 1 64 6603 6689 6688
11022 2 2 1 64 6689 6686 6688
11023 2 2 1 64 6689 6619 6686
11024 2 2 1 64 6688 6686 6617
11025 2 2 1 64 6583 6690 6692
11026 2 2 1 64 6690 6691 6692
11027 2 2 1 64 6690 6620 6691
11028 2 2 1 64 6692 6691 6582
11029 2 2 1 64 6601 6693 6695
11030 2 2 1 64 6693 6694 6695
11031 2 2 1 64 6693 6620 6694
11032 2 2 1 64 6695 6694 6602
11033 2 2 1 64 6601 6696 6693
11034 2 2 1 64 6696 6697 6693
11035 2 2 1 64 6696 6618 6697
11036 2 2 1 64 6693 6697 6620
11037 2 2 1 64 6618 6698 6697
11038 2 2 1 64 6698 6691 6697
11039 2 2 1 64 6698 6582 6691
11040 2 2 1 64 6697 6691 6620
11041 2 2 1 64 6628 6699 6701
11042 2 2 1 64 6699 6700 6701
11043 2 2 1 64 6699 6595 6700
11044 2 2 1 64 6701 6700 6596
11045 2 2 1 64 6629 6671 6702
11046 2 2 1 64 6671 6699 6702
11047 2 2 1 64 6671 6595 6699
11048 2 2 1 64 6702 6699 6628
11049 2 2 1 64 6628 6703 6705
11050 2 2 1 64 6703 6704 6705
11051 2 2 1 64 6703 6615 6704
11052 2 2 1 64 6705 6704 6614
11053 2 2 1 64 6614 6673 6705
11054 2 2 1 64 6673 6702 6705
11055 2 2 1 64 6673 6629 6702
11056 2 2 1 64 6705 6702 6628
11057 2 2 1 64 6623 6706 6649
11058 2 2 1 64 6706 6707 6649
11059 2 2 1 64 6706 6592 6707
11060 2 2 1 64 6649 6707 6593
11061 2 2 1 64 6624 6708 6709
11062 2 2 1 64 6708 6706 6709
11063 2 2 1 64 6708 6592 6706
11064 2 2 1 64 6709 6706 6623
11065 2 2 1 64 6623 6654 6711
11066 2 2 1 64 6654 6710 6711
11067 2 2 1 64 6654 6612 6710
11068 2 2 1 64 6711 6710 6611
11069 2 2 1 64 6611 6712 6711
11070 2 2 1 64 6712 6709 6711
11071 2 2 1 64 6712 6624 6709
11072 2 2 1 64 6711 6709 6623
11073 2 2 1 64 6584 6685 6714
11074 2 2 1 64 6685 6713 6714
11075 2 2 1 64 6685 6619 6713
11076 2 2 1 64 6714 6713 6583
11077 2 2 1 64 6602 6715 6716
11078 2 2 1 64 6715 6689 6716
11079 2 2 1 64 6715 6619 6689
11080 2 2 1 64 6716 6689 6603
11081 2 2 1 64 6602 6694 6715
11082 2 2 1 64 6694 6717 6715
11083 2 2 1 64 6694 6620 6717
11084 2 2 1 64 6715 6717 6619
11085 2 2 1 64 6620 6690 6717
11086 2 2 1 64 6690 6713 6717
11087 2 2 1 64 6690 6583 6713
11088 2 2 1 64 6717 6713 6619
11089 2 2 1 64 6579 6718 6720
11090 2 2 1 64 6718 6719 6720
11091 2 2 1 64 6718 6616 6719
11092 2 2 1 64 6720 6719 6578
11093 2 2 1 64 6597 6721 6723
11094 2 2 1 64 6721 6722 6723
11095 2 2 1 64 6721 6616 6722
11096 2 2 1 64 6723 6722 6598
11097 2 2 1 64 6618 6724 6698
11098 2 2 1 64 6724 6725 6698
11099 2 2 1 64 6724 6581 6725
11100 2 2 1 64 6698 6725 6582
11101 2 2 1 64 6618 6696 6727
11102 2 2 1 64 6696 6726 6727
11103 2 2 1 64 6696 6601 6726
11104 2 2 1 64 6727 6726 6600
11105 2 2 1 64 6591 6728 6730
11106 2 2 1 64 6728 6729 6730
11107 2 2 1 64 6728 6630 6729
11108 2 2 1 64 6730 6729 6590
11109 2 2 1 64 6631 6731 6733
11110 2 2 1 64 6731 6732 6733
11111 2 2 1 64 6731 6589 6732
11112 2 2 1 64 6733 6732 6590
11113 2 2 1 64 6589 6731 6678
11114 2 2 1 64 6731 6734 6678
11115 2 2 1 64 6731 6631 6734
11116 2 2 1 64 6678 6734 6627
11117 2 2 1 64 6632 6735 6737
11118 2 2 1 64 6735 6736 6737
11119 2 2 1 64 6735 6579 6736
11120 2 2 1 64 6737 6736 6580
11121 2 2 1 64 6581 6738 6740
11122 2 2 1 64 6738 6739 6740
11123 2 2 1 64 6738 6633 6739
11124 2 2 1 64 6740 6739 6580
11125 2 2 1 64 6633 6741 6742
11126 2 2 1 64 6741 6727 6742
11127 2 2 1 64 6741 6618 6727
11128 2 2 1 64 6742 6727 6600
11129 2 2 1 64 6618 6741 6724
11130 2 2 1 64 6741 6738 6724
11131 2 2 1 64 6741 6633 6738
11132 2 2 1 64 6724 6738 6581
11133 2 2 1 64 6632 6743 6735
11134 2 2 1 64 6743 6718 6735
11135 2 2 1 64 6743 6616 6718
11136 2 2 1 64 6735 6718 6579
11137 2 2 1 64 6616 6743 6722
11138 2 2 1 64 6743 6744 6722
11139 2 2 1 64 6743 6632 6744
11140 2 2 1 64 6722 6744 6598
11141 2 2 1 64 6630 6745 6747
11142 2 2 1 64 6745 6746 6747
11143 2 2 1 64 6745 6610 6746
11144 2 2 1 64 6747 6746 6609
11145 2 2 1 64 6630 6748 6729
11146 2 2 1 64 6748 6733 6729
11147 2 2 1 64 6748 6631 6733
11148 2 2 1 64 6729 6733 6590
11149 2 2 1 64 6608 6749 6751
11150 2 2 1 64 6749 6750 6751
11151 2 2 1 64 6749 6631 6750
11152 2 2 1 64 6751 6750 6609
11153 2 2 1 64 6631 6749 6734
11154 2 2 1 64 6749 6680 6734
11155 2 2 1 64 6749 6608 6680
11156 2 2 1 64 6734 6680 6627
11157 2 2 1 64 6631 6748 6750
11158 2 2 1 64 6748 6747 6750
11159 2 2 1 64 6748 6630 6747
11160 2 2 1 64 6750 6747 6609
11161 2 2 1 64 6633 6742 6753
11162 2 2 1 64 6742 6752 6753
11163 2 2 1 64 6742 6600 6752
11164 2 2 1 64 6753 6752 6599
11165 2 2 1 64 6633 6754 6739
11166 2 2 1 64 6754 6737 6739
11167 2 2 1 64 6754 6632 6737
11168 2 2 1 64 6739 6737 6580
11169 2 2 1 64 6624 6755 6708
11170 2 2 1 64 6755 6756 6708
11171 2 2 1 64 6755 6591 6756
11172 2 2 1 64 6708 6756 6592
11173 2 2 1 64 6630 6728 6757
11174 2 2 1 64 6728 6755 6757
11175 2 2 1 64 6728 6591 6755
11176 2 2 1 64 6757 6755 6624
11177 2 2 1 64 6624 6712 6759
11178 2 2 1 64 6712 6758 6759
11179 2 2 1 64 6712 6611 6758
11180 2 2 1 64 6759 6758 6610
11181 2 2 1 64 6610 6745 6759
11182 2 2 1 64 6745 6757 6759
11183 2 2 1 64 6745 6630 6757
11184 2 2 1 64 6759 6757 6624
11185 2 2 1 64 6598 6744 6761
11186 2 2 1 64 6744 6760 6761
11187 2 2 1 64 6744 6632 6760
11188 2 2 1 64 6761 6760 6599
11189 2 2 1 64 6632 6754 6760
11190 2 2 1 64 6754 6753 6760
11191 2 2 1 64 6754 6633 6753
11192 2 2 1 64 6760 6753 6599
11193 2 2 1 64 6372 6762 6569
11194 2 2 1 64 6762 6763 6569
11195 2 2 1 64 6762 6634 6763
11196 2 2 1 64 6569 6763 6370
11197 2 2 1 64 6634 6764 6763
11198 2 2 1 64 6764 6765 6763
11199 2 2 1 64 6764 6596 6765
11200 2 2 1 64 6763 6765 6370
11201 2 2 1 64 6596 6764 6701
11202 2 2 1 64 6764 6766 6701
11203 2 2 1 64 6764 6634 6766
11204 2 2 1 64 6701 6766 6628
11205 2 2 1 64 6634 6762 6767
11206 2 2 1 64 6762 6575 6767
11207 2 2 1 64 6762 6372 6575
11208 2 2 1 64 6767 6575 6371
11209 2 2 1 64 6615 6768 6769
11210 2 2 1 64 6768 6767 6769
11211 2 2 1 64 6768 6634 6767
11212 2 2 1 64 6769 6767 6371
11213 2 2 1 64 6634 6768 6766
11214 2 2 1 64 6768 6703 6766
11215 2 2 1 64 6768 6615 6703
11216 2 2 1 64 6766 6703 6628
11217 2 2 1 64 6317 6770 6326
11218 2 2 1 64 6770 6771 6326
11219 2 2 1 64 6770 6635 6771
11220 2 2 1 64 6326 6771 6315
11221 2 2 1 64 6635 6772 6771
11222 2 2 1 64 6772 6773 6771
11223 2 2 1 64 6772 6597 6773
11224 2 2 1 64 6771 6773 6315
11225 2 2 1 64 6636 6774 6775
11226 2 2 1 64 6774 6324 6775
11227 2 2 1 64 6774 6317 6324
11228 2 2 1 64 6775 6324 6107
11229 2 2 1 64 6578 6776 6777
11230 2 2 1 64 6776 6775 6777
11231 2 2 1 64 6776 6636 6775
11232 2 2 1 64 6777 6775 6107
11233 2 2 1 64 6635 6770 6778
11234 2 2 1 64 6770 6774 6778
11235 2 2 1 64 6770 6317 6774
11236 2 2 1 64 6778 6774 6636
11237 2 2 1 64 6636 6779 6780
11238 2 2 1 64 6779 6721 6780
11239 2 2 1 64 6779 6616 6721
11240 2 2 1 64 6780 6721 6597
11241 2 2 1 64 6616 6779 6719
11242 2 2 1 64 6779 6776 6719
11243 2 2 1 64 6779 6636 6776
11244 2 2 1 64 6719 6776 6578
11245 2 2 1 64 6597 6772 6780
11246 2 2 1 64 6772 6778 6780
11247 2 2 1 64 6772 6635 6778
11248 2 2 1 64 6780 6778 6636
11249 2 2 1 65 6789 6807 6809
11250 2 2 1 65 6807 6808 6809
11251 2 2 1 65 6807 6802 6808
11252 2 2 1 65 6809 6808 6315
11253 2 2 1 65 6802 6810 6808
11254 2 2 1 65 6810 6329 6808
11255 2 2 1 65 6810 6318 6329
11256 2 2 1 65 6808 6329 6315
11257 2 2 1 65 6802 6807 6812
11258 2 2 1 65 6807 6811 6812
11259 2 2 1 65 6807 6789 6811
11260 2 2 1 65 6812 6811 6797
11261 2 2 1 65 6803 6813 6815
11262 2 2 1 65 6813 6814 6815
11263 2 2 1 65 6813 6796 6814
11264 2 2 1 65 6815 6814 72
11265 2 2 1 65 73 6816 75
11266 2 2 1 65 6816 6815 75
11267 2 2 1 65 6816 6803 6815
11268 2 2 1 65 75 6815 72
11269 2 2 1 65 6804 6817 6819
11270 2 2 1 65 6817 6818 6819
11271 2 2 1 65 6817 6781 6818
11272 2 2 1 65 6819 6818 6314
11273 2 2 1 65 6318 6820 6331
11274 2 2 1 65 6820 6819 6331
11275 2 2 1 65 6820 6804 6819
11276 2 2 1 65 6331 6819 6314
11277 2 2 1 65 6781 6817 6822
11278 2 2 1 65 6817 6821 6822
11279 2 2 1 65 6817 6804 6821
11280 2 2 1 65 6822 6821 6797
11281 2 2 1 65 6783 6823 6825
11282 2 2 1 65 6823 6824 6825
11283 2 2 1 65 6823 6799 6824
11284 2 2 1 65 6825 6824 6784
11285 2 2 1 65 6792 6826 6828
11286 2 2 1 65 6826 6827 6828
11287 2 2 1 65 6826 6799 6827
11288 2 2 1 65 6828 6827 6791
11289 2 2 1 65 6798 6829 6831
11290 2 2 1 65 6829 6830 6831
11291 2 2 1 65 6829 6783 6830
11292 2 2 1 65 6831 6830 6782
11293 2 2 1 65 6798 6832 6834
11294 2 2 1 65 6832 6833 6834
11295 2 2 1 65 6832 6790 6833
11296 2 2 1 65 6834 6833 6791
11297 2 2 1 65 6801 6835 6837
11298 2 2 1 65 6835 6836 6837
11299 2 2 1 65 6835 6786 6836
11300 2 2 1 65 6837 6836 6785
11301 2 2 1 65 6801 6838 6840
11302 2 2 1 65 6838 6839 6840
11303 2 2 1 65 6838 6793 6839
11304 2 2 1 65 6840 6839 6794
11305 2 2 1 65 6800 6841 6842
11306 2 2 1 65 6841 6838 6842
11307 2 2 1 65 6841 6793 6838
11308 2 2 1 65 6842 6838 6801
11309 2 2 1 65 6785 6843 6837
11310 2 2 1 65 6843 6842 6837
11311 2 2 1 65 6843 6800 6842
11312 2 2 1 65 6837 6842 6801
11313 2 2 1 65 6784 6844 6845
11314 2 2 1 65 6844 6843 6845
11315 2 2 1 65 6844 6800 6843
11316 2 2 1 65 6845 6843 6785
11317 2 2 1 65 6784 6824 6844
11318 2 2 1 65 6824 6846 6844
11319 2 2 1 65 6824 6799 6846
11320 2 2 1 65 6844 6846 6800
11321 2 2 1 65 6793 6841 6848
11322 2 2 1 65 6841 6847 6848
11323 2 2 1 65 6841 6800 6847
11324 2 2 1 65 6848 6847 6792
11325 2 2 1 65 6799 6826 6846
11326 2 2 1 65 6826 6847 6846
11327 2 2 1 65 6826 6792 6847
11328 2 2 1 65 6846 6847 6800
11329 2 2 1 65 6781 6822 6850
11330 2 2 1 65 6822 6849 6850
11331 2 2 1 65 6822 6797 6849
11332 2 2 1 65 6850 6849 6782
11333 2 2 1 65 6790 6851 6852
11334 2 2 1 65 6851 6811 6852
11335 2 2 1 65 6851 6797 6811
11336 2 2 1 65 6852 6811 6789
11337 2 2 1 65 6790 6832 6851
11338 2 2 1 65 6832 6853 6851
11339 2 2 1 65 6832 6798 6853
11340 2 2 1 65 6851 6853 6797
11341 2 2 1 65 6798 6831 6853
11342 2 2 1 65 6831 6849 6853
11343 2 2 1 65 6831 6782 6849
11344 2 2 1 65 6853 6849 6797
11345 2 2 1 65 6802 6854 6810
11346 2 2 1 65 6854 6820 6810
11347 2 2 1 65 6854 6804 6820
11348 2 2 1 65 6810 6820 6318
11349 2 2 1 65 6802 6812 6854
11350 2 2 1 65 6812 6821 6854
11351 2 2 1 65 6812 6797 6821
11352 2 2 1 65 6854 6821 6804
11353 2 2 1 65 6805 6855 6857
11354 2 2 1 65 6855 6856 6857
11355 2 2 1 65 6855 6788 6856
11356 2 2 1 65 6857 6856 6787
11357 2 2 1 65 6806 6858 6860
11358 2 2 1 65 6858 6859 6860
11359 2 2 1 65 6858 6794 6859
11360 2 2 1 65 6860 6859 6795
11361 2 2 1 65 6794 6858 6840
11362 2 2 1 65 6858 6861 6840
11363 2 2 1 65 6858 6806 6861
11364 2 2 1 65 6840 6861 6801
11365 2 2 1 65 6786 6862 6864
11366 2 2 1 65 6862 6863 6864
11367 2 2 1 65 6862 6806 6863
11368 2 2 1 65 6864 6863 6787
11369 2 2 1 65 6806 6862 6861
11370 2 2 1 65 6862 6835 6861
11371 2 2 1 65 6862 6786 6835
11372 2 2 1 65 6861 6835 6801
11373 2 2 1 65 6783 6829 6823
11374 2 2 1 65 6829 6865 6823
11375 2 2 1 65 6829 6798 6865
11376 2 2 1 65 6823 6865 6799
11377 2 2 1 65 6798 6834 6865
11378 2 2 1 65 6834 6827 6865
11379 2 2 1 65 6834 6791 6827
11380 2 2 1 65 6865 6827 6799
11381 2 2 1 65 6796 6866 6868
11382 2 2 1 65 6866 6867 6868
11383 2 2 1 65 6866 6805 6867
11384 2 2 1 65 6868 6867 6795
11385 2 2 1 65 6803 6869 6813
11386 2 2 1 65 6869 6866 6813
11387 2 2 1 65 6869 6805 6866
11388 2 2 1 65 6813 6866 6796
11389 2 2 1 65 6805 6870 6867
11390 2 2 1 65 6870 6860 6867
11391 2 2 1 65 6870 6806 6860
11392 2 2 1 65 6867 6860 6795
11393 2 2 1 65 6806 6870 6863
11394 2 2 1 65 6870 6857 6863
11395 2 2 1 65 6870 6805 6857
11396 2 2 1 65 6863 6857 6787
11397 2 2 1 65 6803 6871 6869
11398 2 2 1 65 6871 6855 6869
11399 2 2 1 65 6871 6788 6855
11400 2 2 1 65 6869 6855 6805
11401 2 2 1 65 6803 6872 6871
11402 2 2 1 65 6872 6873 6871
11403 2 2 1 65 6872 71 6873
11404 2 2 1 65 6871 6873 6788
11405 2 2 1 65 73 74 6816
11406 2 2 1 65 74 6872 6816
11407 2 2 1 65 74 71 6872
11408 2 2 1 65 6816 6872 6803
11409 2 2 1 66 6882 6900 6902
11410 2 2 1 66 6900 6901 6902
11411 2 2 1 66 6900 6895 6901
11412 2 2 1 66 6902 6901 6343
11413 2 2 1 66 6895 6903 6901
11414 2 2 1 66 6903 6357 6901
11415 2 2 1 66 6903 6346 6357
11416 2 2 1 66 6901 6357 6343
11417 2 2 1 66 6895 6900 6905
11418 2 2 1 66 6900 6904 6905
11419 2 2 1 66 6900 6882 6904
11420 2 2 1 66 6905 6904 6890
11421 2 2 1 66 6896 6906 6908
11422 2 2 1 66 6906 6907 6908
11423 2 2 1 66 6906 6889 6907
11424 2 2 1 66 6908 6907 77
11425 2 2 1 66 78 6909 80
11426 2 2 1 66 6909 6908 80
11427 2 2 1 66 6909 6896 6908
11428 2 2 1 66 80 6908 77
11429 2 2 1 66 6897 6910 6912
11430 2 2 1 66 6910 6911 6912
11431 2 2 1 66 6910 6874 6911
11432 2 2 1 66 6912 6911 6342
11433 2 2 1 66 6346 6913 6359
11434 2 2 1 66 6913 6912 6359
11435 2 2 1 66 6913 6897 6912
11436 2 2 1 66 6359 6912 6342
11437 2 2 1 66 6874 6910 6915
11438 2 2 1 66 6910 6914 6915
11439 2 2 1 66 6910 6897 6914
11440 2 2 1 66 6915 6914 6890
11441 2 2 1 66 6876 6916 6918
11442 2 2 1 66 6916 6917 6918
11443 2 2 1 66 6916 6892 6917
11444 2 2 1 66 6918 6917 6877
11445 2 2 1 66 6885 6919 6921
11446 2 2 1 66 6919 6920 6921
11447 2 2 1 66 6919 6892 6920
11448 2 2 1 66 6921 6920 6884
11449 2 2 1 66 6891 6922 6924
11450 2 2 1 66 6922 6923 6924
11451 2 2 1 66 6922 6876 6923
11452 2 2 1 66 6924 6923 6875
11453 2 2 1 66 6891 6925 6927
11454 2 2 1 66 6925 6926 6927
11455 2 2 1 66 6925 6883 6926
11456 2 2 1 66 6927 6926 6884
11457 2 2 1 66 6878 6928 6930
11458 2 2 1 66 6928 6929 6930
11459 2 2 1 66 6928 6894 6929
11460 2 2 1 66 6930 6929 6879
11461 2 2 1 66 6878 6931 6928
11462 2 2 1 66 6931 6932 6928
11463 2 2 1 66 6931 6893 6932
11464 2 2 1 66 6928 6932 6894
11465 2 2 1 66 6887 6933 6935
11466 2 2 1 66 6933 6934 6935
11467 2 2 1 66 6933 6894 6934
11468 2 2 1 66 6935 6934 6886
11469 2 2 1 66 6893 6936 6932
11470 2 2 1 66 6936 6934 6932
11471 2 2 1 66 6936 6886 6934
11472 2 2 1 66 6932 6934 6894
11473 2 2 1 66 6877 6937 6938
11474 2 2 1 66 6937 6931 6938
11475 2 2 1 66 6937 6893 6931
11476 2 2 1 66 6938 6931 6878
11477 2 2 1 66 6877 6917 6937
11478 2 2 1 66 6917 6939 6937
11479 2 2 1 66 6917 6892 6939
11480 2 2 1 66 6937 6939 6893
11481 2 2 1 66 6886 6936 6941
11482 2 2 1 66 6936 6940 6941
11483 2 2 1 66 6936 6893 6940
11484 2 2 1 66 6941 6940 6885
11485 2 2 1 66 6892 6919 6939
11486 2 2 1 66 6919 6940 6939
11487 2 2 1 66 6919 6885 6940
11488 2 2 1 66 6939 6940 6893
11489 2 2 1 66 6874 6915 6943
11490 2 2 1 66 6915 6942 6943
11491 2 2 1 66 6915 6890 6942
11492 2 2 1 66 6943 6942 6875
11493 2 2 1 66 6883 6944 6945
11494 2 2 1 66 6944 6904 6945
11495 2 2 1 66 6944 6890 6904
11496 2 2 1 66 6945 6904 6882
11497 2 2 1 66 6883 6925 6944
11498 2 2 1 66 6925 6946 6944
11499 2 2 1 66 6925 6891 6946
11500 2 2 1 66 6944 6946 6890
11501 2 2 1 66 6891 6924 6946
11502 2 2 1 66 6924 6942 6946
11503 2 2 1 66 6924 6875 6942
11504 2 2 1 66 6946 6942 6890
11505 2 2 1 66 6895 6947 6903
11506 2 2 1 66 6947 6913 6903
11507 2 2 1 66 6947 6897 6913
11508 2 2 1 66 6903 6913 6346
11509 2 2 1 66 6895 6905 6947
11510 2 2 1 66 6905 6914 6947
11511 2 2 1 66 6905 6890 6914
11512 2 2 1 66 6947 6914 6897
11513 2 2 1 66 6898 6948 6950
11514 2 2 1 66 6948 6949 6950
11515 2 2 1 66 6948 6881 6949
11516 2 2 1 66 6950 6949 6880
11517 2 2 1 66 6899 6951 6953
11518 2 2 1 66 6951 6952 6953
11519 2 2 1 66 6951 6887 6952
11520 2 2 1 66 6953 6952 6888
11521 2 2 1 66 6887 6951 6933
11522 2 2 1 66 6951 6954 6933
11523 2 2 1 66 6951 6899 6954
11524 2 2 1 66 6933 6954 6894
11525 2 2 1 66 6879 6955 6957
11526 2 2 1 66 6955 6956 6957
11527 2 2 1 66 6955 6899 6956
11528 2 2 1 66 6957 6956 6880
11529 2 2 1 66 6899 6955 6954
11530 2 2 1 66 6955 6929 6954
11531 2 2 1 66 6955 6879 6929
11532 2 2 1 66 6954 6929 6894
11533 2 2 1 66 6876 6922 6916
11534 2 2 1 66 6922 6958 6916
11535 2 2 1 66 6922 6891 6958
11536 2 2 1 66 6916 6958 6892
11537 2 2 1 66 6891 6927 6958
11538 2 2 1 66 6927 6920 6958
11539 2 2 1 66 6927 6884 6920
11540 2 2 1 66 6958 6920 6892
11541 2 2 1 66 6889 6959 6961
11542 2 2 1 66 6959 6960 6961
11543 2 2 1 66 6959 6898 6960
11544 2 2 1 66 6961 6960 6888
11545 2 2 1 66 6896 6962 6906
11546 2 2 1 66 6962 6959 6906
11547 2 2 1 66 6962 6898 6959
11548 2 2 1 66 6906 6959 6889
11549 2 2 1 66 6898 6963 6960
11550 2 2 1 66 6963 6953 6960
11551 2 2 1 66 6963 6899 6953
11552 2 2 1 66 6960 6953 6888
11553 2 2 1 66 6899 6963 6956
11554 2 2 1 66 6963 6950 6956
11555 2 2 1 66 6963 6898 6950
11556 2 2 1 66 6956 6950 6880
11557 2 2 1 66 6896 6964 6962
11558 2 2 1 66 6964 6948 6962
11559 2 2 1 66 6964 6881 6948
11560 2 2 1 66 6962 6948 6898
11561 2 2 1 66 6896 6965 6964
11562 2 2 1 66 6965 6966 6964
11563 2 2 1 66 6965 76 6966
11564 2 2 1 66 6964 6966 6881
11565 2 2 1 66 78 79 6909
11566 2 2 1 66 79 6965 6909
11567 2 2 1 66 79 76 6965
11568 2 2 1 66 6909 6965 6896
11569 2 2 1 67 6985 6995 6997
11570 2 2 1 67 6995 6996 6997
11571 2 2 1 67 6995 6970 6996
11572 2 2 1 67 6997 6996 6969
11573 2 2 1 67 6985 6998 7000
11574 2 2 1 67 6998 6999 7000
11575 2 2 1 67 6998 6977 6999
11576 2 2 1 67 7000 6999 6978
11577 2 2 1 67 6983 7001 7002
11578 2 2 1 67 7001 6998 7002
11579 2 2 1 67 7001 6977 6998
11580 2 2 1 67 7002 6998 6985
11581 2 2 1 67 6969 7003 6997
11582 2 2 1 67 7003 7002 6997
11583 2 2 1 67 7003 6983 7002
11584 2 2 1 67 6997 7002 6985
11585 2 2 1 67 6970 7004 7006
11586 2 2 1 67 7004 7005 7006
11587 2 2 1 67 7004 6987 7005
11588 2 2 1 67 7006 7005 6971
11589 2 2 1 67 6970 6995 7004
11590 2 2 1 67 6995 7007 7004
11591 2 2 1 67 6995 6985 7007
11592 2 2 1 67 7004 7007 6987
11593 2 2 1 67 6979 7008 7010
11594 2 2 1 67 7008 7009 7010
11595 2 2 1 67 7008 6987 7009
11596 2 2 1 67 7010 7009 6978
11597 2 2 1 67 6985 7000 7007
11598 2 2 1 67 7000 7009 7007
11599 2 2 1 67 7000 6978 7009
11600 2 2 1 67 7007 7009 6987
11601 2 2 1 67 6984 7011 7013
11602 2 2 1 67 7011 7012 7013
11603 2 2 1 67 7011 6968 7012
11604 2 2 1 67 7013 7012 6967
11605 2 2 1 67 6984 7014 7016
11606 2 2 1 67 7014 7015 7016
11607 2 2 1 67 7014 6975 7015
11608 2 2 1 67 7016 7015 6976
11609 2 2 1 67 6986 7017 7019
11610 2 2 1 67 7017 7018 7019
11611 2 2 1 67 7017 6974 7018
11612 2 2 1 67 7019 7018 6973
11613 2 2 1 67 6986 7020 7022
11614 2 2 1 67 7020 7021 7022
11615 2 2 1 67 7020 6981 7021
11616 2 2 1 67 7022 7021 6982
11617 2 2 1 67 6968 7023 7024
11618 2 2 1 67 7023 7003 7024
11619 2 2 1 67 7023 6983 7003
11620 2 2 1 67 7024 7003 6969
11621 2 2 1 67 6968 7011 7023
11622 2 2 1 67 7011 7025 7023
11623 2 2 1 67 7011 6984 7025
11624 2 2 1 67 7023 7025 6983
11625 2 2 1 67 6977 7001 7027
11626 2 2 1 67 7001 7026 7027
11627 2 2 1 67 7001 6983 7026
11628 2 2 1 67 7027 7026 6976
11629 2 2 1 67 6984 7016 7025
11630 2 2 1 67 7016 7026 7025
11631 2 2 1 67 7016 6976 7026
11632 2 2 1 67 7025 7026 6983
11633 2 2 1 67 6981 7028 7030
11634 2 2 1 67 7028 7029 7030
11635 2 2 1 67 7028 6988 7029
11636 2 2 1 67 7030 7029 6980
11637 2 2 1 67 6988 7028 7031
11638 2 2 1 67 7028 7020 7031
11639 2 2 1 67 7028 6981 7020
11640 2 2 1 67 7031 7020 6986
11641 2 2 1 67 6989 7032 7034
11642 2 2 1 67 7032 7033 7034
11643 2 2 1 67 7032 6973 7033
11644 2 2 1 67 7034 7033 6972
11645 2 2 1 67 6973 7032 7019
11646 2 2 1 67 7032 7035 7019
11647 2 2 1 67 7032 6989 7035
11648 2 2 1 67 7019 7035 6986
11649 2 2 1 67 6990 7036 7038
11650 2 2 1 67 7036 7037 7038
11651 2 2 1 67 7036 6979 7037
11652 2 2 1 67 7038 7037 6980
11653 2 2 1 67 6979 7036 7008
11654 2 2 1 67 7036 7039 7008
11655 2 2 1 67 7036 6990 7039
11656 2 2 1 67 7008 7039 6987
11657 2 2 1 67 6971 7040 7042
11658 2 2 1 67 7040 7041 7042
11659 2 2 1 67 7040 6991 7041
11660 2 2 1 67 7042 7041 6972
11661 2 2 1 67 6991 7040 7043
11662 2 2 1 67 7040 7005 7043
11663 2 2 1 67 7040 6971 7005
11664 2 2 1 67 7043 7005 6987
11665 2 2 1 67 6991 7044 7041
11666 2 2 1 67 7044 7034 7041
11667 2 2 1 67 7044 6989 7034
11668 2 2 1 67 7041 7034 6972
11669 2 2 1 67 6988 7045 7029
11670 2 2 1 67 7045 7038 7029
11671 2 2 1 67 7045 6990 7038
11672 2 2 1 67 7029 7038 6980
11673 2 2 1 67 6989 7046 7035
11674 2 2 1 67 7046 7031 7035
11675 2 2 1 67 7046 6988 7031
11676 2 2 1 67 7035 7031 6986
11677 2 2 1 67 6990 7047 7039
11678 2 2 1 67 7047 7043 7039
11679 2 2 1 67 7047 6991 7043
11680 2 2 1 67 7039 7043 6987
11681 2 2 1 67 6990 7045 7048
11682 2 2 1 67 7045 7046 7048
11683 2 2 1 67 7045 6988 7046
11684 2 2 1 67 7048 7046 6989
11685 2 2 1 67 6990 7048 7047
11686 2 2 1 67 7048 7044 7047
11687 2 2 1 67 7048 6989 7044
11688 2 2 1 67 7047 7044 6991
11689 2 2 1 67 87 7049 105
11690 2 2 1 67 7049 7050 105
11691 2 2 1 67 7049 6992 7050
11692 2 2 1 67 105 7050 83
11693 2 2 1 67 6992 7051 7050
11694 2 2 1 67 7051 7052 7050
11695 2 2 1 67 7051 6982 7052
11696 2 2 1 67 7050 7052 83
11697 2 2 1 67 6993 7053 7054
11698 2 2 1 67 7053 118 7054
11699 2 2 1 67 7053 87 118
11700 2 2 1 67 7054 118 81
11701 2 2 1 67 6974 7055 7056
11702 2 2 1 67 7055 7054 7056
11703 2 2 1 67 7055 6993 7054
11704 2 2 1 67 7056 7054 81
11705 2 2 1 67 6994 7057 7058
11706 2 2 1 67 7057 7014 7058
11707 2 2 1 67 7057 6975 7014
11708 2 2 1 67 7058 7014 6984
11709 2 2 1 67 6967 7059 7013
11710 2 2 1 67 7059 7058 7013
11711 2 2 1 67 7059 6994 7058
11712 2 2 1 67 7013 7058 6984
11713 2 2 1 67 73 7060 74
11714 2 2 1 67 7060 7061 74
11715 2 2 1 67 7060 6994 7061
11716 2 2 1 67 74 7061 71
11717 2 2 1 67 6994 7059 7061
11718 2 2 1 67 7059 7062 7061
11719 2 2 1 67 7059 6967 7062
11720 2 2 1 67 7061 7062 71
11721 2 2 1 67 6994 7060 7063
11722 2 2 1 67 7060 75 7063
11723 2 2 1 67 7060 73 75
11724 2 2 1 67 7063 75 72
11725 2 2 1 67 6975 7057 7064
11726 2 2 1 67 7057 7063 7064
11727 2 2 1 67 7057 6994 7063
11728 2 2 1 67 7064 7063 72
11729 2 2 1 67 87 7053 7049
11730 2 2 1 67 7053 7065 7049
11731 2 2 1 67 7053 6993 7065
11732 2 2 1 67 7049 7065 6992
11733 2 2 1 67 6992 7066 7051
11734 2 2 1 67 7066 7022 7051
11735 2 2 1 67 7066 6986 7022
11736 2 2 1 67 7051 7022 6982
11737 2 2 1 67 6986 7066 7017
11738 2 2 1 67 7066 7067 7017
11739 2 2 1 67 7066 6992 7067
11740 2 2 1 67 7017 7067 6974
11741 2 2 1 67 6993 7055 7065
11742 2 2 1 67 7055 7067 7065
11743 2 2 1 67 7055 6974 7067
11744 2 2 1 67 7065 7067 6992
11745 2 2 1 68 7086 7093 7095
11746 2 2 1 68 7093 7094 7095
11747 2 2 1 68 7093 7071 7094
11748 2 2 1 68 7095 7094 7070
11749 2 2 1 68 7086 7096 7098
11750 2 2 1 68 7096 7097 7098
11751 2 2 1 68 7096 7078 7097
11752 2 2 1 68 7098 7097 7079
11753 2 2 1 68 7084 7099 7100
11754 2 2 1 68 7099 7096 7100
11755 2 2 1 68 7099 7078 7096
11756 2 2 1 68 7100 7096 7086
11757 2 2 1 68 7070 7101 7095
11758 2 2 1 68 7101 7100 7095
11759 2 2 1 68 7101 7084 7100
11760 2 2 1 68 7095 7100 7086
11761 2 2 1 68 7071 7102 7104
11762 2 2 1 68 7102 7103 7104
11763 2 2 1 68 7102 7088 7103
11764 2 2 1 68 7104 7103 7072
11765 2 2 1 68 7071 7093 7102
11766 2 2 1 68 7093 7105 7102
11767 2 2 1 68 7093 7086 7105
11768 2 2 1 68 7102 7105 7088
11769 2 2 1 68 7080 7106 7108
11770 2 2 1 68 7106 7107 7108
11771 2 2 1 68 7106 7088 7107
11772 2 2 1 68 7108 7107 7079
11773 2 2 1 68 7086 7098 7105
11774 2 2 1 68 7098 7107 7105
11775 2 2 1 68 7098 7079 7107
11776 2 2 1 68 7105 7107 7088
11777 2 2 1 68 7085 7109 7111
11778 2 2 1 68 7109 7110 7111
11779 2 2 1 68 7109 7069 7110
11780 2 2 1 68 7111 7110 7068
11781 2 2 1 68 7085 7112 7114
11782 2 2 1 68 7112 7113 7114
11783 2 2 1 68 7112 7076 7113
11784 2 2 1 68 7114 7113 7077
11785 2 2 1 68 7087 7115 7117
11786 2 2 1 68 7115 7116 7117
11787 2 2 1 68 7115 7075 7116
11788 2 2 1 68 7117 7116 7074
11789 2 2 1 68 7087 7118 7120
11790 2 2 1 68 7118 7119 7120
11791 2 2 1 68 7118 7082 7119
11792 2 2 1 68 7120 7119 7083
11793 2 2 1 68 7069 7121 7122
11794 2 2 1 68 7121 7101 7122
11795 2 2 1 68 7121 7084 7101
11796 2 2 1 68 7122 7101 7070
11797 2 2 1 68 7069 7109 7121
11798 2 2 1 68 7109 7123 7121
11799 2 2 1 68 7109 7085 7123
11800 2 2 1 68 7121 7123 7084
11801 2 2 1 68 7078 7099 7125
11802 2 2 1 68 7099 7124 7125
11803 2 2 1 68 7099 7084 7124
11804 2 2 1 68 7125 7124 7077
11805 2 2 1 68 7085 7114 7123
11806 2 2 1 68 7114 7124 7123
11807 2 2 1 68 7114 7077 7124
11808 2 2 1 68 7123 7124 7084
11809 2 2 1 68 7090 7126 7128
11810 2 2 1 68 7126 7127 7128
11811 2 2 1 68 7126 7074 7127
11812 2 2 1 68 7128 7127 7073
11813 2 2 1 68 7074 7126 7117
11814 2 2 1 68 7126 7129 7117
11815 2 2 1 68 7126 7090 7129
11816 2 2 1 68 7117 7129 7087
11817 2 2 1 68 7072 7130 7132
11818 2 2 1 68 7130 7131 7132
11819 2 2 1 68 7130 7089 7131
11820 2 2 1 68 7132 7131 7073
11821 2 2 1 68 7089 7130 7133
11822 2 2 1 68 7130 7103 7133
11823 2 2 1 68 7130 7072 7103
11824 2 2 1 68 7133 7103 7088
11825 2 2 1 68 7089 7134 7136
11826 2 2 1 68 7134 7135 7136
11827 2 2 1 68 7134 7080 7135
11828 2 2 1 68 7136 7135 7081
11829 2 2 1 68 7080 7134 7106
11830 2 2 1 68 7134 7133 7106
11831 2 2 1 68 7134 7089 7133
11832 2 2 1 68 7106 7133 7088
11833 2 2 1 68 7089 7137 7131
11834 2 2 1 68 7137 7128 7131
11835 2 2 1 68 7137 7090 7128
11836 2 2 1 68 7131 7128 7073
11837 2 2 1 68 7082 7138 7140
11838 2 2 1 68 7138 7139 7140
11839 2 2 1 68 7138 7090 7139
11840 2 2 1 68 7140 7139 7081
11841 2 2 1 68 7090 7138 7129
11842 2 2 1 68 7138 7118 7129
11843 2 2 1 68 7138 7082 7118
11844 2 2 1 68 7129 7118 7087
11845 2 2 1 68 7090 7137 7139
11846 2 2 1 68 7137 7136 7139
11847 2 2 1 68 7137 7089 7136
11848 2 2 1 68 7139 7136 7081
11849 2 2 1 68 7091 7141 7142
11850 2 2 1 68 7141 159 7142
11851 2 2 1 68 7141 128 159
11852 2 2 1 68 7142 159 122
11853 2 2 1 68 7075 7143 7144
11854 2 2 1 68 7143 7142 7144
11855 2 2 1 68 7143 7091 7142
11856 2 2 1 68 7144 7142 122
11857 2 2 1 68 7087 7145 7115
11858 2 2 1 68 7145 7143 7115
11859 2 2 1 68 7145 7091 7143
11860 2 2 1 68 7115 7143 7075
11861 2 2 1 68 128 7141 146
11862 2 2 1 68 7141 7146 146
11863 2 2 1 68 7141 7091 7146
11864 2 2 1 68 146 7146 124
11865 2 2 1 68 7083 7147 7120
11866 2 2 1 68 7147 7145 7120
11867 2 2 1 68 7147 7091 7145
11868 2 2 1 68 7120 7145 7087
11869 2 2 1 68 7091 7147 7146
11870 2 2 1 68 7147 7148 7146
11871 2 2 1 68 7147 7083 7148
11872 2 2 1 68 7146 7148 124
11873 2 2 1 68 7092 7149 7150
11874 2 2 1 68 7149 7112 7150
11875 2 2 1 68 7149 7076 7112
11876 2 2 1 68 7150 7112 7085
11877 2 2 1 68 7068 7151 7111
11878 2 2 1 68 7151 7150 7111
11879 2 2 1 68 7151 7092 7150
11880 2 2 1 68 7111 7150 7085
11881 2 2 1 68 78 7152 79
11882 2 2 1 68 7152 7153 79
11883 2 2 1 68 7152 7092 7153
11884 2 2 1 68 79 7153 76
11885 2 2 1 68 7092 7151 7153
11886 2 2 1 68 7151 7154 7153
11887 2 2 1 68 7151 7068 7154
11888 2 2 1 68 7153 7154 76
11889 2 2 1 68 7092 7152 7155
11890 2 2 1 68 7152 80 7155
11891 2 2 1 68 7152 78 80
11892 2 2 1 68 7155 80 77
11893 2 2 1 68 7076 7149 7156
11894 2 2 1 68 7149 7155 7156
11895 2 2 1 68 7149 7092 7155
11896 2 2 1 68 7156 7155 77
$EndElements
