$MeshFormat
2.2 0 8
$EndMeshFormat
$Nodes
1520
1 0.07000000000000001 -0.1 0.06
2 0.04949747468305833 -0.08307086661464173 0.1065124117072072
3 4.286263797015737e-18 -0.07605858996720319 0.1257784834550136
4 -0.04949747468305832 -0.08307086661464173 0.1065124117072072
5 -0.07000000000000001 -0.1 0.06
6 -0.04949747468305835 -0.1169291333853583 0.01348758829279277
7 -1.285879139104721e-17 -0.1239414100327968 -0.005778483455013597
8 0.04949747468305832 -0.1169291333853583 0.01348758829279276
9 0.0699994019465683 -0.09990103428463876 0.06027190606825521
10 0.06999760779649226 -0.09980207026032827 0.06054380749038663
11 0.06999461758042894 -0.09970310961809067 0.06081569962034913
12 0.0699904313494729 -0.09960415404889041 0.06108757781225616
13 0.06998504917515527 -0.09950520524360534 0.06135943742045889
14 0.06997847114944257 -0.09940626489299756 0.0616312737996267
15 0.06997069738473509 -0.09930733468768471 0.06190308230482577
16 0.06996172801386506 -0.09920841631811099 0.06217485829159881
17 0.06995156319009427 -0.09910951147451842 0.06244659711604408
18 0.06994020308711152 -0.09901062184691803 0.06271829413489444
19 0.06992764789902957 -0.09891174912506009 0.06298994470559913
20 0.06991389784038192 -0.0988128949984067 0.06326154418639926
21 0.06989895314611909 -0.09871406115610186 0.06353308793640972
22 0.06988281407160482 -0.0986152492869443 0.06380457131569424
23 0.06986548089261138 -0.0985164610793561 0.06407598968535119
24 0.06984695390531501 -0.09841769822135532 0.06434733840758915
25 0.06982723342629063 -0.09831896240052589 0.06461861284580936
26 0.06980631979250686 -0.09822025530399066 0.06488980836467981
27 0.06978421336131997 -0.09812157861838157 0.06516092033021739
28 0.06976091451046794 -0.09802293402981126 0.06543194410986572
29 0.06973642363806387 -0.09792432322384353 0.06570287507257624
30 0.0697107411625892 -0.09782574788546507 0.06597370858888618
31 0.06968386752288658 -0.09772720969905638 0.06624444003099808
32 0.0696558031781523 -0.09762871034836304 0.06651506477285897
33 0.06962654860792854 -0.09753025151646696 0.06678557819023934
34 0.06959610431209524 -0.09743183488575821 0.06705597566081044
35 0.06956447081086146 -0.09733346213790546 0.06732625256422554
36 0.06953164864475642 -0.09723513495382759 0.0675964042821981
37 0.0694976383746204 -0.09713685501366486 0.06786642619858053
38 0.06946244058159512 -0.09703862399675038 0.06813631369944313
39 0.06942605586711378 -0.09694044358158133 0.06840606217315279
40 0.06938848485289058 -0.09684231544578957 0.0686756670104538
41 0.06934972818091056 -0.09674424126611442 0.06894512360454282
42 0.06930978651341831 -0.09664622271837303 0.06921442735115001
43 0.06926866053290669 -0.09654826147743185 0.06948357364861764
44 0.06922635094210522 -0.09645035921717819 0.06975255789797816
45 0.06918285846396803 -0.09635251761049146 0.07002137550303311
46 0.06913818384166179 -0.09625473832921523 0.07029002187043004
47 0.06909232783855254 -0.0961570230441277 0.07055849240974361
48 0.06904529123819292 -0.09605937342491358 0.07082678253355276
49 0.0689970748443087 -0.09596179114013548 0.07109488765751937
50 0.06894767948078481 -0.09586427785720499 0.07136280320046781
51 0.06889710599165168 -0.09576683524235499 0.07163052458446079
52 0.06884535524107067 -0.09566946496061084 0.07189804723487876
53 0.06879242811331947 -0.09557216867576228 0.07216536658049702
54 0.06873832551277666 -0.09547494805033438 0.07243247805356541
55 0.06868304836390621 -0.09537780474555901 0.07269937708988693
56 0.06862659761124204 -0.0952807404213472 0.07296605912889352
57 0.06856897421937176 -0.09518375673626042 0.07323251961372493
58 0.06851017917292029 -0.09508685534748253 0.07349875399130598
59 0.06845021347653289 -0.09499003791079114 0.07376475771242506
60 0.06838907815485787 -0.09489330608052908 0.0740305262318126
61 0.06832677425252914 -0.09479666150957636 0.07429605500821805
62 0.06826330283414847 -0.09470010584932199 0.07456133950448746
63 0.06819866498426724 -0.09460364074963577 0.07482637518764079
64 0.06813286180736776 -0.09450726785883977 0.07509115752895038
65 0.06806589442784469 -0.09441098882368076 0.07535568200401661
66 0.06799776398998592 -0.09431480528930196 0.07561994409284573
67 0.06792847165795292 -0.094218718899215 0.07588393927992654
68 0.06785801861576023 -0.09412273129527082 0.07614766305431071
69 0.06778640606725593 -0.09402684411763278 0.07641111090968651
70 0.06771363523610087 -0.09393105900474809 0.07667427834445709
71 0.06763970736574809 -0.0938353775933205 0.07693716086181594
72 0.06756462371942087 -0.09373980151828126 0.07719975396982635
73 0.06748838558009165 -0.09364433241276188 0.0774620531814964
74 0.06741099425045985 -0.09354897190806589 0.07772405401485638
75 0.06733245105292963 -0.09345372163364107 0.07798575199303542
76 0.06725275732958733 -0.09335858321705157 0.07824714264433778
77 0.06717191444217878 -0.0932635582839504 0.07850822150231841
78 0.06708992377208597 -0.09316864845805162 0.0787689841058597
79 0.06700678672030326 -0.09307385536110231 0.07902942599924812
80 0.06692250470741341 -0.09297918061285489 0.07928954273225045
81 0.06683707917356353 -0.09288462583103961 0.07954932986018938
82 0.06675051157844022 -0.09279019263133678 0.07980878294401975
83 0.0666628034012452 -0.0926958826273496 0.08006789755040322
84 0.0665739561406691 -0.09260169743057571 0.08032666925178636
85 0.06648397131486655 -0.09250763865038032 0.08058509362647465
86 0.06639285046142956 -0.09241370789396806 0.0808431662587096
87 0.06630059513736228 -0.09231990676635658 0.08110088273874153
88 0.06620720691905368 -0.09222623687034841 0.08135823866290666
89 0.06611268740225063 -0.09213269980650345 0.08161522963370275
90 0.06601703820203092 -0.09203929717311214 0.08187185125986299
91 0.06592026095277551 -0.09194603056616776 0.08212809915643182
92 0.06582235730814102 -0.09185290157933976 0.08238396894483843
93 0.06572332894103003 -0.09175991180394499 0.0826394562529757
94 0.06562317754356391 -0.09166706282892199 0.08289455671527092
95 0.06552190482705349 -0.09157435624080335 0.08314926597276155
96 0.0654195125219711 -0.09148179362368983 0.08340357967316657
97 0.065316002377919 -0.09138937655922139 0.0836574934709659
98 0.06521137616359943 -0.09129710662655019 0.08391100302747463
99 0.06510563566678539 -0.0912049854023145 0.08416410401091469
100 0.06499878269429014 -0.09111301446061185 0.08441679209648871
101 0.06489081907193638 -0.09102119537297199 0.08466906296645414
102 0.06478174664452445 -0.09092952970832978 0.08492091231019791
103 0.0646715672758012 -0.09083801903299851 0.08517233582430964
104 0.06456028284842792 -0.09074666491064302 0.08542332921265543
105 0.06444789526394834 -0.09065546890225315 0.085673888186451
106 0.06433440644275619 -0.09056443256611707 0.08592400846433473
107 0.06421981832406251 -0.09047355745779477 0.08617368577244076
108 0.06410413286586228 -0.09038284513009126 0.08642291584447233
109 0.06398735204490079 -0.09029229713302993 0.08667169442177518
110 0.06386947785664006 -0.09020191501382621 0.08692001725340982
111 0.06375051231522509 -0.09011170031686144 0.08716788009622349
112 0.06363045745344863 -0.09002165458365574 0.0874152787149244
113 0.06350931532271646 -0.08993177935284184 0.08766220888215384
114 0.06338708799301308 -0.08984207616013927 0.08790866637855714
115 0.06326377755286657 -0.08975254653832827 0.08815464699285519
116 0.06313938610931279 -0.08966319201722356 0.08840014652191658
117 0.06301391578785777 -0.08957401412364696 0.08864516077083279
118 0.06288736873244309 -0.08948501438140263 0.08888968555298637
119 0.06275974710540852 -0.0893961943112504 0.08913371669012399
120 0.06263105308745565 -0.08930755543088031 0.08937725001242657
121 0.06250128887761039 -0.08921909925488641 0.08962028135858111
122 0.06237045669318549 -0.08913082729474099 0.08986280657585163
123 0.062238558769742 -0.08904274105876829 0.0901048215201514
124 0.06210559736105131 -0.0889548420521189 0.09034632205611309
125 0.06197157473905687 -0.08886713177674418 0.09058730405715923
126 0.06183649319383532 -0.08877961173137067 0.09082776340557265
127 0.06170035503355777 -0.08869228341147455 0.09106769599256612
128 0.06156316258445006 -0.08860514830925607 0.09130709771835327
129 0.06142491819075345 -0.08851820791361424 0.09154596449221764
130 0.06128562421468255 -0.08843146371012012 0.09178429223258636
131 0.06114528303638687 -0.08834491718099265 0.09202207686709624
132 0.06100389705390869 -0.08825856980507246 0.09225931433266607
133 0.06086146868314458 -0.08817242305779815 0.0924960005755617
134 0.06071800035780209 -0.08808647841117974 0.09273213155146881
135 0.06057349452936017 -0.0880007373337748 0.09296770322555864
136 0.06042795366702476 -0.08791520129066177 0.09320271157256116
137 0.06028138025768772 -0.08782987174341569 0.09343715257683205
138 0.06013377680588402 -0.08774475015008297 0.09367102223242167
139 0.05998514583374982 -0.08765983796515704 0.09390431654314223
140 0.05983548988097866 -0.08757513663955302 0.09413703152263717
141 0.05968481150477842 -0.08749064762058316 0.09436916319444871
142 0.05953311327982554 -0.08740637235193097 0.09460070759208911
143 0.05938039779822388 -0.08732231227362812 0.09483166075910376
144 0.05922666766945932 -0.08723846882202924 0.09506201874914083
145 0.05907192552035639 -0.08715484342978801 0.09529177762601662
146 0.0589161739950316 -0.08707143752583173 0.09552093346378571
147 0.05875941575484786 -0.08698825253533668 0.09574948234680841
148 0.05860165347837119 -0.08690528987970494 0.09597742036981458
149 0.05844288986132359 -0.0868225509765394 0.09620474363797235
150 0.05828312761653898 -0.08674003723962054 0.09643144826695174
151 0.05812236947391217 -0.08665775007887982 0.09665753038299787
152 0.05796061818035624 -0.08657569090037781 0.09688298612299118
153 0.05779787649975387 -0.0864938611062791 0.09710781163451598
154 0.05763414721291175 -0.08641226209482933 0.09733200307592407
155 0.05746943311751168 -0.08633089526033044 0.09755555661640226
156 0.05730373702806298 -0.08624976199311711 0.09777846843603746
157 0.05713706177585526 -0.08616886367953333 0.09800073472588088
158 0.05696941020890861 -0.08608820170190801 0.09822235168801502
159 0.05680078519192547 -0.08600777743853164 0.09844331553561786
160 0.05663118960624249 -0.08592759226363317 0.09866362249302639
161 0.05646062634978014 -0.08584764754735594 0.09888326879580281
162 0.05628909833699319 -0.08576794465573423 0.0991022506907987
163 0.05611660849882224 -0.08568848495067062 0.09932056443621748
164 0.05594315978264302 -0.08560926978991239 0.0995382063016792
165 0.05576875515221667 -0.08553030052702856 0.09975517256828345
166 0.05559339758763493 -0.085451578511385 0.09997145952867811
167 0.05541709008527501 -0.08537310508812385 0.1001870634871154
168 0.05523983565774527 -0.08529488159813924 0.1004019807595191
169 0.05506163733383669 -0.08521690937805561 0.1006162076735436
170 0.05488249815846678 -0.08513918976020299 0.1008297405686423
171 0.05470242119263004 -0.08506172407259532 0.1010425757961269
172 0.05452140951334336 -0.08498451363890677 0.1012547097192325
173 0.0543394662135975 -0.08490755977845088 0.1014661387131749
174 0.05415659440230194 -0.08483086380615702 0.1016768591652154
175 0.05397279720423307 -0.08475442703254842 0.101886867474721
176 0.05378807775997648 -0.08467825076371807 0.1020961600532307
177 0.053602439225877 -0.08460233630130787 0.1023047333245128
178 0.05341588477398482 -0.08452668494248647 0.1025125837246256
179 0.053228417592001 -0.08445129797992695 0.1027197077019791
180 0.05304004088322239 -0.0843761767017845 0.1029261017173961
181 0.05285075786648692 -0.08430132239167437 0.1031317622441725
182 0.05266057177611947 -0.08422673632865035 0.103336685768137
183 0.05246948586187561 -0.08415241978718249 0.103540868787712
184 0.05227750338888744 -0.08407837403713582 0.1037443078139718
185 0.05208462763760537 -0.08400460034374778 0.1039469993707052
186 0.05189086190374395 -0.08393109996760728 0.1041489399944726
187 0.05169620949822358 -0.08385787416463245 0.1043501262346674
188 0.0515006737471178 -0.08378492418605056 0.1045505546535709
189 0.05130425799159338 -0.08371225127837562 0.1047502218264139
190 0.05110696558785336 -0.08363985668338696 0.1049491243414358
191 0.05090879990707983 -0.08356774163810821 0.1051472587999421
192 0.05070976433537725 -0.08349590737478645 0.1053446218163618
193 0.0505098622737148 -0.08342435512087117 0.1055412100183051
194 0.05030909713786767 -0.08335308609899315 0.1057370200466216
195 0.05010747235835814 -0.08328210152694339 0.105932048555458
196 0.04990499138039801 -0.08321140261765253 0.1061262922123146
197 0.04970165766382736 -0.0831409905791695 0.1063197476981045
198 0.04929244592701612 -0.08300103192229477 0.1067042809475251
199 0.04908657489907533 -0.08293148769541046 0.1068953521405431
200 0.04887986511700381 -0.08286223512230774 0.107085622021382
201 0.04867232011290082 -0.08279327538632182 0.1072750873388549
202 0.0484639434331388 -0.08272460966578465 0.1074637448555213
203 0.04825473863830027 -0.08265623913400395 0.1076515913477449
204 0.04804470930311811 -0.08258816495924348 0.1078386236057473
205 0.04783385901641411 -0.08252038830470307 0.1080248384336633
206 0.04762219138103781 -0.08245291032849869 0.1082102326495953
207 0.04740971001380487 -0.08238573218364272 0.1083948030856679
208 0.04719641854543499 -0.08231885501802411 0.1085785465880822
209 0.04698232062049101 -0.08225227997438914 0.1087614600171685
210 0.04676741989731541 -0.08218600819032151 0.1089435402474412
211 0.04655172004796983 -0.08212004079822358 0.1091247841676506
212 0.04633522475816965 -0.08205437892529605 0.1093051886808381
213 0.04611793772722285 -0.0819890236935194 0.1094847507043876
214 0.04589986266796392 -0.08192397621963385 0.1096634671700808
215 0.04568100330669376 -0.08185923761512116 0.1098413350241464
216 0.04546136338311429 -0.08179480898618528 0.1100183512273141
217 0.04524094665026661 -0.08173069143373396 0.1101945127548648
218 0.04501975687446459 -0.08166688605335926 0.110369816596684
219 0.04479779783523122 -0.08160339393531911 0.1105442597573127
220 0.04457507332523426 -0.08154021616451866 0.1107178392559984
221 0.0443515871502212 -0.08147735382049176 0.1108905521267463
222 0.04412734312895449 -0.0814148079773825 0.1110623954183698
223 0.04390234509314637 -0.08135257970392694 0.1112333661945406
224 0.04367659688739145 -0.08129067006343429 0.1114034615338406
225 0.04345010236910296 -0.08122908011376931 0.1115726785298106
226 0.04322286540844718 -0.08116781090733424 0.1117410142909988
227 0.04299488988827748 -0.08110686349105098 0.1119084659410111
228 0.04276617970406685 -0.08104623890634283 0.1120750306185607
229 0.04253673876384084 -0.08098593818911649 0.1122407054775169
230 0.04230657098811231 -0.08092596236974497 0.1124054876869535
231 0.04207568030981363 -0.08086631247304954 0.1125693744311969
232 0.04184407067422872 -0.08080698951828218 0.1127323629098756
233 0.04161174603892775 -0.08074799451910865 0.1128944503379656
234 0.04137871037369794 -0.08068932848359076 0.11305563394584
235 0.04114496766047613 -0.08063099241416927 0.1132159109793152
236 0.04091052189327966 -0.08057298730764645 0.1133752786996997
237 0.04067537707813964 -0.08051531415516951 0.1135337343838389
238 0.04043953723303284 -0.08045797394221364 0.1136912753241618
239 0.04020300638781128 -0.08040096764856484 0.1138478988287287
240 0.03996578858413449 -0.08034429624830337 0.114003602221276
241 0.03972788787540012 -0.08028796070978707 0.1141583828412623
242 0.03948930832667486 -0.08023196199563486 0.114312238043914
243 0.03925005401462493 -0.08017630106271025 0.1144651652002702
244 0.03901012902744701 -0.08012097886210515 0.1146171616972272
245 0.03876953746479674 -0.08006599633912323 0.1147682249375847
246 0.03852828343772015 -0.08001135443326413 0.1149183523400886
247 0.03828637106858323 -0.0799570540782073 0.1150675413394755
248 0.03804380449100062 -0.07990309620179595 0.1152157893865175
249 0.03780058784976578 -0.07984948172602127 0.1153630939480643
250 0.03755672530077914 -0.07979621156700654 0.115509452507088
251 0.03731222101097972 -0.079743286634992 0.1156548625627241
252 0.03706707915827115 -0.0796907078343187 0.1157993216303161
253 0.03682130393145044 -0.07963847606341305 0.1159428272414574
254 0.03657489953013814 -0.07958659221477196 0.1160853769440332
255 0.03632787016470599 -0.07953505717494731 0.1162269683022621
256 0.03608022005620531 -0.07948387182453098 0.1163675988967379
257 0.03583195343629328 -0.07943303703813936 0.1165072663244716
258 0.03558307454716109 -0.07938255368439867 0.1166459681989325
259 0.03533358764146158 -0.07933242262592996 0.1167837021500887
260 0.03508349698223818 -0.07928264471933484 0.1169204658244465
261 0.03483280684285014 -0.07923322081518036 0.1170562568850922
262 0.03458152150690023 -0.07918415175798467 0.1171910730117313
263 0.03432964526816084 -0.07913543838620242 0.1173249119007285
264 0.03407718243050228 -0.07908708153221083 0.1174577712651463
265 0.03382413730781831 -0.07903908202229519 0.1175896488347844
266 0.03357051422395245 -0.07899144067663477 0.1177205423562188
267 0.03331631751262304 -0.07894415830928866 0.1178504495928406
268 0.03306155151735034 -0.07889723572818204 0.1179793683248936
269 0.03280622059138195 -0.07885067373509227 0.1181072963495125
270 0.03255032909761925 -0.07880447312563542 0.1182342314807603
271 0.03229388140854214 -0.07875863468925248 0.1183601715496655
272 0.03203688190613363 -0.07871315920919578 0.1184851144042602
273 0.03177933498180573 -0.07866804746251571 0.1186090579096158
274 0.03152124503632429 -0.07862330022004752 0.1187319999478801
275 0.03126261647973509 -0.07857891824639819 0.1188539384183124
276 0.03100345373128642 -0.07853490229993322 0.1189748712373208
277 0.03074376121935437 -0.07849125313276362 0.1190947963384973
278 0.03048354338136716 -0.0784479714907332 0.1192137116726528
279 0.03022280466373083 -0.07840505811340598 0.1193316152078519
280 0.02996154952175117 -0.07836251373405327 0.1194485049294481
281 0.02969978241955799 -0.07832033907964117 0.1195643788401187
282 0.02943750783002777 -0.07827853487081797 0.1196792349598986
283 0.02917473023470937 -0.07823710182190223 0.1197930713262138
284 0.02891145412374698 -0.07819604064087046 0.1199058859939147
285 0.02864768399580347 -0.07815535202934504 0.1200176770353098
286 0.02838342435798274 -0.07811503668258207 0.1201284425401984
287 0.02811867972575277 -0.07807509528945963 0.1202381806159039
288 0.02785345462286763 -0.07803552853246569 0.1203468893873058
289 0.02758775358129232 -0.07799633708768694 0.1204545669968712
290 0.02732158114112437 -0.07795752162479705 0.1205612116046869
291 0.02705494185051804 -0.07791908280704538 0.1206668213884902
292 0.02678784026560316 -0.07788102129124529 0.1207713945437011
293 0.02652028095040768 -0.0778433377277629 0.1208749292834536
294 0.02625226847678234 -0.07780603276050641 0.1209774238386243
295 0.02598380742432084 -0.07776910702691472 0.1210788764578642
296 0.02571490238028137 -0.07773256115794674 0.1211792854076281
297 0.02544555793951051 -0.07769639577807066 0.1212786489722036
298 0.02517577870436154 -0.07766061150525307 0.1213769654537416
299 0.02490556928461737 -0.07762520895094845 0.1214742331722845
300 0.02463493429741051 -0.07759018872008866 0.1215704504657959
301 0.02436387836714632 -0.07755555141107283 0.1216656156901876
302 0.02409240612542323 -0.07752129761575707 0.1217597272193482
303 0.02382052221095264 -0.07748742791944421 0.1218527834451716
304 0.02354823126948064 -0.07745394290087393 0.1219447827775835
305 0.02327553795370898 -0.0774208431322129 0.1220357236445688
306 0.02300244692321278 -0.07738812917904468 0.1221256044921996
307 0.02272896284436421 -0.07735580160036049 0.12221442378466
308 0.02245509039025098 -0.07732386094854934 0.1223021800042738
309 0.02218083424059877 -0.07729230776938903 0.1223888716515288
310 0.02190619908168855 -0.0772611426020363 0.1224744972451039
311 0.02163118960627781 -0.07723036597901792 0.122559055321894
312 0.02135581051351912 -0.07719997842622139 0.1226425444370349
313 0.02108006650888126 -0.07716998046288616 0.1227249631639282
314 0.02080396230406814 -0.07714037260159458 0.1228063100942651
315 0.02052750261694 -0.07711115534826346 0.1228865838380508
316 0.02025069217142988 -0.07708232920213502 0.1229657830236286
317 0.01997353569746461 -0.07705389465576856 0.1230439062977029
318 0.01969603793088302 -0.07702585219503197 0.1231209523253626
319 0.01941820361335641 -0.07699820229909354 0.1231969197901037
320 0.01914003749230672 -0.07697094544041369 0.1232718073938519
321 0.01886154432082591 -0.07694408208473699 0.1233456138569844
322 0.01858272885759334 -0.07691761269108401 0.1234183379183526
323 0.01830359586679551 -0.0768915377117436 0.1234899783353031
324 0.01802415011804428 -0.07686585759226518 0.123560533883699
325 0.01774439638629802 -0.07684057277145123 0.1236300033579403
326 0.01746433945177683 -0.07681568368134968 0.1236983855709851
327 0.01718398409988058 -0.07679119074724636 0.1237656793543702
328 0.0169033351211081 -0.07676709438765784 0.1238318835582306
329 0.01662239731097584 -0.07674339501432445 0.1238969970513194
330 0.01634117546993763 -0.07672009303220322 0.123961018721026
331 0.01605967440329787 -0.07669718883946064 0.124023947473397
332 0.01577789892113305 -0.07667468282746619 0.1240857822331538
333 0.01549585383820842 -0.07665257538078547 0.1241465219437109
334 0.01521354397389601 -0.07663086687717374 0.1242061655671942
335 0.01493097415209242 -0.07660955768756943 0.124264712084459
336 0.01464814920113509 -0.0765886481760877 0.1243221604951069
337 0.01436507395372276 -0.07656813870001446 0.1243785098175029
338 0.01408175324683042 -0.07654802960980009 0.1244337590887926
339 0.01379819192162983 -0.07652832124905365 0.124487907364918
340 0.01351439482340041 -0.07650901395453652 0.1245409537206345
341 0.0132303668014515 -0.07649010805615711 0.1245928972495265
342 0.01294611270903726 -0.076471603876965 0.1246437370640223
343 0.01266163740327581 -0.07645350173314552 0.1246934722954101
344 0.01237694574506529 -0.07643580193401442 0.1247421020938517
345 0.01209204259900102 -0.07641850478201241 0.1247896256283981
346 0.01180693283329275 -0.07640161057270017 0.124836042087003
347 0.01152162131967945 -0.07638511959475312 0.1248813506765372
348 0.01123611293334627 -0.07636903212995647 0.1249255506228023
349 0.0109504125528444 -0.07635334845320066 0.1249686411705429
350 0.01066452506000495 -0.07633806883247643 0.1250106215834605
351 0.01037845533985533 -0.07632319352887031 0.1250514911442259
352 0.01009220828053976 -0.07630872279656029 0.1250912491544907
353 0.009805788773230715 -0.07629465688281123 0.1251298949349002
354 0.009519201712048456 -0.07628099602797089 0.1251674278251045
355 0.009232451993972251 -0.0762677404654654 0.1252038471837705
356 0.008945544518764038 -0.07625489042179581 0.1252391523885917
357 0.008658484188881259 -0.07624244611653391 0.1252733428362996
358 0.008371275909393842 -0.07623040776231857 0.1253064179426736
359 0.008083924587898198 -0.07621877556485204 0.1253383771425515
360 0.007796435134434388 -0.07620754972289642 0.1253692198898389
361 0.007508812461403804 -0.07619673042827041 0.1253989456575184
362 0.007221061483485777 -0.0761863178658459 0.1254275539376583
363 0.006933187117552454 -0.07617631221354497 0.1254550442414221
364 0.006645194282581798 -0.07616671364233656 0.1254814160990762
365 0.006357087899575557 -0.07615752231623371 0.1255066690599986
366 0.006068872891475847 -0.07614873839229083 0.1255308026926859
367 0.005780554183082737 -0.07614036202060094 0.1255538165847608
368 0.005492136700967702 -0.07613239334429314 0.1255757103429795
369 0.005203625373389878 -0.07612483249953012 0.1255964835932378
370 0.004915025130211914 -0.07611767961550586 0.1256161359805784
371 0.004626340902815128 -0.07611093481444342 0.1256346671691962
372 0.004337577624015945 -0.07610459821159279 0.1256520768424444
373 0.004048740227983842 -0.07609866991522909 0.1256683647028395
374 0.003759833650152353 -0.07609315002665056 0.1256835304720669
375 0.003470862827137683 -0.07608803864017681 0.1256975738909857
376 0.003181832696652988 -0.07608333584314736 0.1257104947196324
377 0.002892748197427374 -0.07607904171592003 0.1257222927372257
378 0.00260361426911801 -0.07607515633186965 0.12573296774217
379 0.002314435852224433 -0.07607167975738664 0.1257425195520591
380 0.002025217888007115 -0.07606861205187609 0.1257509480036789
381 0.001735965318402796 -0.07606595326775663 0.1257582529530104
382 0.001446683085940675 -0.07606370345045954 0.125764434275232
383 0.001157376133655852 -0.07606186263842799 0.1257694918647222
384 0.000868049405005851 -0.07606043086311637 0.1257734256350606
385 0.0005787078437852616 -0.07605940814898979 0.1257762355190299
386 0.0002893563940439964 -0.07605879451352363 0.125777921468617
387 -0.0002893563940390271 -0.07605879451352363 0.125777921468617
388 -0.0005787078437762169 -0.07605940814898977 0.1257762355190299
389 -0.0008680494049936014 -0.07606043086311633 0.1257734256350607
390 -0.001157376133641651 -0.0760618626384279 0.1257694918647224
391 -0.00144668308592481 -0.07606370345045943 0.1257644342752323
392 -0.001735965318385504 -0.07606595326775649 0.1257582529530107
393 -0.002025217887988618 -0.07606861205187591 0.1257509480036794
394 -0.002314435852205765 -0.07607167975738643 0.1257425195520597
395 -0.002603614269099931 -0.07607515633186943 0.1257329677421707
396 -0.002892748197409923 -0.0760790417159198 0.1257222927372263
397 -0.003181832696634653 -0.07608333584314708 0.1257104947196331
398 -0.00347086282711761 -0.07608803864017648 0.1256975738909866
399 -0.003759833650131218 -0.07609315002665018 0.125683530472068
400 -0.004048740227961484 -0.07609866991522866 0.1256683647028407
401 -0.004337577623992114 -0.07610459821159229 0.1256520768424458
402 -0.004626340902788942 -0.07611093481444282 0.1256346671691979
403 -0.004915025130184412 -0.07611767961550521 0.1256161359805802
404 -0.005203625373361436 -0.07612483249952941 0.1255964835932398
405 -0.005492136700937837 -0.07613239334429234 0.1255757103429817
406 -0.005780554183051366 -0.07614036202060005 0.1255538165847633
407 -0.006068872891443093 -0.07614873839228986 0.1255308026926886
408 -0.00635708789954199 -0.07615752231623267 0.1255066690600015
409 -0.006645194282548468 -0.07616671364233547 0.1254814160990792
410 -0.006933187117519325 -0.07617631221354385 0.1254550442414251
411 -0.007221061483451544 -0.0761863178658447 0.1254275539376616
412 -0.007508812461366218 -0.07619673042826902 0.1253989456575222
413 -0.007796435134393329 -0.07620754972289487 0.1253692198898432
414 -0.008083924587855097 -0.07621877556485034 0.1253383771425562
415 -0.008371275909350115 -0.07623040776231678 0.1253064179426785
416 -0.008658484188836833 -0.07624244611653203 0.1252733428363048
417 -0.008945544518717928 -0.07625489042179379 0.1252391523885972
418 -0.009232451993924374 -0.07626774046546322 0.1252038471837764
419 -0.00951920171199965 -0.0762809960279686 0.1251674278251108
420 -0.009805788773182606 -0.07629465688280891 0.1251298949349066
421 -0.01009220828049125 -0.07630872279655787 0.1250912491544973
422 -0.01037845533980582 -0.07632319352886777 0.1250514911442329
423 -0.01066452505995372 -0.07633806883247374 0.1250106215834679
424 -0.01095041255279223 -0.07635334845319784 0.1249686411705506
425 -0.01123611293329336 -0.07636903212995354 0.1249255506228103
426 -0.01152162131962594 -0.07638511959475008 0.1248813506765456
427 -0.01180693283323955 -0.07640161057269707 0.1248360420870115
428 -0.01209204259894752 -0.07641850478200921 0.1247896256284069
429 -0.01237694574501057 -0.07643580193401106 0.1247421020938609
430 -0.01266163740322049 -0.07645350173314205 0.1246934722954196
431 -0.01294611270898169 -0.07647160387696142 0.1246437370640321
432 -0.01323036680139605 -0.07649010805615347 0.1245928972495365
433 -0.01351439482334523 -0.07650901395453281 0.1245409537206447
434 -0.01379819192157436 -0.07652832124904983 0.1244879073649284
435 -0.01408175324677406 -0.07654802960979615 0.1244337590888035
436 -0.01436507395366336 -0.07656813870001021 0.1243785098175146
437 -0.01464814920107335 -0.07658864817608318 0.1243221604951192
438 -0.01493097415202909 -0.07660955768756469 0.1242647120844719
439 -0.01521354397383278 -0.07663086687716893 0.1242061655672074
440 -0.01549585383814537 -0.07665257538078057 0.1241465219437243
441 -0.01577789892107022 -0.07667468282746122 0.1240857822331674
442 -0.01605967440323507 -0.07669718883945559 0.1240239474734109
443 -0.01634117546987474 -0.07672009303219805 0.1239610187210402
444 -0.01662239731091262 -0.07674339501431918 0.1238969970513339
445 -0.0169033351210433 -0.07676709438765233 0.1238318835582458
446 -0.01718398409981508 -0.07679119074724068 0.1237656793543857
447 -0.01746433945171122 -0.07681568368134391 0.1236983855710009
448 -0.01774439638623266 -0.07684057277144538 0.1236300033579563
449 -0.01802415011797748 -0.0768658575922591 0.1235605338837157
450 -0.01830359586672664 -0.07689153771173723 0.1234899783353206
451 -0.01858272885752359 -0.07691761269107744 0.1234183379183706
452 -0.01886154432075587 -0.07694408208473029 0.1233456138570028
453 -0.01914003749223634 -0.07697094544040686 0.1232718073938707
454 -0.01941820361328472 -0.07699820229908647 0.1231969197901232
455 -0.01969603793081091 -0.07702585219502475 0.1231209523253825
456 -0.01997353569739247 -0.07705389465576123 0.123043906297723
457 -0.02025069217135791 -0.0770823292021276 0.122965783023649
458 -0.02052750261686711 -0.07711115534825583 0.1228865838380718
459 -0.02080396230399365 -0.07714037260158665 0.1228063100942869
460 -0.0210800665088044 -0.07716998046287786 0.1227249631639509
461 -0.02135581051344042 -0.07719997842621279 0.1226425444370586
462 -0.02163118960619766 -0.07723036597900902 0.1225590553219185
463 -0.02190619908160748 -0.07726114260202718 0.122474497245129
464 -0.02218083424051604 -0.07729230776937959 0.1223888716515547
465 -0.02245509039016652 -0.07732386094853957 0.1223021800043007
466 -0.0227289628442782 -0.0773558016003504 0.1222144237846878
467 -0.02300244692312685 -0.07738812917903447 0.1221256044922276
468 -0.0232755379536231 -0.07742084313220254 0.1220357236445972
469 -0.02354823126939418 -0.07745394290086338 0.1219447827776125
470 -0.02382052221086476 -0.07748742791943335 0.1218527834452015
471 -0.02409240612533413 -0.07752129761574592 0.1217597272193789
472 -0.02436387836705652 -0.07755555141106144 0.1216656156902189
473 -0.02463493429731895 -0.07759018872007689 0.1215704504658282
474 -0.02490556928452395 -0.0776252089509363 0.1214742331723179
475 -0.02517577870426626 -0.07766061150524052 0.121376965453776
476 -0.02544555793941317 -0.07769639577805769 0.1212786489722393
477 -0.02571490238018177 -0.0777325611579333 0.1211792854076651
478 -0.02598380742421874 -0.07776910702690078 0.1210788764579025
479 -0.02625226847667892 -0.07780603276049211 0.1209774238386636
480 -0.02652028095030377 -0.07784333772774837 0.1208749292834935
481 -0.02678784026549959 -0.07788102129123063 0.1207713945437414
482 -0.02705494185041556 -0.07791908280703069 0.1206668213885305
483 -0.02732158114102258 -0.07795752162478228 0.1205612116047275
484 -0.02758775358119085 -0.07799633708767208 0.1204545669969121
485 -0.02785345462276907 -0.07803552853245108 0.120346889387346
486 -0.028118679725658 -0.07807509528944542 0.120238180615943
487 -0.02838342435789235 -0.07811503668256838 0.1201284425402361
488 -0.02864768399571594 -0.07815535202933162 0.1200176770353466
489 -0.02891145412366098 -0.07819604064085714 0.1199058859939513
490 -0.02917473023462399 -0.07823710182188887 0.1197930713262505
491 -0.0294375078299434 -0.07827853487080461 0.1196792349599353
492 -0.02969978241947506 -0.07832033907962789 0.1195643788401552
493 -0.02996154952166983 -0.0783625137340401 0.1194485049294843
494 -0.03022280466365018 -0.07840505811339279 0.1193316152078881
495 -0.03048354338128683 -0.07844797149071991 0.1192137116726893
496 -0.0307437612192743 -0.07849125313275024 0.119094796338534
497 -0.03100345373120751 -0.0785349022999199 0.1189748712373574
498 -0.03126261647965891 -0.0785789182463852 0.1188539384183481
499 -0.03152124503625132 -0.07862330022003494 0.1187319999479146
500 -0.03177933498173463 -0.07866804746250333 0.1186090579096498
501 -0.03203688190606424 -0.07871315920918356 0.1184851144042937
502 -0.03229388140847461 -0.07875863468924048 0.1183601715496985
503 -0.03255032909755429 -0.07880447312562376 0.1182342314807923
504 -0.03280622059131906 -0.07885067373508088 0.1181072963495439
505 -0.03306155151728936 -0.07889723572817088 0.1179793683249243
506 -0.0333163175125642 -0.0789441583092778 0.1178504495928705
507 -0.0335705142238952 -0.07899144067662409 0.1177205423562482
508 -0.03382413730776203 -0.07903908202228457 0.1175896488348136
509 -0.03407718243044582 -0.07908708153220009 0.1174577712651758
510 -0.03432964526810367 -0.07913543838619143 0.1173249119007587
511 -0.03458152150684271 -0.0791841517579735 0.117191073011762
512 -0.03483280684279332 -0.07923322081516922 0.1170562568851228
513 -0.03508349698218222 -0.07928264471932377 0.1169204658244769
514 -0.03533358764140643 -0.07933242262591896 0.1167837021501189
515 -0.03558307454710657 -0.07938255368438768 0.1166459681989628
516 -0.03583195343624064 -0.07943303703812865 0.1165072663245011
517 -0.03608022005615408 -0.07948387182452045 0.1163675988967668
518 -0.03632787016465507 -0.07953505717493675 0.1162269683022912
519 -0.03657489953008522 -0.07958659221476089 0.1160853769440637
520 -0.03682130393139599 -0.07963847606340155 0.115942827241489
521 -0.03706707915821637 -0.07969070783430701 0.1157993216303482
522 -0.03731222101092645 -0.07974328663498054 0.1156548625627556
523 -0.03755672530072695 -0.07979621156699521 0.1155094525071192
524 -0.03780058784971394 -0.07984948172600992 0.1153630939480955
525 -0.03804380449095008 -0.07990309620178478 0.1152157893865482
526 -0.03828637106853431 -0.07995705407819639 0.1150675413395056
527 -0.03852828343767312 -0.08001135443325352 0.1149183523401177
528 -0.03876953746474986 -0.08006599633911257 0.114768224937614
529 -0.03901012902740014 -0.08012097886209441 0.1146171616972568
530 -0.039250054014578 -0.08017630106269939 0.1144651652003
531 -0.03948930832662915 -0.08023196199562418 0.1143122380439434
532 -0.03972788787535605 -0.0802879607097767 0.1141583828412909
533 -0.03996578858409241 -0.08034429624829337 0.1140036022213035
534 -0.0402030063877707 -0.08040096764855512 0.1138478988287555
535 -0.04043953723299346 -0.08045797394220412 0.113691275324188
536 -0.0406753770781012 -0.08051531415516013 0.1135337343838647
537 -0.04091052189324139 -0.08057298730763703 0.1133752786997256
538 -0.04114496766043852 -0.08063099241415993 0.1132159109793409
539 -0.04137871037366148 -0.08068932848358162 0.113055633945865
540 -0.04161174603889362 -0.08074799451910003 0.1128944503379893
541 -0.04184407067419675 -0.08080698951827403 0.112732362909898
542 -0.04207568030978358 -0.08086631247304182 0.1125693744312182
543 -0.04230657098808321 -0.08092596236973743 0.1124054876869742
544 -0.04253673876381286 -0.08098593818910918 0.112240705477537
545 -0.04276617970404008 -0.08104623890633576 0.11207503061858
546 -0.04299488988825195 -0.08110686349104421 0.1119084659410298
547 -0.04322286540842112 -0.08116781090732725 0.111741014291018
548 -0.04345010236907577 -0.08122908011376195 0.1115726785298308
549 -0.04367659688736403 -0.08129067006342681 0.1114034615338612
550 -0.0439023450931199 -0.08135257970391967 0.1112333661945606
551 -0.04412734312892918 -0.08141480797737548 0.1110623954183891
552 -0.04435158715019624 -0.08147735382048478 0.1108905521267655
553 -0.04457507332520993 -0.08154021616451181 0.1107178392560173
554 -0.04479779783520767 -0.08160339393531241 0.1105442597573311
555 -0.04501975687444199 -0.08166688605335279 0.1103698165967019
556 -0.04524094665024466 -0.0817306914337276 0.1101945127548823
557 -0.04546136338309299 -0.08179480898617908 0.1100183512273312
558 -0.04568100330667332 -0.08185923761511515 0.1098413350241629
559 -0.04589986266794505 -0.08192397621962826 0.1096634671700962
560 -0.04611793772720565 -0.08198902369351427 0.1094847507044018
561 -0.04633522475815405 -0.08205437892529135 0.109305188680851
562 -0.0465517200479549 -0.08212004079821905 0.1091247841676631
563 -0.04676741989730092 -0.08218600819031709 0.1089435402474534
564 -0.04698232062047683 -0.08225227997438475 0.1087614600171805
565 -0.04719641854542112 -0.08231885501801979 0.108578546588094
566 -0.04740971001379137 -0.08238573218363848 0.1083948030856796
567 -0.04762219138102482 -0.08245291032849458 0.1082102326496066
568 -0.04783385901640246 -0.08252038830469935 0.1080248384336735
569 -0.04804470930310821 -0.08258816495924029 0.1078386236057561
570 -0.04825473863829248 -0.08265623913400143 0.1076515913477518
571 -0.0484639434331325 -0.0827246096657826 0.107463744855527
572 -0.04867232011289525 -0.08279327538632 0.1072750873388599
573 -0.04887986511699812 -0.08286223512230585 0.1070856220213872
574 -0.0490865748990708 -0.08293148769540895 0.1068953521405473
575 -0.04929244592701348 -0.0830010319222939 0.1067042809475275
576 -0.04970165766382319 -0.08314099057916807 0.1063197476981085
577 -0.0499049913803924 -0.08321140261765059 0.10612629221232
578 -0.05010747235835347 -0.08328210152694177 0.1059320485554624
579 -0.05030909713786355 -0.08335308609899171 0.1057370200466255
580 -0.0505098622737111 -0.08342435512086985 0.1055412100183087
581 -0.05070976433537387 -0.08349590737478524 0.1053446218163651
582 -0.05090879990707733 -0.08356774163810732 0.1051472587999446
583 -0.05110696558785234 -0.0836398566833866 0.1049491243414368
584 -0.05130425799159429 -0.08371225127837595 0.104750221826413
585 -0.05150067374712091 -0.08378492418605173 0.1045505546535677
586 -0.05169620949822817 -0.08385787416463417 0.1043501262346627
587 -0.05189086190374954 -0.0839310999676094 0.1041489399944668
588 -0.05208462763761198 -0.0840046003437503 0.1039469993706983
589 -0.05227750338889448 -0.08407837403713853 0.1037443078139644
590 -0.05246948586188267 -0.08415241978718523 0.1035408687877045
591 -0.05266057177612583 -0.08422673632865285 0.1033366857681302
592 -0.05285075786649333 -0.08430132239167691 0.1031317622441656
593 -0.05304004088322933 -0.08437617670178726 0.1029261017173885
594 -0.05322841759200864 -0.08445129797993002 0.1027197077019707
595 -0.0534158847739938 -0.0845266849424901 0.1025125837246156
596 -0.05360243922588791 -0.08460233630131231 0.1023047333245006
597 -0.05378807775999006 -0.08467825076372364 0.1020961600532154
598 -0.05397279720424929 -0.08475442703255513 0.1018868674747026
599 -0.05415659440232005 -0.08483086380616459 0.1016768591651947
600 -0.05433946621361532 -0.08490755977845839 0.1014661387131543
601 -0.05452140951336061 -0.0849845136389141 0.1012547097192124
602 -0.05470242119264707 -0.08506172407260262 0.1010425757961069
603 -0.0548824981584845 -0.08513918976021065 0.1008297405686213
604 -0.05506163733384883 -0.0852169093780609 0.1006162076735291
605 -0.05523983565774997 -0.08529488159814132 0.1004019807595134
606 -0.05541709008527172 -0.08537310508812239 0.1001870634871194
607 -0.05559339758762977 -0.0854515785113827 0.09997145952868446
608 -0.05576875515221156 -0.08553030052702627 0.09975517256828978
609 -0.05594315978263922 -0.08560926978991067 0.09953820630168395
610 -0.05611660849881835 -0.08568848495066883 0.09932056443622239
611 -0.05628909833698913 -0.08576794465573236 0.09910225069080386
612 -0.05646062634977628 -0.08584764754735413 0.09888326879580776
613 -0.0566311896062401 -0.08592759226363206 0.09866362249302948
614 -0.05680078519192468 -0.08600777743853126 0.0984433155356189
615 -0.05696941020890939 -0.08608820170190838 0.09822235168801399
616 -0.05713706177585701 -0.08616886367953418 0.09800073472587853
617 -0.05730373702806506 -0.08624976199311814 0.09777846843603465
618 -0.05746943311751335 -0.08633089526033128 0.09755555661640002
619 -0.057634147212913 -0.08641226209482995 0.09733200307592238
620 -0.0577978764997526 -0.08649386110627848 0.09710781163451773
621 -0.05796061818035025 -0.08657569090037479 0.0968829861229995
622 -0.05812236947390283 -0.08665775007887508 0.09665753038301095
623 -0.05828312761652905 -0.08674003723961543 0.09643144826696579
624 -0.05844288986131568 -0.08682255097653531 0.09620474363798362
625 -0.05860165347836346 -0.08690528987970091 0.09597742036982569
626 -0.05875941575484048 -0.08698825253533279 0.0957494823468191
627 -0.0589161739950247 -0.08707143752582805 0.09552093346379584
628 -0.05907192552035046 -0.08715484342978483 0.09529177762602539
629 -0.05922666766945375 -0.08723846882202621 0.09506201874914914
630 -0.05938039779821824 -0.08732231227362502 0.09483166075911227
631 -0.05953311327982005 -0.08740637235192794 0.09460070759209743
632 -0.05968481150477356 -0.08749064762058045 0.09436916319445615
633 -0.05983548988097466 -0.08757513663955077 0.09413703152264336
634 -0.05998514583374623 -0.087659837965155 0.09390431654314785
635 -0.06013377680588051 -0.08774475015008097 0.09367102223242718
636 -0.06028138025768352 -0.08782987174341325 0.09343715257683874
637 -0.06042795366701628 -0.0879152012906568 0.0932027115725748
638 -0.06057349452934711 -0.08800073733376709 0.09296770322557982
639 -0.06071800035778497 -0.08808647841116954 0.09273213155149684
640 -0.06086146868312628 -0.08817242305778715 0.09249600057559199
641 -0.06100389705389017 -0.08825856980506122 0.092259314332697
642 -0.06114528303636905 -0.08834491718098171 0.0920220768671263
643 -0.06128562421466715 -0.08843146371011057 0.09178429223261257
644 -0.06142491819074029 -0.08851820791360601 0.09154596449224027
645 -0.06156316258443861 -0.08860514830924886 0.09130709771837311
646 -0.06170035503354656 -0.0886922834114674 0.0910676959925858
647 -0.0618364931938238 -0.08877961173136324 0.09082776340559305
648 -0.06197157473904513 -0.08886713177673655 0.09058730405718024
649 -0.06210559736104005 -0.08895484205211149 0.09034632205613347
650 -0.06223855876973158 -0.08904274105876138 0.09010482152017039
651 -0.06237045669317589 -0.08913082729473457 0.08986280657586931
652 -0.06250128887760126 -0.08921909925488024 0.08962028135859808
653 -0.06263105308744249 -0.08930755543087129 0.08937725001245134
654 -0.06275974710539022 -0.08939619431123774 0.08913371669015879
655 -0.06288736873241943 -0.08948501438138608 0.08888968555303187
656 -0.06301391578783304 -0.08957401412362949 0.0886451607708808
657 -0.06313938610928803 -0.08966319201720586 0.08840014652196518
658 -0.06326377755284224 -0.0897525465383107 0.08815464699290347
659 -0.06338708799298851 -0.08984207616012134 0.08790866637860643
660 -0.06350931532269205 -0.08993177935282383 0.08766220888220336
661 -0.06363045745342512 -0.0900216545836382 0.08741527871497258
662 -0.06375051231520311 -0.09011170031684487 0.08716788009626904
663 -0.06386947785661892 -0.09020191501381011 0.08692001725345411
664 -0.06398735204487942 -0.09029229713301345 0.08667169442182045
665 -0.06410413286584055 -0.09038284513007432 0.08642291584451889
666 -0.0642198183240407 -0.09047355745777758 0.08617368577248803
667 -0.06433440644273462 -0.09056443256609986 0.08592400846438203
668 -0.06444789526392659 -0.09065546890223561 0.08567388818649919
669 -0.06456028284840445 -0.09074666491062386 0.08542332921270807
670 -0.0646715672757744 -0.09083801903297638 0.08517233582437043
671 -0.06478174664449406 -0.0909295297083044 0.08492091231026766
672 -0.06489081907190439 -0.09102119537294495 0.08466906296652846
673 -0.06499878269425842 -0.0911130144605847 0.0844167920965633
674 -0.06510563566675504 -0.09120498540228823 0.0841641040109869
675 -0.06521137616357023 -0.0912971066265246 0.08391100302754492
676 -0.06531600237789076 -0.09138937655919634 0.08365749347103475
677 -0.06541951252194328 -0.09148179362366483 0.08340357967323526
678 -0.06552190482702583 -0.0915743562407782 0.08314926597283068
679 -0.06562317754353621 -0.09166706282889647 0.08289455671534103
680 -0.0657233289410023 -0.09175991180391914 0.08263945625304676
681 -0.06582235730811341 -0.09185290157931367 0.08238396894491012
682 -0.06592026095274814 -0.09194603056614156 0.08212809915650379
683 -0.06601703820200416 -0.09203929717308619 0.08187185125993429
684 -0.0661126874022247 -0.09213269980647798 0.08161522963377274
685 -0.06620720691902865 -0.09222623687032348 0.08135823866297515
686 -0.06630059513733796 -0.09231990676633205 0.08110088273880896
687 -0.06639285046140575 -0.09241370789394369 0.08084316625877658
688 -0.06648397131484314 -0.09250763865035599 0.08058509362654145
689 -0.06657395614064607 -0.09260169743055147 0.08032666925185297
690 -0.06666280340122241 -0.09269588262732527 0.08006789755047006
691 -0.06675051157841765 -0.09279019263131233 0.07980878294408694
692 -0.06683707917354118 -0.09288462583101505 0.07954932986025687
693 -0.06692250470739142 -0.09297918061283035 0.07928954273231788
694 -0.06700678672028172 -0.09307385536107794 0.07902942599931506
695 -0.06708992377206512 -0.09316864845802768 0.0787689841059255
696 -0.06717191444215899 -0.09326355828392732 0.07850822150238185
697 -0.06725275732956842 -0.09335858321702918 0.0782471426443993
698 -0.06733245105291105 -0.09345372163361874 0.07798575199309683
699 -0.0674109942504416 -0.09354897190804359 0.07772405401491769
700 -0.06748838558007381 -0.0936443324127397 0.07746205318155731
701 -0.06756462371940364 -0.09373980151825952 0.07719975396988611
702 -0.06763970736573101 -0.09383537759329857 0.07693716086187619
703 -0.06771363523608376 -0.09393105900472579 0.0766742783445184
704 -0.06778640606723871 -0.09402684411760993 0.07641111090974928
705 -0.06785801861574303 -0.09412273129524762 0.07614766305437451
706 -0.06792847165793579 -0.09421871889919146 0.07588393927999122
707 -0.06799776398996885 -0.09431480528927808 0.07561994409291137
708 -0.06806589442782757 -0.09441098882365635 0.0753556820040837
709 -0.06813286180735084 -0.09450726785881522 0.07509115752901784
710 -0.06819866498425092 -0.09460364074961165 0.07482637518770707
711 -0.06826330283413286 -0.09470010584929847 0.07456133950455208
712 -0.06832677425251421 -0.09479666150955342 0.0742960550082811
713 -0.06838907815484355 -0.09489330608050664 0.07403052623187426
714 -0.06845021347651913 -0.09499003791076914 0.07376475771248552
715 -0.06851017917290678 -0.0950868553474605 0.07349875399136653
716 -0.06856897421935818 -0.09518375673623783 0.07323251961378704
717 -0.06862659761122845 -0.0952807404213241 0.07296605912895698
718 -0.06868304836389302 -0.0953778047455361 0.07269937708994989
719 -0.06873832551276425 -0.09547494805031231 0.07243247805362603
720 -0.06879242811330778 -0.09557216867574106 0.07216536658055533
721 -0.0688453552410596 -0.09566946496059024 0.07189804723493537
722 -0.06889710599164112 -0.09576683524233488 0.07163052458451602
723 -0.06894767948077518 -0.09586427785718621 0.0713628032005194
724 -0.06899707484429993 -0.09596179114011795 0.07109488765756757
725 -0.06904529123818495 -0.09605937342489723 0.07082678253359768
726 -0.06909232783854541 -0.09615702304411269 0.07055849240978485
727 -0.06913818384165539 -0.09625473832920144 0.07029002187046797
728 -0.06918285846396227 -0.09635251761047869 0.07002137550306822
729 -0.0692263509420997 -0.0964503592171656 0.06975255789801277
730 -0.06926866053290137 -0.09654826147741938 0.06948357364865193
731 -0.06930978651341319 -0.09664622271836064 0.06921442735118408
732 -0.06934972818090554 -0.09674424126610194 0.06894512360457712
733 -0.06938848485288583 -0.09684231544577739 0.06867566701048729
734 -0.06942605586710943 -0.09694044358156975 0.06840606217318458
735 -0.06946244058159133 -0.09703862399673999 0.06813631369947169
736 -0.069497638374617 -0.09713685501365522 0.067866426198607
737 -0.06953164864475334 -0.0972351349538185 0.06759640428222306
738 -0.06956447081085858 -0.09733346213789669 0.06732625256424966
739 -0.06959610431209248 -0.09743183488574947 0.06705597566083446
740 -0.06962654860792583 -0.09753025151645807 0.06678557819026376
741 -0.06965580317814959 -0.09762871034835376 0.06651506477288449
742 -0.06968386752288411 -0.09772720969904758 0.06624444003102228
743 -0.06971074116258705 -0.09782574788545698 0.06597370858890843
744 -0.06973642363806196 -0.09792432322383601 0.06570287507259692
745 -0.06976091451046613 -0.09802293402980376 0.06543194410988633
746 -0.06978421336131826 -0.09812157861837417 0.06516092033023775
747 -0.06980631979250539 -0.0982202553039839 0.0648898083646984
748 -0.06982723342628946 -0.09831896240052018 0.06461861284582503
749 -0.0698469539053141 -0.09841769822135063 0.06434733840760204
750 -0.06986548089261066 -0.09851646107935211 0.0640759896853622
751 -0.06988281407160407 -0.09861524928693985 0.06380457131570648
752 -0.06989895314611828 -0.09871406115609675 0.0635330879364238
753 -0.06991389784038107 -0.0988128949984009 0.06326154418641518
754 -0.06992764789902886 -0.09891174912505481 0.06298994470561367
755 -0.06994020308711098 -0.09901062184691364 0.06271829413490652
756 -0.06995156319009392 -0.09910951147451522 0.06244659711605293
757 -0.0699617280138648 -0.09920841631810817 0.06217485829160659
758 -0.06997069738473488 -0.09930733468768209 0.06190308230483296
759 -0.06997847114944238 -0.09940626489299503 0.06163127379963367
760 -0.06998504917515516 -0.09950520524360337 0.06135943742046432
761 -0.06999043134947283 -0.09960415404888877 0.06108757781226068
762 -0.06999461758042888 -0.09970310961808908 0.06081569962035356
763 -0.06999760779649222 -0.09980207026032675 0.0605438074903908
764 -0.06999940194656828 -0.09990103428463777 0.06027190606825792
765 -0.0699994019465683 -0.1000989657153613 0.05972809393174475
766 -0.06999760779649226 -0.1001979297396718 0.05945619250961328
767 -0.06999461758042894 -0.1002968903819094 0.05918430037965072
768 -0.0699904313494729 -0.1003958459511097 0.05891242218774364
769 -0.06998504917515527 -0.1004947947563946 0.05864056257954119
770 -0.06997847114944258 -0.1005937351070022 0.05836872620037391
771 -0.06997069738473513 -0.1006926653123149 0.05809691769517539
772 -0.0699617280138651 -0.1007915836818885 0.05782514170840253
773 -0.06995156319009432 -0.1008904885254812 0.05755340288395707
774 -0.06994020308711149 -0.1009893781530822 0.05728170586510506
775 -0.06992764789902947 -0.1010882508749405 0.0570100552943992
776 -0.06991389784038179 -0.1011871050015941 0.05673845581359852
777 -0.06989895314611905 -0.1012859388438984 0.05646691206358961
778 -0.06988281407160482 -0.1013847507130558 0.05619542868430562
779 -0.06986548089261135 -0.1014835389206441 0.05592401031464836
780 -0.06984695390531485 -0.1015823017786455 0.05565266159240875
781 -0.06982723342629039 -0.1016810375994753 0.05538138715418743
782 -0.06980631979250657 -0.1017797446960107 0.05511019163531643
783 -0.06978421336131972 -0.1018784213816195 0.05483907966977961
784 -0.06976091451046774 -0.1019770659701896 0.05456805589013202
785 -0.0697364236380637 -0.1020756767761571 0.05429712492742195
786 -0.06971074116258896 -0.1021742521145358 0.05402629141111138
787 -0.0696838675228862 -0.102272790300945 0.05375555996899827
788 -0.06965580317815183 -0.1023712896516386 0.05348493522713649
789 -0.06962654860792812 -0.1024697484835344 0.05321442180975688
790 -0.06959610431209497 -0.1025681651142427 0.05294402433918714
791 -0.06956447081086133 -0.102666537862095 0.05267374743577335
792 -0.06953164864475637 -0.1027648650461726 0.05240359571780155
793 -0.06949763837462038 -0.1028631449863353 0.05213357380141922
794 -0.06946244058159505 -0.1029613760032498 0.05186368630055633
795 -0.06942605586711359 -0.1030595564184192 0.05159393782684583
796 -0.06938848485289036 -0.103157684554211 0.05132433298954464
797 -0.06934972818091031 -0.1032557587338862 0.05105487639545557
798 -0.06930978651341806 -0.1033537772816276 0.05078557264884833
799 -0.06926866053290665 -0.1034517385225683 0.050516426351382
800 -0.06922635094210546 -0.1035496407828213 0.05024744210202331
801 -0.06918285846396866 -0.1036474823895072 0.04997862449697067
802 -0.06913818384166269 -0.1037452616707828 0.04970997812957534
803 -0.06909232783855362 -0.10384297695587 0.04944150759026266
804 -0.06904529123819403 -0.1039406265750842 0.04917321746645345
805 -0.06899707484430956 -0.1040382088598628 0.04890511234248535
806 -0.06894767948078538 -0.1041357221427939 0.0486371967995353
807 -0.06889710599165197 -0.1042331647576445 0.04836947541554072
808 -0.0688453552410708 -0.1043305350393889 0.04810195276512186
809 -0.06879242811331937 -0.1044278313242379 0.04783463341950252
810 -0.06873832551277628 -0.1045250519496663 0.04756752194643273
811 -0.06868304836390568 -0.1046221952544419 0.04730062291011059
812 -0.06862659761124161 -0.1047192595786536 0.04703394087110444
813 -0.06856897421937164 -0.1048162432637398 0.04676748038627453
814 -0.0685101791729205 -0.1049131446525171 0.04650124600869499
815 -0.06845021347653317 -0.1050099620892084 0.04623524228757616
816 -0.06838907815485795 -0.1051066939194708 0.04596947376818778
817 -0.06832677425252887 -0.1052033384904241 0.04570394499178073
818 -0.068263302834148 -0.1052998941506787 0.04543866049551062
819 -0.06819866498426677 -0.1053963592503649 0.0451736248123573
820 -0.06813286180736745 -0.1054927321411607 0.04490884247104843
821 -0.06806589442784469 -0.1055890111763192 0.04464431799598335
822 -0.06799776398998629 -0.1056851947106975 0.04438005590715571
823 -0.0679284716579537 -0.1057812811007839 0.04411606072007637
824 -0.06785801861576153 -0.1058772687047274 0.04385233694569414
825 -0.06778640606725786 -0.1059731558823647 0.04358888909032053
826 -0.06771363523610339 -0.1060689409952486 0.04332572165555196
827 -0.06763970736575121 -0.1061646224066755 0.0430628391381951
828 -0.06756462371942457 -0.1062601984817141 0.04280024603018646
829 -0.06748838558009561 -0.1063556675872332 0.04253794681851711
830 -0.06741099425046372 -0.1064510280919294 0.04227594598515663
831 -0.06733245105293335 -0.1065462783663544 0.04201424800697688
832 -0.06725275732959125 -0.1066414167829438 0.04175285735567501
833 -0.06717191444218285 -0.1067364417160449 0.04149177849769461
834 -0.06708992377209012 -0.1068313515419436 0.04123101589415341
835 -0.06700678672030747 -0.106926144638893 0.04097057400076495
836 -0.0669225047074178 -0.1070208193871403 0.04071045726776294
837 -0.0668370791735682 -0.1071153741689553 0.04045067013982474
838 -0.06675051157844544 -0.1072098073686576 0.04019121705599576
839 -0.06666280340125096 -0.1073041173726443 0.03993210244961369
840 -0.06657395614067521 -0.1073983025694179 0.03967333074823129
841 -0.06648397131487246 -0.1074923613496136 0.03941490637354221
842 -0.06639285046143543 -0.1075862921060259 0.03915683374130689
843 -0.06630059513736809 -0.1076800932336375 0.03889911726127464
844 -0.06620720691905942 -0.1077737631296459 0.03864176133710903
845 -0.06611268740225638 -0.1078673001934909 0.0383847703663128
846 -0.06601703820203696 -0.107960702826882 0.03812814874015309
847 -0.06592026095278221 -0.1080539694338258 0.03787190084358581
848 -0.06582235730814762 -0.108147098420654 0.0376160310551787
849 -0.06572332894103651 -0.108240088196049 0.03736054374704093
850 -0.06562317754357044 -0.108332937171072 0.03710544328474563
851 -0.06552190482706129 -0.1084256437591896 0.03685073402725796
852 -0.06541951252197976 -0.1085182063763024 0.03659642032685479
853 -0.06531600237792773 -0.1086106234407709 0.03634250652905539
854 -0.06521137616360775 -0.1087028933734425 0.03608899697254544
855 -0.0651056356667935 -0.1087950145976785 0.03583589598910464
856 -0.06499878269429835 -0.1088869855393812 0.03558320790353053
857 -0.06489081907194426 -0.1089788046270214 0.03533093703356417
858 -0.0647817466445323 -0.1090704702916637 0.03507908768982011
859 -0.06467156727580933 -0.1091619809669948 0.03482766417570883
860 -0.06456028284843665 -0.1092533350893499 0.03457667078736414
861 -0.06444789526395771 -0.1093445310977393 0.03432611181356977
862 -0.06433440644276624 -0.1094355674338749 0.03407599153568728
863 -0.06421981832407304 -0.1095264425421969 0.03382631422758206
864 -0.06410413286587341 -0.1096171548699001 0.03357708415555153
865 -0.06398735204491264 -0.1097077028669609 0.03332830557824994
866 -0.06386947785665263 -0.1097980849861642 0.03307998274661654
867 -0.06375051231523786 -0.1098882996831289 0.03283211990380296
868 -0.06363045745346116 -0.1099783454163349 0.0325847212851013
869 -0.06350931532272876 -0.1100682206471491 0.03233779111787109
870 -0.06338708799302555 -0.1101579238398517 0.03209133362146784
871 -0.0632637775528794 -0.1102474534616625 0.03184535300717029
872 -0.06313938610932571 -0.1103368079827672 0.0315998534781088
873 -0.06301391578787056 -0.110425985876344 0.03135483922919208
874 -0.06288736873245578 -0.1105149856185885 0.03111031444703799
875 -0.0627597471054218 -0.1106038056887404 0.03086628330990125
876 -0.0626310530874698 -0.11069244456911 0.03062274998760009
877 -0.06250128887762546 -0.1107809007451034 0.030379718641447
878 -0.06237045669320101 -0.1108691727052486 0.030137193424177
879 -0.06223855876975762 -0.1109572589412213 0.02989517847987713
880 -0.06210559736106692 -0.1110451579478708 0.02965367794391512
881 -0.06197157473907269 -0.1111328682232455 0.02941269594286906
882 -0.06183649319385165 -0.1112203882686188 0.02917223659445627
883 -0.06170035503357463 -0.1113077165885147 0.02893230400746344
884 -0.06156316258446711 -0.1113948516907332 0.02869290228167636
885 -0.06142491819076989 -0.1114817920863755 0.02845403550781063
886 -0.06128562421469807 -0.1115685362898703 0.02821570776744007
887 -0.06114528303640138 -0.1116550828189985 0.02797792313292823
888 -0.06100389705392306 -0.1117414301949188 0.02774068566735791
889 -0.06086146868315938 -0.1118275769421929 0.02750399942446275
890 -0.06071800035781807 -0.1119135215888107 0.02726786844855736
891 -0.06057349452937705 -0.1119992626662153 0.02703229677446875
892 -0.06042795366704248 -0.1120847987093279 0.02679728842746733
893 -0.0602813802577063 -0.1121701282565736 0.02656284742319752
894 -0.06013377680590368 -0.1122552498499057 0.02632897776760933
895 -0.05998514583377031 -0.1123401620348313 0.02609568345688978
896 -0.05983548988099943 -0.1124248633604353 0.02586296847739499
897 -0.05968481150479898 -0.1125093523794054 0.02563083680558281
898 -0.05953311327984583 -0.1125936276480578 0.02539929240794173
899 -0.05938039779824389 -0.1126776877263609 0.02516833924092636
900 -0.05922666766947931 -0.1127615311779599 0.02493798125088898
901 -0.05907192552037643 -0.1128451565702012 0.02470822237401298
902 -0.05891617399505174 -0.1129285624741575 0.02447906653624379
903 -0.05875941575486847 -0.1130117474646525 0.0242505176532215
904 -0.05860165347839229 -0.113094710120284 0.02402257963021578
905 -0.05844288986134519 -0.1131774490234494 0.02379525636205845
906 -0.05828312761656031 -0.1132599627603685 0.02356855173307838
907 -0.05812236947393321 -0.1133422499211095 0.02334246961703157
908 -0.05796061818037697 -0.1134243090996117 0.02311701387703757
909 -0.0577978764997743 -0.1135061388937107 0.0228921883655121
910 -0.05763414721293204 -0.1135877379051606 0.02266799692410356
911 -0.05746943311753196 -0.1136691047396596 0.02244444338362513
912 -0.05730373702808364 -0.1137502380068728 0.02222153156399021
913 -0.05713706177587614 -0.1138311363204566 0.02199926527414683
914 -0.05696941020892959 -0.113911798298082 0.02177764831201258
915 -0.05680078519194653 -0.1139922225614584 0.02155668446440961
916 -0.0566311896062634 -0.114072407736357 0.02133637750700065
917 -0.05646062634980065 -0.1141523524526345 0.02111673120422348
918 -0.05628909833701266 -0.1142320553442568 0.02089774930922605
919 -0.05611660849884074 -0.1143115150493209 0.02067943556380582
920 -0.05594315978266055 -0.1143907302100797 0.0204617936983427
921 -0.05576875515223315 -0.114469699472964 0.02024482743173694
922 -0.05559339758765108 -0.1145484214886078 0.0200285404713417
923 -0.05541709008529137 -0.1146268949118689 0.01981293651290449
924 -0.05523983565776262 -0.1147051184018532 0.01959801924050185
925 -0.05506163733385427 -0.1147830906219367 0.01938379232647743
926 -0.05488249815848404 -0.1148608102397896 0.01917025943137816
927 -0.05470242119264621 -0.1149382759273978 0.01895742420389211
928 -0.05452140951335896 -0.1150154863610866 0.0187452902807857
929 -0.05433946621361292 -0.1150924402215426 0.01853386128684292
930 -0.05415659440231783 -0.1151691361938364 0.0183231408348028
931 -0.05397279720424825 -0.1152455729674453 0.01811313252529625
932 -0.05378807775999045 -0.1153217492362762 0.01790383994678502
933 -0.05360243922588941 -0.1153976636986871 0.01769526667550111
934 -0.053415884773996 -0.115473315057509 0.01748741627538679
935 -0.05322841759201122 -0.115548702020069 0.01728029229803209
936 -0.05304004088323199 -0.1156238232982117 0.01707389828261437
937 -0.05285075786649652 -0.1156986776083219 0.01686823775583784
938 -0.05266057177612916 -0.1157732636713459 0.01666331423187334
939 -0.05246948586188531 -0.1158475802128138 0.01645913121229833
940 -0.05227750338889679 -0.1159216259628606 0.01625569218603808
941 -0.052084627637614 -0.1159953996562489 0.01605300062930384
942 -0.0518908619037513 -0.11606890003239 0.015851060005535
943 -0.05169620949823003 -0.1161421258353652 0.01564987376533918
944 -0.05150067374712342 -0.1162150758139474 0.01544944534643487
945 -0.05130425799159825 -0.1162877487216226 0.01524977817359102
946 -0.05110696558785748 -0.1163601433166115 0.01505087565856834
947 -0.05090879990708332 -0.1164322583618905 0.01485274120006139
948 -0.05070976433538028 -0.1165040926252125 0.0146553781836412
949 -0.05050986227371767 -0.1165756448791278 0.0144587899816977
950 -0.05030909713787045 -0.1166469139010059 0.01426297995338115
951 -0.0501074723583609 -0.1167178984730557 0.0140679514445447
952 -0.04990499138040013 -0.1167885973823467 0.01387370778768739
953 -0.04970165766382856 -0.1168590094208301 0.0136802523018966
954 -0.0492924459270179 -0.1169989680777046 0.01329571905247659
955 -0.04908657489907755 -0.1170685123045888 0.01310464785945888
956 -0.04887986511700531 -0.1171377648776918 0.01291437797861934
957 -0.04867232011290195 -0.1172067246136778 0.01272491266114615
958 -0.04846394343313962 -0.1172753903342151 0.01253625514447942
959 -0.04825473863830076 -0.1173437608659959 0.01234840865225551
960 -0.04804470930311783 -0.1174118350407566 0.01216137639425244
961 -0.0478338590164125 -0.1174796116952975 0.0119751615663353
962 -0.04762219138103463 -0.1175470896715023 0.01178976735040194
963 -0.04740971001380088 -0.1176142678163586 0.01160519691432862
964 -0.04719641854543149 -0.117681144981977 0.01142145341191479
965 -0.04698232062048895 -0.1177477200256115 0.01123853998282977
966 -0.04676741989731543 -0.1178139918096785 0.0110564597525588
967 -0.04655172004797088 -0.1178799592017761 0.01087521583235024
968 -0.04633522475817085 -0.1179456210747036 0.01069481131916287
969 -0.04611793772722246 -0.1180109763064807 0.01051524929561203
970 -0.04589986266796203 -0.1180760237803667 0.01033653282991765
971 -0.04568100330669059 -0.1181407623848798 0.01015866497585102
972 -0.04546136338311056 -0.1182051910138158 0.009981648772682851
973 -0.04524094665026324 -0.118269308566267 0.009805487245132444
974 -0.04501975687446197 -0.1183331139466415 0.009630183403313862
975 -0.04479779783522934 -0.1183966060646814 0.009455740242685792
976 -0.04457507332523291 -0.1184597838354817 0.009282160744000512
977 -0.04435158715022039 -0.1185226461795085 0.009109447873253032
978 -0.04412734312895444 -0.1185851920226175 0.008937604581630169
979 -0.04390234509314551 -0.1186474202960733 0.008766633805458765
980 -0.04367659688738944 -0.1187093299365663 0.008596538466157821
981 -0.04345010236910006 -0.1187709198862315 0.008427321470187245
982 -0.04322286540844923 -0.1188321890926652 0.008258985709002686
983 -0.04299488988828588 -0.1188931365089468 0.008091534058994966
984 -0.04276617970408131 -0.1189537610936534 0.007924969381449806
985 -0.0425367387638559 -0.1190140618108796 0.007759294522493923
986 -0.04230657098812669 -0.1190740376302513 0.007594512313056773
987 -0.04207568030982691 -0.1191336875269471 0.00743062556881241
988 -0.04184407067424108 -0.1191930104817147 0.007267637090133033
989 -0.04161174603893897 -0.1192520054808885 0.007105549662042153
990 -0.04137871037370768 -0.1193106715164068 0.006944366054166727
991 -0.04114496766048428 -0.1193690075858287 0.006784089020690283
992 -0.04091052189328639 -0.1194270126923519 0.006624721300304788
993 -0.04067537707814516 -0.1194846858448292 0.006466265616164778
994 -0.04043953723303745 -0.1195420260577853 0.006308724675841197
995 -0.04020300638781521 -0.1195990323514342 0.006152101171273835
996 -0.03996578858413813 -0.1196557037516958 0.005996397778726355
997 -0.03972788787540422 -0.119712039290212 0.005841617158740292
998 -0.03948930832668254 -0.1197680380043634 0.005687761956090859
999 -0.03925005401463963 -0.1198236989372864 0.005534834799739125
1000 -0.0390101290274673 -0.1198790211378902 0.00538283830278552
1001 -0.03876953746481902 -0.1199340036608717 0.005231775062429195
1002 -0.03852828343774076 -0.1199886455667313 0.005081647659924166
1003 -0.03828637106860115 -0.1200429459217887 0.004932458660535433
1004 -0.03804380449101604 -0.1200969037982006 0.004784210613491893
1005 -0.03780058784977892 -0.1201505182739759 0.004636906051943619
1006 -0.0375567253007916 -0.1202037884329908 0.004490547492919425
1007 -0.03731222101099148 -0.1202567133650055 0.004345137437282806
1008 -0.03706707915828224 -0.120309292165679 0.004200678369690423
1009 -0.0368213039314615 -0.1203615239365846 0.004057172758548978
1010 -0.03657489953014989 -0.1204134077852256 0.003914623055973517
1011 -0.03632787016471867 -0.1204649428250501 0.003773031697745087
1012 -0.03608022005621793 -0.1205161281754664 0.003632401103269213
1013 -0.03583195343630508 -0.1205669629618582 0.003492733675534959
1014 -0.03558307454717252 -0.120617446315599 0.003354031801073791
1015 -0.03533358764147827 -0.1206675773740667 0.003216297849920488
1016 -0.03508349698225961 -0.1207173552806609 0.003079534175565141
1017 -0.03483280684287485 -0.1207667791848148 0.002943743114921057
1018 -0.03458152150692281 -0.120815848242011 0.00280892698828069
1019 -0.03432964526818241 -0.1208645616137934 0.002675088099282845
1020 -0.03407718243052336 -0.1209129184677852 0.002542228734864718
1021 -0.03382413730783882 -0.1209609179777009 0.002410351165226199
1022 -0.03357051422397122 -0.1210085593233617 0.00227945764379079
1023 -0.03331631751263935 -0.1210558416907083 0.002149550407167668
1024 -0.03306155151736331 -0.1211027642718156 0.002020631675112919
1025 -0.03280622059139182 -0.1211493262649059 0.001892703650492364
1026 -0.03255032909762629 -0.1211955268743633 0.00176576851924317
1027 -0.03229388140854694 -0.1212413653107467 0.001639828450336799
1028 -0.03203688190613561 -0.1212868407908039 0.001514885595740749
1029 -0.03177933498180482 -0.1213319525374845 0.001390942090383748
1030 -0.03152124503632059 -0.1213766997799531 0.001268000052118169
1031 -0.03126261647973619 -0.1214210817536016 0.001146061581688118
1032 -0.03100345373129418 -0.1214650977000655 0.00102512876268275
1033 -0.03074376121936897 -0.121508746867234 0.0009052036615093961
1034 -0.03048354338138232 -0.1215520285092643 0.0007862883273540566
1035 -0.03022280466374527 -0.1215949418865917 0.0006683847921546138
1036 -0.02996154952176485 -0.1216374862659445 0.0005514950705579197
1037 -0.0296997824195704 -0.1216796609203569 0.0004356211598867399
1038 -0.02943750783003911 -0.1217214651291803 0.0003207650401063078
1039 -0.02917473023471997 -0.1217628981780961 0.0002069286737907752
1040 -0.02891145412375596 -0.1218039593591282 9.411400608911463e-05
1041 -0.02864768399581056 -0.1218446479706539 -1.7677035306779e-05
1042 -0.0283834243579876 -0.1218849633174172 -0.0001284425401964426
1043 -0.02811867972575553 -0.12192490471054 -0.0002381806159028402
1044 -0.02785345462286833 -0.1219644714675342 -0.0003468893873055795
1045 -0.02758775358129117 -0.1220036629123132 -0.0004545669968717275
1046 -0.02732158114112348 -0.1220424783752031 -0.00056121160468732
1047 -0.02705494185052091 -0.1220809171929542 -0.0006668213884890653
1048 -0.02678784026561358 -0.1221189787087533 -0.0007713945436971098
1049 -0.02652028095042506 -0.1221566622722347 -0.0008749292834468875
1050 -0.02625226847680287 -0.1221939672394908 -0.0009774238386165077
1051 -0.02598380742434092 -0.1222308929730825 -0.00107887645785669
1052 -0.02571490238030224 -0.1222674388420505 -0.001179285407620398
1053 -0.025445557939532 -0.1223036042219265 -0.001278648972195755
1054 -0.02517577870438344 -0.1223393884947441 -0.00137696545373367
1055 -0.02490556928463884 -0.1223747910490488 -0.001474233172276865
1056 -0.02463493429743152 -0.1224098112799087 -0.00157045046578852
1057 -0.02436387836716697 -0.1224444485889246 -0.00166561569018038
1058 -0.02409240612544346 -0.1224787023842404 -0.001759727219341284
1059 -0.02382052221097259 -0.1225125720805533 -0.001852783445164832
1060 -0.02354823126950018 -0.1225460570991237 -0.001944782777576939
1061 -0.02327553795372617 -0.122579156867785 -0.002035723644563156
1062 -0.02300244692322809 -0.1226118708209535 -0.002125604492194608
1063 -0.02272896284437823 -0.1226441983996379 -0.00221442378465557
1064 -0.02245509039026616 -0.1226761390514489 -0.002302180004268989
1065 -0.02218083424061486 -0.1227076922306091 -0.002388871651523766
1066 -0.02190619908170507 -0.1227388573979619 -0.00247449724509885
1067 -0.02163118960629331 -0.1227696340209804 -0.002559055321889298
1068 -0.02135581051353407 -0.122800021573777 -0.002642544437030464
1069 -0.02108006650889606 -0.1228300195371123 -0.002724963163923788
1070 -0.02080396230408377 -0.1228596273984038 -0.00280631009426055
1071 -0.02052750261695597 -0.1228888446517349 -0.002886583838046242
1072 -0.02025069217144598 -0.1229176707978633 -0.002965783023624061
1073 -0.01997353569748094 -0.1229461053442298 -0.003043906297698351
1074 -0.01969603793089945 -0.1229741478049664 -0.003120952325358126
1075 -0.01941820361337294 -0.1230017977009048 -0.003196919790099298
1076 -0.01914003749232368 -0.1230290545595847 -0.003271807393847387
1077 -0.01886154432084345 -0.1230559179152614 -0.003345613856979818
1078 -0.01858272885761135 -0.1230823873089143 -0.003418337918347988
1079 -0.01830359586681374 -0.1231084622882547 -0.003489978335298502
1080 -0.01802415011806333 -0.1231341424077331 -0.003560533883694261
1081 -0.01774439638631747 -0.123159427228547 -0.003630003357935493
1082 -0.01746433945179589 -0.1231843163186487 -0.003698385570980484
1083 -0.01718398409989864 -0.1232088092527521 -0.003765679354365892
1084 -0.01690333512112523 -0.1232329056123407 -0.003831883558226654
1085 -0.01662239731099231 -0.1232566049856742 -0.003896997051315604
1086 -0.01634117546995269 -0.1232799069677956 -0.003961018721022613
1087 -0.01605967440331119 -0.1233028111605383 -0.004023947473394102
1088 -0.01577789892114439 -0.1233253171725329 -0.004085782233151342
1089 -0.01549585383821824 -0.1233474246192138 -0.004146521943708792
1090 -0.01521354397390474 -0.1233691331228256 -0.00420616556719243
1091 -0.01493097415210051 -0.12339044231243 -0.004264712084457334
1092 -0.01464814920114343 -0.1234113518239117 -0.004322160495105198
1093 -0.01436507395373176 -0.1234318612999849 -0.004378509817501153
1094 -0.01408175324684043 -0.1234519703901992 -0.004433759088790734
1095 -0.01379819192163869 -0.1234716787509458 -0.004487907364916333
1096 -0.01351439482340763 -0.123490986045463 -0.004540953720633234
1097 -0.01323036680145671 -0.1235098919438426 -0.004592897249525538
1098 -0.01294611270904147 -0.1235283961230347 -0.004643737064021616
1099 -0.01266163740327957 -0.1235464982668543 -0.004693472295409423
1100 -0.01237694574506908 -0.1235641980659854 -0.00474210209385105
1101 -0.01209204259900473 -0.1235814952179874 -0.004789625628397465
1102 -0.01180693283329494 -0.1235983894272997 -0.004836042087002626
1103 -0.01152162131967897 -0.1236148804052469 -0.004881350676537305
1104 -0.0112361129333439 -0.1236309678700437 -0.004925550622802657
1105 -0.01095041255284113 -0.1236466515467995 -0.004968641170543395
1106 -0.01066452506000167 -0.1236619311675237 -0.005010621583461022
1107 -0.01037845533985378 -0.1236768064711298 -0.00505149114422615
1108 -0.01009220828053927 -0.1236912772034398 -0.005091249154490773
1109 -0.0098057887732306 -0.1237053431171888 -0.005129894934900209
1110 -0.00951920171204719 -0.1237190039720292 -0.005167427825104681
1111 -0.009232451993970273 -0.1237322595345347 -0.005203847183770732
1112 -0.008945544518761565 -0.1237451095782043 -0.005239152388591989
1113 -0.008658484188878372 -0.1237575538834662 -0.005273342836299932
1114 -0.008371275909389828 -0.1237695922376816 -0.005306417942674058
1115 -0.008083924587892886 -0.1237812244351482 -0.005338377142552114
1116 -0.007796435134428174 -0.1237924502771038 -0.005369219889839599
1117 -0.007508812461399107 -0.1238032695717298 -0.005398945657518861
1118 -0.007221061483482893 -0.1238136821341542 -0.005427553937658619
1119 -0.006933187117549339 -0.1238236877864552 -0.005455044241422374
1120 -0.006645194282576317 -0.1238332863576636 -0.005481416099076722
1121 -0.006357087899567793 -0.1238424776837665 -0.005506669059999289
1122 -0.006068872891467667 -0.1238512616077094 -0.00553080269268659
1123 -0.005780554183075465 -0.1238596379793993 -0.005553816584761409
1124 -0.005492136700961485 -0.123867606655707 -0.005575710342979934
1125 -0.005203625373384244 -0.12387516750047 -0.005596483593238263
1126 -0.004915025130206037 -0.1238823203844943 -0.005616135980578862
1127 -0.004626340902809438 -0.1238890651855567 -0.005634667169196639
1128 -0.004337577624011747 -0.1238954017884073 -0.005652076842444662
1129 -0.004048740227979686 -0.123901330084771 -0.005668364702839712
1130 -0.003759833650147544 -0.1239068499733495 -0.005683530472067183
1131 -0.003470862827131625 -0.1239119613598233 -0.005697573890985935
1132 -0.00318183269664736 -0.1239166641568527 -0.005710494719632614
1133 -0.002892748197421351 -0.1239209582840801 -0.005722292737225937
1134 -0.002603614269109933 -0.1239248436681305 -0.005732967742170358
1135 -0.002314435852213421 -0.1239283202426135 -0.005742519552059511
1136 -0.002025217887993432 -0.1239313879481241 -0.005750948003679313
1137 -0.001735965318386948 -0.1239340467322435 -0.005758252953010745
1138 -0.001446683085923599 -0.1239362965495406 -0.005764434275232377
1139 -0.001157376133638789 -0.1239381373615721 -0.005769491864722448
1140 -0.000868049404990405 -0.1239395691368837 -0.005773425635060739
1141 -0.0005787078437730978 -0.1239405918510103 -0.00577623551902999
1142 -0.000289356394036995 -0.1239412054864764 -0.005777921468617012
1143 0.0002893563940400986 -0.1239412054864764 -0.005777921468616984
1144 0.0005787078437783118 -0.1239405918510102 -0.005776235519029935
1145 0.0008680494049968058 -0.1239395691368837 -0.005773425635060656
1146 0.001157376133645936 -0.1239381373615721 -0.005769491864722323
1147 0.001446683085930314 -0.1239362965495406 -0.005764434275232225
1148 0.001735965318392287 -0.1239340467322435 -0.005758252953010592
1149 0.002025217887996598 -0.123931387948124 -0.005750948003679202
1150 0.002314435852214969 -0.1239283202426135 -0.005742519552059441
1151 0.002603614269110372 -0.1239248436681305 -0.005732967742170317
1152 0.002892748197421593 -0.12392095828408 -0.005722292737225909
1153 0.003181832696647422 -0.1239166641568527 -0.005710494719632586
1154 0.00347086282713144 -0.1239119613598233 -0.005697573890985935
1155 0.003759833650146179 -0.1239068499733496 -0.005683530472067252
1156 0.004048740227977508 -0.123901330084771 -0.005668364702839809
1157 0.004337577624009133 -0.1238954017884074 -0.0056520768424448
1158 0.004626340902807008 -0.1238890651855568 -0.005634667169196778
1159 0.004915025130203489 -0.1238823203844943 -0.005616135980579029
1160 0.005203625373381509 -0.1238751675004701 -0.00559648359323843
1161 0.00549213670095894 -0.1238676066557071 -0.0055757103429801
1162 0.005780554183073348 -0.1238596379793993 -0.005553816584761548
1163 0.006068872891465984 -0.1238512616077095 -0.005530802692686715
1164 0.006357087899565679 -0.1238424776837666 -0.005506669059999456
1165 0.006645194282572973 -0.1238332863576637 -0.005481416099076999
1166 0.006933187117544691 -0.1238236877864553 -0.005455044241422791
1167 0.007221061483477822 -0.1238136821341544 -0.005427553937659105
1168 0.00750881246139391 -0.12380326957173 -0.005398945657519361
1169 0.007796435134422736 -0.123792450277104 -0.005369219889840154
1170 0.00808392458788652 -0.1237812244351484 -0.005338377142552794
1171 0.008371275909376736 -0.1237695922376821 -0.005306417942675529
1172 0.008658484188857075 -0.1237575538834671 -0.005273342836302403
1173 0.008945544518732019 -0.1237451095782056 -0.005239152388595555
1174 0.009232451993939706 -0.1237322595345361 -0.005203847183774535
1175 0.009519201712017434 -0.1237190039720306 -0.005167427825108484
1176 0.009805788773202461 -0.1237053431171901 -0.005129894934903928
1177 0.01009220828051208 -0.1236912772034411 -0.005091249154494479
1178 0.01037845533982746 -0.1236768064711311 -0.005051491144229828
1179 0.01066452505997598 -0.1236619311675251 -0.005010621583464728
1180 0.0109504125528157 -0.1236466515468009 -0.004968641170547169
1181 0.0112361129333183 -0.1236309678700451 -0.004925550622806543
1182 0.0115216213196526 -0.1236148804052484 -0.004881350676541427
1183 0.0118069328332676 -0.1235983894273013 -0.004836042087006998
1184 0.01209204259897679 -0.1235814952179891 -0.004789625628402058
1185 0.01237694574504099 -0.1235641980659871 -0.004742102093855768
1186 0.0126616374032513 -0.123546498266856 -0.004693472295414294
1187 0.0129461127090092 -0.1235283961230368 -0.004643737064027306
1188 0.01323036680141611 -0.1235098919438452 -0.004592897249532851
1189 0.01351439482335846 -0.1234909860454663 -0.00454095372064231
1190 0.01379819192158486 -0.1234716787509495 -0.004487907364926491
1191 0.01408175324678591 -0.123451970390203 -0.00443375908880124
1192 0.01436507395367728 -0.1234318612999888 -0.004378509817511866
1193 0.01464814920108937 -0.1234113518239157 -0.004322160495116037
1194 0.01493097415204723 -0.123390442312434 -0.004264712084468242
1195 0.0152135439738523 -0.1233691331228296 -0.004206165567203379
1196 0.01549585383816597 -0.1233474246192178 -0.004146521943719908
1197 0.01577789892109175 -0.1233253171725371 -0.004085782233162763
1198 0.01605967440325774 -0.1233028111605426 -0.004023947473405926
1199 0.01634117546989917 -0.1232799069678 -0.003961018721034659
1200 0.01662239731093926 -0.1232566049856786 -0.003896997051327775
1201 0.01690333512107279 -0.1232329056123452 -0.003831883558238894
1202 0.01718398409984656 -0.1232088092527566 -0.003765679354378257
1203 0.01746433945174301 -0.1231843163186533 -0.003698385570993237
1204 0.01774439638625678 -0.1231594272285525 -0.003630003357950426
1205 0.01802415011799501 -0.1231341424077393 -0.003560533883711345
1206 0.01830359586673938 -0.1231084622882616 -0.003489978335317417
1207 0.01858272885753774 -0.1230823873089212 -0.003418337918367015
1208 0.01886154432077116 -0.1230559179152683 -0.003345613856998803
1209 0.01914003749225305 -0.1230290545595915 -0.003271807393866233
1210 0.01941820361330406 -0.1230017977009116 -0.003196919790117964
1211 0.01969603793083244 -0.1229741478049731 -0.003120952325376569
1212 0.01997353569741585 -0.1229461053442364 -0.003043906297716531
1213 0.02025069217138241 -0.1229176707978699 -0.002965783023642088
1214 0.02052750261689312 -0.1228888446517415 -0.002886583838064338
1215 0.02080396230402154 -0.1228596273984104 -0.00280631009427873
1216 0.02108006650883474 -0.1228300195371189 -0.002724963163941968
1217 0.02135581051347324 -0.1228000215737836 -0.002642544437048755
1218 0.02163118960623275 -0.1227696340209871 -0.002559055321907769
1219 0.02190619908164442 -0.1227388573979687 -0.002474497245117613
1220 0.02218083424054821 -0.1227076922306168 -0.002388871651544659
1221 0.02245509039019225 -0.1226761390514575 -0.002302180004292491
1222 0.02272896284429718 -0.1226441983996474 -0.002214423784681674
1223 0.02300244692314563 -0.1226118708209633 -0.002125604492221538
1224 0.02327553795364319 -0.1225791568677951 -0.002035723644590627
1225 0.02354823126941622 -0.122546057099134 -0.001944782777605097
1226 0.02382052221088793 -0.1225125720805638 -0.001852783445193601
1227 0.0240924061253581 -0.1224787023842511 -0.001759727219370656
1228 0.0243638783670811 -0.1224444485889355 -0.001665615690210308
1229 0.02463493429734532 -0.1224098112799197 -0.00157045046581894
1230 0.02490556928455226 -0.12237479104906 -0.001474233172307819
1231 0.02517577870429646 -0.1223393884947555 -0.001376965453765137
1232 0.02544555793944511 -0.1223036042219381 -0.00127864897222759
1233 0.02571490238021566 -0.1222674388420621 -0.001179285407652497
1234 0.02598380742425472 -0.1222308929730943 -0.001078876457889053
1235 0.02625226847671687 -0.1221939672395027 -0.0009774238386491829
1236 0.02652028095033938 -0.1221566622722467 -0.0008749292834798264
1237 0.02678784026552837 -0.1221189787087653 -0.0007713945437302291
1238 0.02705494185043644 -0.1220809171929663 -0.0006668213885223026
1239 0.02732158114103956 -0.1220424783752153 -0.0005612116047207238
1240 0.02758775358120762 -0.1220036629123255 -0.0004545669969053742
1241 0.02785345462278498 -0.1219644714675466 -0.0003468893873395176
1242 0.02811867972567289 -0.1219249047105524 -0.0002381806159368616
1243 0.02838342435790598 -0.1218849633174296 -0.0001284425402304362
1244 0.02864768399572874 -0.1218446479706664 -1.767703534123061e-05
1245 0.02891145412367401 -0.1218039593591409 9.411400605422587e-05
1246 0.02917473023463805 -0.121762898178109 0.0002069286737555256
1247 0.02943750782995837 -0.121721465129193 0.0003207650400711623
1248 0.0296997824194905 -0.1216796609203697 0.0004356211598515666
1249 0.02996154952168533 -0.1216374862659574 0.0005514950705225521
1250 0.03022280466366534 -0.1215949418866047 0.0006683847921186842
1251 0.03048354338130093 -0.1215520285092778 0.0007862883273170931
1252 0.03074376121928702 -0.1215087468672476 0.0009052036614717734
1253 0.03100345373121869 -0.1214650977000782 0.00102512876264773
1254 0.03126261647966747 -0.1214210817536134 0.001146061581655915
1255 0.03152124503625712 -0.1213766997799641 0.001268000052088131
1256 0.03177933498173928 -0.1213319525374959 0.001390942090352398
1257 0.03203688190606882 -0.1212868407908157 0.001514885595708469
1258 0.03229388140847941 -0.1212413653107587 0.001639828450303825
1259 0.03255032909755879 -0.1211955268743755 0.001765768519209884
1260 0.03280622059132304 -0.1211493262649184 0.001892703650458107
1261 0.03306155151729277 -0.1211027642718285 0.002020631675077426
1262 0.03331631751256688 -0.1210558416907217 0.00214955040713085
1263 0.03357051422389799 -0.1210085593233754 0.002279457643753209
1264 0.03382413730776521 -0.1209609179777149 0.002410351165188049
1265 0.03407718243044953 -0.1209129184677992 0.002542228734826089
1266 0.03432964526810767 -0.1208645616138078 0.002675088099243356
1267 0.03458152150684689 -0.1208158482420257 0.002808926988240187
1268 0.03483280684279755 -0.12076677918483 0.002943743114879424
1269 0.03508349698218712 -0.1207173552806753 0.003079534175525721
1270 0.03533358764141207 -0.1206675773740799 0.003216297849884149
1271 0.03558307454711292 -0.1206174463156111 0.003354031801040755
1272 0.03583195343624605 -0.1205669629618703 0.00349273367550193
1273 0.0360802200561583 -0.1205161281754787 0.003632401103235539
1274 0.03632787016465824 -0.1204649428250626 0.003773031697710628
1275 0.0365748995300897 -0.1204134077852382 0.003914623055938898
1276 0.03682130393140205 -0.1203615239365972 0.004057172758514457
1277 0.03706707915822385 -0.1203092921656914 0.004200678369656201
1278 0.03731222101093438 -0.1202567133650178 0.004345137437249035
1279 0.03755672530073571 -0.1202037884330029 0.004490547492886063
1280 0.03780058784972416 -0.1201505182739879 0.004636906051910646
1281 0.03804380449096122 -0.1200969037982128 0.004784210613458573
1282 0.03828637106854612 -0.120042945921801 0.004932458660501675
1283 0.03852828343768534 -0.1199886455667437 0.00508164765988988
1284 0.03876953746476403 -0.1199340036608842 0.005231775062394861
1285 0.03901012902741623 -0.1198790211379019 0.005382838302753344
1286 0.0392500540145958 -0.1198236989372965 0.005534834799711279
1287 0.03948930832664633 -0.1197680380043718 0.005687761956067641
1288 0.03972788787537247 -0.1197120392902195 0.005841617158719753
1289 0.03996578858410805 -0.1196557037517029 0.005996397778706732
1290 0.04020300638778684 -0.119599032351441 0.006152101171255163
1291 0.04043953723300997 -0.1195420260577919 0.006308724675822955
1292 0.04067537707811807 -0.1194846858448358 0.006466265616146639
1293 0.04091052189325978 -0.1194270126923585 0.006624721300286816
1294 0.04114496766045811 -0.1193690075858352 0.00678408902067245
1295 0.04137871037368178 -0.1193106715164133 0.006944366054148929
1296 0.04161174603891271 -0.1192520054808952 0.007105549662023938
1297 0.04184407067421449 -0.1191930104817215 0.007267637090114444
1298 0.04207568030979986 -0.119133687526954 0.007430625568793335
1299 0.0423065709880984 -0.1190740376302587 0.007594512313036636
1300 0.0425367387638273 -0.1190140618108871 0.007759294522473384
1301 0.04276617970405416 -0.1189537610936605 0.007924969381430155
1302 0.04299488988826673 -0.1188931365089519 0.008091534058980991
1303 0.04322286540843787 -0.1188321890926683 0.008258985708994339
1304 0.04345010236909483 -0.1187709198862329 0.008427321470183394
1305 0.04367659688738437 -0.1187093299365677 0.008596538466154047
1306 0.04390234509314027 -0.1186474202960748 0.008766633805454838
1307 0.04412734312894907 -0.118585192022619 0.008937604581626096
1308 0.04435158715021575 -0.1185226461795098 0.009109447873249493
1309 0.04457507332522858 -0.118459783835483 0.009282160743997188
1310 0.04479779783522517 -0.1183966060646826 0.009455740242682559
1311 0.04501975687445776 -0.1183331139466427 0.009630183403310573
1312 0.04524094665025967 -0.1182693085662681 0.00980548724512962
1313 0.04546136338310757 -0.1182051910138167 0.009981648772680471
1314 0.04568100330668789 -0.1181407623848806 0.01015866497584887
1315 0.04589986266795953 -0.1180760237803675 0.01033653282991564
1316 0.04611793772722001 -0.1180109763064815 0.01051524929561003
1317 0.04633522475816841 -0.1179456210747043 0.01069481131916087
1318 0.04655172004796822 -0.1178799592017769 0.01087521583234805
1319 0.04676741989731278 -0.1178139918096793 0.01105645975255658
1320 0.04698232062048691 -0.1177477200256122 0.01123853998282806
1321 0.0471964185454306 -0.1176811449819773 0.01142145341191406
1322 0.04740971001380092 -0.1176142678163585 0.01160519691432867
1323 0.04762219138103507 -0.1175470896715022 0.01178976735040235
1324 0.04783385901641261 -0.1174796116952974 0.01197516156633543
1325 0.04804470930311749 -0.1174118350407567 0.01216137639425217
1326 0.04825473863829997 -0.1173437608659962 0.01234840865225484
1327 0.04846394343313906 -0.1172753903342153 0.01253625514447895
1328 0.04867232011290139 -0.117206724613678 0.01272491266114568
1329 0.04887986511700444 -0.1171377648776921 0.01291437797861859
1330 0.04908657489907615 -0.1170685123045893 0.01310464785945762
1331 0.0492924459270167 -0.116998968077705 0.01329571905247549
1332 0.04970165766382455 -0.1168590094208315 0.01368025230189281
1333 0.04990499138039423 -0.1167885973823488 0.01387370778768176
1334 0.05010747235835503 -0.1167178984730577 0.01406795144453905
1335 0.05030909713786407 -0.1166469139010081 0.01426297995337495
1336 0.05050986227371096 -0.1165756448791302 0.01445878998169114
1337 0.05070976433537341 -0.116504092625215 0.01465537818363441
1338 0.05090879990707639 -0.1164322583618931 0.0148527412000545
1339 0.05110696558785123 -0.1163601433166138 0.01505087565856209
1340 0.05130425799159317 -0.1162877487216245 0.01524977817358592
1341 0.05150067374711914 -0.116215075813949 0.0154494453464305
1342 0.05169620949822573 -0.1161421258353668 0.01564987376533477
1343 0.0518908619037467 -0.1160689000323917 0.01585106000553023
1344 0.05208462763761015 -0.1159953996562504 0.01605300062929981
1345 0.05227750338889397 -0.1159216259628617 0.01625569218603511
1346 0.05246948586188348 -0.1158475802128145 0.01645913121229639
1347 0.05266057177612726 -0.1157732636713466 0.01666331423187131
1348 0.05285075786649455 -0.1156986776083226 0.01686823775583571
1349 0.05304004088323002 -0.1156238232982125 0.01707389828261221
1350 0.05322841759200923 -0.1155487020200698 0.01728029229802992
1351 0.053415884773994 -0.1154733150575098 0.01748741627538458
1352 0.05360243922588755 -0.1153976636986879 0.01769526667549901
1353 0.05378807775998897 -0.1153217492362768 0.01790383994678338
1354 0.0539727972042475 -0.1152455729674456 0.01811313252529539
1355 0.0541565944023176 -0.1151691361938365 0.01832314083480253
1356 0.05433946621361226 -0.1150924402215429 0.01853386128684216
1357 0.05452140951335787 -0.1150154863610871 0.01874529028078444
1358 0.05470242119264482 -0.1149382759273984 0.01895742420389047
1359 0.05488249815848271 -0.1148608102397901 0.0191702594313766
1360 0.05506163733384786 -0.1147830906219395 0.01938379232646977
1361 0.05523983565774986 -0.1147051184018588 0.01959801924048646
1362 0.05541709008527227 -0.1146268949118774 0.01981293651288123
1363 0.05559339758763086 -0.1145484214886168 0.02002854047131689
1364 0.05576875515221313 -0.114469699472973 0.02024482743171217
1365 0.05594315978264132 -0.1143907302100884 0.02046179369831867
1366 0.05611660849882101 -0.11431151504933 0.02067943556378097
1367 0.05628909833699271 -0.114232055344266 0.02089774930920069
1368 0.05646062634978116 -0.1141523524526436 0.0211167312041985
1369 0.05663118960624528 -0.1140724077363655 0.02133637750697721
1370 0.05680078519192986 -0.1139922225614663 0.02155668446438787
1371 0.05696941020891437 -0.1139117982980893 0.02177764831199257
1372 0.05713706177586232 -0.1138311363204633 0.02199926527412851
1373 0.05730373702807095 -0.113750238006879 0.02222153156397324
1374 0.05746943311751995 -0.1136691047396655 0.02244444338360892
1375 0.05763414721292009 -0.1135877379051666 0.02266799692408728
1376 0.05779787649976002 -0.1135061388937178 0.02289218836549249
1377 0.0579606181803578 -0.1134243090996214 0.023117013877011
1378 0.05812236947391028 -0.1133422499211212 0.02334246961699946
1379 0.05828312761653576 -0.1132599627603811 0.02356855173304369
1380 0.05844288986132111 -0.1131774490234619 0.02379525636202413
1381 0.05860165347836815 -0.1130947101202967 0.02402257963018106
1382 0.05875941575484477 -0.113011747464665 0.02425051765318711
1383 0.05891617399502894 -0.1129285624741697 0.02447906653621041
1384 0.05907192552035463 -0.1128451565702129 0.02470822237398076
1385 0.05922666766945786 -0.1127615311779716 0.02493798125085699
1386 0.05938039779822234 -0.1126776877263727 0.02516833924089393
1387 0.05953311327982511 -0.1125936276480693 0.02539929240791027
1388 0.05968481150477981 -0.1125093523794161 0.02563083680555339
1389 0.05983548988098204 -0.1124248633604451 0.02586296847736809
1390 0.05998514583375331 -0.112340162034841 0.02609568345686322
1391 0.06013377680588676 -0.1122552498499155 0.02632897776758264
1392 0.06028138025768882 -0.1121701282565837 0.0265628474231697
1393 0.06042795366702122 -0.1120847987093403 0.02679728842743315
1394 0.0605734945293521 -0.11199926266623 0.02703229677442828
1395 0.06071800035779011 -0.1119135215888274 0.02726786844851156
1396 0.06086146868313153 -0.1118275769422097 0.02750399942441671
1397 0.06100389705389545 -0.1117414301949356 0.0277406856673118
1398 0.06114528303637428 -0.1116550828190151 0.02797792313288253
1399 0.06128562421467225 -0.1115685362898863 0.02821570776739611
1400 0.06142491819074544 -0.1114817920863908 0.02845403550776859
1401 0.06156316258444379 -0.1113948516907479 0.02869290228163587
1402 0.06170035503355177 -0.1113077165885293 0.02893230400742337
1403 0.06183649319382883 -0.1112203882686335 0.02917223659441587
1404 0.06197157473904972 -0.1111328682232605 0.02941269594282798
1405 0.06210559736104362 -0.1110451579478862 0.02965367794387302
1406 0.06223855876973425 -0.1109572589412369 0.02989517847983448
1407 0.06237045669317781 -0.1108691727052642 0.03013719342413422
1408 0.0625012888776028 -0.1107809007451187 0.03037971864140479
1409 0.06263105308744447 -0.1106924445691274 0.03062274998755242
1410 0.06275974710539306 -0.1106038056887603 0.03086628330984659
1411 0.06288736873242365 -0.110514985618611 0.03111031444697627
1412 0.06301391578783867 -0.1104259858763666 0.03135483922913013
1413 0.06313938610929459 -0.1103368079827895 0.03159985347804773
1414 0.06326377755284893 -0.1102474534616845 0.03184535300710983
1415 0.06338708799299461 -0.1101579238398742 0.03209133362140584
1416 0.06350931532269757 -0.1100682206471721 0.03233779111780787
1417 0.06363045745343021 -0.109978345416358 0.03258472128503788
1418 0.06375051231520765 -0.1098882996831517 0.03283211990374038
1419 0.06386947785662336 -0.1097980849861865 0.03307998274655522
1420 0.06398735204488448 -0.1097077028669827 0.03332830557819028
1421 0.06410413286584626 -0.1096171548699212 0.03357708415549336
1422 0.06421981832404638 -0.109526442542218 0.03382631422752429
1423 0.06433440644273947 -0.1094355674338963 0.0340759915356286
1424 0.0644478952639311 -0.1093445310977608 0.03432611181351081
1425 0.06456028284840937 -0.1092533350893721 0.03457667078730298
1426 0.06467156727578049 -0.1091619809670186 0.03482766417564338
1427 0.06478174664450136 -0.1090704702916895 0.03507908768974909
1428 0.06489081907191246 -0.1089788046270482 0.03533093703349033
1429 0.06499878269426684 -0.1088869855394081 0.03558320790345648
1430 0.0651056356667629 -0.108795014597705 0.03583589598903185
1431 0.06521137616357778 -0.1087028933734688 0.03608899697247324
1432 0.06531600237789814 -0.1086106234407971 0.03634250652898323
1433 0.06541951252195082 -0.1085182063763284 0.03659642032678334
1434 0.06552190482703346 -0.1084256437592149 0.03685073402718839
1435 0.06562317754354395 -0.1083329371710964 0.03710544328467857
1436 0.06572332894101049 -0.1082400881960733 0.03736054374697418
1437 0.0658223573081218 -0.1081470984206784 0.03761603105511169
1438 0.0659202609527566 -0.1080539694338503 0.03787190084351849
1439 0.06601703820201223 -0.107960702826906 0.0381281487400872
1440 0.06611268740223235 -0.1078673001935145 0.03838477036624788
1441 0.06620720691903588 -0.1077737631296693 0.03864176133704463
1442 0.06630059513734474 -0.1076800932336611 0.03889911726120984
1443 0.06639285046141208 -0.1075862921060498 0.03915683374124121
1444 0.06648397131484914 -0.1074923613496378 0.03941490637347568
1445 0.06657395614065231 -0.107398302569442 0.03967333074816506
1446 0.06666280340122888 -0.1073041173726678 0.03993210244954891
1447 0.06675051157842427 -0.1072098073686805 0.04019121705593277
1448 0.06683707917354766 -0.1071153741689778 0.0404506701397627
1449 0.06692250470739795 -0.1070208193871624 0.04071045726770217
1450 0.06700678672028837 -0.1069261446389146 0.04097057400070556
1451 0.06708992377207181 -0.1068313515419647 0.04123101589409559
1452 0.06717191444216525 -0.1067364417160654 0.04149177849763822
1453 0.06725275732957425 -0.1066414167829639 0.04175285735561966
1454 0.06733245105291677 -0.1065462783663744 0.04201424800692211
1455 0.06741099425044728 -0.1064510280919495 0.04227594598510137
1456 0.06748838558007939 -0.1063556675872534 0.04253794681846171
1457 0.06756462371940894 -0.1062601984817338 0.04280024603013227
1458 0.06763970736573663 -0.1061646224066942 0.04306283913814368
1459 0.06771363523608989 -0.1060689409952662 0.04332572165550356
1460 0.06778640606724537 -0.1059731558823813 0.04358888909027497
1461 0.06785801861574975 -0.1058772687047433 0.04385233694565046
1462 0.0679284716579423 -0.1057812811007996 0.04411606072003332
1463 0.06799776398997481 -0.1056851947107136 0.0443800559071116
1464 0.0680658944278332 -0.1055890111763356 0.04464431799593845
1465 0.0681328618073562 -0.105492732141177 0.0449088424710036
1466 0.06819866498425602 -0.1053963592503808 0.04517362481231363
1467 0.06826330283413756 -0.1052998941506944 0.0454386604954674
1468 0.06832677425251868 -0.1052033384904397 0.04570394499173776
1469 0.06838907815484799 -0.1051066939194864 0.04596947376814486
1470 0.06845021347652348 -0.1050099620892239 0.04623524228753361
1471 0.06851017917291122 -0.1049131446525323 0.04650124600865335
1472 0.06856897421936289 -0.1048162432637544 0.04676748038623449
1473 0.0686265976112336 -0.1047192595786672 0.04703394087106707
1474 0.06868304836389816 -0.104622195254455 0.04730062291007463
1475 0.06873832551276893 -0.1045250519496794 0.04756752194639685
1476 0.06879242811331189 -0.1044278313242515 0.04783463341946514
1477 0.06884535524106322 -0.104330535039403 0.04810195276508313
1478 0.06889710599164434 -0.104233164757659 0.04836947541550082
1479 0.06894767948077798 -0.1041357221428084 0.04863719679949556
1480 0.06899707484430243 -0.1040382088598771 0.04890511234244619
1481 0.06904529123818726 -0.103940626575098 0.0491732174664154
1482 0.06909232783854734 -0.1038429769558833 0.04944150759022634
1483 0.06913818384165696 -0.1037452616707952 0.04970997812954131
1484 0.06918285846396353 -0.1036474823895186 0.04997862449693939
1485 0.06922635094210092 -0.1035496407828316 0.05024744210199485
1486 0.06926866053290268 -0.1034517385225776 0.05051642635135646
1487 0.06930978651341463 -0.1033537772816359 0.05078557264882552
1488 0.06934972818090708 -0.1032557587338943 0.0510548763954334
1489 0.06938848485288732 -0.1031576845542188 0.05132433298952319
1490 0.06942605586711079 -0.1030595564184266 0.05159393782682538
1491 0.06946244058159258 -0.1029613760032566 0.05186368630053768
1492 0.06949763837461823 -0.1028631449863413 0.05213357380140257
1493 0.06953164864475456 -0.1027648650461779 0.05240359571778685
1494 0.06956447081085974 -0.1026665378620998 0.05267374743576009
1495 0.06959610431209351 -0.1025681651142473 0.05294402433917438
1496 0.06962654860792669 -0.1024697484835392 0.0532144218097439
1497 0.06965580317815033 -0.1023712896516437 0.05348493522712243
1498 0.06968386752288466 -0.1022727903009505 0.053755559968983
1499 0.06971074116258741 -0.1021742521145417 0.05402629141109534
1500 0.06973642363806226 -0.1020756767761628 0.05429712492740643
1501 0.06976091451046659 -0.1019770659701943 0.05456805589011891
1502 0.06978421336131883 -0.1018784213816234 0.05483907966976911
1503 0.06980631979250584 -0.101779744696014 0.05511019163530741
1504 0.0698272334262896 -0.1016810375994792 0.05538138715417677
1505 0.06984695390531398 -0.10158230177865 0.05565266159239619
1506 0.06986548089261045 -0.101483538920649 0.05592401031463476
1507 0.06988281407160404 -0.1013847507130603 0.05619542868429304
1508 0.06989895314611841 -0.1012859388439024 0.05646691206357847
1509 0.06991389784038129 -0.1011871050015976 0.05673845581358896
1510 0.06992764789902906 -0.1010882508749437 0.05701005529439052
1511 0.06994020308711117 -0.1009893781530848 0.05728170586509768
1512 0.0699515631900941 -0.1008904885254831 0.05755340288395185
1513 0.06996172801386499 -0.1007915836818897 0.05782514170839919
1514 0.06997069738473508 -0.1006926653123155 0.05809691769517356
1515 0.06997847114944256 -0.1005937351070025 0.05836872620037311
1516 0.06998504917515527 -0.1004947947563945 0.05864056257954157
1517 0.06999043134947291 -0.1003958459511093 0.05891242218774456
1518 0.06999461758042896 -0.1002968903819092 0.05918430037965134
1519 0.06999760779649225 -0.1001979297396717 0.05945619250961357
1520 0.06999940194656828 -0.1000989657153612 0.05972809393174482
$EndNodes
$Elements
1528
1 15 2 1 2 1
2 15 2 2 3 2
3 15 2 3 4 3
4 15 2 4 5 4
5 15 2 5 6 5
6 15 2 6 7 6
7 15 2 7 8 7
8 15 2 8 9 8
9 1 2 1 1 1 9
10 1 2 1 1 9 10
11 1 2 1 1 10 11
12 1 2 1 1 11 12
13 1 2 1 1 12 13
14 1 2 1 1 13 14
15 1 2 1 1 14 15
16 1 2 1 1 15 16
17 1 2 1 1 16 17
18 1 2 1 1 17 18
19 1 2 1 1 18 19
20 1 2 1 1 19 20
21 1 2 1 1 20 21
22 1 2 1 1 21 22
23 1 2 1 1 22 23
24 1 2 1 1 23 24
25 1 2 1 1 24 25
26 1 2 1 1 25 26
27 1 2 1 1 26 27
28 1 2 1 1 27 28
29 1 2 1 1 28 29
30 1 2 1 1 29 30
31 1 2 1 1 30 31
32 1 2 1 1 31 32
33 1 2 1 1 32 33
34 1 2 1 1 33 34
35 1 2 1 1 34 35
36 1 2 1 1 35 36
37 1 2 1 1 36 37
38 1 2 1 1 37 38
39 1 2 1 1 38 39
40 1 2 1 1 39 40
41 1 2 1 1 40 41
42 1 2 1 1 41 42
43 1 2 1 1 42 43
44 1 2 1 1 43 44
45 1 2 1 1 44 45
46 1 2 1 1 45 46
47 1 2 1 1 46 47
48 1 2 1 1 47 48
49 1 2 1 1 48 49
50 1 2 1 1 49 50
51 1 2 1 1 50 51
52 1 2 1 1 51 52
53 1 2 1 1 52 53
54 1 2 1 1 53 54
55 1 2 1 1 54 55
56 1 2 1 1 55 56
57 1 2 1 1 56 57
58 1 2 1 1 57 58
59 1 2 1 1 58 59
60 1 2 1 1 59 60
61 1 2 1 1 60 61
62 1 2 1 1 61 62
63 1 2 1 1 62 63
64 1 2 1 1 63 64
65 1 2 1 1 64 65
66 1 2 1 1 65 66
67 1 2 1 1 66 67
68 1 2 1 1 67 68
69 1 2 1 1 68 69
70 1 2 1 1 69 70
71 1 2 1 1 70 71
72 1 2 1 1 71 72
73 1 2 1 1 72 73
74 1 2 1 1 73 74
75 1 2 1 1 74 75
76 1 2 1 1 75 76
77 1 2 1 1 76 77
78 1 2 1 1 77 78
79 1 2 1 1 78 79
80 1 2 1 1 79 80
81 1 2 1 1 80 81
82 1 2 1 1 81 82
83 1 2 1 1 82 83
84 1 2 1 1 83 84
85 1 2 1 1 84 85
86 1 2 1 1 85 86
87 1 2 1 1 86 87
88 1 2 1 1 87 88
89 1 2 1 1 88 89
90 1 2 1 1 89 90
91 1 2 1 1 90 91
92 1 2 1 1 91 92
93 1 2 1 1 92 93
94 1 2 1 1 93 94
95 1 2 1 1 94 95
96 1 2 1 1 95 96
97 1 2 1 1 96 97
98 1 2 1 1 97 98
99 1 2 1 1 98 99
100 1 2 1 1 99 100
101 1 2 1 1 100 101
102 1 2 1 1 101 102
103 1 2 1 1 102 103
104 1 2 1 1 103 104
105 1 2 1 1 104 105
106 1 2 1 1 105 106
107 1 2 1 1 106 107
108 1 2 1 1 107 108
109 1 2 1 1 108 109
110 1 2 1 1 109 110
111 1 2 1 1 110 111
112 1 2 1 1 111 112
113 1 2 1 1 112 113
114 1 2 1 1 113 114
115 1 2 1 1 114 115
116 1 2 1 1 115 116
117 1 2 1 1 116 117
118 1 2 1 1 117 118
119 1 2 1 1 118 119
120 1 2 1 1 119 120
121 1 2 1 1 120 121
122 1 2 1 1 121 122
123 1 2 1 1 122 123
124 1 2 1 1 123 124
125 1 2 1 1 124 125
126 1 2 1 1 125 126
127 1 2 1 1 126 127
128 1 2 1 1 127 128
129 1 2 1 1 128 129
130 1 2 1 1 129 130
131 1 2 1 1 130 131
132 1 2 1 1 131 132
133 1 2 1 1 132 133
134 1 2 1 1 133 134
135 1 2 1 1 134 135
136 1 2 1 1 135 136
137 1 2 1 1 136 137
138 1 2 1 1 137 138
139 1 2 1 1 138 139
140 1 2 1 1 139 140
141 1 2 1 1 140 141
142 1 2 1 1 141 142
143 1 2 1 1 142 143
144 1 2 1 1 143 144
145 1 2 1 1 144 145
146 1 2 1 1 145 146
147 1 2 1 1 146 147
148 1 2 1 1 147 148
149 1 2 1 1 148 149
150 1 2 1 1 149 150
151 1 2 1 1 150 151
152 1 2 1 1 151 152
153 1 2 1 1 152 153
154 1 2 1 1 153 154
155 1 2 1 1 154 155
156 1 2 1 1 155 156
157 1 2 1 1 156 157
158 1 2 1 1 157 158
159 1 2 1 1 158 159
160 1 2 1 1 159 160
161 1 2 1 1 160 161
162 1 2 1 1 161 162
163 1 2 1 1 162 163
164 1 2 1 1 163 164
165 1 2 1 1 164 165
166 1 2 1 1 165 166
167 1 2 1 1 166 167
168 1 2 1 1 167 168
169 1 2 1 1 168 169
170 1 2 1 1 169 170
171 1 2 1 1 170 171
172 1 2 1 1 171 172
173 1 2 1 1 172 173
174 1 2 1 1 173 174
175 1 2 1 1 174 175
176 1 2 1 1 175 176
177 1 2 1 1 176 177
178 1 2 1 1 177 178
179 1 2 1 1 178 179
180 1 2 1 1 179 180
181 1 2 1 1 180 181
182 1 2 1 1 181 182
183 1 2 1 1 182 183
184 1 2 1 1 183 184
185 1 2 1 1 184 185
186 1 2 1 1 185 186
187 1 2 1 1 186 187
188 1 2 1 1 187 188
189 1 2 1 1 188 189
190 1 2 1 1 189 190
191 1 2 1 1 190 191
192 1 2 1 1 191 192
193 1 2 1 1 192 193
194 1 2 1 1 193 194
195 1 2 1 1 194 195
196 1 2 1 1 195 196
197 1 2 1 1 196 197
198 1 2 1 1 197 2
199 1 2 1 2 2 198
200 1 2 1 2 198 199
201 1 2 1 2 199 200
202 1 2 1 2 200 201
203 1 2 1 2 201 202
204 1 2 1 2 202 203
205 1 2 1 2 203 204
206 1 2 1 2 204 205
207 1 2 1 2 205 206
208 1 2 1 2 206 207
209 1 2 1 2 207 208
210 1 2 1 2 208 209
211 1 2 1 2 209 210
212 1 2 1 2 210 211
213 1 2 1 2 211 212
214 1 2 1 2 212 213
215 1 2 1 2 213 214
216 1 2 1 2 214 215
217 1 2 1 2 215 216
218 1 2 1 2 216 217
219 1 2 1 2 217 218
220 1 2 1 2 218 219
221 1 2 1 2 219 220
222 1 2 1 2 220 221
223 1 2 1 2 221 222
224 1 2 1 2 222 223
225 1 2 1 2 223 224
226 1 2 1 2 224 225
227 1 2 1 2 225 226
228 1 2 1 2 226 227
229 1 2 1 2 227 228
230 1 2 1 2 228 229
231 1 2 1 2 229 230
232 1 2 1 2 230 231
233 1 2 1 2 231 232
234 1 2 1 2 232 233
235 1 2 1 2 233 234
236 1 2 1 2 234 235
237 1 2 1 2 235 236
238 1 2 1 2 236 237
239 1 2 1 2 237 238
240 1 2 1 2 238 239
241 1 2 1 2 239 240
242 1 2 1 2 240 241
243 1 2 1 2 241 242
244 1 2 1 2 242 243
245 1 2 1 2 243 244
246 1 2 1 2 244 245
247 1 2 1 2 245 246
248 1 2 1 2 246 247
249 1 2 1 2 247 248
250 1 2 1 2 248 249
251 1 2 1 2 249 250
252 1 2 1 2 250 251
253 1 2 1 2 251 252
254 1 2 1 2 252 253
255 1 2 1 2 253 254
256 1 2 1 2 254 255
257 1 2 1 2 255 256
258 1 2 1 2 256 257
259 1 2 1 2 257 258
260 1 2 1 2 258 259
261 1 2 1 2 259 260
262 1 2 1 2 260 261
263 1 2 1 2 261 262
264 1 2 1 2 262 263
265 1 2 1 2 263 264
266 1 2 1 2 264 265
267 1 2 1 2 265 266
268 1 2 1 2 266 267
269 1 2 1 2 267 268
270 1 2 1 2 268 269
271 1 2 1 2 269 270
272 1 2 1 2 270 271
273 1 2 1 2 271 272
274 1 2 1 2 272 273
275 1 2 1 2 273 274
276 1 2 1 2 274 275
277 1 2 1 2 275 276
278 1 2 1 2 276 277
279 1 2 1 2 277 278
280 1 2 1 2 278 279
281 1 2 1 2 279 280
282 1 2 1 2 280 281
283 1 2 1 2 281 282
284 1 2 1 2 282 283
285 1 2 1 2 283 284
286 1 2 1 2 284 285
287 1 2 1 2 285 286
288 1 2 1 2 286 287
289 1 2 1 2 287 288
290 1 2 1 2 288 289
291 1 2 1 2 289 290
292 1 2 1 2 290 291
293 1 2 1 2 291 292
294 1 2 1 2 292 293
295 1 2 1 2 293 294
296 1 2 1 2 294 295
297 1 2 1 2 295 296
298 1 2 1 2 296 297
299 1 2 1 2 297 298
300 1 2 1 2 298 299
301 1 2 1 2 299 300
302 1 2 1 2 300 301
303 1 2 1 2 301 302
304 1 2 1 2 302 303
305 1 2 1 2 303 304
306 1 2 1 2 304 305
307 1 2 1 2 305 306
308 1 2 1 2 306 307
309 1 2 1 2 307 308
310 1 2 1 2 308 309
311 1 2 1 2 309 310
312 1 2 1 2 310 311
313 1 2 1 2 311 312
314 1 2 1 2 312 313
315 1 2 1 2 313 314
316 1 2 1 2 314 315
317 1 2 1 2 315 316
318 1 2 1 2 316 317
319 1 2 1 2 317 318
320 1 2 1 2 318 319
321 1 2 1 2 319 320
322 1 2 1 2 320 321
323 1 2 1 2 321 322
324 1 2 1 2 322 323
325 1 2 1 2 323 324
326 1 2 1 2 324 325
327 1 2 1 2 325 326
328 1 2 1 2 326 327
329 1 2 1 2 327 328
330 1 2 1 2 328 329
331 1 2 1 2 329 330
332 1 2 1 2 330 331
333 1 2 1 2 331 332
334 1 2 1 2 332 333
335 1 2 1 2 333 334
336 1 2 1 2 334 335
337 1 2 1 2 335 336
338 1 2 1 2 336 337
339 1 2 1 2 337 338
340 1 2 1 2 338 339
341 1 2 1 2 339 340
342 1 2 1 2 340 341
343 1 2 1 2 341 342
344 1 2 1 2 342 343
345 1 2 1 2 343 344
346 1 2 1 2 344 345
347 1 2 1 2 345 346
348 1 2 1 2 346 347
349 1 2 1 2 347 348
350 1 2 1 2 348 349
351 1 2 1 2 349 350
352 1 2 1 2 350 351
353 1 2 1 2 351 352
354 1 2 1 2 352 353
355 1 2 1 2 353 354
356 1 2 1 2 354 355
357 1 2 1 2 355 356
358 1 2 1 2 356 357
359 1 2 1 2 357 358
360 1 2 1 2 358 359
361 1 2 1 2 359 360
362 1 2 1 2 360 361
363 1 2 1 2 361 362
364 1 2 1 2 362 363
365 1 2 1 2 363 364
366 1 2 1 2 364 365
367 1 2 1 2 365 366
368 1 2 1 2 366 367
369 1 2 1 2 367 368
370 1 2 1 2 368 369
371 1 2 1 2 369 370
372 1 2 1 2 370 371
373 1 2 1 2 371 372
374 1 2 1 2 372 373
375 1 2 1 2 373 374
376 1 2 1 2 374 375
377 1 2 1 2 375 376
378 1 2 1 2 376 377
379 1 2 1 2 377 378
380 1 2 1 2 378 379
381 1 2 1 2 379 380
382 1 2 1 2 380 381
383 1 2 1 2 381 382
384 1 2 1 2 382 383
385 1 2 1 2 383 384
386 1 2 1 2 384 385
387 1 2 1 2 385 386
388 1 2 1 2 386 3
389 1 2 1 3 3 387
390 1 2 1 3 387 388
391 1 2 1 3 388 389
392 1 2 1 3 389 390
393 1 2 1 3 390 391
394 1 2 1 3 391 392
395 1 2 1 3 392 393
396 1 2 1 3 393 394
397 1 2 1 3 394 395
398 1 2 1 3 395 396
399 1 2 1 3 396 397
400 1 2 1 3 397 398
401 1 2 1 3 398 399
402 1 2 1 3 399 400
403 1 2 1 3 400 401
404 1 2 1 3 401 402
405 1 2 1 3 402 403
406 1 2 1 3 403 404
407 1 2 1 3 404 405
408 1 2 1 3 405 406
409 1 2 1 3 406 407
410 1 2 1 3 407 408
411 1 2 1 3 408 409
412 1 2 1 3 409 410
413 1 2 1 3 410 411
414 1 2 1 3 411 412
415 1 2 1 3 412 413
416 1 2 1 3 413 414
417 1 2 1 3 414 415
418 1 2 1 3 415 416
419 1 2 1 3 416 417
420 1 2 1 3 417 418
421 1 2 1 3 418 419
422 1 2 1 3 419 420
423 1 2 1 3 420 421
424 1 2 1 3 421 422
425 1 2 1 3 422 423
426 1 2 1 3 423 424
427 1 2 1 3 424 425
428 1 2 1 3 425 426
429 1 2 1 3 426 427
430 1 2 1 3 427 428
431 1 2 1 3 428 429
432 1 2 1 3 429 430
433 1 2 1 3 430 431
434 1 2 1 3 431 432
435 1 2 1 3 432 433
436 1 2 1 3 433 434
437 1 2 1 3 434 435
438 1 2 1 3 435 436
439 1 2 1 3 436 437
440 1 2 1 3 437 438
441 1 2 1 3 438 439
442 1 2 1 3 439 440
443 1 2 1 3 440 441
444 1 2 1 3 441 442
445 1 2 1 3 442 443
446 1 2 1 3 443 444
447 1 2 1 3 444 445
448 1 2 1 3 445 446
449 1 2 1 3 446 447
450 1 2 1 3 447 448
451 1 2 1 3 448 449
452 1 2 1 3 449 450
453 1 2 1 3 450 451
454 1 2 1 3 451 452
455 1 2 1 3 452 453
456 1 2 1 3 453 454
457 1 2 1 3 454 455
458 1 2 1 3 455 456
459 1 2 1 3 456 457
460 1 2 1 3 457 458
461 1 2 1 3 458 459
462 1 2 1 3 459 460
463 1 2 1 3 460 461
464 1 2 1 3 461 462
465 1 2 1 3 462 463
466 1 2 1 3 463 464
467 1 2 1 3 464 465
468 1 2 1 3 465 466
469 1 2 1 3 466 467
470 1 2 1 3 467 468
471 1 2 1 3 468 469
472 1 2 1 3 469 470
473 1 2 1 3 470 471
474 1 2 1 3 471 472
475 1 2 1 3 472 473
476 1 2 1 3 473 474
477 1 2 1 3 474 475
478 1 2 1 3 475 476
479 1 2 1 3 476 477
480 1 2 1 3 477 478
481 1 2 1 3 478 479
482 1 2 1 3 479 480
483 1 2 1 3 480 481
484 1 2 1 3 481 482
485 1 2 1 3 482 483
486 1 2 1 3 483 484
487 1 2 1 3 484 485
488 1 2 1 3 485 486
489 1 2 1 3 486 487
490 1 2 1 3 487 488
491 1 2 1 3 488 489
492 1 2 1 3 489 490
493 1 2 1 3 490 491
494 1 2 1 3 491 492
495 1 2 1 3 492 493
496 1 2 1 3 493 494
497 1 2 1 3 494 495
498 1 2 1 3 495 496
499 1 2 1 3 496 497
500 1 2 1 3 497 498
501 1 2 1 3 498 499
502 1 2 1 3 499 500
503 1 2 1 3 500 501
504 1 2 1 3 501 502
505 1 2 1 3 502 503
506 1 2 1 3 503 504
507 1 2 1 3 504 505
508 1 2 1 3 505 506
509 1 2 1 3 506 507
510 1 2 1 3 507 508
511 1 2 1 3 508 509
512 1 2 1 3 509 510
513 1 2 1 3 510 511
514 1 2 1 3 511 512
515 1 2 1 3 512 513
516 1 2 1 3 513 514
517 1 2 1 3 514 515
518 1 2 1 3 515 516
519 1 2 1 3 516 517
520 1 2 1 3 517 518
521 1 2 1 3 518 519
522 1 2 1 3 519 520
523 1 2 1 3 520 521
524 1 2 1 3 521 522
525 1 2 1 3 522 523
526 1 2 1 3 523 524
527 1 2 1 3 524 525
528 1 2 1 3 525 526
529 1 2 1 3 526 527
530 1 2 1 3 527 528
531 1 2 1 3 528 529
532 1 2 1 3 529 530
533 1 2 1 3 530 531
534 1 2 1 3 531 532
535 1 2 1 3 532 533
536 1 2 1 3 533 534
537 1 2 1 3 534 535
538 1 2 1 3 535 536
539 1 2 1 3 536 537
540 1 2 1 3 537 538
541 1 2 1 3 538 539
542 1 2 1 3 539 540
543 1 2 1 3 540 541
544 1 2 1 3 541 542
545 1 2 1 3 542 543
546 1 2 1 3 543 544
547 1 2 1 3 544 545
548 1 2 1 3 545 546
549 1 2 1 3 546 547
550 1 2 1 3 547 548
551 1 2 1 3 548 549
552 1 2 1 3 549 550
553 1 2 1 3 550 551
554 1 2 1 3 551 552
555 1 2 1 3 552 553
556 1 2 1 3 553 554
557 1 2 1 3 554 555
558 1 2 1 3 555 556
559 1 2 1 3 556 557
560 1 2 1 3 557 558
561 1 2 1 3 558 559
562 1 2 1 3 559 560
563 1 2 1 3 560 561
564 1 2 1 3 561 562
565 1 2 1 3 562 563
566 1 2 1 3 563 564
567 1 2 1 3 564 565
568 1 2 1 3 565 566
569 1 2 1 3 566 567
570 1 2 1 3 567 568
571 1 2 1 3 568 569
572 1 2 1 3 569 570
573 1 2 1 3 570 571
574 1 2 1 3 571 572
575 1 2 1 3 572 573
576 1 2 1 3 573 574
577 1 2 1 3 574 575
578 1 2 1 3 575 4
579 1 2 1 4 4 576
580 1 2 1 4 576 577
581 1 2 1 4 577 578
582 1 2 1 4 578 579
583 1 2 1 4 579 580
584 1 2 1 4 580 581
585 1 2 1 4 581 582
586 1 2 1 4 582 583
587 1 2 1 4 583 584
588 1 2 1 4 584 585
589 1 2 1 4 585 586
590 1 2 1 4 586 587
591 1 2 1 4 587 588
592 1 2 1 4 588 589
593 1 2 1 4 589 590
594 1 2 1 4 590 591
595 1 2 1 4 591 592
596 1 2 1 4 592 593
597 1 2 1 4 593 594
598 1 2 1 4 594 595
599 1 2 1 4 595 596
600 1 2 1 4 596 597
601 1 2 1 4 597 598
602 1 2 1 4 598 599
603 1 2 1 4 599 600
604 1 2 1 4 600 601
605 1 2 1 4 601 602
606 1 2 1 4 602 603
607 1 2 1 4 603 604
608 1 2 1 4 604 605
609 1 2 1 4 605 606
610 1 2 1 4 606 607
611 1 2 1 4 607 608
612 1 2 1 4 608 609
613 1 2 1 4 609 610
614 1 2 1 4 610 611
615 1 2 1 4 611 612
616 1 2 1 4 612 613
617 1 2 1 4 613 614
618 1 2 1 4 614 615
619 1 2 1 4 615 616
620 1 2 1 4 616 617
621 1 2 1 4 617 618
622 1 2 1 4 618 619
623 1 2 1 4 619 620
624 1 2 1 4 620 621
625 1 2 1 4 621 622
626 1 2 1 4 622 623
627 1 2 1 4 623 624
628 1 2 1 4 624 625
629 1 2 1 4 625 626
630 1 2 1 4 626 627
631 1 2 1 4 627 628
632 1 2 1 4 628 629
633 1 2 1 4 629 630
634 1 2 1 4 630 631
635 1 2 1 4 631 632
636 1 2 1 4 632 633
637 1 2 1 4 633 634
638 1 2 1 4 634 635
639 1 2 1 4 635 636
640 1 2 1 4 636 637
641 1 2 1 4 637 638
642 1 2 1 4 638 639
643 1 2 1 4 639 640
644 1 2 1 4 640 641
645 1 2 1 4 641 642
646 1 2 1 4 642 643
647 1 2 1 4 643 644
648 1 2 1 4 644 645
649 1 2 1 4 645 646
650 1 2 1 4 646 647
651 1 2 1 4 647 648
652 1 2 1 4 648 649
653 1 2 1 4 649 650
654 1 2 1 4 650 651
655 1 2 1 4 651 652
656 1 2 1 4 652 653
657 1 2 1 4 653 654
658 1 2 1 4 654 655
659 1 2 1 4 655 656
660 1 2 1 4 656 657
661 1 2 1 4 657 658
662 1 2 1 4 658 659
663 1 2 1 4 659 660
664 1 2 1 4 660 661
665 1 2 1 4 661 662
666 1 2 1 4 662 663
667 1 2 1 4 663 664
668 1 2 1 4 664 665
669 1 2 1 4 665 666
670 1 2 1 4 666 667
671 1 2 1 4 667 668
672 1 2 1 4 668 669
673 1 2 1 4 669 670
674 1 2 1 4 670 671
675 1 2 1 4 671 672
676 1 2 1 4 672 673
677 1 2 1 4 673 674
678 1 2 1 4 674 675
679 1 2 1 4 675 676
680 1 2 1 4 676 677
681 1 2 1 4 677 678
682 1 2 1 4 678 679
683 1 2 1 4 679 680
684 1 2 1 4 680 681
685 1 2 1 4 681 682
686 1 2 1 4 682 683
687 1 2 1 4 683 684
688 1 2 1 4 684 685
689 1 2 1 4 685 686
690 1 2 1 4 686 687
691 1 2 1 4 687 688
692 1 2 1 4 688 689
693 1 2 1 4 689 690
694 1 2 1 4 690 691
695 1 2 1 4 691 692
696 1 2 1 4 692 693
697 1 2 1 4 693 694
698 1 2 1 4 694 695
699 1 2 1 4 695 696
700 1 2 1 4 696 697
701 1 2 1 4 697 698
702 1 2 1 4 698 699
703 1 2 1 4 699 700
704 1 2 1 4 700 701
705 1 2 1 4 701 702
706 1 2 1 4 702 703
707 1 2 1 4 703 704
708 1 2 1 4 704 705
709 1 2 1 4 705 706
710 1 2 1 4 706 707
711 1 2 1 4 707 708
712 1 2 1 4 708 709
713 1 2 1 4 709 710
714 1 2 1 4 710 711
715 1 2 1 4 711 712
716 1 2 1 4 712 713
717 1 2 1 4 713 714
718 1 2 1 4 714 715
719 1 2 1 4 715 716
720 1 2 1 4 716 717
721 1 2 1 4 717 718
722 1 2 1 4 718 719
723 1 2 1 4 719 720
724 1 2 1 4 720 721
725 1 2 1 4 721 722
726 1 2 1 4 722 723
727 1 2 1 4 723 724
728 1 2 1 4 724 725
729 1 2 1 4 725 726
730 1 2 1 4 726 727
731 1 2 1 4 727 728
732 1 2 1 4 728 729
733 1 2 1 4 729 730
734 1 2 1 4 730 731
735 1 2 1 4 731 732
736 1 2 1 4 732 733
737 1 2 1 4 733 734
738 1 2 1 4 734 735
739 1 2 1 4 735 736
740 1 2 1 4 736 737
741 1 2 1 4 737 738
742 1 2 1 4 738 739
743 1 2 1 4 739 740
744 1 2 1 4 740 741
745 1 2 1 4 741 742
746 1 2 1 4 742 743
747 1 2 1 4 743 744
748 1 2 1 4 744 745
749 1 2 1 4 745 746
750 1 2 1 4 746 747
751 1 2 1 4 747 748
752 1 2 1 4 748 749
753 1 2 1 4 749 750
754 1 2 1 4 750 751
755 1 2 1 4 751 752
756 1 2 1 4 752 753
757 1 2 1 4 753 754
758 1 2 1 4 754 755
759 1 2 1 4 755 756
760 1 2 1 4 756 757
761 1 2 1 4 757 758
762 1 2 1 4 758 759
763 1 2 1 4 759 760
764 1 2 1 4 760 761
765 1 2 1 4 761 762
766 1 2 1 4 762 763
767 1 2 1 4 763 764
768 1 2 1 4 764 5
769 1 2 1 5 5 765
770 1 2 1 5 765 766
771 1 2 1 5 766 767
772 1 2 1 5 767 768
773 1 2 1 5 768 769
774 1 2 1 5 769 770
775 1 2 1 5 770 771
776 1 2 1 5 771 772
777 1 2 1 5 772 773
778 1 2 1 5 773 774
779 1 2 1 5 774 775
780 1 2 1 5 775 776
781 1 2 1 5 776 777
782 1 2 1 5 777 778
783 1 2 1 5 778 779
784 1 2 1 5 779 780
785 1 2 1 5 780 781
786 1 2 1 5 781 782
787 1 2 1 5 782 783
788 1 2 1 5 783 784
789 1 2 1 5 784 785
790 1 2 1 5 785 786
791 1 2 1 5 786 787
792 1 2 1 5 787 788
793 1 2 1 5 788 789
794 1 2 1 5 789 790
795 1 2 1 5 790 791
796 1 2 1 5 791 792
797 1 2 1 5 792 793
798 1 2 1 5 793 794
799 1 2 1 5 794 795
800 1 2 1 5 795 796
801 1 2 1 5 796 797
802 1 2 1 5 797 798
803 1 2 1 5 798 799
804 1 2 1 5 799 800
805 1 2 1 5 800 801
806 1 2 1 5 801 802
807 1 2 1 5 802 803
808 1 2 1 5 803 804
809 1 2 1 5 804 805
810 1 2 1 5 805 806
811 1 2 1 5 806 807
812 1 2 1 5 807 808
813 1 2 1 5 808 809
814 1 2 1 5 809 810
815 1 2 1 5 810 811
816 1 2 1 5 811 812
817 1 2 1 5 812 813
818 1 2 1 5 813 814
819 1 2 1 5 814 815
820 1 2 1 5 815 816
821 1 2 1 5 816 817
822 1 2 1 5 817 818
823 1 2 1 5 818 819
824 1 2 1 5 819 820
825 1 2 1 5 820 821
826 1 2 1 5 821 822
827 1 2 1 5 822 823
828 1 2 1 5 823 824
829 1 2 1 5 824 825
830 1 2 1 5 825 826
831 1 2 1 5 826 827
832 1 2 1 5 827 828
833 1 2 1 5 828 829
834 1 2 1 5 829 830
835 1 2 1 5 830 831
836 1 2 1 5 831 832
837 1 2 1 5 832 833
838 1 2 1 5 833 834
839 1 2 1 5 834 835
840 1 2 1 5 835 836
841 1 2 1 5 836 837
842 1 2 1 5 837 838
843 1 2 1 5 838 839
844 1 2 1 5 839 840
845 1 2 1 5 840 841
846 1 2 1 5 841 842
847 1 2 1 5 842 843
848 1 2 1 5 843 844
849 1 2 1 5 844 845
850 1 2 1 5 845 846
851 1 2 1 5 846 847
852 1 2 1 5 847 848
853 1 2 1 5 848 849
854 1 2 1 5 849 850
855 1 2 1 5 850 851
856 1 2 1 5 851 852
857 1 2 1 5 852 853
858 1 2 1 5 853 854
859 1 2 1 5 854 855
860 1 2 1 5 855 856
861 1 2 1 5 856 857
862 1 2 1 5 857 858
863 1 2 1 5 858 859
864 1 2 1 5 859 860
865 1 2 1 5 860 861
866 1 2 1 5 861 862
867 1 2 1 5 862 863
868 1 2 1 5 863 864
869 1 2 1 5 864 865
870 1 2 1 5 865 866
871 1 2 1 5 866 867
872 1 2 1 5 867 868
873 1 2 1 5 868 869
874 1 2 1 5 869 870
875 1 2 1 5 870 871
876 1 2 1 5 871 872
877 1 2 1 5 872 873
878 1 2 1 5 873 874
879 1 2 1 5 874 875
880 1 2 1 5 875 876
881 1 2 1 5 876 877
882 1 2 1 5 877 878
883 1 2 1 5 878 879
884 1 2 1 5 879 880
885 1 2 1 5 880 881
886 1 2 1 5 881 882
887 1 2 1 5 882 883
888 1 2 1 5 883 884
889 1 2 1 5 884 885
890 1 2 1 5 885 886
891 1 2 1 5 886 887
892 1 2 1 5 887 888
893 1 2 1 5 888 889
894 1 2 1 5 889 890
895 1 2 1 5 890 891
896 1 2 1 5 891 892
897 1 2 1 5 892 893
898 1 2 1 5 893 894
899 1 2 1 5 894 895
900 1 2 1 5 895 896
901 1 2 1 5 896 897
902 1 2 1 5 897 898
903 1 2 1 5 898 899
904 1 2 1 5 899 900
905 1 2 1 5 900 901
906 1 2 1 5 901 902
907 1 2 1 5 902 903
908 1 2 1 5 903 904
909 1 2 1 5 904 905
910 1 2 1 5 905 906
911 1 2 1 5 906 907
912 1 2 1 5 907 908
913 1 2 1 5 908 909
914 1 2 1 5 909 910
915 1 2 1 5 910 911
916 1 2 1 5 911 912
917 1 2 1 5 912 913
918 1 2 1 5 913 914
919 1 2 1 5 914 915
920 1 2 1 5 915 916
921 1 2 1 5 916 917
922 1 2 1 5 917 918
923 1 2 1 5 918 919
924 1 2 1 5 919 920
925 1 2 1 5 920 921
926 1 2 1 5 921 922
927 1 2 1 5 922 923
928 1 2 1 5 923 924
929 1 2 1 5 924 925
930 1 2 1 5 925 926
931 1 2 1 5 926 927
932 1 2 1 5 927 928
933 1 2 1 5 928 929
934 1 2 1 5 929 930
935 1 2 1 5 930 931
936 1 2 1 5 931 932
937 1 2 1 5 932 933
938 1 2 1 5 933 934
939 1 2 1 5 934 935
940 1 2 1 5 935 936
941 1 2 1 5 936 937
942 1 2 1 5 937 938
943 1 2 1 5 938 939
944 1 2 1 5 939 940
945 1 2 1 5 940 941
946 1 2 1 5 941 942
947 1 2 1 5 942 943
948 1 2 1 5 943 944
949 1 2 1 5 944 945
950 1 2 1 5 945 946
951 1 2 1 5 946 947
952 1 2 1 5 947 948
953 1 2 1 5 948 949
954 1 2 1 5 949 950
955 1 2 1 5 950 951
956 1 2 1 5 951 952
957 1 2 1 5 952 953
958 1 2 1 5 953 6
959 1 2 1 6 6 954
960 1 2 1 6 954 955
961 1 2 1 6 955 956
962 1 2 1 6 956 957
963 1 2 1 6 957 958
964 1 2 1 6 958 959
965 1 2 1 6 959 960
966 1 2 1 6 960 961
967 1 2 1 6 961 962
968 1 2 1 6 962 963
969 1 2 1 6 963 964
970 1 2 1 6 964 965
971 1 2 1 6 965 966
972 1 2 1 6 966 967
973 1 2 1 6 967 968
974 1 2 1 6 968 969
975 1 2 1 6 969 970
976 1 2 1 6 970 971
977 1 2 1 6 971 972
978 1 2 1 6 972 973
979 1 2 1 6 973 974
980 1 2 1 6 974 975
981 1 2 1 6 975 976
982 1 2 1 6 976 977
983 1 2 1 6 977 978
984 1 2 1 6 978 979
985 1 2 1 6 979 980
986 1 2 1 6 980 981
987 1 2 1 6 981 982
988 1 2 1 6 982 983
989 1 2 1 6 983 984
990 1 2 1 6 984 985
991 1 2 1 6 985 986
992 1 2 1 6 986 987
993 1 2 1 6 987 988
994 1 2 1 6 988 989
995 1 2 1 6 989 990
996 1 2 1 6 990 991
997 1 2 1 6 991 992
998 1 2 1 6 992 993
999 1 2 1 6 993 994
1000 1 2 1 6 994 995
1001 1 2 1 6 995 996
1002 1 2 1 6 996 997
1003 1 2 1 6 997 998
1004 1 2 1 6 998 999
1005 1 2 1 6 999 1000
1006 1 2 1 6 1000 1001
1007 1 2 1 6 1001 1002
1008 1 2 1 6 1002 1003
1009 1 2 1 6 1003 1004
1010 1 2 1 6 1004 1005
1011 1 2 1 6 1005 1006
1012 1 2 1 6 1006 1007
1013 1 2 1 6 1007 1008
1014 1 2 1 6 1008 1009
1015 1 2 1 6 1009 1010
1016 1 2 1 6 1010 1011
1017 1 2 1 6 1011 1012
1018 1 2 1 6 1012 1013
1019 1 2 1 6 1013 1014
1020 1 2 1 6 1014 1015
1021 1 2 1 6 1015 1016
1022 1 2 1 6 1016 1017
1023 1 2 1 6 1017 1018
1024 1 2 1 6 1018 1019
1025 1 2 1 6 1019 1020
1026 1 2 1 6 1020 1021
1027 1 2 1 6 1021 1022
1028 1 2 1 6 1022 1023
1029 1 2 1 6 1023 1024
1030 1 2 1 6 1024 1025
1031 1 2 1 6 1025 1026
1032 1 2 1 6 1026 1027
1033 1 2 1 6 1027 1028
1034 1 2 1 6 1028 1029
1035 1 2 1 6 1029 1030
1036 1 2 1 6 1030 1031
1037 1 2 1 6 1031 1032
1038 1 2 1 6 1032 1033
1039 1 2 1 6 1033 1034
1040 1 2 1 6 1034 1035
1041 1 2 1 6 1035 1036
1042 1 2 1 6 1036 1037
1043 1 2 1 6 1037 1038
1044 1 2 1 6 1038 1039
1045 1 2 1 6 1039 1040
1046 1 2 1 6 1040 1041
1047 1 2 1 6 1041 1042
1048 1 2 1 6 1042 1043
1049 1 2 1 6 1043 1044
1050 1 2 1 6 1044 1045
1051 1 2 1 6 1045 1046
1052 1 2 1 6 1046 1047
1053 1 2 1 6 1047 1048
1054 1 2 1 6 1048 1049
1055 1 2 1 6 1049 1050
1056 1 2 1 6 1050 1051
1057 1 2 1 6 1051 1052
1058 1 2 1 6 1052 1053
1059 1 2 1 6 1053 1054
1060 1 2 1 6 1054 1055
1061 1 2 1 6 1055 1056
1062 1 2 1 6 1056 1057
1063 1 2 1 6 1057 1058
1064 1 2 1 6 1058 1059
1065 1 2 1 6 1059 1060
1066 1 2 1 6 1060 1061
1067 1 2 1 6 1061 1062
1068 1 2 1 6 1062 1063
1069 1 2 1 6 1063 1064
1070 1 2 1 6 1064 1065
1071 1 2 1 6 1065 1066
1072 1 2 1 6 1066 1067
1073 1 2 1 6 1067 1068
1074 1 2 1 6 1068 1069
1075 1 2 1 6 1069 1070
1076 1 2 1 6 1070 1071
1077 1 2 1 6 1071 1072
1078 1 2 1 6 1072 1073
1079 1 2 1 6 1073 1074
1080 1 2 1 6 1074 1075
1081 1 2 1 6 1075 1076
1082 1 2 1 6 1076 1077
1083 1 2 1 6 1077 1078
1084 1 2 1 6 1078 1079
1085 1 2 1 6 1079 1080
1086 1 2 1 6 1080 1081
1087 1 2 1 6 1081 1082
1088 1 2 1 6 1082 1083
1089 1 2 1 6 1083 1084
1090 1 2 1 6 1084 1085
1091 1 2 1 6 1085 1086
1092 1 2 1 6 1086 1087
1093 1 2 1 6 1087 1088
1094 1 2 1 6 1088 1089
1095 1 2 1 6 1089 1090
1096 1 2 1 6 1090 1091
1097 1 2 1 6 1091 1092
1098 1 2 1 6 1092 1093
1099 1 2 1 6 1093 1094
1100 1 2 1 6 1094 1095
1101 1 2 1 6 1095 1096
1102 1 2 1 6 1096 1097
1103 1 2 1 6 1097 1098
1104 1 2 1 6 1098 1099
1105 1 2 1 6 1099 1100
1106 1 2 1 6 1100 1101
1107 1 2 1 6 1101 1102
1108 1 2 1 6 1102 1103
1109 1 2 1 6 1103 1104
1110 1 2 1 6 1104 1105
1111 1 2 1 6 1105 1106
1112 1 2 1 6 1106 1107
1113 1 2 1 6 1107 1108
1114 1 2 1 6 1108 1109
1115 1 2 1 6 1109 1110
1116 1 2 1 6 1110 1111
1117 1 2 1 6 1111 1112
1118 1 2 1 6 1112 1113
1119 1 2 1 6 1113 1114
1120 1 2 1 6 1114 1115
1121 1 2 1 6 1115 1116
1122 1 2 1 6 1116 1117
1123 1 2 1 6 1117 1118
1124 1 2 1 6 1118 1119
1125 1 2 1 6 1119 1120
1126 1 2 1 6 1120 1121
1127 1 2 1 6 1121 1122
1128 1 2 1 6 1122 1123
1129 1 2 1 6 1123 1124
1130 1 2 1 6 1124 1125
1131 1 2 1 6 1125 1126
1132 1 2 1 6 1126 1127
1133 1 2 1 6 1127 1128
1134 1 2 1 6 1128 1129
1135 1 2 1 6 1129 1130
1136 1 2 1 6 1130 1131
1137 1 2 1 6 1131 1132
1138 1 2 1 6 1132 1133
1139 1 2 1 6 1133 1134
1140 1 2 1 6 1134 1135
1141 1 2 1 6 1135 1136
1142 1 2 1 6 1136 1137
1143 1 2 1 6 1137 1138
1144 1 2 1 6 1138 1139
1145 1 2 1 6 1139 1140
1146 1 2 1 6 1140 1141
1147 1 2 1 6 1141 1142
1148 1 2 1 6 1142 7
1149 1 2 1 7 7 1143
1150 1 2 1 7 1143 1144
1151 1 2 1 7 1144 1145
1152 1 2 1 7 1145 1146
1153 1 2 1 7 1146 1147
1154 1 2 1 7 1147 1148
1155 1 2 1 7 1148 1149
1156 1 2 1 7 1149 1150
1157 1 2 1 7 1150 1151
1158 1 2 1 7 1151 1152
1159 1 2 1 7 1152 1153
1160 1 2 1 7 1153 1154
1161 1 2 1 7 1154 1155
1162 1 2 1 7 1155 1156
1163 1 2 1 7 1156 1157
1164 1 2 1 7 1157 1158
1165 1 2 1 7 1158 1159
1166 1 2 1 7 1159 1160
1167 1 2 1 7 1160 1161
1168 1 2 1 7 1161 1162
1169 1 2 1 7 1162 1163
1170 1 2 1 7 1163 1164
1171 1 2 1 7 1164 1165
1172 1 2 1 7 1165 1166
1173 1 2 1 7 1166 1167
1174 1 2 1 7 1167 1168
1175 1 2 1 7 1168 1169
1176 1 2 1 7 1169 1170
1177 1 2 1 7 1170 1171
1178 1 2 1 7 1171 1172
1179 1 2 1 7 1172 1173
1180 1 2 1 7 1173 1174
1181 1 2 1 7 1174 1175
1182 1 2 1 7 1175 1176
1183 1 2 1 7 1176 1177
1184 1 2 1 7 1177 1178
1185 1 2 1 7 1178 1179
1186 1 2 1 7 1179 1180
1187 1 2 1 7 1180 1181
1188 1 2 1 7 1181 1182
1189 1 2 1 7 1182 1183
1190 1 2 1 7 1183 1184
1191 1 2 1 7 1184 1185
1192 1 2 1 7 1185 1186
1193 1 2 1 7 1186 1187
1194 1 2 1 7 1187 1188
1195 1 2 1 7 1188 1189
1196 1 2 1 7 1189 1190
1197 1 2 1 7 1190 1191
1198 1 2 1 7 1191 1192
1199 1 2 1 7 1192 1193
1200 1 2 1 7 1193 1194
1201 1 2 1 7 1194 1195
1202 1 2 1 7 1195 1196
1203 1 2 1 7 1196 1197
1204 1 2 1 7 1197 1198
1205 1 2 1 7 1198 1199
1206 1 2 1 7 1199 1200
1207 1 2 1 7 1200 1201
1208 1 2 1 7 1201 1202
1209 1 2 1 7 1202 1203
1210 1 2 1 7 1203 1204
1211 1 2 1 7 1204 1205
1212 1 2 1 7 1205 1206
1213 1 2 1 7 1206 1207
1214 1 2 1 7 1207 1208
1215 1 2 1 7 1208 1209
1216 1 2 1 7 1209 1210
1217 1 2 1 7 1210 1211
1218 1 2 1 7 1211 1212
1219 1 2 1 7 1212 1213
1220 1 2 1 7 1213 1214
1221 1 2 1 7 1214 1215
1222 1 2 1 7 1215 1216
1223 1 2 1 7 1216 1217
1224 1 2 1 7 1217 1218
1225 1 2 1 7 1218 1219
1226 1 2 1 7 1219 1220
1227 1 2 1 7 1220 1221
1228 1 2 1 7 1221 1222
1229 1 2 1 7 1222 1223
1230 1 2 1 7 1223 1224
1231 1 2 1 7 1224 1225
1232 1 2 1 7 1225 1226
1233 1 2 1 7 1226 1227
1234 1 2 1 7 1227 1228
1235 1 2 1 7 1228 1229
1236 1 2 1 7 1229 1230
1237 1 2 1 7 1230 1231
1238 1 2 1 7 1231 1232
1239 1 2 1 7 1232 1233
1240 1 2 1 7 1233 1234
1241 1 2 1 7 1234 1235
1242 1 2 1 7 1235 1236
1243 1 2 1 7 1236 1237
1244 1 2 1 7 1237 1238
1245 1 2 1 7 1238 1239
1246 1 2 1 7 1239 1240
1247 1 2 1 7 1240 1241
1248 1 2 1 7 1241 1242
1249 1 2 1 7 1242 1243
1250 1 2 1 7 1243 1244
1251 1 2 1 7 1244 1245
1252 1 2 1 7 1245 1246
1253 1 2 1 7 1246 1247
1254 1 2 1 7 1247 1248
1255 1 2 1 7 1248 1249
1256 1 2 1 7 1249 1250
1257 1 2 1 7 1250 1251
1258 1 2 1 7 1251 1252
1259 1 2 1 7 1252 1253
1260 1 2 1 7 1253 1254
1261 1 2 1 7 1254 1255
1262 1 2 1 7 1255 1256
1263 1 2 1 7 1256 1257
1264 1 2 1 7 1257 1258
1265 1 2 1 7 1258 1259
1266 1 2 1 7 1259 1260
1267 1 2 1 7 1260 1261
1268 1 2 1 7 1261 1262
1269 1 2 1 7 1262 1263
1270 1 2 1 7 1263 1264
1271 1 2 1 7 1264 1265
1272 1 2 1 7 1265 1266
1273 1 2 1 7 1266 1267
1274 1 2 1 7 1267 1268
1275 1 2 1 7 1268 1269
1276 1 2 1 7 1269 1270
1277 1 2 1 7 1270 1271
1278 1 2 1 7 1271 1272
1279 1 2 1 7 1272 1273
1280 1 2 1 7 1273 1274
1281 1 2 1 7 1274 1275
1282 1 2 1 7 1275 1276
1283 1 2 1 7 1276 1277
1284 1 2 1 7 1277 1278
1285 1 2 1 7 1278 1279
1286 1 2 1 7 1279 1280
1287 1 2 1 7 1280 1281
1288 1 2 1 7 1281 1282
1289 1 2 1 7 1282 1283
1290 1 2 1 7 1283 1284
1291 1 2 1 7 1284 1285
1292 1 2 1 7 1285 1286
1293 1 2 1 7 1286 1287
1294 1 2 1 7 1287 1288
1295 1 2 1 7 1288 1289
1296 1 2 1 7 1289 1290
1297 1 2 1 7 1290 1291
1298 1 2 1 7 1291 1292
1299 1 2 1 7 1292 1293
1300 1 2 1 7 1293 1294
1301 1 2 1 7 1294 1295
1302 1 2 1 7 1295 1296
1303 1 2 1 7 1296 1297
1304 1 2 1 7 1297 1298
1305 1 2 1 7 1298 1299
1306 1 2 1 7 1299 1300
1307 1 2 1 7 1300 1301
1308 1 2 1 7 1301 1302
1309 1 2 1 7 1302 1303
1310 1 2 1 7 1303 1304
1311 1 2 1 7 1304 1305
1312 1 2 1 7 1305 1306
1313 1 2 1 7 1306 1307
1314 1 2 1 7 1307 1308
1315 1 2 1 7 1308 1309
1316 1 2 1 7 1309 1310
1317 1 2 1 7 1310 1311
1318 1 2 1 7 1311 1312
1319 1 2 1 7 1312 1313
1320 1 2 1 7 1313 1314
1321 1 2 1 7 1314 1315
1322 1 2 1 7 1315 1316
1323 1 2 1 7 1316 1317
1324 1 2 1 7 1317 1318
1325 1 2 1 7 1318 1319
1326 1 2 1 7 1319 1320
1327 1 2 1 7 1320 1321
1328 1 2 1 7 1321 1322
1329 1 2 1 7 1322 1323
1330 1 2 1 7 1323 1324
1331 1 2 1 7 1324 1325
1332 1 2 1 7 1325 1326
1333 1 2 1 7 1326 1327
1334 1 2 1 7 1327 1328
1335 1 2 1 7 1328 1329
1336 1 2 1 7 1329 1330
1337 1 2 1 7 1330 1331
1338 1 2 1 7 1331 8
1339 1 2 1 8 8 1332
1340 1 2 1 8 1332 1333
1341 1 2 1 8 1333 1334
1342 1 2 1 8 1334 1335
1343 1 2 1 8 1335 1336
1344 1 2 1 8 1336 1337
1345 1 2 1 8 1337 1338
1346 1 2 1 8 1338 1339
1347 1 2 1 8 1339 1340
1348 1 2 1 8 1340 1341
1349 1 2 1 8 1341 1342
1350 1 2 1 8 1342 1343
1351 1 2 1 8 1343 1344
1352 1 2 1 8 1344 1345
1353 1 2 1 8 1345 1346
1354 1 2 1 8 1346 1347
1355 1 2 1 8 1347 1348
1356 1 2 1 8 1348 1349
1357 1 2 1 8 1349 1350
1358 1 2 1 8 1350 1351
1359 1 2 1 8 1351 1352
1360 1 2 1 8 1352 1353
1361 1 2 1 8 1353 1354
1362 1 2 1 8 1354 1355
1363 1 2 1 8 1355 1356
1364 1 2 1 8 1356 1357
1365 1 2 1 8 1357 1358
1366 1 2 1 8 1358 1359
1367 1 2 1 8 1359 1360
1368 1 2 1 8 1360 1361
1369 1 2 1 8 1361 1362
1370 1 2 1 8 1362 1363
1371 1 2 1 8 1363 1364
1372 1 2 1 8 1364 1365
1373 1 2 1 8 1365 1366
1374 1 2 1 8 1366 1367
1375 1 2 1 8 1367 1368
1376 1 2 1 8 1368 1369
1377 1 2 1 8 1369 1370
1378 1 2 1 8 1370 1371
1379 1 2 1 8 1371 1372
1380 1 2 1 8 1372 1373
1381 1 2 1 8 1373 1374
1382 1 2 1 8 1374 1375
1383 1 2 1 8 1375 1376
1384 1 2 1 8 1376 1377
1385 1 2 1 8 1377 1378
1386 1 2 1 8 1378 1379
1387 1 2 1 8 1379 1380
1388 1 2 1 8 1380 1381
1389 1 2 1 8 1381 1382
1390 1 2 1 8 1382 1383
1391 1 2 1 8 1383 1384
1392 1 2 1 8 1384 1385
1393 1 2 1 8 1385 1386
1394 1 2 1 8 1386 1387
1395 1 2 1 8 1387 1388
1396 1 2 1 8 1388 1389
1397 1 2 1 8 1389 1390
1398 1 2 1 8 1390 1391
1399 1 2 1 8 1391 1392
1400 1 2 1 8 1392 1393
1401 1 2 1 8 1393 1394
1402 1 2 1 8 1394 1395
1403 1 2 1 8 1395 1396
1404 1 2 1 8 1396 1397
1405 1 2 1 8 1397 1398
1406 1 2 1 8 1398 1399
1407 1 2 1 8 1399 1400
1408 1 2 1 8 1400 1401
1409 1 2 1 8 1401 1402
1410 1 2 1 8 1402 1403
1411 1 2 1 8 1403 1404
1412 1 2 1 8 1404 1405
1413 1 2 1 8 1405 1406
1414 1 2 1 8 1406 1407
1415 1 2 1 8 1407 1408
1416 1 2 1 8 1408 1409
1417 1 2 1 8 1409 1410
1418 1 2 1 8 1410 1411
1419 1 2 1 8 1411 1412
1420 1 2 1 8 1412 1413
1421 1 2 1 8 1413 1414
1422 1 2 1 8 1414 1415
1423 1 2 1 8 1415 1416
1424 1 2 1 8 1416 1417
1425 1 2 1 8 1417 1418
1426 1 2 1 8 1418 1419
1427 1 2 1 8 1419 1420
1428 1 2 1 8 1420 1421
1429 1 2 1 8 1421 1422
1430 1 2 1 8 1422 1423
1431 1 2 1 8 1423 1424
1432 1 2 1 8 1424 1425
1433 1 2 1 8 1425 1426
1434 1 2 1 8 1426 1427
1435 1 2 1 8 1427 1428
1436 1 2 1 8 1428 1429
1437 1 2 1 8 1429 1430
1438 1 2 1 8 1430 1431
1439 1 2 1 8 1431 1432
1440 1 2 1 8 1432 1433
1441 1 2 1 8 1433 1434
1442 1 2 1 8 1434 1435
1443 1 2 1 8 1435 1436
1444 1 2 1 8 1436 1437
1445 1 2 1 8 1437 1438
1446 1 2 1 8 1438 1439
1447 1 2 1 8 1439 1440
1448 1 2 1 8 1440 1441
1449 1 2 1 8 1441 1442
1450 1 2 1 8 1442 1443
1451 1 2 1 8 1443 1444
1452 1 2 1 8 1444 1445
1453 1 2 1 8 1445 1446
1454 1 2 1 8 1446 1447
1455 1 2 1 8 1447 1448
1456 1 2 1 8 1448 1449
1457 1 2 1 8 1449 1450
1458 1 2 1 8 1450 1451
1459 1 2 1 8 1451 1452
1460 1 2 1 8 1452 1453
1461 1 2 1 8 1453 1454
1462 1 2 1 8 1454 1455
1463 1 2 1 8 1455 1456
1464 1 2 1 8 1456 1457
1465 1 2 1 8 1457 1458
1466 1 2 1 8 1458 1459
1467 1 2 1 8 1459 1460
1468 1 2 1 8 1460 1461
1469 1 2 1 8 1461 1462
1470 1 2 1 8 1462 1463
1471 1 2 1 8 1463 1464
1472 1 2 1 8 1464 1465
1473 1 2 1 8 1465 1466
1474 1 2 1 8 1466 1467
1475 1 2 1 8 1467 1468
1476 1 2 1 8 1468 1469
1477 1 2 1 8 1469 1470
1478 1 2 1 8 1470 1471
1479 1 2 1 8 1471 1472
1480 1 2 1 8 1472 1473
1481 1 2 1 8 1473 1474
1482 1 2 1 8 1474 1475
1483 1 2 1 8 1475 1476
1484 1 2 1 8 1476 1477
1485 1 2 1 8 1477 1478
1486 1 2 1 8 1478 1479
1487 1 2 1 8 1479 1480
1488 1 2 1 8 1480 1481
1489 1 2 1 8 1481 1482
1490 1 2 1 8 1482 1483
1491 1 2 1 8 1483 1484
1492 1 2 1 8 1484 1485
1493 1 2 1 8 1485 1486
1494 1 2 1 8 1486 1487
1495 1 2 1 8 1487 1488
1496 1 2 1 8 1488 1489
1497 1 2 1 8 1489 1490
1498 1 2 1 8 1490 1491
1499 1 2 1 8 1491 1492
1500 1 2 1 8 1492 1493
1501 1 2 1 8 1493 1494
1502 1 2 1 8 1494 1495
1503 1 2 1 8 1495 1496
1504 1 2 1 8 1496 1497
1505 1 2 1 8 1497 1498
1506 1 2 1 8 1498 1499
1507 1 2 1 8 1499 1500
1508 1 2 1 8 1500 1501
1509 1 2 1 8 1501 1502
1510 1 2 1 8 1502 1503
1511 1 2 1 8 1503 1504
1512 1 2 1 8 1504 1505
1513 1 2 1 8 1505 1506
1514 1 2 1 8 1506 1507
1515 1 2 1 8 1507 1508
1516 1 2 1 8 1508 1509
1517 1 2 1 8 1509 1510
1518 1 2 1 8 1510 1511
1519 1 2 1 8 1511 1512
1520 1 2 1 8 1512 1513
1521 1 2 1 8 1513 1514
1522 1 2 1 8 1514 1515
1523 1 2 1 8 1515 1516
1524 1 2 1 8 1516 1517
1525 1 2 1 8 1517 1518
1526 1 2 1 8 1518 1519
1527 1 2 1 8 1519 1520
1528 1 2 1 8 1520 1
$EndElements
