$MeshFormat
2.2 0 8
$EndMeshFormat
$Nodes
6896
1 0.114632 0.049844 0.04
2 0.091294 0.085384 0.04
3 0.057394 0.111045 0.04
4 0.016853 0.123859 0.04
5 0.016853 0.123859 0.013333
6 0.016853 0.123859 -0.013333
7 0.016853 0.123859 -0.04
8 0.047707 0.115538 -0.04
9 0.075443 0.099666 -0.04
10 0.098248 0.077281 -0.04
11 0.114632 0.049844 -0.04
12 0.114632 0.049844 -0.013333
13 0.114632 0.049844 0.013333
14 0.11423 0.05076 0.039
15 0.091294 0.085384 0.039
16 0.057394 0.111045 0.039
17 0.017844 0.12372 0.039
18 0.017844 0.12372 0.013333
19 0.017844 0.12372 -0.013333
20 0.017844 0.12372 -0.039
21 0.047707 0.115538 -0.039
22 0.075443 0.099666 -0.039
23 0.098248 0.077281 -0.039
24 0.11423 0.05076 -0.039
25 0.11423 0.05076 -0.013333
26 0.11423 0.05076 0.013333
27 0.047307 0.11786 0.04
28 0.005226 0.126892 0.04
29 -0.037456 0.121351 0.04
30 -0.075836 0.101872 0.04
31 -0.075836 0.101872 0.013333
32 -0.075836 0.101872 -0.013333
33 -0.075836 0.101872 -0.04
34 -0.047639 0.117726 -0.04
35 -0.016352 0.125943 -0.04
36 0.015997 0.125989 -0.04
37 0.047307 0.11786 -0.04
38 0.047307 0.11786 -0.013333
39 0.047307 0.11786 0.013333
40 0.046378 0.118229 0.039
41 0.005226 0.126892 0.039
42 -0.037456 0.121351 0.039
43 -0.075031 0.102466 0.039
44 -0.075031 0.102466 0.013333
45 -0.075031 0.102466 -0.013333
46 -0.075031 0.102466 -0.039
47 -0.047639 0.117726 -0.039
48 -0.016352 0.125943 -0.039
49 0.015997 0.125989 -0.039
50 0.046378 0.118229 -0.039
51 0.046378 0.118229 -0.013333
52 0.046378 0.118229 0.013333
53 -0.049844 0.114632 0.04
54 -0.085384 0.091294 0.04
55 -0.111045 0.057394 0.04
56 -0.123859 0.016853 0.04
57 -0.123859 0.016853 0.013333
58 -0.123859 0.016853 -0.013333
59 -0.123859 0.016853 -0.04
60 -0.115538 0.047707 -0.04
61 -0.099666 0.075443 -0.04
62 -0.077281 0.098248 -0.04
63 -0.049844 0.114632 -0.04
64 -0.049844 0.114632 -0.013333
65 -0.049844 0.114632 0.013333
66 -0.05076 0.11423 0.039
67 -0.085384 0.091294 0.039
68 -0.111045 0.057394 0.039
69 -0.12372 0.017844 0.039
70 -0.12372 0.017844 0.013333
71 -0.12372 0.017844 -0.013333
72 -0.12372 0.017844 -0.039
73 -0.115538 0.047707 -0.039
74 -0.099666 0.075443 -0.039
75 -0.077281 0.098248 -0.039
76 -0.05076 0.11423 -0.039
77 -0.05076 0.11423 -0.013333
78 -0.05076 0.11423 0.013333
79 -0.11786 0.047307 0.04
80 -0.126892 0.005226 0.04
81 -0.121351 -0.037456 0.04
82 -0.101872 -0.075836 0.04
83 -0.101872 -0.075836 0.013333
84 -0.101872 -0.075836 -0.013333
85 -0.101872 -0.075836 -0.04
86 -0.117726 -0.047639 -0.04
87 -0.125943 -0.016352 -0.04
88 -0.125989 0.015997 -0.04
89 -0.11786 0.047307 -0.04
90 -0.11786 0.047307 -0.013333
91 -0.11786 0.047307 0.013333
92 -0.118229 0.046378 0.039
93 -0.126892 0.005226 0.039
94 -0.121351 -0.037456 0.039
95 -0.102466 -0.075031 0.039
96 -0.102466 -0.075031 0.013333
97 -0.102466 -0.075031 -0.013333
98 -0.102466 -0.075031 -0.039
99 -0.117726 -0.047639 -0.039
100 -0.125943 -0.016352 -0.039
101 -0.125989 0.015997 -0.039
102 -0.118229 0.046378 -0.039
103 -0.118229 0.046378 -0.013333
104 -0.118229 0.046378 0.013333
105 -0.114632 -0.049844 0.04
106 -0.091294 -0.085384 0.04
107 -0.057394 -0.111045 0.04
108 -0.016853 -0.123859 0.04
109 -0.016853 -0.123859 0.013333
110 -0.016853 -0.123859 -0.013333
111 -0.016853 -0.123859 -0.04
112 -0.047707 -0.115538 -0.04
113 -0.075443 -0.099666 -0.04
114 -0.098248 -0.077281 -0.04
115 -0.114632 -0.049844 -0.04
116 -0.114632 -0.049844 -0.013333
117 -0.114632 -0.049844 0.013333
118 -0.11423 -0.05076 0.039
119 -0.091294 -0.085384 0.039
120 -0.057394 -0.111045 0.039
121 -0.017844 -0.12372 0.039
122 -0.017844 -0.12372 0.013333
123 -0.017844 -0.12372 -0.013333
124 -0.017844 -0.12372 -0.039
125 -0.047707 -0.115538 -0.039
126 -0.075443 -0.099666 -0.039
127 -0.098248 -0.077281 -0.039
128 -0.11423 -0.05076 -0.039
129 -0.11423 -0.05076 -0.013333
130 -0.11423 -0.05076 0.013333
131 -0.047307 -0.11786 0.04
132 -0.005226 -0.126892 0.04
133 0.037456 -0.121351 0.04
134 0.075836 -0.101872 0.04
135 0.075836 -0.101872 0.013333
136 0.075836 -0.101872 -0.013333
137 0.075836 -0.101872 -0.04
138 0.047639 -0.117726 -0.04
139 0.016352 -0.125943 -0.04
140 -0.015997 -0.125989 -0.04
141 -0.047307 -0.11786 -0.04
142 -0.047307 -0.11786 -0.013333
143 -0.047307 -0.11786 0.013333
144 -0.046378 -0.118229 0.039
145 -0.005226 -0.126892 0.039
146 0.037456 -0.121351 0.039
147 0.075031 -0.102466 0.039
148 0.075031 -0.102466 0.013333
149 0.075031 -0.102466 -0.013333
150 0.075031 -0.102466 -0.039
151 0.047639 -0.117726 -0.039
152 0.016352 -0.125943 -0.039
153 -0.015997 -0.125989 -0.039
154 -0.046378 -0.118229 -0.039
155 -0.046378 -0.118229 -0.013333
156 -0.046378 -0.118229 0.013333
157 0.049844 -0.114632 0.04
158 0.085384 -0.091294 0.04
159 0.111045 -0.057394 0.04
160 0.123859 -0.016853 0.04
161 0.123859 -0.016853 0.013333
162 0.123859 -0.016853 -0.013333
163 0.123859 -0.016853 -0.04
164 0.115538 -0.047707 -0.04
165 0.099666 -0.075443 -0.04
166 0.077281 -0.098248 -0.04
167 0.049844 -0.114632 -0.04
168 0.049844 -0.114632 -0.013333
169 0.049844 -0.114632 0.013333
170 0.05076 -0.11423 0.039
171 0.085384 -0.091294 0.039
172 0.111045 -0.057394 0.039
173 0.12372 -0.017844 0.039
174 0.12372 -0.017844 0.013333
175 0.12372 -0.017844 -0.013333
176 0.12372 -0.017844 -0.039
177 0.115538 -0.047707 -0.039
178 0.099666 -0.075443 -0.039
179 0.077281 -0.098248 -0.039
180 0.05076 -0.11423 -0.039
181 0.05076 -0.11423 -0.013333
182 0.05076 -0.11423 0.013333
183 0.11786 -0.047307 0.04
184 0.126892 -0.005226 0.04
185 0.121351 0.037456 0.04
186 0.101872 0.075836 0.04
187 0.101872 0.075836 0.013333
188 0.101872 0.075836 -0.013333
189 0.101872 0.075836 -0.04
190 0.117726 0.047639 -0.04
191 0.125943 0.016352 -0.04
192 0.125989 -0.015997 -0.04
193 0.11786 -0.047307 -0.04
194 0.11786 -0.047307 -0.013333
195 0.11786 -0.047307 0.013333
196 0.118229 -0.046378 0.039
197 0.126892 -0.005226 0.039
198 0.121351 0.037456 0.039
199 0.102466 0.075031 0.039
200 0.102466 0.075031 0.013333
201 0.102466 0.075031 -0.013333
202 0.102466 0.075031 -0.039
203 0.117726 0.047639 -0.039
204 0.125943 0.016352 -0.039
205 0.125989 -0.015997 -0.039
206 0.118229 -0.046378 -0.039
207 0.118229 -0.046378 -0.013333
208 0.118229 -0.046378 0.013333
209 0.123031 0.038785 0.1
210 0.103107 0.077524 0.1
211 0.071424 0.107422 0.1
212 0.031597 0.125071 0.1
213 0.031597 0.125071 0.073333
214 0.031597 0.125071 0.046667
215 0.031597 0.125071 0.02
216 0.062066 0.113088 0.02
217 0.088537 0.09382 0.02
218 0.109304 0.068509 0.02
219 0.123031 0.038785 0.02
220 0.123031 0.038785 0.046667
221 0.123031 0.038785 0.073333
222 0.122727 0.039738 0.099
223 0.103107 0.077524 0.099
224 0.071424 0.107422 0.099
225 0.032565 0.124822 0.099
226 0.032565 0.124822 0.073333
227 0.032565 0.124822 0.046667
228 0.032565 0.124822 0.021
229 0.062066 0.113088 0.021
230 0.088537 0.09382 0.021
231 0.109304 0.068509 0.021
232 0.122727 0.039738 0.021
233 0.122727 0.039738 0.046667
234 0.122727 0.039738 0.073333
235 0.061035 0.115912 0.1
236 0.019128 0.129596 0.1
237 -0.024946 0.128603 0.1
238 -0.066195 0.113045 0.1
239 -0.066195 0.113045 0.073333
240 -0.066195 0.113045 0.046667
241 -0.066195 0.113045 0.02
242 -0.035715 0.126037 0.02
243 -0.002951 0.130967 0.02
244 0.030002 0.127518 0.02
245 0.061035 0.115912 0.02
246 0.061035 0.115912 0.046667
247 0.061035 0.115912 0.073333
248 0.060149 0.116375 0.099
249 0.019128 0.129596 0.099
250 -0.024946 0.128603 0.099
251 -0.06533 0.113547 0.099
252 -0.06533 0.113547 0.073333
253 -0.06533 0.113547 0.046667
254 -0.06533 0.113547 0.021
255 -0.035715 0.126037 0.021
256 -0.002951 0.130967 0.021
257 0.030002 0.127518 0.021
258 0.060149 0.116375 0.021
259 0.060149 0.116375 0.046667
260 0.060149 0.116375 0.073333
261 -0.038785 0.123031 0.1
262 -0.077524 0.103107 0.1
263 -0.107422 0.071424 0.1
264 -0.125071 0.031597 0.1
265 -0.125071 0.031597 0.073333
266 -0.125071 0.031597 0.046667
267 -0.125071 0.031597 0.02
268 -0.113088 0.062066 0.02
269 -0.09382 0.088537 0.02
270 -0.068509 0.109304 0.02
271 -0.038785 0.123031 0.02
272 -0.038785 0.123031 0.046667
273 -0.038785 0.123031 0.073333
274 -0.039738 0.122727 0.099
275 -0.077524 0.103107 0.099
276 -0.107422 0.071424 0.099
277 -0.124822 0.032565 0.099
278 -0.124822 0.032565 0.073333
279 -0.124822 0.032565 0.046667
280 -0.124822 0.032565 0.021
281 -0.113088 0.062066 0.021
282 -0.09382 0.088537 0.021
283 -0.068509 0.109304 0.021
284 -0.039738 0.122727 0.021
285 -0.039738 0.122727 0.046667
286 -0.039738 0.122727 0.073333
287 -0.115912 0.061035 0.1
288 -0.129596 0.019128 0.1
289 -0.128603 -0.024946 0.1
290 -0.113045 -0.066195 0.1
291 -0.113045 -0.066195 0.073333
292 -0.113045 -0.066195 0.046667
293 -0.113045 -0.066195 0.02
294 -0.126037 -0.035715 0.02
295 -0.130967 -0.002951 0.02
296 -0.127518 0.030002 0.02
297 -0.115912 0.061035 0.02
298 -0.115912 0.061035 0.046667
299 -0.115912 0.061035 0.073333
300 -0.116375 0.060149 0.099
301 -0.129596 0.019128 0.099
302 -0.128603 -0.024946 0.099
303 -0.113547 -0.06533 0.099
304 -0.113547 -0.06533 0.073333
305 -0.113547 -0.06533 0.046667
306 -0.113547 -0.06533 0.021
307 -0.126037 -0.035715 0.021
308 -0.130967 -0.002951 0.021
309 -0.127518 0.030002 0.021
310 -0.116375 0.060149 0.021
311 -0.116375 0.060149 0.046667
312 -0.116375 0.060149 0.073333
313 -0.123031 -0.038785 0.1
314 -0.103107 -0.077524 0.1
315 -0.071424 -0.107422 0.1
316 -0.031597 -0.125071 0.1
317 -0.031597 -0.125071 0.073333
318 -0.031597 -0.125071 0.046667
319 -0.031597 -0.125071 0.02
320 -0.062066 -0.113088 0.02
321 -0.088537 -0.09382 0.02
322 -0.109304 -0.068509 0.02
323 -0.123031 -0.038785 0.02
324 -0.123031 -0.038785 0.046667
325 -0.123031 -0.038785 0.073333
326 -0.122727 -0.039738 0.099
327 -0.103107 -0.077524 0.099
328 -0.071424 -0.107422 0.099
329 -0.032565 -0.124822 0.099
330 -0.032565 -0.124822 0.073333
331 -0.032565 -0.124822 0.046667
332 -0.032565 -0.124822 0.021
333 -0.062066 -0.113088 0.021
334 -0.088537 -0.09382 0.021
335 -0.109304 -0.068509 0.021
336 -0.122727 -0.039738 0.021
337 -0.122727 -0.039738 0.046667
338 -0.122727 -0.039738 0.073333
339 -0.061035 -0.115912 0.1
340 -0.019128 -0.129596 0.1
341 0.024946 -0.128603 0.1
342 0.066195 -0.113045 0.1
343 0.066195 -0.113045 0.073333
344 0.066195 -0.113045 0.046667
345 0.066195 -0.113045 0.02
346 0.035715 -0.126037 0.02
347 0.002951 -0.130967 0.02
348 -0.030002 -0.127518 0.02
349 -0.061035 -0.115912 0.02
350 -0.061035 -0.115912 0.046667
351 -0.061035 -0.115912 0.073333
352 -0.060149 -0.116375 0.099
353 -0.019128 -0.129596 0.099
354 0.024946 -0.128603 0.099
355 0.06533 -0.113547 0.099
356 0.06533 -0.113547 0.073333
357 0.06533 -0.113547 0.046667
358 0.06533 -0.113547 0.021
359 0.035715 -0.126037 0.021
360 0.002951 -0.130967 0.021
361 -0.030002 -0.127518 0.021
362 -0.060149 -0.116375 0.021
363 -0.060149 -0.116375 0.046667
364 -0.060149 -0.116375 0.073333
365 0.038785 -0.123031 0.1
366 0.077524 -0.103107 0.1
367 0.107422 -0.071424 0.1
368 0.125071 -0.031597 0.1
369 0.125071 -0.031597 0.073333
370 0.125071 -0.031597 0.046667
371 0.125071 -0.031597 0.02
372 0.113088 -0.062066 0.02
373 0.09382 -0.088537 0.02
374 0.068509 -0.109304 0.02
375 0.038785 -0.123031 0.02
376 0.038785 -0.123031 0.046667
377 0.038785 -0.123031 0.073333
378 0.039738 -0.122727 0.099
379 0.077524 -0.103107 0.099
380 0.107422 -0.071424 0.099
381 0.124822 -0.032565 0.099
382 0.124822 -0.032565 0.073333
383 0.124822 -0.032565 0.046667
384 0.124822 -0.032565 0.021
385 0.113088 -0.062066 0.021
386 0.09382 -0.088537 0.021
387 0.068509 -0.109304 0.021
388 0.039738 -0.122727 0.021
389 0.039738 -0.122727 0.046667
390 0.039738 -0.122727 0.073333
391 0.115912 -0.061035 0.1
392 0.129596 -0.019128 0.1
393 0.128603 0.024946 0.1
394 0.113045 0.066195 0.1
395 0.113045 0.066195 0.073333
396 0.113045 0.066195 0.046667
397 0.113045 0.066195 0.02
398 0.126037 0.035715 0.02
399 0.130967 0.002951 0.02
400 0.127518 -0.030002 0.02
401 0.115912 -0.061035 0.02
402 0.115912 -0.061035 0.046667
403 0.115912 -0.061035 0.073333
404 0.116375 -0.060149 0.099
405 0.129596 -0.019128 0.099
406 0.128603 0.024946 0.099
407 0.113547 0.06533 0.099
408 0.113547 0.06533 0.073333
409 0.113547 0.06533 0.046667
410 0.113547 0.06533 0.021
411 0.126037 0.035715 0.021
412 0.130967 0.002951 0.021
413 0.127518 -0.030002 0.021
414 0.116375 -0.060149 0.021
415 0.116375 -0.060149 0.046667
416 0.116375 -0.060149 0.073333
417 0.113843794417054 0.05161889414475634 0.04
418 0.113028109407465 0.05338132860630311 0.04
419 0.1121851418599245 0.05513087797113898 0.04
420 0.1113150952485752 0.05686711993587003 0.04
421 0.1104181795837896 0.05858963540936225 0.04
422 0.1094946113616254 0.06029800861360697 0.04
423 0.1085446135114049 0.06199182718439376 0.04
424 0.1075684153420797 0.06367068227052264 0.04
425 0.1065662524867057 0.06533416863280414 0.04
426 0.105538366845747 0.0669818847415668 0.04
427 0.1044850065284891 0.06861343287390306 0.04
428 0.1034064257933032 0.0702284192094203 0.04
429 0.1023028849862529 0.07182645392534359 0.04
430 0.101174650478168 0.07340715129073284 0.04
431 0.1000219946004625 0.07497012975942519 0.04
432 0.09884519557924941 0.07651501206233936 0.04
433 0.09764453746838589 0.07804142529826702 0.04
434 0.09642031008066071 0.07954900102420673 0.04
435 0.09517280891812979 0.08103737534393102 0.04
436 0.09390233510052569 0.08250618899615098 0.04
437 0.09260919529273087 0.08395508744104102 0.04
438 0.08995649020985703 0.08679200286388082 0.04
439 0.08859726766214281 0.0881790567810896 0.04
440 0.08721666043179034 0.0895448269590476 0.04
441 0.08581500175535857 0.09088898374240853 0.04
442 0.08439262995056958 0.09221120269265674 0.04
443 0.08294988833465895 0.09351116466640552 0.04
444 0.0814871251415311 0.09478855589240956 0.04
445 0.08000469343766964 0.09604306804733229 0.04
446 0.07850295103695369 0.09727439833013439 0.04
447 0.07698226041426005 0.09848224953518805 0.04
448 0.07544298861801574 0.09966633012397891 0.04
449 0.07388550718153647 0.1008263542955269 0.04
450 0.07231019203345077 0.1019620420552936 0.04
451 0.07071742340684367 0.1030731192828528 0.04
452 0.06910758574758702 0.1041593177979767 0.04
453 0.067481067621437 0.1052203754254424 0.04
454 0.06583826162035586 0.106256036058238 0.04
455 0.06417956426770909 0.1072660497194103 0.04
456 0.06250537592250957 0.1082501726224294 0.04
457 0.06081610068283656 0.1092081672299974 0.04
458 0.05911214628829799 0.1101398023113845 0.04
459 0.0556618876863887 0.1119232662147949 0.04
460 0.05391633975320147 0.1127745164858504 0.04
461 0.05215777753933194 0.1135985453390912 0.04
462 0.05038662552504843 0.1143951538711257 0.04
463 0.04860331122952713 0.1151641497972599 0.04
464 0.04680826510767518 0.1159053474979028 0.04
465 0.04500192044620694 0.1166185680633803 0.04
466 0.04318471325908631 0.1173036393371088 0.04
467 0.04135708218224765 0.1179603959571636 0.04
468 0.03951946836773609 0.1185886793961865 0.04
469 0.03767231537723215 0.1191883379996481 0.04
470 0.03581606907497126 0.119759227022459 0.04
471 0.0339511775201156 0.1203012086639099 0.04
472 0.03207809085861645 0.1208141521009287 0.04
473 0.03019726121456181 0.1212979335196586 0.04
474 0.02830914258103037 0.1217524361453474 0.04
475 0.02641419071049921 0.1221775502705361 0.04
476 0.02451286300485378 0.1225731732815353 0.04
477 0.02260561840498819 0.1229392096831929 0.04
478 0.02069291727998104 0.1232755711219537 0.04
479 0.01877522131603142 0.1235821764071747 0.04
480 0.016853 0.123859 0.03809521428571583
481 0.016853 0.123859 0.03619042857143534
482 0.016853 0.123859 0.0342856428571531
483 0.016853 0.123859 0.03238085714287338
484 0.016853 0.123859 0.03047607142859579
485 0.016853 0.123859 0.02857128571431356
486 0.016853 0.123859 0.02666650000003453
487 0.016853 0.123859 0.02476171428574387
488 0.016853 0.123859 0.0228569285714539
489 0.016853 0.123859 0.02095214285716258
490 0.016853 0.123859 0.01904735714287261
491 0.016853 0.123859 0.01714257142858129
492 0.016853 0.123859 0.01523778571428997
493 0.016853 0.123859 0.01142828571428924
494 0.016853 0.123859 0.009523571428578341
495 0.016853 0.123859 0.00761885714287015
496 0.016853 0.123859 0.005714142857161329
497 0.016853 0.123859 0.003809428571452464
498 0.016853 0.123859 0.001904714285743165
499 0.016853 0.123859 3.488181965494164e-14
500 0.016853 0.123859 -0.001904714285684436
501 0.016853 0.123859 -0.003809428571403756
502 0.016853 0.123859 -0.005714142857123796
503 0.016853 0.123859 -0.007618857142842777
504 0.016853 0.123859 -0.009523571428561561
505 0.016853 0.123859 -0.0114282857142817
506 0.016853 0.123859 -0.01523778571427967
507 0.016853 0.123859 -0.01714257142855992
508 0.016853 0.123859 -0.01904735714284163
509 0.016853 0.123859 -0.02095214285712014
510 0.016853 0.123859 -0.02285692857139961
511 0.016853 0.123859 -0.02476171428568189
512 0.016853 0.123859 -0.0266664999999604
513 0.016853 0.123859 -0.02857128571425139
514 0.016853 0.123859 -0.0304760714285417
515 0.016853 0.123859 -0.03238085714283336
516 0.016853 0.123859 -0.03428564285712502
517 0.016853 0.123859 -0.03619042857141668
518 0.016853 0.123859 -0.03809521428570834
519 0.01871874791645547 0.1235907924015385 -0.04
520 0.02058023941912781 0.1232944817721027 -0.04
521 0.02243705122767207 0.1229701354890967 -0.04
522 0.02428876112583865 0.1226178273048905 -0.04
523 0.02613494805750564 0.1222376373300444 -0.04
524 0.02797519222239923 0.1218296520150977 -0.04
525 0.02980907517155451 0.1213939641309097 -0.04
526 0.03163617990247269 0.1209306727475638 -0.04
527 0.03345609095395419 0.1204398832118362 -0.04
528 0.03526839450051147 0.1199217071232572 -0.04
529 0.03707267844656207 0.1193762623087094 -0.04
530 0.03886853252004772 0.1188036727956589 -0.04
531 0.0406555483657652 0.1182040687839421 -0.04
532 0.04243331963821079 0.1175775866161635 -0.04
533 0.04420144209399907 0.1169243687466853 -0.04
534 0.04595951368375835 0.1162445637092437 -0.04
535 0.0494437693777594 0.1148054918665433 -0.04
536 0.05116929583118021 0.1140468783314176 -0.04
537 0.05288318699608648 0.1132623318943105 -0.04
538 0.05458505315404789 0.1124520309517341 -0.04
539 0.05627450732094359 0.1116161597564845 -0.04
540 0.05795116533504187 0.1107549083757042 -0.04
541 0.0596146459442598 0.1098684726477098 -0.04
542 0.06126457089292441 0.1089570541374254 -0.04
543 0.06290056500776126 0.1080208600905603 -0.04
544 0.06452225628317459 0.1070601033865013 -0.04
545 0.06612927596587911 0.1060750024898826 -0.04
546 0.06772125863876483 0.1050657814008991 -0.04
547 0.06929784230389212 0.104032669604432 -0.04
548 0.0708586684649213 0.1029759020177943 -0.04
549 0.07240338220857676 0.1018957189373467 -0.04
550 0.07393163228534812 0.1007923659838585 -0.04
551 0.07693724535223043 0.09851709538253095 -0.04
552 0.0784139969692234 0.09734579027523801 -0.04
553 0.07987291907211488 0.09615235100557545 -0.04
554 0.08131367993604494 0.09493704893379847 -0.04
555 0.08273595196559487 0.09370016039125428 -0.04
556 0.08413941176926765 0.09244196661755757 -0.04
557 0.08552374023304074 0.0911627536966242 -0.04
558 0.08688862259292074 0.08986281249162517 -0.04
559 0.08823374850646822 0.08854243857889457 -0.04
560 0.0895588121234398 0.08720193218064845 -0.04
561 0.09086351215526796 0.08584159809678216 -0.04
562 0.09214755194358437 0.08446174563555042 -0.04
563 0.09341063952768361 0.08306268854322713 -0.04
564 0.09465248771094462 0.0816447449327235 -0.04
565 0.09587281412601487 0.08020823721139 -0.04
566 0.0970713412991258 0.07875349200758426 -0.04
567 0.09940215760375393 0.0757907219171217 -0.04
568 0.1005337119302668 0.07428320961376225 -0.04
569 0.1016424056728896 0.07275880588648877 -0.04
570 0.1027279867232716 0.07121785737287616 -0.04
571 0.1037902082287552 0.06966071447258955 -0.04
572 0.1048288286484417 0.06808773126779639 -0.04
573 0.1058436118080707 0.06649926544272834 -0.04
574 0.1068343269539413 0.0648956782020064 -0.04
575 0.1078007488050373 0.06327733418905424 -0.04
576 0.1087426576046358 0.06164460140256364 -0.04
577 0.1096598391699094 0.05999785111343247 -0.04
578 0.110552084940997 0.05833745777970276 -0.04
579 0.1114191920281286 0.05666379896193885 -0.04
580 0.1122609632578658 0.05497725523719894 -0.04
581 0.1130772072179972 0.05327821011237268 -0.04
582 0.1138677383009872 0.05156704993712448 -0.04
583 0.114632 0.049844 -0.03809521428571583
584 0.114632 0.049844 -0.03619042857143534
585 0.114632 0.049844 -0.0342856428571531
586 0.114632 0.049844 -0.03238085714287338
587 0.114632 0.049844 -0.03047607142859579
588 0.114632 0.049844 -0.02857128571431356
589 0.114632 0.049844 -0.02666650000003453
590 0.114632 0.049844 -0.02476171428574387
591 0.114632 0.049844 -0.0228569285714539
592 0.114632 0.049844 -0.02095214285716258
593 0.114632 0.049844 -0.01904735714287261
594 0.114632 0.049844 -0.01714257142858129
595 0.114632 0.049844 -0.01523778571428997
596 0.114632 0.049844 -0.01142828571428924
597 0.114632 0.049844 -0.009523571428578341
598 0.114632 0.049844 -0.00761885714287015
599 0.114632 0.049844 -0.005714142857161329
600 0.114632 0.049844 -0.003809428571452464
601 0.114632 0.049844 -0.001904714285743165
602 0.114632 0.049844 -3.488181965494164e-14
603 0.114632 0.049844 0.001904714285684436
604 0.114632 0.049844 0.003809428571403756
605 0.114632 0.049844 0.005714142857123796
606 0.114632 0.049844 0.007618857142842777
607 0.114632 0.049844 0.009523571428561561
608 0.114632 0.049844 0.0114282857142817
609 0.114632 0.049844 0.01523778571427967
610 0.114632 0.049844 0.01714257142855992
611 0.114632 0.049844 0.01904735714284163
612 0.114632 0.049844 0.02095214285712014
613 0.114632 0.049844 0.02285692857139961
614 0.114632 0.049844 0.02476171428568189
615 0.114632 0.049844 0.0266664999999604
616 0.114632 0.049844 0.02857128571425139
617 0.114632 0.049844 0.0304760714285417
618 0.114632 0.049844 0.03238085714283336
619 0.114632 0.049844 0.03428564285712502
620 0.114632 0.049844 0.03619042857141668
621 0.114632 0.049844 0.03809521428570834
622 0.1134087598968274 0.05256922748779692 0.039
623 0.1125588665961657 0.05436517314040833 0.039
624 0.1116805348271057 0.05614738320466602 0.039
625 0.1107739865038496 0.05791540739772902 0.039
626 0.1098394506696212 0.05966879902089407 0.039
627 0.1088771634388039 0.06140711507244064 0.039
628 0.1078873679372904 0.0631299163595495 0.039
629 0.1068703142410602 0.06483676760925881 0.039
630 0.1058262593129798 0.06652723757846815 0.039
631 0.1047554669378894 0.06820089916287578 0.039
632 0.1036582076559649 0.06985732950487623 0.039
633 0.1025347586943513 0.07149611010041838 0.039
634 0.1013854038971266 0.07311682690473174 0.039
635 0.1002104336535853 0.07471907043693982 0.039
636 0.09901014482488277 0.07630243588350066 0.039
637 0.09778484066900199 0.07786652320052491 0.039
638 0.09653483076416081 0.07941093721481207 0.039
639 0.0952604309305968 0.08093528772369313 0.039
640 0.09396196315076095 0.08243918959363339 0.039
641 0.09263975548794948 0.08392226285755724 0.039
642 0.08995649020985703 0.08679200286388082 0.039
643 0.08859726766214281 0.0881790567810896 0.039
644 0.08721666043179034 0.0895448269590476 0.039
645 0.08581500175535857 0.09088898374240853 0.039
646 0.08439262995056958 0.09221120269265674 0.039
647 0.08294988833465895 0.09351116466640552 0.039
648 0.0814871251415311 0.09478855589240956 0.039
649 0.08000469343766964 0.09604306804733229 0.039
650 0.07850295103695369 0.09727439833013439 0.039
651 0.07698226041426005 0.09848224953518805 0.039
652 0.07544298861801574 0.09966633012397891 0.039
653 0.07388550718153647 0.1008263542955269 0.039
654 0.07231019203345077 0.1019620420552936 0.039
655 0.07071742340684367 0.1030731192828528 0.039
656 0.06910758574758702 0.1041593177979767 0.039
657 0.067481067621437 0.1052203754254424 0.039
658 0.06583826162035586 0.106256036058238 0.039
659 0.06417956426770909 0.1072660497194103 0.039
660 0.06250537592250957 0.1082501726224294 0.039
661 0.06081610068283656 0.1092081672299974 0.039
662 0.05911214628829799 0.1101398023113845 0.039
663 0.05562174668568818 0.1119432202352297 0.039
664 0.05383544050443569 0.1128131579501849 0.039
665 0.05203553276755106 0.1136545933545896 0.039
666 0.0502224782227819 0.1144673138592943 0.039
667 0.0483967349394216 0.1152511141299873 0.039
668 0.04655876419257911 0.1160057961390715 0.039
669 0.04470903034663891 0.1167311692156954 0.039
670 0.04284800073796086 0.1174270500939188 0.039
671 0.0409761455567513 0.1180932629590356 0.039
672 0.03909393772832533 0.1187296394919728 0.039
673 0.03720185279358303 0.1193360189118297 0.039
674 0.03530036878890365 0.1199122480164866 0.039
675 0.0333899661253446 0.1204581812213199 0.039
676 0.0314711274672399 0.1209736805959905 0.039
677 0.02954433761030898 0.1214586158992769 0.039
678 0.02761008335916261 0.1219128646119846 0.039
679 0.02566885340424313 0.1223363119679168 0.039
680 0.02372113819844258 0.1227288509828491 0.039
681 0.02176742983316014 0.123090382481567 0.039
682 0.01980822191395633 0.1234208151229259 0.039
683 0.017844 0.12372 0.03702561538461903
684 0.017844 0.12372 0.03505123076923942
685 0.017844 0.12372 0.03307684615385782
686 0.017844 0.12372 0.03110246153848018
687 0.017844 0.12372 0.02912807692310056
688 0.017844 0.12372 0.0271536923077223
689 0.017844 0.12372 0.0251793076923381
690 0.017844 0.12372 0.02320492307694832
691 0.017844 0.12372 0.02123053846155892
692 0.017844 0.12372 0.01925615384616868
693 0.017844 0.12372 0.01728176923077844
694 0.017844 0.12372 0.01530738461538956
695 0.017844 0.12372 0.01142828571428924
696 0.017844 0.12372 0.009523571428578341
697 0.017844 0.12372 0.00761885714287015
698 0.017844 0.12372 0.005714142857161329
699 0.017844 0.12372 0.003809428571452464
700 0.017844 0.12372 0.001904714285743165
701 0.017844 0.12372 3.488181965494164e-14
702 0.017844 0.12372 -0.001904714285684436
703 0.017844 0.12372 -0.003809428571403756
704 0.017844 0.12372 -0.005714142857123796
705 0.017844 0.12372 -0.007618857142842777
706 0.017844 0.12372 -0.009523571428561561
707 0.017844 0.12372 -0.0114282857142817
708 0.017844 0.12372 -0.01530738461538063
709 0.017844 0.12372 -0.01728176923076136
710 0.017844 0.12372 -0.01925615384614103
711 0.017844 0.12372 -0.02123053846151799
712 0.017844 0.12372 -0.02320492307689646
713 0.017844 0.12372 -0.02517930769227597
714 0.017844 0.12372 -0.02715369230766226
715 0.017844 0.12372 -0.02912807692305157
716 0.017844 0.12372 -0.03110246153844155
717 0.017844 0.12372 -0.03307684615383048
718 0.017844 0.12372 -0.03505123076922078
719 0.017844 0.12372 -0.03702561538460971
720 0.01976211119206036 0.123428139811117 -0.039
721 0.02167546136376241 0.1231065437361802 -0.039
722 0.02358358955731031 0.1227552892530189 -0.039
723 0.02548603607297992 0.1223744609846629 -0.039
724 0.02738234257984923 0.1219641506789589 -0.039
725 0.02927205222622789 0.1215244571864651 -0.039
726 0.031154709749722 0.1210554864366361 -0.039
727 0.03302986158690364 0.120557351412305 -0.039
728 0.03489705598260983 0.1200301721224568 -0.039
729 0.0367558430987241 0.1194740755733309 -0.039
730 0.03860577512260268 0.1188891957378089 -0.039
731 0.04044640637494656 0.1182756735231412 -0.039
732 0.04227729341716045 0.1176336567370042 -0.039
733 0.04409799515817501 0.1169633000518948 -0.039
734 0.04590807296073638 0.11626476496786 -0.039
735 0.0494437693777594 0.1148054918665433 -0.039
736 0.05116929583118021 0.1140468783314176 -0.039
737 0.05288318699608648 0.1132623318943105 -0.039
738 0.05458505315404789 0.1124520309517341 -0.039
739 0.05627450732094359 0.1116161597564845 -0.039
740 0.05795116533504187 0.1107549083757042 -0.039
741 0.0596146459442598 0.1098684726477098 -0.039
742 0.06126457089292441 0.1089570541374254 -0.039
743 0.06290056500776126 0.1080208600905603 -0.039
744 0.06452225628317459 0.1070601033865013 -0.039
745 0.06612927596587911 0.1060750024898826 -0.039
746 0.06772125863876483 0.1050657814008991 -0.039
747 0.06929784230389212 0.104032669604432 -0.039
748 0.0708586684649213 0.1029759020177943 -0.039
749 0.07240338220857676 0.1018957189373467 -0.039
750 0.07393163228534812 0.1007923659838585 -0.039
751 0.07693724535223043 0.09851709538253095 -0.039
752 0.0784139969692234 0.09734579027523801 -0.039
753 0.07987291907211488 0.09615235100557545 -0.039
754 0.08131367993604494 0.09493704893379847 -0.039
755 0.08273595196559487 0.09370016039125428 -0.039
756 0.08413941176926765 0.09244196661755757 -0.039
757 0.08552374023304074 0.0911627536966242 -0.039
758 0.08688862259292074 0.08986281249162517 -0.039
759 0.08823374850646822 0.08854243857889457 -0.039
760 0.0895588121234398 0.08720193218064845 -0.039
761 0.09086351215526796 0.08584159809678216 -0.039
762 0.09214755194358437 0.08446174563555042 -0.039
763 0.09341063952768361 0.08306268854322713 -0.039
764 0.09465248771094462 0.0816447449327235 -0.039
765 0.09587281412601487 0.08020823721139 -0.039
766 0.0970713412991258 0.07875349200758426 -0.039
767 0.09943567111955298 0.07574674761337351 -0.039
768 0.1005993854802539 0.07419424577415214 -0.039
769 0.1017388627116453 0.07262386852227717 -0.039
770 0.1028538282826682 0.07103599420434274 -0.039
771 0.1039440135677763 0.06943100538247982 -0.039
772 0.1050091559116559 0.0678092887421889 -0.039
773 0.1060489986925349 0.06617123499913496 -0.039
774 0.1070632913839858 0.06451723880504925 -0.039
775 0.1080517896153163 0.06284769865259543 -0.039
776 0.1090142552304047 0.06116301677942473 -0.039
777 0.1099504563450995 0.05946359907123339 -0.039
778 0.1108601674030705 0.05774985496400133 -0.039
779 0.1117431692301745 0.05602219734530753 -0.039
780 0.1125992490872364 0.05428104245489862 -0.039
781 0.1134282007213311 0.05252680978435144 -0.039
782 0.11423 0.05076 -0.03702561538461903
783 0.11423 0.05076 -0.03505123076923942
784 0.11423 0.05076 -0.03307684615385782
785 0.11423 0.05076 -0.03110246153848018
786 0.11423 0.05076 -0.02912807692310056
787 0.11423 0.05076 -0.0271536923077223
788 0.11423 0.05076 -0.0251793076923381
789 0.11423 0.05076 -0.02320492307694832
790 0.11423 0.05076 -0.02123053846155892
791 0.11423 0.05076 -0.01925615384616868
792 0.11423 0.05076 -0.01728176923077844
793 0.11423 0.05076 -0.01530738461538956
794 0.11423 0.05076 -0.01142828571428924
795 0.11423 0.05076 -0.009523571428578341
796 0.11423 0.05076 -0.00761885714287015
797 0.11423 0.05076 -0.005714142857161329
798 0.11423 0.05076 -0.003809428571452464
799 0.11423 0.05076 -0.001904714285743165
800 0.11423 0.05076 -3.488181965494164e-14
801 0.11423 0.05076 0.001904714285684436
802 0.11423 0.05076 0.003809428571403756
803 0.11423 0.05076 0.005714142857123796
804 0.11423 0.05076 0.007618857142842777
805 0.11423 0.05076 0.009523571428561561
806 0.11423 0.05076 0.0114282857142817
807 0.11423 0.05076 0.01530738461538063
808 0.11423 0.05076 0.01728176923076136
809 0.11423 0.05076 0.01925615384614103
810 0.11423 0.05076 0.02123053846151799
811 0.11423 0.05076 0.02320492307689646
812 0.11423 0.05076 0.02517930769227597
813 0.11423 0.05076 0.02715369230766226
814 0.11423 0.05076 0.02912807692305157
815 0.11423 0.05076 0.03110246153844155
816 0.11423 0.05076 0.03307684615383048
817 0.11423 0.05076 0.03505123076922078
818 0.11423 0.05076 0.03702561538460971
819 0.0454770577785414 0.1185781137681285 0.04
820 0.04363621958154806 0.1192678170741417 0.04
821 0.04178492646059333 0.1199289446700954 0.04
822 0.03992362197217374 0.12056133815458 0.04
823 0.03805275207143705 0.1211648460106716 0.04
824 0.03617276500534718 0.1217393236422313 0.04
825 0.03428411120526667 0.1222846334085559 0.04
826 0.03238724317904189 0.1228006446573535 0.04
827 0.03048261540257925 0.1232872337560481 0.04
828 0.02857068421099479 0.1237442841213913 0.04
829 0.02665190768922637 0.124171686247409 0.04
830 0.02472674556229947 0.1245693377316317 0.04
831 0.02279565908520223 0.1249371432996259 0.04
832 0.0208591109323554 0.1252750148278247 0.04
833 0.0189175650867467 0.1255828713646439 0.04
834 0.01697148672878207 0.1258606391498739 0.04
835 0.01502134212481486 0.1261082516323546 0.04
836 0.01306759851544775 0.1263256494859183 0.04
837 0.01111072400357917 0.1265127806236046 0.04
838 0.009151187442263384 0.1266696002101395 0.04
839 0.007189458322337812 0.1267960706726804 0.04
840 0.003261264811051396 0.1269576893765486 0.04
841 0.00129574821956956 0.1269929595550536 0.04
842 -0.0006700788345253379 0.1269978020847428 0.04
843 -0.002635745337060654 0.1269722158053413 0.04
844 -0.004600780312153891 0.1269162068473499 0.04
845 -0.006564712935411062 0.1268297886305723 0.04
846 -0.008527072646386713 0.1267129818609097 0.04
847 -0.01048738926168897 0.1265658145253836 0.04
848 -0.01244519308727202 0.1263883218854516 0.04
849 -0.0144000150313372 0.1261805464685316 0.04
850 -0.01635138671641068 0.1259425380578396 0.04
851 -0.01829884059175393 0.125674353680445 0.04
852 -0.02024191004533965 0.1253760575936106 0.04
853 -0.02218012951565215 0.1250477212693974 0.04
854 -0.02411303460322722 0.1246894233775406 0.04
855 -0.02604016218193893 0.1243012497665986 0.04
856 -0.02796105050996707 0.1238832934433819 0.04
857 -0.02987523934037034 0.1234356545506832 0.04
858 -0.03178227003154613 0.1229584403432391 0.04
859 -0.03368168565685609 0.1224517651620945 0.04
860 -0.0355730311143037 0.1219157504071594 0.04
861 -0.03932985172701358 0.1207566971233112 0.04
862 -0.04119428001254544 0.1201334609143015 0.04
863 -0.04304883813913307 0.1194814407005152 0.04
864 -0.04489308175423288 0.1188007927061422 0.04
865 -0.04672656897664677 0.1180916800146 0.04
866 -0.04854886050241949 0.1173542725294508 0.04
867 -0.0503595197100881 0.1165887469336953 0.04
868 -0.05215811276528831 0.1157952866474429 0.04
869 -0.05394420872471692 0.1149740817839576 0.04
870 -0.05571737963935787 0.1141253291041199 0.04
871 -0.05747720065707063 0.1132492319692582 0.04
872 -0.05922325012434156 0.1123460002924433 0.04
873 -0.06095510968729372 0.1114158504882047 0.04
874 -0.06267236439198502 0.1104590054206458 0.04
875 -0.06437460278380992 0.1094756943500551 0.04
876 -0.06606141700604652 0.108466152877998 0.04
877 -0.06773240289761875 0.1074306228908436 0.04
878 -0.06938716008994153 0.106369352501803 0.04
879 -0.07102529210277629 0.105282595991528 0.04
880 -0.07264640643934656 0.1041706137471085 0.04
881 -0.07425011468028256 0.1030336721997469 0.04
882 -0.075836 0.101872 0.03809521428571583
883 -0.075836 0.101872 0.03619042857143534
884 -0.075836 0.101872 0.0342856428571531
885 -0.075836 0.101872 0.03238085714287338
886 -0.075836 0.101872 0.03047607142859579
887 -0.075836 0.101872 0.02857128571431356
888 -0.075836 0.101872 0.02666650000003453
889 -0.075836 0.101872 0.02476171428574387
890 -0.075836 0.101872 0.0228569285714539
891 -0.075836 0.101872 0.02095214285716258
892 -0.075836 0.101872 0.01904735714287261
893 -0.075836 0.101872 0.01714257142858129
894 -0.075836 0.101872 0.01523778571428997
895 -0.075836 0.101872 0.01142828571428924
896 -0.075836 0.101872 0.009523571428578341
897 -0.075836 0.101872 0.00761885714287015
898 -0.075836 0.101872 0.005714142857161329
899 -0.075836 0.101872 0.003809428571452464
900 -0.075836 0.101872 0.001904714285743165
901 -0.075836 0.101872 3.488181965494164e-14
902 -0.075836 0.101872 -0.001904714285684436
903 -0.075836 0.101872 -0.003809428571403756
904 -0.075836 0.101872 -0.005714142857123796
905 -0.075836 0.101872 -0.007618857142842777
906 -0.075836 0.101872 -0.009523571428561561
907 -0.075836 0.101872 -0.0114282857142817
908 -0.075836 0.101872 -0.01523778571427967
909 -0.075836 0.101872 -0.01714257142855992
910 -0.075836 0.101872 -0.01904735714284163
911 -0.075836 0.101872 -0.02095214285712014
912 -0.075836 0.101872 -0.02285692857139961
913 -0.075836 0.101872 -0.02476171428568189
914 -0.075836 0.101872 -0.0266664999999604
915 -0.075836 0.101872 -0.02857128571425139
916 -0.075836 0.101872 -0.0304760714285417
917 -0.075836 0.101872 -0.03238085714283336
918 -0.075836 0.101872 -0.03428564285712502
919 -0.075836 0.101872 -0.03619042857141668
920 -0.075836 0.101872 -0.03809521428570834
921 -0.07429698593580435 0.1029998114602881 -0.04
922 -0.07274120208863291 0.1041043745416141 -0.04
923 -0.07116899961886394 0.1051854399299169 -0.04
924 -0.06958073339276059 0.106242763614872 -0.04
925 -0.06797676190239887 0.1072761069449511 -0.04
926 -0.06635744718472629 0.1082852366813051 -0.04
927 -0.06472315473984033 0.1092699250504122 -0.04
928 -0.0630742534485005 0.1102299497954813 -0.04
929 -0.06141111548889482 0.1111650942266035 -0.04
930 -0.0597341162525961 0.1120751472696839 -0.04
931 -0.05804363425985083 0.112959903514073 -0.04
932 -0.05634005107415155 0.1138191632589258 -0.04
933 -0.05462375121605859 0.1146527325583047 -0.04
934 -0.05289512207646131 0.1154604232649277 -0.04
935 -0.05115455382916789 0.1162420530726242 -0.04
936 -0.04940243934275331 0.1169974455575231 -0.04
937 -0.04586501020720474 0.1184284013051472 -0.04
938 -0.04408066834621036 0.1191040724540996 -0.04
939 -0.04228637715602755 0.1197528609429361 -0.04
940 -0.04048254162129795 0.1203746203353509 -0.04
941 -0.03866956888088642 0.1209692102957045 -0.04
942 -0.03684786813600653 0.121536496620692 -0.04
943 -0.03501785055783445 0.1220763512696426 -0.04
944 -0.03317992919471886 0.1225886523934146 -0.04
945 -0.03133451887895556 0.123073284361897 -0.04
946 -0.02948203613312787 0.1235301377901156 -0.04
947 -0.02762289907615247 0.1239591095629066 -0.04
948 -0.02575752732885828 0.1243601028582041 -0.04
949 -0.023886341919293 0.1247330271688883 -0.04
950 -0.02200976518769619 0.1250777983232135 -0.04
951 -0.0201282206911425 0.1253943385038123 -0.04
952 -0.01824213310799207 0.1256825762652496 -0.04
953 -0.01445804454663028 0.1261744510623591 -0.04
954 -0.01256082562986294 0.1263774220835991 -0.04
955 -0.01066077148911169 0.1265518672491913 -0.04
956 -0.008758311003749127 0.1266977471834507 -0.04
957 -0.006853873596307703 0.1268150289584236 -0.04
958 -0.004947889135557035 0.1269036861013195 -0.04
959 -0.003040787839467304 0.1269636986004871 -0.04
960 -0.001133000178104306 0.1269950529099319 -0.04
961 0.0007750432235662935 0.1269977419523733 -0.04
962 0.002682911682838702 0.1269717651208412 -0.04
963 0.004590174556467048 0.1269171282788149 -0.04
964 0.006496401337935592 0.1268338437588976 -0.04
965 0.008401161754568683 0.126721930360035 -0.04
966 0.0103040258647029 0.126581413343269 -0.04
967 0.01220456415468877 0.1264123244260388 -0.04
968 0.01410234763587617 0.1262147017750186 -0.04
969 0.01788794110577754 0.1257344570632738 -0.04
970 0.01977484478651366 0.125451535039111 -0.04
971 0.0216572851557392 0.1251402977848583 -0.04
972 0.02353483733438911 0.124800815548793 -0.04
973 0.02540707754667065 0.1244331649542736 -0.04
974 0.02727358321575932 0.1240374289824368 -0.04
975 0.02913393305915095 0.1236136969534724 -0.04
976 0.03098770718373163 0.1231620645064677 -0.04
977 0.03283448718059705 0.1226826335778101 -0.04
978 0.03467385621943803 0.122175512378192 -0.04
979 0.0365053991426758 0.1216408153681729 -0.04
980 0.03832870255911087 0.1210786632323599 -0.04
981 0.04014335493726774 0.1204891828521571 -0.04
982 0.04194894669824602 0.1198725072771389 -0.04
983 0.04374507030823534 0.1192287756949955 -0.04
984 0.04553132037038515 0.1185581334001567 -0.04
985 0.047307 0.11786 -0.03809521428571583
986 0.047307 0.11786 -0.03619042857143534
987 0.047307 0.11786 -0.0342856428571531
988 0.047307 0.11786 -0.03238085714287338
989 0.047307 0.11786 -0.03047607142859579
990 0.047307 0.11786 -0.02857128571431356
991 0.047307 0.11786 -0.02666650000003453
992 0.047307 0.11786 -0.02476171428574387
993 0.047307 0.11786 -0.0228569285714539
994 0.047307 0.11786 -0.02095214285716258
995 0.047307 0.11786 -0.01904735714287261
996 0.047307 0.11786 -0.01714257142858129
997 0.047307 0.11786 -0.01523778571428997
998 0.047307 0.11786 -0.01142828571428924
999 0.047307 0.11786 -0.009523571428578341
1000 0.047307 0.11786 -0.00761885714287015
1001 0.047307 0.11786 -0.005714142857161329
1002 0.047307 0.11786 -0.003809428571452464
1003 0.047307 0.11786 -0.001904714285743165
1004 0.047307 0.11786 -3.488181965494164e-14
1005 0.047307 0.11786 0.001904714285684436
1006 0.047307 0.11786 0.003809428571403756
1007 0.047307 0.11786 0.005714142857123796
1008 0.047307 0.11786 0.007618857142842777
1009 0.047307 0.11786 0.009523571428561561
1010 0.047307 0.11786 0.0114282857142817
1011 0.047307 0.11786 0.01523778571427967
1012 0.047307 0.11786 0.01714257142855992
1013 0.047307 0.11786 0.01904735714284163
1014 0.047307 0.11786 0.02095214285712014
1015 0.047307 0.11786 0.02285692857139961
1016 0.047307 0.11786 0.02476171428568189
1017 0.047307 0.11786 0.0266664999999604
1018 0.047307 0.11786 0.02857128571425139
1019 0.047307 0.11786 0.0304760714285417
1020 0.047307 0.11786 0.03238085714283336
1021 0.047307 0.11786 0.03428564285712502
1022 0.047307 0.11786 0.03619042857141668
1023 0.047307 0.11786 0.03809521428570834
1024 0.04458500504790287 0.1189167467175186 0.039
1025 0.04278181593596722 0.1195773036584327 0.039
1026 0.04096884495516558 0.1202105197894078 0.039
1027 0.03914650663321001 0.1208162503284059 0.039
1028 0.03731521763942249 0.1213943567779101 0.039
1029 0.03547539668977522 0.1219447069564853 0.039
1030 0.03362746445105996 0.1224671750290367 0.039
1031 0.03177184344461649 0.1229616415356056 0.039
1032 0.02990895794974715 0.1234279934186741 0.039
1033 0.02803923390689683 0.123866124048968 0.039
1034 0.02616309881993805 0.1242759332499183 0.039
1035 0.02428098165865258 0.1246573273205076 0.039
1036 0.02239331276073288 0.1250102190566835 0.039
1037 0.02050052373300016 0.1253345277713715 0.039
1038 0.01860304735324183 0.1256301793128269 0.039
1039 0.01670131747079238 0.1258971060816721 0.039
1040 0.01479576890757065 0.1261352470463104 0.039
1041 0.01288683735869837 0.1263445477568797 0.039
1042 0.01097495929275834 0.1265249603577187 0.039
1043 0.009060571851928677 0.1266764435983109 0.039
1044 0.007144112752350364 0.1267989628426893 0.039
1045 0.003261264811051396 0.1269576893765486 0.039
1046 0.00129574821956956 0.1269929595550536 0.039
1047 -0.0006700788345253379 0.1269978020847428 0.039
1048 -0.002635745337060654 0.1269722158053413 0.039
1049 -0.004600780312153891 0.1269162068473499 0.039
1050 -0.006564712935411062 0.1268297886305723 0.039
1051 -0.008527072646386713 0.1267129818609097 0.039
1052 -0.01048738926168897 0.1265658145253836 0.039
1053 -0.01244519308727202 0.1263883218854516 0.039
1054 -0.0144000150313372 0.1261805464685316 0.039
1055 -0.01635138671641068 0.1259425380578396 0.039
1056 -0.01829884059175393 0.125674353680445 0.039
1057 -0.02024191004533965 0.1253760575936106 0.039
1058 -0.02218012951565215 0.1250477212693974 0.039
1059 -0.02411303460322722 0.1246894233775406 0.039
1060 -0.02604016218193893 0.1243012497665986 0.039
1061 -0.02796105050996707 0.1238832934433819 0.039
1062 -0.02987523934037034 0.1234356545506832 0.039
1063 -0.03178227003154613 0.1229584403432391 0.039
1064 -0.03368168565685609 0.1224517651620945 0.039
1065 -0.0355730311143037 0.1219157504071594 0.039
1066 -0.03928661044495339 0.1207707720301004 0.039
1067 -0.04110823825163639 0.1201629305769741 0.039
1068 -0.04292046691622808 0.119527614619773 0.039
1069 -0.04472288208394024 0.1188649694195307 0.039
1070 -0.04651507164380952 0.1181751464859311 0.039
1071 -0.04829662582287295 0.1174583035426845 0.039
1072 -0.05006713727988823 0.1167146044914553 0.039
1073 -0.05182620119846451 0.1159442193743883 0.039
1074 -0.05357341537961398 0.115147324335233 0.039
1075 -0.05530838033371665 0.1143241015790675 0.039
1076 -0.05703069937185866 0.1134747393306399 0.039
1077 -0.05873997869655939 0.1125994317913183 0.039
1078 -0.06043582749176868 0.1116983790947083 0.039
1079 -0.06211785801222279 0.1107717872608966 0.039
1080 -0.06378568567215942 0.1098198681493129 0.039
1081 -0.06543892913320286 0.1088428394103152 0.039
1082 -0.06707721039152706 0.1078409244354425 0.039
1083 -0.06870015486435335 0.1068143523062976 0.039
1084 -0.07030739147557163 0.1057633577421817 0.039
1085 -0.07189855274055354 0.1046881810464479 0.039
1086 -0.07347327485022111 0.1035890680515269 0.039
1087 -0.075031 0.102466 0.03702561538461903
1088 -0.075031 0.102466 0.03505123076923942
1089 -0.075031 0.102466 0.03307684615385782
1090 -0.075031 0.102466 0.03110246153848018
1091 -0.075031 0.102466 0.02912807692310056
1092 -0.075031 0.102466 0.0271536923077223
1093 -0.075031 0.102466 0.0251793076923381
1094 -0.075031 0.102466 0.02320492307694832
1095 -0.075031 0.102466 0.02123053846155892
1096 -0.075031 0.102466 0.01925615384616868
1097 -0.075031 0.102466 0.01728176923077844
1098 -0.075031 0.102466 0.01530738461538956
1099 -0.075031 0.102466 0.01142828571428924
1100 -0.075031 0.102466 0.009523571428578341
1101 -0.075031 0.102466 0.00761885714287015
1102 -0.075031 0.102466 0.005714142857161329
1103 -0.075031 0.102466 0.003809428571452464
1104 -0.075031 0.102466 0.001904714285743165
1105 -0.075031 0.102466 3.488181965494164e-14
1106 -0.075031 0.102466 -0.001904714285684436
1107 -0.075031 0.102466 -0.003809428571403756
1108 -0.075031 0.102466 -0.005714142857123796
1109 -0.075031 0.102466 -0.007618857142842777
1110 -0.075031 0.102466 -0.009523571428561561
1111 -0.075031 0.102466 -0.0114282857142817
1112 -0.075031 0.102466 -0.01530738461538063
1113 -0.075031 0.102466 -0.01728176923076136
1114 -0.075031 0.102466 -0.01925615384614103
1115 -0.075031 0.102466 -0.02123053846151799
1116 -0.075031 0.102466 -0.02320492307689646
1117 -0.075031 0.102466 -0.02517930769227597
1118 -0.075031 0.102466 -0.02715369230766226
1119 -0.075031 0.102466 -0.02912807692305157
1120 -0.075031 0.102466 -0.03110246153844155
1121 -0.075031 0.102466 -0.03307684615383048
1122 -0.075031 0.102466 -0.03505123076922078
1123 -0.075031 0.102466 -0.03702561538460971
1124 -0.07343688053269282 0.1036144618025255 -0.039
1125 -0.07182518521613468 0.1047381252728345 -0.039
1126 -0.07019629978177595 0.1058367214814738 -0.039
1127 -0.06855061407521691 0.1069099874984124 -0.039
1128 -0.0668885219629496 0.1079576664559402 -0.039
1129 -0.06521042123799987 0.1089795076102046 -0.039
1130 -0.06351671352481145 0.1099752664011642 -0.039
1131 -0.06180780418301605 0.1109447045111841 -0.039
1132 -0.06008410221054721 0.1118875899219951 -0.039
1133 -0.05834602014572626 0.1128036969702435 -0.039
1134 -0.05659397396849843 0.1136928064015175 -0.039
1135 -0.05482838300085844 0.1145547054228293 -0.039
1136 -0.05304966980652025 0.1153891877535291 -0.039
1137 -0.05125826008978453 0.1161960536746753 -0.039
1138 -0.04945458259361746 0.1169751100768496 -0.039
1139 -0.04586501020720474 0.1184284013051472 -0.039
1140 -0.04408066834621036 0.1191040724540996 -0.039
1141 -0.04228637715602755 0.1197528609429361 -0.039
1142 -0.04048254162129795 0.1203746203353509 -0.039
1143 -0.03866956888088642 0.1209692102957045 -0.039
1144 -0.03684786813600653 0.121536496620692 -0.039
1145 -0.03501785055783445 0.1220763512696426 -0.039
1146 -0.03317992919471886 0.1225886523934146 -0.039
1147 -0.03133451887895556 0.123073284361897 -0.039
1148 -0.02948203613312787 0.1235301377901156 -0.039
1149 -0.02762289907615247 0.1239591095629066 -0.039
1150 -0.02575752732885828 0.1243601028582041 -0.039
1151 -0.023886341919293 0.1247330271688883 -0.039
1152 -0.02200976518769619 0.1250777983232135 -0.039
1153 -0.0201282206911425 0.1253943385038123 -0.039
1154 -0.01824213310799207 0.1256825762652496 -0.039
1155 -0.01445804454663028 0.1261744510623591 -0.039
1156 -0.01256082562986294 0.1263774220835991 -0.039
1157 -0.01066077148911169 0.1265518672491913 -0.039
1158 -0.008758311003749127 0.1266977471834507 -0.039
1159 -0.006853873596307703 0.1268150289584236 -0.039
1160 -0.004947889135557035 0.1269036861013195 -0.039
1161 -0.003040787839467304 0.1269636986004871 -0.039
1162 -0.001133000178104306 0.1269950529099319 -0.039
1163 0.0007750432235662935 0.1269977419523733 -0.039
1164 0.002682911682838702 0.1269717651208412 -0.039
1165 0.004590174556467048 0.1269171282788149 -0.039
1166 0.006496401337935592 0.1268338437588976 -0.039
1167 0.008401161754568683 0.126721930360035 -0.039
1168 0.0103040258647029 0.126581413343269 -0.039
1169 0.01220456415468877 0.1264123244260388 -0.039
1170 0.01410234763587617 0.1262147017750186 -0.039
1171 0.01794414870080313 0.1257264477244286 -0.039
1172 0.01988700267656378 0.1254338042735783 -0.039
1173 0.02182509692758418 0.125111139688285 -0.039
1174 0.02375796759335945 0.1247585311945956 -0.039
1175 0.02568515206358575 0.1243760631852869 -0.039
1176 0.02760618908888679 0.1239638271996659 -0.039
1177 0.02952061889121304 0.1235219219016599 -0.039
1178 0.03142798327386126 0.1230504530562074 -0.039
1179 0.03332782573117098 0.1225495335039375 -0.039
1180 0.03521969155777188 0.1220192831341646 -0.039
1181 0.03710312795738404 0.1214598288562024 -0.039
1182 0.03897768415121141 0.1208713045689853 -0.039
1183 0.04084291148586326 0.1202538511290094 -0.039
1184 0.04269836354068313 0.1196076163166362 -0.039
1185 0.0445435962346314 0.1189327548007114 -0.039
1186 0.046378 0.118229 -0.03702561538461903
1187 0.046378 0.118229 -0.03505123076923942
1188 0.046378 0.118229 -0.03307684615385782
1189 0.046378 0.118229 -0.03110246153848018
1190 0.046378 0.118229 -0.02912807692310056
1191 0.046378 0.118229 -0.0271536923077223
1192 0.046378 0.118229 -0.0251793076923381
1193 0.046378 0.118229 -0.02320492307694832
1194 0.046378 0.118229 -0.02123053846155892
1195 0.046378 0.118229 -0.01925615384616868
1196 0.046378 0.118229 -0.01728176923077844
1197 0.046378 0.118229 -0.01530738461538956
1198 0.046378 0.118229 -0.01142828571428924
1199 0.046378 0.118229 -0.009523571428578341
1200 0.046378 0.118229 -0.00761885714287015
1201 0.046378 0.118229 -0.005714142857161329
1202 0.046378 0.118229 -0.003809428571452464
1203 0.046378 0.118229 -0.001904714285743165
1204 0.046378 0.118229 -3.488181965494164e-14
1205 0.046378 0.118229 0.001904714285684436
1206 0.046378 0.118229 0.003809428571403756
1207 0.046378 0.118229 0.005714142857123796
1208 0.046378 0.118229 0.007618857142842777
1209 0.046378 0.118229 0.009523571428561561
1210 0.046378 0.118229 0.0114282857142817
1211 0.046378 0.118229 0.01530738461538063
1212 0.046378 0.118229 0.01728176923076136
1213 0.046378 0.118229 0.01925615384614103
1214 0.046378 0.118229 0.02123053846151799
1215 0.046378 0.118229 0.02320492307689646
1216 0.046378 0.118229 0.02517930769227597
1217 0.046378 0.118229 0.02715369230766226
1218 0.046378 0.118229 0.02912807692305157
1219 0.046378 0.118229 0.03110246153844155
1220 0.046378 0.118229 0.03307684615383048
1221 0.046378 0.118229 0.03505123076922078
1222 0.046378 0.118229 0.03702561538460971
1223 -0.05161889414475634 0.113843794417054 0.04
1224 -0.05338132860630311 0.113028109407465 0.04
1225 -0.05513087797113898 0.1121851418599245 0.04
1226 -0.05686711993587003 0.1113150952485752 0.04
1227 -0.05858963540936225 0.1104181795837896 0.04
1228 -0.06029800861360697 0.1094946113616254 0.04
1229 -0.06199182718439376 0.1085446135114049 0.04
1230 -0.06367068227052264 0.1075684153420797 0.04
1231 -0.06533416863280414 0.1065662524867057 0.04
1232 -0.0669818847415668 0.105538366845747 0.04
1233 -0.06861343287390306 0.1044850065284891 0.04
1234 -0.0702284192094203 0.1034064257933032 0.04
1235 -0.07182645392534359 0.1023028849862529 0.04
1236 -0.07340715129073284 0.101174650478168 0.04
1237 -0.07497012975942519 0.1000219946004625 0.04
1238 -0.07651501206233936 0.09884519557924941 0.04
1239 -0.07804142529826702 0.09764453746838589 0.04
1240 -0.07954900102420673 0.09642031008066071 0.04
1241 -0.08103737534393102 0.09517280891812979 0.04
1242 -0.08250618899615098 0.09390233510052569 0.04
1243 -0.08395508744104102 0.09260919529273087 0.04
1244 -0.08679200286388082 0.08995649020985703 0.04
1245 -0.0881790567810896 0.08859726766214281 0.04
1246 -0.0895448269590476 0.08721666043179034 0.04
1247 -0.09088898374240853 0.08581500175535857 0.04
1248 -0.09221120269265674 0.08439262995056958 0.04
1249 -0.09351116466640552 0.08294988833465895 0.04
1250 -0.09478855589240956 0.0814871251415311 0.04
1251 -0.09604306804733229 0.08000469343766964 0.04
1252 -0.09727439833013439 0.07850295103695369 0.04
1253 -0.09848224953518805 0.07698226041426005 0.04
1254 -0.09966633012397891 0.07544298861801574 0.04
1255 -0.1008263542955269 0.07388550718153647 0.04
1256 -0.1019620420552936 0.07231019203345077 0.04
1257 -0.1030731192828528 0.07071742340684367 0.04
1258 -0.1041593177979767 0.06910758574758702 0.04
1259 -0.1052203754254424 0.067481067621437 0.04
1260 -0.106256036058238 0.06583826162035586 0.04
1261 -0.1072660497194103 0.06417956426770909 0.04
1262 -0.1082501726224294 0.06250537592250957 0.04
1263 -0.1092081672299974 0.06081610068283656 0.04
1264 -0.1101398023113845 0.05911214628829799 0.04
1265 -0.1119232662147949 0.0556618876863887 0.04
1266 -0.1127745164858504 0.05391633975320147 0.04
1267 -0.1135985453390912 0.05215777753933194 0.04
1268 -0.1143951538711257 0.05038662552504843 0.04
1269 -0.1151641497972599 0.04860331122952713 0.04
1270 -0.1159053474979028 0.04680826510767518 0.04
1271 -0.1166185680633803 0.04500192044620694 0.04
1272 -0.1173036393371088 0.04318471325908631 0.04
1273 -0.1179603959571636 0.04135708218224765 0.04
1274 -0.1185886793961865 0.03951946836773609 0.04
1275 -0.1191883379996481 0.03767231537723215 0.04
1276 -0.119759227022459 0.03581606907497126 0.04
1277 -0.1203012086639099 0.0339511775201156 0.04
1278 -0.1208141521009287 0.03207809085861645 0.04
1279 -0.1212979335196586 0.03019726121456181 0.04
1280 -0.1217524361453474 0.02830914258103037 0.04
1281 -0.1221775502705361 0.02641419071049921 0.04
1282 -0.1225731732815353 0.02451286300485378 0.04
1283 -0.1229392096831929 0.02260561840498819 0.04
1284 -0.1232755711219537 0.02069291727998104 0.04
1285 -0.1235821764071747 0.01877522131603142 0.04
1286 -0.123859 0.016853 0.03809521428571583
1287 -0.123859 0.016853 0.03619042857143534
1288 -0.123859 0.016853 0.0342856428571531
1289 -0.123859 0.016853 0.03238085714287338
1290 -0.123859 0.016853 0.03047607142859579
1291 -0.123859 0.016853 0.02857128571431356
1292 -0.123859 0.016853 0.02666650000003453
1293 -0.123859 0.016853 0.02476171428574387
1294 -0.123859 0.016853 0.0228569285714539
1295 -0.123859 0.016853 0.02095214285716258
1296 -0.123859 0.016853 0.01904735714287261
1297 -0.123859 0.016853 0.01714257142858129
1298 -0.123859 0.016853 0.01523778571428997
1299 -0.123859 0.016853 0.01142828571428924
1300 -0.123859 0.016853 0.009523571428578341
1301 -0.123859 0.016853 0.00761885714287015
1302 -0.123859 0.016853 0.005714142857161329
1303 -0.123859 0.016853 0.003809428571452464
1304 -0.123859 0.016853 0.001904714285743165
1305 -0.123859 0.016853 3.488181965494164e-14
1306 -0.123859 0.016853 -0.001904714285684436
1307 -0.123859 0.016853 -0.003809428571403756
1308 -0.123859 0.016853 -0.005714142857123796
1309 -0.123859 0.016853 -0.007618857142842777
1310 -0.123859 0.016853 -0.009523571428561561
1311 -0.123859 0.016853 -0.0114282857142817
1312 -0.123859 0.016853 -0.01523778571427967
1313 -0.123859 0.016853 -0.01714257142855992
1314 -0.123859 0.016853 -0.01904735714284163
1315 -0.123859 0.016853 -0.02095214285712014
1316 -0.123859 0.016853 -0.02285692857139961
1317 -0.123859 0.016853 -0.02476171428568189
1318 -0.123859 0.016853 -0.0266664999999604
1319 -0.123859 0.016853 -0.02857128571425139
1320 -0.123859 0.016853 -0.0304760714285417
1321 -0.123859 0.016853 -0.03238085714283336
1322 -0.123859 0.016853 -0.03428564285712502
1323 -0.123859 0.016853 -0.03619042857141668
1324 -0.123859 0.016853 -0.03809521428570834
1325 -0.1235907924015385 0.01871874791645547 -0.04
1326 -0.1232944817721027 0.02058023941912781 -0.04
1327 -0.1229701354890967 0.02243705122767207 -0.04
1328 -0.1226178273048905 0.02428876112583865 -0.04
1329 -0.1222376373300444 0.02613494805750564 -0.04
1330 -0.1218296520150977 0.02797519222239923 -0.04
1331 -0.1213939641309097 0.02980907517155451 -0.04
1332 -0.1209306727475638 0.03163617990247269 -0.04
1333 -0.1204398832118362 0.03345609095395419 -0.04
1334 -0.1199217071232572 0.03526839450051147 -0.04
1335 -0.1193762623087094 0.03707267844656207 -0.04
1336 -0.1188036727956589 0.03886853252004772 -0.04
1337 -0.1182040687839421 0.0406555483657652 -0.04
1338 -0.1175775866161635 0.04243331963821079 -0.04
1339 -0.1169243687466853 0.04420144209399907 -0.04
1340 -0.1162445637092437 0.04595951368375835 -0.04
1341 -0.1148054918665433 0.0494437693777594 -0.04
1342 -0.1140468783314176 0.05116929583118021 -0.04
1343 -0.1132623318943105 0.05288318699608648 -0.04
1344 -0.1124520309517341 0.05458505315404789 -0.04
1345 -0.1116161597564845 0.05627450732094359 -0.04
1346 -0.1107549083757042 0.05795116533504187 -0.04
1347 -0.1098684726477098 0.0596146459442598 -0.04
1348 -0.1089570541374254 0.06126457089292441 -0.04
1349 -0.1080208600905603 0.06290056500776126 -0.04
1350 -0.1070601033865013 0.06452225628317459 -0.04
1351 -0.1060750024898826 0.06612927596587911 -0.04
1352 -0.1050657814008991 0.06772125863876483 -0.04
1353 -0.104032669604432 0.06929784230389212 -0.04
1354 -0.1029759020177943 0.0708586684649213 -0.04
1355 -0.1018957189373467 0.07240338220857676 -0.04
1356 -0.1007923659838585 0.07393163228534812 -0.04
1357 -0.09851709538253095 0.07693724535223043 -0.04
1358 -0.09734579027523801 0.0784139969692234 -0.04
1359 -0.09615235100557545 0.07987291907211488 -0.04
1360 -0.09493704893379847 0.08131367993604494 -0.04
1361 -0.09370016039125428 0.08273595196559487 -0.04
1362 -0.09244196661755757 0.08413941176926765 -0.04
1363 -0.0911627536966242 0.08552374023304074 -0.04
1364 -0.08986281249162517 0.08688862259292074 -0.04
1365 -0.08854243857889457 0.08823374850646822 -0.04
1366 -0.08720193218064845 0.0895588121234398 -0.04
1367 -0.08584159809678216 0.09086351215526796 -0.04
1368 -0.08446174563555042 0.09214755194358437 -0.04
1369 -0.08306268854322713 0.09341063952768361 -0.04
1370 -0.0816447449327235 0.09465248771094462 -0.04
1371 -0.08020823721139 0.09587281412601487 -0.04
1372 -0.07875349200758426 0.0970713412991258 -0.04
1373 -0.0757907219171217 0.09940215760375393 -0.04
1374 -0.07428320961376225 0.1005337119302668 -0.04
1375 -0.07275880588648877 0.1016424056728896 -0.04
1376 -0.07121785737287616 0.1027279867232716 -0.04
1377 -0.06966071447258955 0.1037902082287552 -0.04
1378 -0.06808773126779639 0.1048288286484417 -0.04
1379 -0.06649926544272834 0.1058436118080707 -0.04
1380 -0.0648956782020064 0.1068343269539413 -0.04
1381 -0.06327733418905424 0.1078007488050373 -0.04
1382 -0.06164460140256364 0.1087426576046358 -0.04
1383 -0.05999785111343247 0.1096598391699094 -0.04
1384 -0.05833745777970276 0.110552084940997 -0.04
1385 -0.05666379896193885 0.1114191920281286 -0.04
1386 -0.05497725523719894 0.1122609632578658 -0.04
1387 -0.05327821011237268 0.1130772072179972 -0.04
1388 -0.05156704993712448 0.1138677383009872 -0.04
1389 -0.049844 0.114632 -0.03809521428571583
1390 -0.049844 0.114632 -0.03619042857143534
1391 -0.049844 0.114632 -0.0342856428571531
1392 -0.049844 0.114632 -0.03238085714287338
1393 -0.049844 0.114632 -0.03047607142859579
1394 -0.049844 0.114632 -0.02857128571431356
1395 -0.049844 0.114632 -0.02666650000003453
1396 -0.049844 0.114632 -0.02476171428574387
1397 -0.049844 0.114632 -0.0228569285714539
1398 -0.049844 0.114632 -0.02095214285716258
1399 -0.049844 0.114632 -0.01904735714287261
1400 -0.049844 0.114632 -0.01714257142858129
1401 -0.049844 0.114632 -0.01523778571428997
1402 -0.049844 0.114632 -0.01142828571428924
1403 -0.049844 0.114632 -0.009523571428578341
1404 -0.049844 0.114632 -0.00761885714287015
1405 -0.049844 0.114632 -0.005714142857161329
1406 -0.049844 0.114632 -0.003809428571452464
1407 -0.049844 0.114632 -0.001904714285743165
1408 -0.049844 0.114632 -3.488181965494164e-14
1409 -0.049844 0.114632 0.001904714285684436
1410 -0.049844 0.114632 0.003809428571403756
1411 -0.049844 0.114632 0.005714142857123796
1412 -0.049844 0.114632 0.007618857142842777
1413 -0.049844 0.114632 0.009523571428561561
1414 -0.049844 0.114632 0.0114282857142817
1415 -0.049844 0.114632 0.01523778571427967
1416 -0.049844 0.114632 0.01714257142855992
1417 -0.049844 0.114632 0.01904735714284163
1418 -0.049844 0.114632 0.02095214285712014
1419 -0.049844 0.114632 0.02285692857139961
1420 -0.049844 0.114632 0.02476171428568189
1421 -0.049844 0.114632 0.0266664999999604
1422 -0.049844 0.114632 0.02857128571425139
1423 -0.049844 0.114632 0.0304760714285417
1424 -0.049844 0.114632 0.03238085714283336
1425 -0.049844 0.114632 0.03428564285712502
1426 -0.049844 0.114632 0.03619042857141668
1427 -0.049844 0.114632 0.03809521428570834
1428 -0.05256922748779692 0.1134087598968274 0.039
1429 -0.05436517314040833 0.1125588665961657 0.039
1430 -0.05614738320466602 0.1116805348271057 0.039
1431 -0.05791540739772902 0.1107739865038496 0.039
1432 -0.05966879902089407 0.1098394506696212 0.039
1433 -0.06140711507244064 0.1088771634388039 0.039
1434 -0.0631299163595495 0.1078873679372904 0.039
1435 -0.06483676760925881 0.1068703142410602 0.039
1436 -0.06652723757846815 0.1058262593129798 0.039
1437 -0.06820089916287578 0.1047554669378894 0.039
1438 -0.06985732950487623 0.1036582076559649 0.039
1439 -0.07149611010041838 0.1025347586943513 0.039
1440 -0.07311682690473174 0.1013854038971266 0.039
1441 -0.07471907043693982 0.1002104336535853 0.039
1442 -0.07630243588350066 0.09901014482488277 0.039
1443 -0.07786652320052491 0.09778484066900199 0.039
1444 -0.07941093721481207 0.09653483076416081 0.039
1445 -0.08093528772369313 0.0952604309305968 0.039
1446 -0.08243918959363339 0.09396196315076095 0.039
1447 -0.08392226285755724 0.09263975548794948 0.039
1448 -0.08679200286388082 0.08995649020985703 0.039
1449 -0.0881790567810896 0.08859726766214281 0.039
1450 -0.0895448269590476 0.08721666043179034 0.039
1451 -0.09088898374240853 0.08581500175535857 0.039
1452 -0.09221120269265674 0.08439262995056958 0.039
1453 -0.09351116466640552 0.08294988833465895 0.039
1454 -0.09478855589240956 0.0814871251415311 0.039
1455 -0.09604306804733229 0.08000469343766964 0.039
1456 -0.09727439833013439 0.07850295103695369 0.039
1457 -0.09848224953518805 0.07698226041426005 0.039
1458 -0.09966633012397891 0.07544298861801574 0.039
1459 -0.1008263542955269 0.07388550718153647 0.039
1460 -0.1019620420552936 0.07231019203345077 0.039
1461 -0.1030731192828528 0.07071742340684367 0.039
1462 -0.1041593177979767 0.06910758574758702 0.039
1463 -0.1052203754254424 0.067481067621437 0.039
1464 -0.106256036058238 0.06583826162035586 0.039
1465 -0.1072660497194103 0.06417956426770909 0.039
1466 -0.1082501726224294 0.06250537592250957 0.039
1467 -0.1092081672299974 0.06081610068283656 0.039
1468 -0.1101398023113845 0.05911214628829799 0.039
1469 -0.1119432202352297 0.05562174668568818 0.039
1470 -0.1128131579501849 0.05383544050443569 0.039
1471 -0.1136545933545896 0.05203553276755106 0.039
1472 -0.1144673138592943 0.0502224782227819 0.039
1473 -0.1152511141299873 0.0483967349394216 0.039
1474 -0.1160057961390715 0.04655876419257911 0.039
1475 -0.1167311692156954 0.04470903034663891 0.039
1476 -0.1174270500939188 0.04284800073796086 0.039
1477 -0.1180932629590356 0.0409761455567513 0.039
1478 -0.1187296394919728 0.03909393772832533 0.039
1479 -0.1193360189118297 0.03720185279358303 0.039
1480 -0.1199122480164866 0.03530036878890365 0.039
1481 -0.1204581812213199 0.0333899661253446 0.039
1482 -0.1209736805959905 0.0314711274672399 0.039
1483 -0.1214586158992769 0.02954433761030898 0.039
1484 -0.1219128646119846 0.02761008335916261 0.039
1485 -0.1223363119679168 0.02566885340424313 0.039
1486 -0.1227288509828491 0.02372113819844258 0.039
1487 -0.123090382481567 0.02176742983316014 0.039
1488 -0.1234208151229259 0.01980822191395633 0.039
1489 -0.12372 0.017844 0.03702561538461903
1490 -0.12372 0.017844 0.03505123076923942
1491 -0.12372 0.017844 0.03307684615385782
1492 -0.12372 0.017844 0.03110246153848018
1493 -0.12372 0.017844 0.02912807692310056
1494 -0.12372 0.017844 0.0271536923077223
1495 -0.12372 0.017844 0.0251793076923381
1496 -0.12372 0.017844 0.02320492307694832
1497 -0.12372 0.017844 0.02123053846155892
1498 -0.12372 0.017844 0.01925615384616868
1499 -0.12372 0.017844 0.01728176923077844
1500 -0.12372 0.017844 0.01530738461538956
1501 -0.12372 0.017844 0.01142828571428924
1502 -0.12372 0.017844 0.009523571428578341
1503 -0.12372 0.017844 0.00761885714287015
1504 -0.12372 0.017844 0.005714142857161329
1505 -0.12372 0.017844 0.003809428571452464
1506 -0.12372 0.017844 0.001904714285743165
1507 -0.12372 0.017844 3.488181965494164e-14
1508 -0.12372 0.017844 -0.001904714285684436
1509 -0.12372 0.017844 -0.003809428571403756
1510 -0.12372 0.017844 -0.005714142857123796
1511 -0.12372 0.017844 -0.007618857142842777
1512 -0.12372 0.017844 -0.009523571428561561
1513 -0.12372 0.017844 -0.0114282857142817
1514 -0.12372 0.017844 -0.01530738461538063
1515 -0.12372 0.017844 -0.01728176923076136
1516 -0.12372 0.017844 -0.01925615384614103
1517 -0.12372 0.017844 -0.02123053846151799
1518 -0.12372 0.017844 -0.02320492307689646
1519 -0.12372 0.017844 -0.02517930769227597
1520 -0.12372 0.017844 -0.02715369230766226
1521 -0.12372 0.017844 -0.02912807692305157
1522 -0.12372 0.017844 -0.03110246153844155
1523 -0.12372 0.017844 -0.03307684615383048
1524 -0.12372 0.017844 -0.03505123076922078
1525 -0.12372 0.017844 -0.03702561538460971
1526 -0.123428139811117 0.01976211119206036 -0.039
1527 -0.1231065437361802 0.02167546136376241 -0.039
1528 -0.1227552892530189 0.02358358955731031 -0.039
1529 -0.1223744609846629 0.02548603607297992 -0.039
1530 -0.1219641506789589 0.02738234257984923 -0.039
1531 -0.1215244571864651 0.02927205222622789 -0.039
1532 -0.1210554864366361 0.031154709749722 -0.039
1533 -0.120557351412305 0.03302986158690364 -0.039
1534 -0.1200301721224568 0.03489705598260983 -0.039
1535 -0.1194740755733309 0.0367558430987241 -0.039
1536 -0.1188891957378089 0.03860577512260268 -0.039
1537 -0.1182756735231412 0.04044640637494656 -0.039
1538 -0.1176336567370042 0.04227729341716045 -0.039
1539 -0.1169633000518948 0.04409799515817501 -0.039
1540 -0.11626476496786 0.04590807296073638 -0.039
1541 -0.1148054918665433 0.0494437693777594 -0.039
1542 -0.1140468783314176 0.05116929583118021 -0.039
1543 -0.1132623318943105 0.05288318699608648 -0.039
1544 -0.1124520309517341 0.05458505315404789 -0.039
1545 -0.1116161597564845 0.05627450732094359 -0.039
1546 -0.1107549083757042 0.05795116533504187 -0.039
1547 -0.1098684726477098 0.0596146459442598 -0.039
1548 -0.1089570541374254 0.06126457089292441 -0.039
1549 -0.1080208600905603 0.06290056500776126 -0.039
1550 -0.1070601033865013 0.06452225628317459 -0.039
1551 -0.1060750024898826 0.06612927596587911 -0.039
1552 -0.1050657814008991 0.06772125863876483 -0.039
1553 -0.104032669604432 0.06929784230389212 -0.039
1554 -0.1029759020177943 0.0708586684649213 -0.039
1555 -0.1018957189373467 0.07240338220857676 -0.039
1556 -0.1007923659838585 0.07393163228534812 -0.039
1557 -0.09851709538253095 0.07693724535223043 -0.039
1558 -0.09734579027523801 0.0784139969692234 -0.039
1559 -0.09615235100557545 0.07987291907211488 -0.039
1560 -0.09493704893379847 0.08131367993604494 -0.039
1561 -0.09370016039125428 0.08273595196559487 -0.039
1562 -0.09244196661755757 0.08413941176926765 -0.039
1563 -0.0911627536966242 0.08552374023304074 -0.039
1564 -0.08986281249162517 0.08688862259292074 -0.039
1565 -0.08854243857889457 0.08823374850646822 -0.039
1566 -0.08720193218064845 0.0895588121234398 -0.039
1567 -0.08584159809678216 0.09086351215526796 -0.039
1568 -0.08446174563555042 0.09214755194358437 -0.039
1569 -0.08306268854322713 0.09341063952768361 -0.039
1570 -0.0816447449327235 0.09465248771094462 -0.039
1571 -0.08020823721139 0.09587281412601487 -0.039
1572 -0.07875349200758426 0.0970713412991258 -0.039
1573 -0.07574674761337351 0.09943567111955298 -0.039
1574 -0.07419424577415214 0.1005993854802539 -0.039
1575 -0.07262386852227717 0.1017388627116453 -0.039
1576 -0.07103599420434274 0.1028538282826682 -0.039
1577 -0.06943100538247982 0.1039440135677763 -0.039
1578 -0.0678092887421889 0.1050091559116559 -0.039
1579 -0.06617123499913496 0.1060489986925349 -0.039
1580 -0.06451723880504925 0.1070632913839858 -0.039
1581 -0.06284769865259543 0.1080517896153163 -0.039
1582 -0.06116301677942473 0.1090142552304047 -0.039
1583 -0.05946359907123339 0.1099504563450995 -0.039
1584 -0.05774985496400133 0.1108601674030705 -0.039
1585 -0.05602219734530753 0.1117431692301745 -0.039
1586 -0.05428104245489862 0.1125992490872364 -0.039
1587 -0.05252680978435144 0.1134282007213311 -0.039
1588 -0.05076 0.11423 -0.03702561538461903
1589 -0.05076 0.11423 -0.03505123076923942
1590 -0.05076 0.11423 -0.03307684615385782
1591 -0.05076 0.11423 -0.03110246153848018
1592 -0.05076 0.11423 -0.02912807692310056
1593 -0.05076 0.11423 -0.0271536923077223
1594 -0.05076 0.11423 -0.0251793076923381
1595 -0.05076 0.11423 -0.02320492307694832
1596 -0.05076 0.11423 -0.02123053846155892
1597 -0.05076 0.11423 -0.01925615384616868
1598 -0.05076 0.11423 -0.01728176923077844
1599 -0.05076 0.11423 -0.01530738461538956
1600 -0.05076 0.11423 -0.01142828571428924
1601 -0.05076 0.11423 -0.009523571428578341
1602 -0.05076 0.11423 -0.00761885714287015
1603 -0.05076 0.11423 -0.005714142857161329
1604 -0.05076 0.11423 -0.003809428571452464
1605 -0.05076 0.11423 -0.001904714285743165
1606 -0.05076 0.11423 -3.488181965494164e-14
1607 -0.05076 0.11423 0.001904714285684436
1608 -0.05076 0.11423 0.003809428571403756
1609 -0.05076 0.11423 0.005714142857123796
1610 -0.05076 0.11423 0.007618857142842777
1611 -0.05076 0.11423 0.009523571428561561
1612 -0.05076 0.11423 0.0114282857142817
1613 -0.05076 0.11423 0.01530738461538063
1614 -0.05076 0.11423 0.01728176923076136
1615 -0.05076 0.11423 0.01925615384614103
1616 -0.05076 0.11423 0.02123053846151799
1617 -0.05076 0.11423 0.02320492307689646
1618 -0.05076 0.11423 0.02517930769227597
1619 -0.05076 0.11423 0.02715369230766226
1620 -0.05076 0.11423 0.02912807692305157
1621 -0.05076 0.11423 0.03110246153844155
1622 -0.05076 0.11423 0.03307684615383048
1623 -0.05076 0.11423 0.03505123076922078
1624 -0.05076 0.11423 0.03702561538460971
1625 -0.1185781137681285 0.0454770577785414 0.04
1626 -0.1192678170741417 0.04363621958154806 0.04
1627 -0.1199289446700954 0.04178492646059333 0.04
1628 -0.12056133815458 0.03992362197217374 0.04
1629 -0.1211648460106716 0.03805275207143705 0.04
1630 -0.1217393236422313 0.03617276500534718 0.04
1631 -0.1222846334085559 0.03428411120526667 0.04
1632 -0.1228006446573535 0.03238724317904189 0.04
1633 -0.1232872337560481 0.03048261540257925 0.04
1634 -0.1237442841213913 0.02857068421099479 0.04
1635 -0.124171686247409 0.02665190768922637 0.04
1636 -0.1245693377316317 0.02472674556229947 0.04
1637 -0.1249371432996259 0.02279565908520223 0.04
1638 -0.1252750148278247 0.0208591109323554 0.04
1639 -0.1255828713646439 0.0189175650867467 0.04
1640 -0.1258606391498739 0.01697148672878207 0.04
1641 -0.1261082516323546 0.01502134212481486 0.04
1642 -0.1263256494859183 0.01306759851544775 0.04
1643 -0.1265127806236046 0.01111072400357917 0.04
1644 -0.1266696002101395 0.009151187442263384 0.04
1645 -0.1267960706726804 0.007189458322337812 0.04
1646 -0.1269576893765486 0.003261264811051396 0.04
1647 -0.1269929595550536 0.00129574821956956 0.04
1648 -0.1269978020847428 -0.0006700788345253379 0.04
1649 -0.1269722158053413 -0.002635745337060654 0.04
1650 -0.1269162068473499 -0.004600780312153891 0.04
1651 -0.1268297886305723 -0.006564712935411062 0.04
1652 -0.1267129818609097 -0.008527072646386713 0.04
1653 -0.1265658145253836 -0.01048738926168897 0.04
1654 -0.1263883218854516 -0.01244519308727202 0.04
1655 -0.1261805464685316 -0.0144000150313372 0.04
1656 -0.1259425380578396 -0.01635138671641068 0.04
1657 -0.125674353680445 -0.01829884059175393 0.04
1658 -0.1253760575936106 -0.02024191004533965 0.04
1659 -0.1250477212693974 -0.02218012951565215 0.04
1660 -0.1246894233775406 -0.02411303460322722 0.04
1661 -0.1243012497665986 -0.02604016218193893 0.04
1662 -0.1238832934433819 -0.02796105050996707 0.04
1663 -0.1234356545506832 -0.02987523934037034 0.04
1664 -0.1229584403432391 -0.03178227003154613 0.04
1665 -0.1224517651620945 -0.03368168565685609 0.04
1666 -0.1219157504071594 -0.0355730311143037 0.04
1667 -0.1207566971233112 -0.03932985172701358 0.04
1668 -0.1201334609143015 -0.04119428001254544 0.04
1669 -0.1194814407005152 -0.04304883813913307 0.04
1670 -0.1188007927061422 -0.04489308175423288 0.04
1671 -0.1180916800146 -0.04672656897664677 0.04
1672 -0.1173542725294508 -0.04854886050241949 0.04
1673 -0.1165887469336953 -0.0503595197100881 0.04
1674 -0.1157952866474429 -0.05215811276528831 0.04
1675 -0.1149740817839576 -0.05394420872471692 0.04
1676 -0.1141253291041199 -0.05571737963935787 0.04
1677 -0.1132492319692582 -0.05747720065707063 0.04
1678 -0.1123460002924433 -0.05922325012434156 0.04
1679 -0.1114158504882047 -0.06095510968729372 0.04
1680 -0.1104590054206458 -0.06267236439198502 0.04
1681 -0.1094756943500551 -0.06437460278380992 0.04
1682 -0.108466152877998 -0.06606141700604652 0.04
1683 -0.1074306228908436 -0.06773240289761875 0.04
1684 -0.106369352501803 -0.06938716008994153 0.04
1685 -0.105282595991528 -0.07102529210277629 0.04
1686 -0.1041706137471085 -0.07264640643934656 0.04
1687 -0.1030336721997469 -0.07425011468028256 0.04
1688 -0.101872 -0.075836 0.03809521428571583
1689 -0.101872 -0.075836 0.03619042857143534
1690 -0.101872 -0.075836 0.0342856428571531
1691 -0.101872 -0.075836 0.03238085714287338
1692 -0.101872 -0.075836 0.03047607142859579
1693 -0.101872 -0.075836 0.02857128571431356
1694 -0.101872 -0.075836 0.02666650000003453
1695 -0.101872 -0.075836 0.02476171428574387
1696 -0.101872 -0.075836 0.0228569285714539
1697 -0.101872 -0.075836 0.02095214285716258
1698 -0.101872 -0.075836 0.01904735714287261
1699 -0.101872 -0.075836 0.01714257142858129
1700 -0.101872 -0.075836 0.01523778571428997
1701 -0.101872 -0.075836 0.01142828571428924
1702 -0.101872 -0.075836 0.009523571428578341
1703 -0.101872 -0.075836 0.00761885714287015
1704 -0.101872 -0.075836 0.005714142857161329
1705 -0.101872 -0.075836 0.003809428571452464
1706 -0.101872 -0.075836 0.001904714285743165
1707 -0.101872 -0.075836 3.488181965494164e-14
1708 -0.101872 -0.075836 -0.001904714285684436
1709 -0.101872 -0.075836 -0.003809428571403756
1710 -0.101872 -0.075836 -0.005714142857123796
1711 -0.101872 -0.075836 -0.007618857142842777
1712 -0.101872 -0.075836 -0.009523571428561561
1713 -0.101872 -0.075836 -0.0114282857142817
1714 -0.101872 -0.075836 -0.01523778571427967
1715 -0.101872 -0.075836 -0.01714257142855992
1716 -0.101872 -0.075836 -0.01904735714284163
1717 -0.101872 -0.075836 -0.02095214285712014
1718 -0.101872 -0.075836 -0.02285692857139961
1719 -0.101872 -0.075836 -0.02476171428568189
1720 -0.101872 -0.075836 -0.0266664999999604
1721 -0.101872 -0.075836 -0.02857128571425139
1722 -0.101872 -0.075836 -0.0304760714285417
1723 -0.101872 -0.075836 -0.03238085714283336
1724 -0.101872 -0.075836 -0.03428564285712502
1725 -0.101872 -0.075836 -0.03619042857141668
1726 -0.101872 -0.075836 -0.03809521428570834
1727 -0.1029998114602881 -0.07429698593580435 -0.04
1728 -0.1041043745416141 -0.07274120208863291 -0.04
1729 -0.1051854399299169 -0.07116899961886394 -0.04
1730 -0.106242763614872 -0.06958073339276059 -0.04
1731 -0.1072761069449511 -0.06797676190239887 -0.04
1732 -0.1082852366813051 -0.06635744718472629 -0.04
1733 -0.1092699250504122 -0.06472315473984033 -0.04
1734 -0.1102299497954813 -0.0630742534485005 -0.04
1735 -0.1111650942266035 -0.06141111548889482 -0.04
1736 -0.1120751472696839 -0.0597341162525961 -0.04
1737 -0.112959903514073 -0.05804363425985083 -0.04
1738 -0.1138191632589258 -0.05634005107415155 -0.04
1739 -0.1146527325583047 -0.05462375121605859 -0.04
1740 -0.1154604232649277 -0.05289512207646131 -0.04
1741 -0.1162420530726242 -0.05115455382916789 -0.04
1742 -0.1169974455575231 -0.04940243934275331 -0.04
1743 -0.1184284013051472 -0.04586501020720474 -0.04
1744 -0.1191040724540996 -0.04408066834621036 -0.04
1745 -0.1197528609429361 -0.04228637715602755 -0.04
1746 -0.1203746203353509 -0.04048254162129795 -0.04
1747 -0.1209692102957045 -0.03866956888088642 -0.04
1748 -0.121536496620692 -0.03684786813600653 -0.04
1749 -0.1220763512696426 -0.03501785055783445 -0.04
1750 -0.1225886523934146 -0.03317992919471886 -0.04
1751 -0.123073284361897 -0.03133451887895556 -0.04
1752 -0.1235301377901156 -0.02948203613312787 -0.04
1753 -0.1239591095629066 -0.02762289907615247 -0.04
1754 -0.1243601028582041 -0.02575752732885828 -0.04
1755 -0.1247330271688883 -0.023886341919293 -0.04
1756 -0.1250777983232135 -0.02200976518769619 -0.04
1757 -0.1253943385038123 -0.0201282206911425 -0.04
1758 -0.1256825762652496 -0.01824213310799207 -0.04
1759 -0.1261744510623591 -0.01445804454663028 -0.04
1760 -0.1263774220835991 -0.01256082562986294 -0.04
1761 -0.1265518672491913 -0.01066077148911169 -0.04
1762 -0.1266977471834507 -0.008758311003749127 -0.04
1763 -0.1268150289584236 -0.006853873596307703 -0.04
1764 -0.1269036861013195 -0.004947889135557035 -0.04
1765 -0.1269636986004871 -0.003040787839467304 -0.04
1766 -0.1269950529099319 -0.001133000178104306 -0.04
1767 -0.1269977419523733 0.0007750432235662935 -0.04
1768 -0.1269717651208412 0.002682911682838702 -0.04
1769 -0.1269171282788149 0.004590174556467048 -0.04
1770 -0.1268338437588976 0.006496401337935592 -0.04
1771 -0.126721930360035 0.008401161754568683 -0.04
1772 -0.126581413343269 0.0103040258647029 -0.04
1773 -0.1264123244260388 0.01220456415468877 -0.04
1774 -0.1262147017750186 0.01410234763587617 -0.04
1775 -0.1257344570632738 0.01788794110577754 -0.04
1776 -0.125451535039111 0.01977484478651366 -0.04
1777 -0.1251402977848583 0.0216572851557392 -0.04
1778 -0.124800815548793 0.02353483733438911 -0.04
1779 -0.1244331649542736 0.02540707754667065 -0.04
1780 -0.1240374289824368 0.02727358321575932 -0.04
1781 -0.1236136969534724 0.02913393305915095 -0.04
1782 -0.1231620645064677 0.03098770718373163 -0.04
1783 -0.1226826335778101 0.03283448718059705 -0.04
1784 -0.122175512378192 0.03467385621943803 -0.04
1785 -0.1216408153681729 0.0365053991426758 -0.04
1786 -0.1210786632323599 0.03832870255911087 -0.04
1787 -0.1204891828521571 0.04014335493726774 -0.04
1788 -0.1198725072771389 0.04194894669824602 -0.04
1789 -0.1192287756949955 0.04374507030823534 -0.04
1790 -0.1185581334001567 0.04553132037038515 -0.04
1791 -0.11786 0.047307 -0.03809521428571583
1792 -0.11786 0.047307 -0.03619042857143534
1793 -0.11786 0.047307 -0.0342856428571531
1794 -0.11786 0.047307 -0.03238085714287338
1795 -0.11786 0.047307 -0.03047607142859579
1796 -0.11786 0.047307 -0.02857128571431356
1797 -0.11786 0.047307 -0.02666650000003453
1798 -0.11786 0.047307 -0.02476171428574387
1799 -0.11786 0.047307 -0.0228569285714539
1800 -0.11786 0.047307 -0.02095214285716258
1801 -0.11786 0.047307 -0.01904735714287261
1802 -0.11786 0.047307 -0.01714257142858129
1803 -0.11786 0.047307 -0.01523778571428997
1804 -0.11786 0.047307 -0.01142828571428924
1805 -0.11786 0.047307 -0.009523571428578341
1806 -0.11786 0.047307 -0.00761885714287015
1807 -0.11786 0.047307 -0.005714142857161329
1808 -0.11786 0.047307 -0.003809428571452464
1809 -0.11786 0.047307 -0.001904714285743165
1810 -0.11786 0.047307 -3.488181965494164e-14
1811 -0.11786 0.047307 0.001904714285684436
1812 -0.11786 0.047307 0.003809428571403756
1813 -0.11786 0.047307 0.005714142857123796
1814 -0.11786 0.047307 0.007618857142842777
1815 -0.11786 0.047307 0.009523571428561561
1816 -0.11786 0.047307 0.0114282857142817
1817 -0.11786 0.047307 0.01523778571427967
1818 -0.11786 0.047307 0.01714257142855992
1819 -0.11786 0.047307 0.01904735714284163
1820 -0.11786 0.047307 0.02095214285712014
1821 -0.11786 0.047307 0.02285692857139961
1822 -0.11786 0.047307 0.02476171428568189
1823 -0.11786 0.047307 0.0266664999999604
1824 -0.11786 0.047307 0.02857128571425139
1825 -0.11786 0.047307 0.0304760714285417
1826 -0.11786 0.047307 0.03238085714283336
1827 -0.11786 0.047307 0.03428564285712502
1828 -0.11786 0.047307 0.03619042857141668
1829 -0.11786 0.047307 0.03809521428570834
1830 -0.1189167467175186 0.04458500504790287 0.039
1831 -0.1195773036584327 0.04278181593596722 0.039
1832 -0.1202105197894078 0.04096884495516558 0.039
1833 -0.1208162503284059 0.03914650663321001 0.039
1834 -0.1213943567779101 0.03731521763942249 0.039
1835 -0.1219447069564853 0.03547539668977522 0.039
1836 -0.1224671750290367 0.03362746445105996 0.039
1837 -0.1229616415356056 0.03177184344461649 0.039
1838 -0.1234279934186741 0.02990895794974715 0.039
1839 -0.123866124048968 0.02803923390689683 0.039
1840 -0.1242759332499183 0.02616309881993805 0.039
1841 -0.1246573273205076 0.02428098165865258 0.039
1842 -0.1250102190566835 0.02239331276073288 0.039
1843 -0.1253345277713715 0.02050052373300016 0.039
1844 -0.1256301793128269 0.01860304735324183 0.039
1845 -0.1258971060816721 0.01670131747079238 0.039
1846 -0.1261352470463104 0.01479576890757065 0.039
1847 -0.1263445477568797 0.01288683735869837 0.039
1848 -0.1265249603577187 0.01097495929275834 0.039
1849 -0.1266764435983109 0.009060571851928677 0.039
1850 -0.1267989628426893 0.007144112752350364 0.039
1851 -0.1269576893765486 0.003261264811051396 0.039
1852 -0.1269929595550536 0.00129574821956956 0.039
1853 -0.1269978020847428 -0.0006700788345253379 0.039
1854 -0.1269722158053413 -0.002635745337060654 0.039
1855 -0.1269162068473499 -0.004600780312153891 0.039
1856 -0.1268297886305723 -0.006564712935411062 0.039
1857 -0.1267129818609097 -0.008527072646386713 0.039
1858 -0.1265658145253836 -0.01048738926168897 0.039
1859 -0.1263883218854516 -0.01244519308727202 0.039
1860 -0.1261805464685316 -0.0144000150313372 0.039
1861 -0.1259425380578396 -0.01635138671641068 0.039
1862 -0.125674353680445 -0.01829884059175393 0.039
1863 -0.1253760575936106 -0.02024191004533965 0.039
1864 -0.1250477212693974 -0.02218012951565215 0.039
1865 -0.1246894233775406 -0.02411303460322722 0.039
1866 -0.1243012497665986 -0.02604016218193893 0.039
1867 -0.1238832934433819 -0.02796105050996707 0.039
1868 -0.1234356545506832 -0.02987523934037034 0.039
1869 -0.1229584403432391 -0.03178227003154613 0.039
1870 -0.1224517651620945 -0.03368168565685609 0.039
1871 -0.1219157504071594 -0.0355730311143037 0.039
1872 -0.1207707720301004 -0.03928661044495339 0.039
1873 -0.1201629305769741 -0.04110823825163639 0.039
1874 -0.119527614619773 -0.04292046691622808 0.039
1875 -0.1188649694195307 -0.04472288208394024 0.039
1876 -0.1181751464859311 -0.04651507164380952 0.039
1877 -0.1174583035426845 -0.04829662582287295 0.039
1878 -0.1167146044914553 -0.05006713727988823 0.039
1879 -0.1159442193743883 -0.05182620119846451 0.039
1880 -0.115147324335233 -0.05357341537961398 0.039
1881 -0.1143241015790675 -0.05530838033371665 0.039
1882 -0.1134747393306399 -0.05703069937185866 0.039
1883 -0.1125994317913183 -0.05873997869655939 0.039
1884 -0.1116983790947083 -0.06043582749176868 0.039
1885 -0.1107717872608966 -0.06211785801222279 0.039
1886 -0.1098198681493129 -0.06378568567215942 0.039
1887 -0.1088428394103152 -0.06543892913320286 0.039
1888 -0.1078409244354425 -0.06707721039152706 0.039
1889 -0.1068143523062976 -0.06870015486435335 0.039
1890 -0.1057633577421817 -0.07030739147557163 0.039
1891 -0.1046881810464479 -0.07189855274055354 0.039
1892 -0.1035890680515269 -0.07347327485022111 0.039
1893 -0.102466 -0.075031 0.03702561538461903
1894 -0.102466 -0.075031 0.03505123076923942
1895 -0.102466 -0.075031 0.03307684615385782
1896 -0.102466 -0.075031 0.03110246153848018
1897 -0.102466 -0.075031 0.02912807692310056
1898 -0.102466 -0.075031 0.0271536923077223
1899 -0.102466 -0.075031 0.0251793076923381
1900 -0.102466 -0.075031 0.02320492307694832
1901 -0.102466 -0.075031 0.02123053846155892
1902 -0.102466 -0.075031 0.01925615384616868
1903 -0.102466 -0.075031 0.01728176923077844
1904 -0.102466 -0.075031 0.01530738461538956
1905 -0.102466 -0.075031 0.01142828571428924
1906 -0.102466 -0.075031 0.009523571428578341
1907 -0.102466 -0.075031 0.00761885714287015
1908 -0.102466 -0.075031 0.005714142857161329
1909 -0.102466 -0.075031 0.003809428571452464
1910 -0.102466 -0.075031 0.001904714285743165
1911 -0.102466 -0.075031 3.488181965494164e-14
1912 -0.102466 -0.075031 -0.001904714285684436
1913 -0.102466 -0.075031 -0.003809428571403756
1914 -0.102466 -0.075031 -0.005714142857123796
1915 -0.102466 -0.075031 -0.007618857142842777
1916 -0.102466 -0.075031 -0.009523571428561561
1917 -0.102466 -0.075031 -0.0114282857142817
1918 -0.102466 -0.075031 -0.01530738461538063
1919 -0.102466 -0.075031 -0.01728176923076136
1920 -0.102466 -0.075031 -0.01925615384614103
1921 -0.102466 -0.075031 -0.02123053846151799
1922 -0.102466 -0.075031 -0.02320492307689646
1923 -0.102466 -0.075031 -0.02517930769227597
1924 -0.102466 -0.075031 -0.02715369230766226
1925 -0.102466 -0.075031 -0.02912807692305157
1926 -0.102466 -0.075031 -0.03110246153844155
1927 -0.102466 -0.075031 -0.03307684615383048
1928 -0.102466 -0.075031 -0.03505123076922078
1929 -0.102466 -0.075031 -0.03702561538460971
1930 -0.1036144618025255 -0.07343688053269282 -0.039
1931 -0.1047381252728345 -0.07182518521613468 -0.039
1932 -0.1058367214814738 -0.07019629978177595 -0.039
1933 -0.1069099874984124 -0.06855061407521691 -0.039
1934 -0.1079576664559402 -0.0668885219629496 -0.039
1935 -0.1089795076102046 -0.06521042123799987 -0.039
1936 -0.1099752664011642 -0.06351671352481145 -0.039
1937 -0.1109447045111841 -0.06180780418301605 -0.039
1938 -0.1118875899219951 -0.06008410221054721 -0.039
1939 -0.1128036969702435 -0.05834602014572626 -0.039
1940 -0.1136928064015175 -0.05659397396849843 -0.039
1941 -0.1145547054228293 -0.05482838300085844 -0.039
1942 -0.1153891877535291 -0.05304966980652025 -0.039
1943 -0.1161960536746753 -0.05125826008978453 -0.039
1944 -0.1169751100768496 -0.04945458259361746 -0.039
1945 -0.1184284013051472 -0.04586501020720474 -0.039
1946 -0.1191040724540996 -0.04408066834621036 -0.039
1947 -0.1197528609429361 -0.04228637715602755 -0.039
1948 -0.1203746203353509 -0.04048254162129795 -0.039
1949 -0.1209692102957045 -0.03866956888088642 -0.039
1950 -0.121536496620692 -0.03684786813600653 -0.039
1951 -0.1220763512696426 -0.03501785055783445 -0.039
1952 -0.1225886523934146 -0.03317992919471886 -0.039
1953 -0.123073284361897 -0.03133451887895556 -0.039
1954 -0.1235301377901156 -0.02948203613312787 -0.039
1955 -0.1239591095629066 -0.02762289907615247 -0.039
1956 -0.1243601028582041 -0.02575752732885828 -0.039
1957 -0.1247330271688883 -0.023886341919293 -0.039
1958 -0.1250777983232135 -0.02200976518769619 -0.039
1959 -0.1253943385038123 -0.0201282206911425 -0.039
1960 -0.1256825762652496 -0.01824213310799207 -0.039
1961 -0.1261744510623591 -0.01445804454663028 -0.039
1962 -0.1263774220835991 -0.01256082562986294 -0.039
1963 -0.1265518672491913 -0.01066077148911169 -0.039
1964 -0.1266977471834507 -0.008758311003749127 -0.039
1965 -0.1268150289584236 -0.006853873596307703 -0.039
1966 -0.1269036861013195 -0.004947889135557035 -0.039
1967 -0.1269636986004871 -0.003040787839467304 -0.039
1968 -0.1269950529099319 -0.001133000178104306 -0.039
1969 -0.1269977419523733 0.0007750432235662935 -0.039
1970 -0.1269717651208412 0.002682911682838702 -0.039
1971 -0.1269171282788149 0.004590174556467048 -0.039
1972 -0.1268338437588976 0.006496401337935592 -0.039
1973 -0.126721930360035 0.008401161754568683 -0.039
1974 -0.126581413343269 0.0103040258647029 -0.039
1975 -0.1264123244260388 0.01220456415468877 -0.039
1976 -0.1262147017750186 0.01410234763587617 -0.039
1977 -0.1257264477244286 0.01794414870080313 -0.039
1978 -0.1254338042735783 0.01988700267656378 -0.039
1979 -0.125111139688285 0.02182509692758418 -0.039
1980 -0.1247585311945956 0.02375796759335945 -0.039
1981 -0.1243760631852869 0.02568515206358575 -0.039
1982 -0.1239638271996659 0.02760618908888679 -0.039
1983 -0.1235219219016599 0.02952061889121304 -0.039
1984 -0.1230504530562074 0.03142798327386126 -0.039
1985 -0.1225495335039375 0.03332782573117098 -0.039
1986 -0.1220192831341646 0.03521969155777188 -0.039
1987 -0.1214598288562024 0.03710312795738404 -0.039
1988 -0.1208713045689853 0.03897768415121141 -0.039
1989 -0.1202538511290094 0.04084291148586326 -0.039
1990 -0.1196076163166362 0.04269836354068313 -0.039
1991 -0.1189327548007114 0.0445435962346314 -0.039
1992 -0.118229 0.046378 -0.03702561538461903
1993 -0.118229 0.046378 -0.03505123076923942
1994 -0.118229 0.046378 -0.03307684615385782
1995 -0.118229 0.046378 -0.03110246153848018
1996 -0.118229 0.046378 -0.02912807692310056
1997 -0.118229 0.046378 -0.0271536923077223
1998 -0.118229 0.046378 -0.0251793076923381
1999 -0.118229 0.046378 -0.02320492307694832
2000 -0.118229 0.046378 -0.02123053846155892
2001 -0.118229 0.046378 -0.01925615384616868
2002 -0.118229 0.046378 -0.01728176923077844
2003 -0.118229 0.046378 -0.01530738461538956
2004 -0.118229 0.046378 -0.01142828571428924
2005 -0.118229 0.046378 -0.009523571428578341
2006 -0.118229 0.046378 -0.00761885714287015
2007 -0.118229 0.046378 -0.005714142857161329
2008 -0.118229 0.046378 -0.003809428571452464
2009 -0.118229 0.046378 -0.001904714285743165
2010 -0.118229 0.046378 -3.488181965494164e-14
2011 -0.118229 0.046378 0.001904714285684436
2012 -0.118229 0.046378 0.003809428571403756
2013 -0.118229 0.046378 0.005714142857123796
2014 -0.118229 0.046378 0.007618857142842777
2015 -0.118229 0.046378 0.009523571428561561
2016 -0.118229 0.046378 0.0114282857142817
2017 -0.118229 0.046378 0.01530738461538063
2018 -0.118229 0.046378 0.01728176923076136
2019 -0.118229 0.046378 0.01925615384614103
2020 -0.118229 0.046378 0.02123053846151799
2021 -0.118229 0.046378 0.02320492307689646
2022 -0.118229 0.046378 0.02517930769227597
2023 -0.118229 0.046378 0.02715369230766226
2024 -0.118229 0.046378 0.02912807692305157
2025 -0.118229 0.046378 0.03110246153844155
2026 -0.118229 0.046378 0.03307684615383048
2027 -0.118229 0.046378 0.03505123076922078
2028 -0.118229 0.046378 0.03702561538460971
2029 -0.113843794417054 -0.05161889414475634 0.04
2030 -0.113028109407465 -0.05338132860630311 0.04
2031 -0.1121851418599245 -0.05513087797113898 0.04
2032 -0.1113150952485752 -0.05686711993587003 0.04
2033 -0.1104181795837896 -0.05858963540936225 0.04
2034 -0.1094946113616254 -0.06029800861360697 0.04
2035 -0.1085446135114049 -0.06199182718439376 0.04
2036 -0.1075684153420797 -0.06367068227052264 0.04
2037 -0.1065662524867057 -0.06533416863280414 0.04
2038 -0.105538366845747 -0.0669818847415668 0.04
2039 -0.1044850065284891 -0.06861343287390306 0.04
2040 -0.1034064257933032 -0.0702284192094203 0.04
2041 -0.1023028849862529 -0.07182645392534359 0.04
2042 -0.101174650478168 -0.07340715129073284 0.04
2043 -0.1000219946004625 -0.07497012975942519 0.04
2044 -0.09884519557924941 -0.07651501206233936 0.04
2045 -0.09764453746838589 -0.07804142529826702 0.04
2046 -0.09642031008066071 -0.07954900102420673 0.04
2047 -0.09517280891812979 -0.08103737534393102 0.04
2048 -0.09390233510052569 -0.08250618899615098 0.04
2049 -0.09260919529273087 -0.08395508744104102 0.04
2050 -0.08995649020985703 -0.08679200286388082 0.04
2051 -0.08859726766214281 -0.0881790567810896 0.04
2052 -0.08721666043179034 -0.0895448269590476 0.04
2053 -0.08581500175535857 -0.09088898374240853 0.04
2054 -0.08439262995056958 -0.09221120269265674 0.04
2055 -0.08294988833465895 -0.09351116466640552 0.04
2056 -0.0814871251415311 -0.09478855589240956 0.04
2057 -0.08000469343766964 -0.09604306804733229 0.04
2058 -0.07850295103695369 -0.09727439833013439 0.04
2059 -0.07698226041426005 -0.09848224953518805 0.04
2060 -0.07544298861801574 -0.09966633012397891 0.04
2061 -0.07388550718153647 -0.1008263542955269 0.04
2062 -0.07231019203345077 -0.1019620420552936 0.04
2063 -0.07071742340684367 -0.1030731192828528 0.04
2064 -0.06910758574758702 -0.1041593177979767 0.04
2065 -0.067481067621437 -0.1052203754254424 0.04
2066 -0.06583826162035586 -0.106256036058238 0.04
2067 -0.06417956426770909 -0.1072660497194103 0.04
2068 -0.06250537592250957 -0.1082501726224294 0.04
2069 -0.06081610068283656 -0.1092081672299974 0.04
2070 -0.05911214628829799 -0.1101398023113845 0.04
2071 -0.0556618876863887 -0.1119232662147949 0.04
2072 -0.05391633975320147 -0.1127745164858504 0.04
2073 -0.05215777753933194 -0.1135985453390912 0.04
2074 -0.05038662552504843 -0.1143951538711257 0.04
2075 -0.04860331122952713 -0.1151641497972599 0.04
2076 -0.04680826510767518 -0.1159053474979028 0.04
2077 -0.04500192044620694 -0.1166185680633803 0.04
2078 -0.04318471325908631 -0.1173036393371088 0.04
2079 -0.04135708218224765 -0.1179603959571636 0.04
2080 -0.03951946836773609 -0.1185886793961865 0.04
2081 -0.03767231537723215 -0.1191883379996481 0.04
2082 -0.03581606907497126 -0.119759227022459 0.04
2083 -0.0339511775201156 -0.1203012086639099 0.04
2084 -0.03207809085861645 -0.1208141521009287 0.04
2085 -0.03019726121456181 -0.1212979335196586 0.04
2086 -0.02830914258103037 -0.1217524361453474 0.04
2087 -0.02641419071049921 -0.1221775502705361 0.04
2088 -0.02451286300485378 -0.1225731732815353 0.04
2089 -0.02260561840498819 -0.1229392096831929 0.04
2090 -0.02069291727998104 -0.1232755711219537 0.04
2091 -0.01877522131603142 -0.1235821764071747 0.04
2092 -0.016853 -0.123859 0.03809521428571583
2093 -0.016853 -0.123859 0.03619042857143534
2094 -0.016853 -0.123859 0.0342856428571531
2095 -0.016853 -0.123859 0.03238085714287338
2096 -0.016853 -0.123859 0.03047607142859579
2097 -0.016853 -0.123859 0.02857128571431356
2098 -0.016853 -0.123859 0.02666650000003453
2099 -0.016853 -0.123859 0.02476171428574387
2100 -0.016853 -0.123859 0.0228569285714539
2101 -0.016853 -0.123859 0.02095214285716258
2102 -0.016853 -0.123859 0.01904735714287261
2103 -0.016853 -0.123859 0.01714257142858129
2104 -0.016853 -0.123859 0.01523778571428997
2105 -0.016853 -0.123859 0.01142828571428924
2106 -0.016853 -0.123859 0.009523571428578341
2107 -0.016853 -0.123859 0.00761885714287015
2108 -0.016853 -0.123859 0.005714142857161329
2109 -0.016853 -0.123859 0.003809428571452464
2110 -0.016853 -0.123859 0.001904714285743165
2111 -0.016853 -0.123859 3.488181965494164e-14
2112 -0.016853 -0.123859 -0.001904714285684436
2113 -0.016853 -0.123859 -0.003809428571403756
2114 -0.016853 -0.123859 -0.005714142857123796
2115 -0.016853 -0.123859 -0.007618857142842777
2116 -0.016853 -0.123859 -0.009523571428561561
2117 -0.016853 -0.123859 -0.0114282857142817
2118 -0.016853 -0.123859 -0.01523778571427967
2119 -0.016853 -0.123859 -0.01714257142855992
2120 -0.016853 -0.123859 -0.01904735714284163
2121 -0.016853 -0.123859 -0.02095214285712014
2122 -0.016853 -0.123859 -0.02285692857139961
2123 -0.016853 -0.123859 -0.02476171428568189
2124 -0.016853 -0.123859 -0.0266664999999604
2125 -0.016853 -0.123859 -0.02857128571425139
2126 -0.016853 -0.123859 -0.0304760714285417
2127 -0.016853 -0.123859 -0.03238085714283336
2128 -0.016853 -0.123859 -0.03428564285712502
2129 -0.016853 -0.123859 -0.03619042857141668
2130 -0.016853 -0.123859 -0.03809521428570834
2131 -0.01871874791645547 -0.1235907924015385 -0.04
2132 -0.02058023941912781 -0.1232944817721027 -0.04
2133 -0.02243705122767207 -0.1229701354890967 -0.04
2134 -0.02428876112583865 -0.1226178273048905 -0.04
2135 -0.02613494805750564 -0.1222376373300444 -0.04
2136 -0.02797519222239923 -0.1218296520150977 -0.04
2137 -0.02980907517155451 -0.1213939641309097 -0.04
2138 -0.03163617990247269 -0.1209306727475638 -0.04
2139 -0.03345609095395419 -0.1204398832118362 -0.04
2140 -0.03526839450051147 -0.1199217071232572 -0.04
2141 -0.03707267844656207 -0.1193762623087094 -0.04
2142 -0.03886853252004772 -0.1188036727956589 -0.04
2143 -0.0406555483657652 -0.1182040687839421 -0.04
2144 -0.04243331963821079 -0.1175775866161635 -0.04
2145 -0.04420144209399907 -0.1169243687466853 -0.04
2146 -0.04595951368375835 -0.1162445637092437 -0.04
2147 -0.0494437693777594 -0.1148054918665433 -0.04
2148 -0.05116929583118021 -0.1140468783314176 -0.04
2149 -0.05288318699608648 -0.1132623318943105 -0.04
2150 -0.05458505315404789 -0.1124520309517341 -0.04
2151 -0.05627450732094359 -0.1116161597564845 -0.04
2152 -0.05795116533504187 -0.1107549083757042 -0.04
2153 -0.0596146459442598 -0.1098684726477098 -0.04
2154 -0.06126457089292441 -0.1089570541374254 -0.04
2155 -0.06290056500776126 -0.1080208600905603 -0.04
2156 -0.06452225628317459 -0.1070601033865013 -0.04
2157 -0.06612927596587911 -0.1060750024898826 -0.04
2158 -0.06772125863876483 -0.1050657814008991 -0.04
2159 -0.06929784230389212 -0.104032669604432 -0.04
2160 -0.0708586684649213 -0.1029759020177943 -0.04
2161 -0.07240338220857676 -0.1018957189373467 -0.04
2162 -0.07393163228534812 -0.1007923659838585 -0.04
2163 -0.07693724535223043 -0.09851709538253095 -0.04
2164 -0.0784139969692234 -0.09734579027523801 -0.04
2165 -0.07987291907211488 -0.09615235100557545 -0.04
2166 -0.08131367993604494 -0.09493704893379847 -0.04
2167 -0.08273595196559487 -0.09370016039125428 -0.04
2168 -0.08413941176926765 -0.09244196661755757 -0.04
2169 -0.08552374023304074 -0.0911627536966242 -0.04
2170 -0.08688862259292074 -0.08986281249162517 -0.04
2171 -0.08823374850646822 -0.08854243857889457 -0.04
2172 -0.0895588121234398 -0.08720193218064845 -0.04
2173 -0.09086351215526796 -0.08584159809678216 -0.04
2174 -0.09214755194358437 -0.08446174563555042 -0.04
2175 -0.09341063952768361 -0.08306268854322713 -0.04
2176 -0.09465248771094462 -0.0816447449327235 -0.04
2177 -0.09587281412601487 -0.08020823721139 -0.04
2178 -0.0970713412991258 -0.07875349200758426 -0.04
2179 -0.09940215760375393 -0.0757907219171217 -0.04
2180 -0.1005337119302668 -0.07428320961376225 -0.04
2181 -0.1016424056728896 -0.07275880588648877 -0.04
2182 -0.1027279867232716 -0.07121785737287616 -0.04
2183 -0.1037902082287552 -0.06966071447258955 -0.04
2184 -0.1048288286484417 -0.06808773126779639 -0.04
2185 -0.1058436118080707 -0.06649926544272834 -0.04
2186 -0.1068343269539413 -0.0648956782020064 -0.04
2187 -0.1078007488050373 -0.06327733418905424 -0.04
2188 -0.1087426576046358 -0.06164460140256364 -0.04
2189 -0.1096598391699094 -0.05999785111343247 -0.04
2190 -0.110552084940997 -0.05833745777970276 -0.04
2191 -0.1114191920281286 -0.05666379896193885 -0.04
2192 -0.1122609632578658 -0.05497725523719894 -0.04
2193 -0.1130772072179972 -0.05327821011237268 -0.04
2194 -0.1138677383009872 -0.05156704993712448 -0.04
2195 -0.114632 -0.049844 -0.03809521428571583
2196 -0.114632 -0.049844 -0.03619042857143534
2197 -0.114632 -0.049844 -0.0342856428571531
2198 -0.114632 -0.049844 -0.03238085714287338
2199 -0.114632 -0.049844 -0.03047607142859579
2200 -0.114632 -0.049844 -0.02857128571431356
2201 -0.114632 -0.049844 -0.02666650000003453
2202 -0.114632 -0.049844 -0.02476171428574387
2203 -0.114632 -0.049844 -0.0228569285714539
2204 -0.114632 -0.049844 -0.02095214285716258
2205 -0.114632 -0.049844 -0.01904735714287261
2206 -0.114632 -0.049844 -0.01714257142858129
2207 -0.114632 -0.049844 -0.01523778571428997
2208 -0.114632 -0.049844 -0.01142828571428924
2209 -0.114632 -0.049844 -0.009523571428578341
2210 -0.114632 -0.049844 -0.00761885714287015
2211 -0.114632 -0.049844 -0.005714142857161329
2212 -0.114632 -0.049844 -0.003809428571452464
2213 -0.114632 -0.049844 -0.001904714285743165
2214 -0.114632 -0.049844 -3.488181965494164e-14
2215 -0.114632 -0.049844 0.001904714285684436
2216 -0.114632 -0.049844 0.003809428571403756
2217 -0.114632 -0.049844 0.005714142857123796
2218 -0.114632 -0.049844 0.007618857142842777
2219 -0.114632 -0.049844 0.009523571428561561
2220 -0.114632 -0.049844 0.0114282857142817
2221 -0.114632 -0.049844 0.01523778571427967
2222 -0.114632 -0.049844 0.01714257142855992
2223 -0.114632 -0.049844 0.01904735714284163
2224 -0.114632 -0.049844 0.02095214285712014
2225 -0.114632 -0.049844 0.02285692857139961
2226 -0.114632 -0.049844 0.02476171428568189
2227 -0.114632 -0.049844 0.0266664999999604
2228 -0.114632 -0.049844 0.02857128571425139
2229 -0.114632 -0.049844 0.0304760714285417
2230 -0.114632 -0.049844 0.03238085714283336
2231 -0.114632 -0.049844 0.03428564285712502
2232 -0.114632 -0.049844 0.03619042857141668
2233 -0.114632 -0.049844 0.03809521428570834
2234 -0.1134087598968274 -0.05256922748779692 0.039
2235 -0.1125588665961657 -0.05436517314040833 0.039
2236 -0.1116805348271057 -0.05614738320466602 0.039
2237 -0.1107739865038496 -0.05791540739772902 0.039
2238 -0.1098394506696212 -0.05966879902089407 0.039
2239 -0.1088771634388039 -0.06140711507244064 0.039
2240 -0.1078873679372904 -0.0631299163595495 0.039
2241 -0.1068703142410602 -0.06483676760925881 0.039
2242 -0.1058262593129798 -0.06652723757846815 0.039
2243 -0.1047554669378894 -0.06820089916287578 0.039
2244 -0.1036582076559649 -0.06985732950487623 0.039
2245 -0.1025347586943513 -0.07149611010041838 0.039
2246 -0.1013854038971266 -0.07311682690473174 0.039
2247 -0.1002104336535853 -0.07471907043693982 0.039
2248 -0.09901014482488277 -0.07630243588350066 0.039
2249 -0.09778484066900199 -0.07786652320052491 0.039
2250 -0.09653483076416081 -0.07941093721481207 0.039
2251 -0.0952604309305968 -0.08093528772369313 0.039
2252 -0.09396196315076095 -0.08243918959363339 0.039
2253 -0.09263975548794948 -0.08392226285755724 0.039
2254 -0.08995649020985703 -0.08679200286388082 0.039
2255 -0.08859726766214281 -0.0881790567810896 0.039
2256 -0.08721666043179034 -0.0895448269590476 0.039
2257 -0.08581500175535857 -0.09088898374240853 0.039
2258 -0.08439262995056958 -0.09221120269265674 0.039
2259 -0.08294988833465895 -0.09351116466640552 0.039
2260 -0.0814871251415311 -0.09478855589240956 0.039
2261 -0.08000469343766964 -0.09604306804733229 0.039
2262 -0.07850295103695369 -0.09727439833013439 0.039
2263 -0.07698226041426005 -0.09848224953518805 0.039
2264 -0.07544298861801574 -0.09966633012397891 0.039
2265 -0.07388550718153647 -0.1008263542955269 0.039
2266 -0.07231019203345077 -0.1019620420552936 0.039
2267 -0.07071742340684367 -0.1030731192828528 0.039
2268 -0.06910758574758702 -0.1041593177979767 0.039
2269 -0.067481067621437 -0.1052203754254424 0.039
2270 -0.06583826162035586 -0.106256036058238 0.039
2271 -0.06417956426770909 -0.1072660497194103 0.039
2272 -0.06250537592250957 -0.1082501726224294 0.039
2273 -0.06081610068283656 -0.1092081672299974 0.039
2274 -0.05911214628829799 -0.1101398023113845 0.039
2275 -0.05562174668568818 -0.1119432202352297 0.039
2276 -0.05383544050443569 -0.1128131579501849 0.039
2277 -0.05203553276755106 -0.1136545933545896 0.039
2278 -0.0502224782227819 -0.1144673138592943 0.039
2279 -0.0483967349394216 -0.1152511141299873 0.039
2280 -0.04655876419257911 -0.1160057961390715 0.039
2281 -0.04470903034663891 -0.1167311692156954 0.039
2282 -0.04284800073796086 -0.1174270500939188 0.039
2283 -0.0409761455567513 -0.1180932629590356 0.039
2284 -0.03909393772832533 -0.1187296394919728 0.039
2285 -0.03720185279358303 -0.1193360189118297 0.039
2286 -0.03530036878890365 -0.1199122480164866 0.039
2287 -0.0333899661253446 -0.1204581812213199 0.039
2288 -0.0314711274672399 -0.1209736805959905 0.039
2289 -0.02954433761030898 -0.1214586158992769 0.039
2290 -0.02761008335916261 -0.1219128646119846 0.039
2291 -0.02566885340424313 -0.1223363119679168 0.039
2292 -0.02372113819844258 -0.1227288509828491 0.039
2293 -0.02176742983316014 -0.123090382481567 0.039
2294 -0.01980822191395633 -0.1234208151229259 0.039
2295 -0.017844 -0.12372 0.03702561538461903
2296 -0.017844 -0.12372 0.03505123076923942
2297 -0.017844 -0.12372 0.03307684615385782
2298 -0.017844 -0.12372 0.03110246153848018
2299 -0.017844 -0.12372 0.02912807692310056
2300 -0.017844 -0.12372 0.0271536923077223
2301 -0.017844 -0.12372 0.0251793076923381
2302 -0.017844 -0.12372 0.02320492307694832
2303 -0.017844 -0.12372 0.02123053846155892
2304 -0.017844 -0.12372 0.01925615384616868
2305 -0.017844 -0.12372 0.01728176923077844
2306 -0.017844 -0.12372 0.01530738461538956
2307 -0.017844 -0.12372 0.01142828571428924
2308 -0.017844 -0.12372 0.009523571428578341
2309 -0.017844 -0.12372 0.00761885714287015
2310 -0.017844 -0.12372 0.005714142857161329
2311 -0.017844 -0.12372 0.003809428571452464
2312 -0.017844 -0.12372 0.001904714285743165
2313 -0.017844 -0.12372 3.488181965494164e-14
2314 -0.017844 -0.12372 -0.001904714285684436
2315 -0.017844 -0.12372 -0.003809428571403756
2316 -0.017844 -0.12372 -0.005714142857123796
2317 -0.017844 -0.12372 -0.007618857142842777
2318 -0.017844 -0.12372 -0.009523571428561561
2319 -0.017844 -0.12372 -0.0114282857142817
2320 -0.017844 -0.12372 -0.01530738461538063
2321 -0.017844 -0.12372 -0.01728176923076136
2322 -0.017844 -0.12372 -0.01925615384614103
2323 -0.017844 -0.12372 -0.02123053846151799
2324 -0.017844 -0.12372 -0.02320492307689646
2325 -0.017844 -0.12372 -0.02517930769227597
2326 -0.017844 -0.12372 -0.02715369230766226
2327 -0.017844 -0.12372 -0.02912807692305157
2328 -0.017844 -0.12372 -0.03110246153844155
2329 -0.017844 -0.12372 -0.03307684615383048
2330 -0.017844 -0.12372 -0.03505123076922078
2331 -0.017844 -0.12372 -0.03702561538460971
2332 -0.01976211119206036 -0.123428139811117 -0.039
2333 -0.02167546136376241 -0.1231065437361802 -0.039
2334 -0.02358358955731031 -0.1227552892530189 -0.039
2335 -0.02548603607297992 -0.1223744609846629 -0.039
2336 -0.02738234257984923 -0.1219641506789589 -0.039
2337 -0.02927205222622789 -0.1215244571864651 -0.039
2338 -0.031154709749722 -0.1210554864366361 -0.039
2339 -0.03302986158690364 -0.120557351412305 -0.039
2340 -0.03489705598260983 -0.1200301721224568 -0.039
2341 -0.0367558430987241 -0.1194740755733309 -0.039
2342 -0.03860577512260268 -0.1188891957378089 -0.039
2343 -0.04044640637494656 -0.1182756735231412 -0.039
2344 -0.04227729341716045 -0.1176336567370042 -0.039
2345 -0.04409799515817501 -0.1169633000518948 -0.039
2346 -0.04590807296073638 -0.11626476496786 -0.039
2347 -0.0494437693777594 -0.1148054918665433 -0.039
2348 -0.05116929583118021 -0.1140468783314176 -0.039
2349 -0.05288318699608648 -0.1132623318943105 -0.039
2350 -0.05458505315404789 -0.1124520309517341 -0.039
2351 -0.05627450732094359 -0.1116161597564845 -0.039
2352 -0.05795116533504187 -0.1107549083757042 -0.039
2353 -0.0596146459442598 -0.1098684726477098 -0.039
2354 -0.06126457089292441 -0.1089570541374254 -0.039
2355 -0.06290056500776126 -0.1080208600905603 -0.039
2356 -0.06452225628317459 -0.1070601033865013 -0.039
2357 -0.06612927596587911 -0.1060750024898826 -0.039
2358 -0.06772125863876483 -0.1050657814008991 -0.039
2359 -0.06929784230389212 -0.104032669604432 -0.039
2360 -0.0708586684649213 -0.1029759020177943 -0.039
2361 -0.07240338220857676 -0.1018957189373467 -0.039
2362 -0.07393163228534812 -0.1007923659838585 -0.039
2363 -0.07693724535223043 -0.09851709538253095 -0.039
2364 -0.0784139969692234 -0.09734579027523801 -0.039
2365 -0.07987291907211488 -0.09615235100557545 -0.039
2366 -0.08131367993604494 -0.09493704893379847 -0.039
2367 -0.08273595196559487 -0.09370016039125428 -0.039
2368 -0.08413941176926765 -0.09244196661755757 -0.039
2369 -0.08552374023304074 -0.0911627536966242 -0.039
2370 -0.08688862259292074 -0.08986281249162517 -0.039
2371 -0.08823374850646822 -0.08854243857889457 -0.039
2372 -0.0895588121234398 -0.08720193218064845 -0.039
2373 -0.09086351215526796 -0.08584159809678216 -0.039
2374 -0.09214755194358437 -0.08446174563555042 -0.039
2375 -0.09341063952768361 -0.08306268854322713 -0.039
2376 -0.09465248771094462 -0.0816447449327235 -0.039
2377 -0.09587281412601487 -0.08020823721139 -0.039
2378 -0.0970713412991258 -0.07875349200758426 -0.039
2379 -0.09943567111955298 -0.07574674761337351 -0.039
2380 -0.1005993854802539 -0.07419424577415214 -0.039
2381 -0.1017388627116453 -0.07262386852227717 -0.039
2382 -0.1028538282826682 -0.07103599420434274 -0.039
2383 -0.1039440135677763 -0.06943100538247982 -0.039
2384 -0.1050091559116559 -0.0678092887421889 -0.039
2385 -0.1060489986925349 -0.06617123499913496 -0.039
2386 -0.1070632913839858 -0.06451723880504925 -0.039
2387 -0.1080517896153163 -0.06284769865259543 -0.039
2388 -0.1090142552304047 -0.06116301677942473 -0.039
2389 -0.1099504563450995 -0.05946359907123339 -0.039
2390 -0.1108601674030705 -0.05774985496400133 -0.039
2391 -0.1117431692301745 -0.05602219734530753 -0.039
2392 -0.1125992490872364 -0.05428104245489862 -0.039
2393 -0.1134282007213311 -0.05252680978435144 -0.039
2394 -0.11423 -0.05076 -0.03702561538461903
2395 -0.11423 -0.05076 -0.03505123076923942
2396 -0.11423 -0.05076 -0.03307684615385782
2397 -0.11423 -0.05076 -0.03110246153848018
2398 -0.11423 -0.05076 -0.02912807692310056
2399 -0.11423 -0.05076 -0.0271536923077223
2400 -0.11423 -0.05076 -0.0251793076923381
2401 -0.11423 -0.05076 -0.02320492307694832
2402 -0.11423 -0.05076 -0.02123053846155892
2403 -0.11423 -0.05076 -0.01925615384616868
2404 -0.11423 -0.05076 -0.01728176923077844
2405 -0.11423 -0.05076 -0.01530738461538956
2406 -0.11423 -0.05076 -0.01142828571428924
2407 -0.11423 -0.05076 -0.009523571428578341
2408 -0.11423 -0.05076 -0.00761885714287015
2409 -0.11423 -0.05076 -0.005714142857161329
2410 -0.11423 -0.05076 -0.003809428571452464
2411 -0.11423 -0.05076 -0.001904714285743165
2412 -0.11423 -0.05076 -3.488181965494164e-14
2413 -0.11423 -0.05076 0.001904714285684436
2414 -0.11423 -0.05076 0.003809428571403756
2415 -0.11423 -0.05076 0.005714142857123796
2416 -0.11423 -0.05076 0.007618857142842777
2417 -0.11423 -0.05076 0.009523571428561561
2418 -0.11423 -0.05076 0.0114282857142817
2419 -0.11423 -0.05076 0.01530738461538063
2420 -0.11423 -0.05076 0.01728176923076136
2421 -0.11423 -0.05076 0.01925615384614103
2422 -0.11423 -0.05076 0.02123053846151799
2423 -0.11423 -0.05076 0.02320492307689646
2424 -0.11423 -0.05076 0.02517930769227597
2425 -0.11423 -0.05076 0.02715369230766226
2426 -0.11423 -0.05076 0.02912807692305157
2427 -0.11423 -0.05076 0.03110246153844155
2428 -0.11423 -0.05076 0.03307684615383048
2429 -0.11423 -0.05076 0.03505123076922078
2430 -0.11423 -0.05076 0.03702561538460971
2431 -0.0454770577785414 -0.1185781137681285 0.04
2432 -0.04363621958154806 -0.1192678170741417 0.04
2433 -0.04178492646059333 -0.1199289446700954 0.04
2434 -0.03992362197217374 -0.12056133815458 0.04
2435 -0.03805275207143705 -0.1211648460106716 0.04
2436 -0.03617276500534718 -0.1217393236422313 0.04
2437 -0.03428411120526667 -0.1222846334085559 0.04
2438 -0.03238724317904189 -0.1228006446573535 0.04
2439 -0.03048261540257925 -0.1232872337560481 0.04
2440 -0.02857068421099479 -0.1237442841213913 0.04
2441 -0.02665190768922637 -0.124171686247409 0.04
2442 -0.02472674556229947 -0.1245693377316317 0.04
2443 -0.02279565908520223 -0.1249371432996259 0.04
2444 -0.0208591109323554 -0.1252750148278247 0.04
2445 -0.0189175650867467 -0.1255828713646439 0.04
2446 -0.01697148672878207 -0.1258606391498739 0.04
2447 -0.01502134212481486 -0.1261082516323546 0.04
2448 -0.01306759851544775 -0.1263256494859183 0.04
2449 -0.01111072400357917 -0.1265127806236046 0.04
2450 -0.009151187442263384 -0.1266696002101395 0.04
2451 -0.007189458322337812 -0.1267960706726804 0.04
2452 -0.003261264811051396 -0.1269576893765486 0.04
2453 -0.00129574821956956 -0.1269929595550536 0.04
2454 0.0006700788345253379 -0.1269978020847428 0.04
2455 0.002635745337060654 -0.1269722158053413 0.04
2456 0.004600780312153891 -0.1269162068473499 0.04
2457 0.006564712935411062 -0.1268297886305723 0.04
2458 0.008527072646386713 -0.1267129818609097 0.04
2459 0.01048738926168897 -0.1265658145253836 0.04
2460 0.01244519308727202 -0.1263883218854516 0.04
2461 0.0144000150313372 -0.1261805464685316 0.04
2462 0.01635138671641068 -0.1259425380578396 0.04
2463 0.01829884059175393 -0.125674353680445 0.04
2464 0.02024191004533965 -0.1253760575936106 0.04
2465 0.02218012951565215 -0.1250477212693974 0.04
2466 0.02411303460322722 -0.1246894233775406 0.04
2467 0.02604016218193893 -0.1243012497665986 0.04
2468 0.02796105050996707 -0.1238832934433819 0.04
2469 0.02987523934037034 -0.1234356545506832 0.04
2470 0.03178227003154613 -0.1229584403432391 0.04
2471 0.03368168565685609 -0.1224517651620945 0.04
2472 0.0355730311143037 -0.1219157504071594 0.04
2473 0.03932985172701358 -0.1207566971233112 0.04
2474 0.04119428001254544 -0.1201334609143015 0.04
2475 0.04304883813913307 -0.1194814407005152 0.04
2476 0.04489308175423288 -0.1188007927061422 0.04
2477 0.04672656897664677 -0.1180916800146 0.04
2478 0.04854886050241949 -0.1173542725294508 0.04
2479 0.0503595197100881 -0.1165887469336953 0.04
2480 0.05215811276528831 -0.1157952866474429 0.04
2481 0.05394420872471692 -0.1149740817839576 0.04
2482 0.05571737963935787 -0.1141253291041199 0.04
2483 0.05747720065707063 -0.1132492319692582 0.04
2484 0.05922325012434156 -0.1123460002924433 0.04
2485 0.06095510968729372 -0.1114158504882047 0.04
2486 0.06267236439198502 -0.1104590054206458 0.04
2487 0.06437460278380992 -0.1094756943500551 0.04
2488 0.06606141700604652 -0.108466152877998 0.04
2489 0.06773240289761875 -0.1074306228908436 0.04
2490 0.06938716008994153 -0.106369352501803 0.04
2491 0.07102529210277629 -0.105282595991528 0.04
2492 0.07264640643934656 -0.1041706137471085 0.04
2493 0.07425011468028256 -0.1030336721997469 0.04
2494 0.075836 -0.101872 0.03809521428571583
2495 0.075836 -0.101872 0.03619042857143534
2496 0.075836 -0.101872 0.0342856428571531
2497 0.075836 -0.101872 0.03238085714287338
2498 0.075836 -0.101872 0.03047607142859579
2499 0.075836 -0.101872 0.02857128571431356
2500 0.075836 -0.101872 0.02666650000003453
2501 0.075836 -0.101872 0.02476171428574387
2502 0.075836 -0.101872 0.0228569285714539
2503 0.075836 -0.101872 0.02095214285716258
2504 0.075836 -0.101872 0.01904735714287261
2505 0.075836 -0.101872 0.01714257142858129
2506 0.075836 -0.101872 0.01523778571428997
2507 0.075836 -0.101872 0.01142828571428924
2508 0.075836 -0.101872 0.009523571428578341
2509 0.075836 -0.101872 0.00761885714287015
2510 0.075836 -0.101872 0.005714142857161329
2511 0.075836 -0.101872 0.003809428571452464
2512 0.075836 -0.101872 0.001904714285743165
2513 0.075836 -0.101872 3.488181965494164e-14
2514 0.075836 -0.101872 -0.001904714285684436
2515 0.075836 -0.101872 -0.003809428571403756
2516 0.075836 -0.101872 -0.005714142857123796
2517 0.075836 -0.101872 -0.007618857142842777
2518 0.075836 -0.101872 -0.009523571428561561
2519 0.075836 -0.101872 -0.0114282857142817
2520 0.075836 -0.101872 -0.01523778571427967
2521 0.075836 -0.101872 -0.01714257142855992
2522 0.075836 -0.101872 -0.01904735714284163
2523 0.075836 -0.101872 -0.02095214285712014
2524 0.075836 -0.101872 -0.02285692857139961
2525 0.075836 -0.101872 -0.02476171428568189
2526 0.075836 -0.101872 -0.0266664999999604
2527 0.075836 -0.101872 -0.02857128571425139
2528 0.075836 -0.101872 -0.0304760714285417
2529 0.075836 -0.101872 -0.03238085714283336
2530 0.075836 -0.101872 -0.03428564285712502
2531 0.075836 -0.101872 -0.03619042857141668
2532 0.075836 -0.101872 -0.03809521428570834
2533 0.07429698593580435 -0.1029998114602881 -0.04
2534 0.07274120208863291 -0.1041043745416141 -0.04
2535 0.07116899961886394 -0.1051854399299169 -0.04
2536 0.06958073339276059 -0.106242763614872 -0.04
2537 0.06797676190239887 -0.1072761069449511 -0.04
2538 0.06635744718472629 -0.1082852366813051 -0.04
2539 0.06472315473984033 -0.1092699250504122 -0.04
2540 0.0630742534485005 -0.1102299497954813 -0.04
2541 0.06141111548889482 -0.1111650942266035 -0.04
2542 0.0597341162525961 -0.1120751472696839 -0.04
2543 0.05804363425985083 -0.112959903514073 -0.04
2544 0.05634005107415155 -0.1138191632589258 -0.04
2545 0.05462375121605859 -0.1146527325583047 -0.04
2546 0.05289512207646131 -0.1154604232649277 -0.04
2547 0.05115455382916789 -0.1162420530726242 -0.04
2548 0.04940243934275331 -0.1169974455575231 -0.04
2549 0.04586501020720474 -0.1184284013051472 -0.04
2550 0.04408066834621036 -0.1191040724540996 -0.04
2551 0.04228637715602755 -0.1197528609429361 -0.04
2552 0.04048254162129795 -0.1203746203353509 -0.04
2553 0.03866956888088642 -0.1209692102957045 -0.04
2554 0.03684786813600653 -0.121536496620692 -0.04
2555 0.03501785055783445 -0.1220763512696426 -0.04
2556 0.03317992919471886 -0.1225886523934146 -0.04
2557 0.03133451887895556 -0.123073284361897 -0.04
2558 0.02948203613312787 -0.1235301377901156 -0.04
2559 0.02762289907615247 -0.1239591095629066 -0.04
2560 0.02575752732885828 -0.1243601028582041 -0.04
2561 0.023886341919293 -0.1247330271688883 -0.04
2562 0.02200976518769619 -0.1250777983232135 -0.04
2563 0.0201282206911425 -0.1253943385038123 -0.04
2564 0.01824213310799207 -0.1256825762652496 -0.04
2565 0.01445804454663028 -0.1261744510623591 -0.04
2566 0.01256082562986294 -0.1263774220835991 -0.04
2567 0.01066077148911169 -0.1265518672491913 -0.04
2568 0.008758311003749127 -0.1266977471834507 -0.04
2569 0.006853873596307703 -0.1268150289584236 -0.04
2570 0.004947889135557035 -0.1269036861013195 -0.04
2571 0.003040787839467304 -0.1269636986004871 -0.04
2572 0.001133000178104306 -0.1269950529099319 -0.04
2573 -0.0007750432235662935 -0.1269977419523733 -0.04
2574 -0.002682911682838702 -0.1269717651208412 -0.04
2575 -0.004590174556467048 -0.1269171282788149 -0.04
2576 -0.006496401337935592 -0.1268338437588976 -0.04
2577 -0.008401161754568683 -0.126721930360035 -0.04
2578 -0.0103040258647029 -0.126581413343269 -0.04
2579 -0.01220456415468877 -0.1264123244260388 -0.04
2580 -0.01410234763587617 -0.1262147017750186 -0.04
2581 -0.01788794110577754 -0.1257344570632738 -0.04
2582 -0.01977484478651366 -0.125451535039111 -0.04
2583 -0.0216572851557392 -0.1251402977848583 -0.04
2584 -0.02353483733438911 -0.124800815548793 -0.04
2585 -0.02540707754667065 -0.1244331649542736 -0.04
2586 -0.02727358321575932 -0.1240374289824368 -0.04
2587 -0.02913393305915095 -0.1236136969534724 -0.04
2588 -0.03098770718373163 -0.1231620645064677 -0.04
2589 -0.03283448718059705 -0.1226826335778101 -0.04
2590 -0.03467385621943803 -0.122175512378192 -0.04
2591 -0.0365053991426758 -0.1216408153681729 -0.04
2592 -0.03832870255911087 -0.1210786632323599 -0.04
2593 -0.04014335493726774 -0.1204891828521571 -0.04
2594 -0.04194894669824602 -0.1198725072771389 -0.04
2595 -0.04374507030823534 -0.1192287756949955 -0.04
2596 -0.04553132037038515 -0.1185581334001567 -0.04
2597 -0.047307 -0.11786 -0.03809521428571583
2598 -0.047307 -0.11786 -0.03619042857143534
2599 -0.047307 -0.11786 -0.0342856428571531
2600 -0.047307 -0.11786 -0.03238085714287338
2601 -0.047307 -0.11786 -0.03047607142859579
2602 -0.047307 -0.11786 -0.02857128571431356
2603 -0.047307 -0.11786 -0.02666650000003453
2604 -0.047307 -0.11786 -0.02476171428574387
2605 -0.047307 -0.11786 -0.0228569285714539
2606 -0.047307 -0.11786 -0.02095214285716258
2607 -0.047307 -0.11786 -0.01904735714287261
2608 -0.047307 -0.11786 -0.01714257142858129
2609 -0.047307 -0.11786 -0.01523778571428997
2610 -0.047307 -0.11786 -0.01142828571428924
2611 -0.047307 -0.11786 -0.009523571428578341
2612 -0.047307 -0.11786 -0.00761885714287015
2613 -0.047307 -0.11786 -0.005714142857161329
2614 -0.047307 -0.11786 -0.003809428571452464
2615 -0.047307 -0.11786 -0.001904714285743165
2616 -0.047307 -0.11786 -3.488181965494164e-14
2617 -0.047307 -0.11786 0.001904714285684436
2618 -0.047307 -0.11786 0.003809428571403756
2619 -0.047307 -0.11786 0.005714142857123796
2620 -0.047307 -0.11786 0.007618857142842777
2621 -0.047307 -0.11786 0.009523571428561561
2622 -0.047307 -0.11786 0.0114282857142817
2623 -0.047307 -0.11786 0.01523778571427967
2624 -0.047307 -0.11786 0.01714257142855992
2625 -0.047307 -0.11786 0.01904735714284163
2626 -0.047307 -0.11786 0.02095214285712014
2627 -0.047307 -0.11786 0.02285692857139961
2628 -0.047307 -0.11786 0.02476171428568189
2629 -0.047307 -0.11786 0.0266664999999604
2630 -0.047307 -0.11786 0.02857128571425139
2631 -0.047307 -0.11786 0.0304760714285417
2632 -0.047307 -0.11786 0.03238085714283336
2633 -0.047307 -0.11786 0.03428564285712502
2634 -0.047307 -0.11786 0.03619042857141668
2635 -0.047307 -0.11786 0.03809521428570834
2636 -0.04458500504790287 -0.1189167467175186 0.039
2637 -0.04278181593596722 -0.1195773036584327 0.039
2638 -0.04096884495516558 -0.1202105197894078 0.039
2639 -0.03914650663321001 -0.1208162503284059 0.039
2640 -0.03731521763942249 -0.1213943567779101 0.039
2641 -0.03547539668977522 -0.1219447069564853 0.039
2642 -0.03362746445105996 -0.1224671750290367 0.039
2643 -0.03177184344461649 -0.1229616415356056 0.039
2644 -0.02990895794974715 -0.1234279934186741 0.039
2645 -0.02803923390689683 -0.123866124048968 0.039
2646 -0.02616309881993805 -0.1242759332499183 0.039
2647 -0.02428098165865258 -0.1246573273205076 0.039
2648 -0.02239331276073288 -0.1250102190566835 0.039
2649 -0.02050052373300016 -0.1253345277713715 0.039
2650 -0.01860304735324183 -0.1256301793128269 0.039
2651 -0.01670131747079238 -0.1258971060816721 0.039
2652 -0.01479576890757065 -0.1261352470463104 0.039
2653 -0.01288683735869837 -0.1263445477568797 0.039
2654 -0.01097495929275834 -0.1265249603577187 0.039
2655 -0.009060571851928677 -0.1266764435983109 0.039
2656 -0.007144112752350364 -0.1267989628426893 0.039
2657 -0.003261264811051396 -0.1269576893765486 0.039
2658 -0.00129574821956956 -0.1269929595550536 0.039
2659 0.0006700788345253379 -0.1269978020847428 0.039
2660 0.002635745337060654 -0.1269722158053413 0.039
2661 0.004600780312153891 -0.1269162068473499 0.039
2662 0.006564712935411062 -0.1268297886305723 0.039
2663 0.008527072646386713 -0.1267129818609097 0.039
2664 0.01048738926168897 -0.1265658145253836 0.039
2665 0.01244519308727202 -0.1263883218854516 0.039
2666 0.0144000150313372 -0.1261805464685316 0.039
2667 0.01635138671641068 -0.1259425380578396 0.039
2668 0.01829884059175393 -0.125674353680445 0.039
2669 0.02024191004533965 -0.1253760575936106 0.039
2670 0.02218012951565215 -0.1250477212693974 0.039
2671 0.02411303460322722 -0.1246894233775406 0.039
2672 0.02604016218193893 -0.1243012497665986 0.039
2673 0.02796105050996707 -0.1238832934433819 0.039
2674 0.02987523934037034 -0.1234356545506832 0.039
2675 0.03178227003154613 -0.1229584403432391 0.039
2676 0.03368168565685609 -0.1224517651620945 0.039
2677 0.0355730311143037 -0.1219157504071594 0.039
2678 0.03928661044495339 -0.1207707720301004 0.039
2679 0.04110823825163639 -0.1201629305769741 0.039
2680 0.04292046691622808 -0.119527614619773 0.039
2681 0.04472288208394024 -0.1188649694195307 0.039
2682 0.04651507164380952 -0.1181751464859311 0.039
2683 0.04829662582287295 -0.1174583035426845 0.039
2684 0.05006713727988823 -0.1167146044914553 0.039
2685 0.05182620119846451 -0.1159442193743883 0.039
2686 0.05357341537961398 -0.115147324335233 0.039
2687 0.05530838033371665 -0.1143241015790675 0.039
2688 0.05703069937185866 -0.1134747393306399 0.039
2689 0.05873997869655939 -0.1125994317913183 0.039
2690 0.06043582749176868 -0.1116983790947083 0.039
2691 0.06211785801222279 -0.1107717872608966 0.039
2692 0.06378568567215942 -0.1098198681493129 0.039
2693 0.06543892913320286 -0.1088428394103152 0.039
2694 0.06707721039152706 -0.1078409244354425 0.039
2695 0.06870015486435335 -0.1068143523062976 0.039
2696 0.07030739147557163 -0.1057633577421817 0.039
2697 0.07189855274055354 -0.1046881810464479 0.039
2698 0.07347327485022111 -0.1035890680515269 0.039
2699 0.075031 -0.102466 0.03702561538461903
2700 0.075031 -0.102466 0.03505123076923942
2701 0.075031 -0.102466 0.03307684615385782
2702 0.075031 -0.102466 0.03110246153848018
2703 0.075031 -0.102466 0.02912807692310056
2704 0.075031 -0.102466 0.0271536923077223
2705 0.075031 -0.102466 0.0251793076923381
2706 0.075031 -0.102466 0.02320492307694832
2707 0.075031 -0.102466 0.02123053846155892
2708 0.075031 -0.102466 0.01925615384616868
2709 0.075031 -0.102466 0.01728176923077844
2710 0.075031 -0.102466 0.01530738461538956
2711 0.075031 -0.102466 0.01142828571428924
2712 0.075031 -0.102466 0.009523571428578341
2713 0.075031 -0.102466 0.00761885714287015
2714 0.075031 -0.102466 0.005714142857161329
2715 0.075031 -0.102466 0.003809428571452464
2716 0.075031 -0.102466 0.001904714285743165
2717 0.075031 -0.102466 3.488181965494164e-14
2718 0.075031 -0.102466 -0.001904714285684436
2719 0.075031 -0.102466 -0.003809428571403756
2720 0.075031 -0.102466 -0.005714142857123796
2721 0.075031 -0.102466 -0.007618857142842777
2722 0.075031 -0.102466 -0.009523571428561561
2723 0.075031 -0.102466 -0.0114282857142817
2724 0.075031 -0.102466 -0.01530738461538063
2725 0.075031 -0.102466 -0.01728176923076136
2726 0.075031 -0.102466 -0.01925615384614103
2727 0.075031 -0.102466 -0.02123053846151799
2728 0.075031 -0.102466 -0.02320492307689646
2729 0.075031 -0.102466 -0.02517930769227597
2730 0.075031 -0.102466 -0.02715369230766226
2731 0.075031 -0.102466 -0.02912807692305157
2732 0.075031 -0.102466 -0.03110246153844155
2733 0.075031 -0.102466 -0.03307684615383048
2734 0.075031 -0.102466 -0.03505123076922078
2735 0.075031 -0.102466 -0.03702561538460971
2736 0.07343688053269282 -0.1036144618025255 -0.039
2737 0.07182518521613468 -0.1047381252728345 -0.039
2738 0.07019629978177595 -0.1058367214814738 -0.039
2739 0.06855061407521691 -0.1069099874984124 -0.039
2740 0.0668885219629496 -0.1079576664559402 -0.039
2741 0.06521042123799987 -0.1089795076102046 -0.039
2742 0.06351671352481145 -0.1099752664011642 -0.039
2743 0.06180780418301605 -0.1109447045111841 -0.039
2744 0.06008410221054721 -0.1118875899219951 -0.039
2745 0.05834602014572626 -0.1128036969702435 -0.039
2746 0.05659397396849843 -0.1136928064015175 -0.039
2747 0.05482838300085844 -0.1145547054228293 -0.039
2748 0.05304966980652025 -0.1153891877535291 -0.039
2749 0.05125826008978453 -0.1161960536746753 -0.039
2750 0.04945458259361746 -0.1169751100768496 -0.039
2751 0.04586501020720474 -0.1184284013051472 -0.039
2752 0.04408066834621036 -0.1191040724540996 -0.039
2753 0.04228637715602755 -0.1197528609429361 -0.039
2754 0.04048254162129795 -0.1203746203353509 -0.039
2755 0.03866956888088642 -0.1209692102957045 -0.039
2756 0.03684786813600653 -0.121536496620692 -0.039
2757 0.03501785055783445 -0.1220763512696426 -0.039
2758 0.03317992919471886 -0.1225886523934146 -0.039
2759 0.03133451887895556 -0.123073284361897 -0.039
2760 0.02948203613312787 -0.1235301377901156 -0.039
2761 0.02762289907615247 -0.1239591095629066 -0.039
2762 0.02575752732885828 -0.1243601028582041 -0.039
2763 0.023886341919293 -0.1247330271688883 -0.039
2764 0.02200976518769619 -0.1250777983232135 -0.039
2765 0.0201282206911425 -0.1253943385038123 -0.039
2766 0.01824213310799207 -0.1256825762652496 -0.039
2767 0.01445804454663028 -0.1261744510623591 -0.039
2768 0.01256082562986294 -0.1263774220835991 -0.039
2769 0.01066077148911169 -0.1265518672491913 -0.039
2770 0.008758311003749127 -0.1266977471834507 -0.039
2771 0.006853873596307703 -0.1268150289584236 -0.039
2772 0.004947889135557035 -0.1269036861013195 -0.039
2773 0.003040787839467304 -0.1269636986004871 -0.039
2774 0.001133000178104306 -0.1269950529099319 -0.039
2775 -0.0007750432235662935 -0.1269977419523733 -0.039
2776 -0.002682911682838702 -0.1269717651208412 -0.039
2777 -0.004590174556467048 -0.1269171282788149 -0.039
2778 -0.006496401337935592 -0.1268338437588976 -0.039
2779 -0.008401161754568683 -0.126721930360035 -0.039
2780 -0.0103040258647029 -0.126581413343269 -0.039
2781 -0.01220456415468877 -0.1264123244260388 -0.039
2782 -0.01410234763587617 -0.1262147017750186 -0.039
2783 -0.01794414870080313 -0.1257264477244286 -0.039
2784 -0.01988700267656378 -0.1254338042735783 -0.039
2785 -0.02182509692758418 -0.125111139688285 -0.039
2786 -0.02375796759335945 -0.1247585311945956 -0.039
2787 -0.02568515206358575 -0.1243760631852869 -0.039
2788 -0.02760618908888679 -0.1239638271996659 -0.039
2789 -0.02952061889121304 -0.1235219219016599 -0.039
2790 -0.03142798327386126 -0.1230504530562074 -0.039
2791 -0.03332782573117098 -0.1225495335039375 -0.039
2792 -0.03521969155777188 -0.1220192831341646 -0.039
2793 -0.03710312795738404 -0.1214598288562024 -0.039
2794 -0.03897768415121141 -0.1208713045689853 -0.039
2795 -0.04084291148586326 -0.1202538511290094 -0.039
2796 -0.04269836354068313 -0.1196076163166362 -0.039
2797 -0.0445435962346314 -0.1189327548007114 -0.039
2798 -0.046378 -0.118229 -0.03702561538461903
2799 -0.046378 -0.118229 -0.03505123076923942
2800 -0.046378 -0.118229 -0.03307684615385782
2801 -0.046378 -0.118229 -0.03110246153848018
2802 -0.046378 -0.118229 -0.02912807692310056
2803 -0.046378 -0.118229 -0.0271536923077223
2804 -0.046378 -0.118229 -0.0251793076923381
2805 -0.046378 -0.118229 -0.02320492307694832
2806 -0.046378 -0.118229 -0.02123053846155892
2807 -0.046378 -0.118229 -0.01925615384616868
2808 -0.046378 -0.118229 -0.01728176923077844
2809 -0.046378 -0.118229 -0.01530738461538956
2810 -0.046378 -0.118229 -0.01142828571428924
2811 -0.046378 -0.118229 -0.009523571428578341
2812 -0.046378 -0.118229 -0.00761885714287015
2813 -0.046378 -0.118229 -0.005714142857161329
2814 -0.046378 -0.118229 -0.003809428571452464
2815 -0.046378 -0.118229 -0.001904714285743165
2816 -0.046378 -0.118229 -3.488181965494164e-14
2817 -0.046378 -0.118229 0.001904714285684436
2818 -0.046378 -0.118229 0.003809428571403756
2819 -0.046378 -0.118229 0.005714142857123796
2820 -0.046378 -0.118229 0.007618857142842777
2821 -0.046378 -0.118229 0.009523571428561561
2822 -0.046378 -0.118229 0.0114282857142817
2823 -0.046378 -0.118229 0.01530738461538063
2824 -0.046378 -0.118229 0.01728176923076136
2825 -0.046378 -0.118229 0.01925615384614103
2826 -0.046378 -0.118229 0.02123053846151799
2827 -0.046378 -0.118229 0.02320492307689646
2828 -0.046378 -0.118229 0.02517930769227597
2829 -0.046378 -0.118229 0.02715369230766226
2830 -0.046378 -0.118229 0.02912807692305157
2831 -0.046378 -0.118229 0.03110246153844155
2832 -0.046378 -0.118229 0.03307684615383048
2833 -0.046378 -0.118229 0.03505123076922078
2834 -0.046378 -0.118229 0.03702561538460971
2835 0.05161889414475634 -0.113843794417054 0.04
2836 0.05338132860630311 -0.113028109407465 0.04
2837 0.05513087797113898 -0.1121851418599245 0.04
2838 0.05686711993587003 -0.1113150952485752 0.04
2839 0.05858963540936225 -0.1104181795837896 0.04
2840 0.06029800861360697 -0.1094946113616254 0.04
2841 0.06199182718439376 -0.1085446135114049 0.04
2842 0.06367068227052264 -0.1075684153420797 0.04
2843 0.06533416863280414 -0.1065662524867057 0.04
2844 0.0669818847415668 -0.105538366845747 0.04
2845 0.06861343287390306 -0.1044850065284891 0.04
2846 0.0702284192094203 -0.1034064257933032 0.04
2847 0.07182645392534359 -0.1023028849862529 0.04
2848 0.07340715129073284 -0.101174650478168 0.04
2849 0.07497012975942519 -0.1000219946004625 0.04
2850 0.07651501206233936 -0.09884519557924941 0.04
2851 0.07804142529826702 -0.09764453746838589 0.04
2852 0.07954900102420673 -0.09642031008066071 0.04
2853 0.08103737534393102 -0.09517280891812979 0.04
2854 0.08250618899615098 -0.09390233510052569 0.04
2855 0.08395508744104102 -0.09260919529273087 0.04
2856 0.08679200286388082 -0.08995649020985703 0.04
2857 0.0881790567810896 -0.08859726766214281 0.04
2858 0.0895448269590476 -0.08721666043179034 0.04
2859 0.09088898374240853 -0.08581500175535857 0.04
2860 0.09221120269265674 -0.08439262995056958 0.04
2861 0.09351116466640552 -0.08294988833465895 0.04
2862 0.09478855589240956 -0.0814871251415311 0.04
2863 0.09604306804733229 -0.08000469343766964 0.04
2864 0.09727439833013439 -0.07850295103695369 0.04
2865 0.09848224953518805 -0.07698226041426005 0.04
2866 0.09966633012397891 -0.07544298861801574 0.04
2867 0.1008263542955269 -0.07388550718153647 0.04
2868 0.1019620420552936 -0.07231019203345077 0.04
2869 0.1030731192828528 -0.07071742340684367 0.04
2870 0.1041593177979767 -0.06910758574758702 0.04
2871 0.1052203754254424 -0.067481067621437 0.04
2872 0.106256036058238 -0.06583826162035586 0.04
2873 0.1072660497194103 -0.06417956426770909 0.04
2874 0.1082501726224294 -0.06250537592250957 0.04
2875 0.1092081672299974 -0.06081610068283656 0.04
2876 0.1101398023113845 -0.05911214628829799 0.04
2877 0.1119232662147949 -0.0556618876863887 0.04
2878 0.1127745164858504 -0.05391633975320147 0.04
2879 0.1135985453390912 -0.05215777753933194 0.04
2880 0.1143951538711257 -0.05038662552504843 0.04
2881 0.1151641497972599 -0.04860331122952713 0.04
2882 0.1159053474979028 -0.04680826510767518 0.04
2883 0.1166185680633803 -0.04500192044620694 0.04
2884 0.1173036393371088 -0.04318471325908631 0.04
2885 0.1179603959571636 -0.04135708218224765 0.04
2886 0.1185886793961865 -0.03951946836773609 0.04
2887 0.1191883379996481 -0.03767231537723215 0.04
2888 0.119759227022459 -0.03581606907497126 0.04
2889 0.1203012086639099 -0.0339511775201156 0.04
2890 0.1208141521009287 -0.03207809085861645 0.04
2891 0.1212979335196586 -0.03019726121456181 0.04
2892 0.1217524361453474 -0.02830914258103037 0.04
2893 0.1221775502705361 -0.02641419071049921 0.04
2894 0.1225731732815353 -0.02451286300485378 0.04
2895 0.1229392096831929 -0.02260561840498819 0.04
2896 0.1232755711219537 -0.02069291727998104 0.04
2897 0.1235821764071747 -0.01877522131603142 0.04
2898 0.123859 -0.016853 0.03809521428571583
2899 0.123859 -0.016853 0.03619042857143534
2900 0.123859 -0.016853 0.0342856428571531
2901 0.123859 -0.016853 0.03238085714287338
2902 0.123859 -0.016853 0.03047607142859579
2903 0.123859 -0.016853 0.02857128571431356
2904 0.123859 -0.016853 0.02666650000003453
2905 0.123859 -0.016853 0.02476171428574387
2906 0.123859 -0.016853 0.0228569285714539
2907 0.123859 -0.016853 0.02095214285716258
2908 0.123859 -0.016853 0.01904735714287261
2909 0.123859 -0.016853 0.01714257142858129
2910 0.123859 -0.016853 0.01523778571428997
2911 0.123859 -0.016853 0.01142828571428924
2912 0.123859 -0.016853 0.009523571428578341
2913 0.123859 -0.016853 0.00761885714287015
2914 0.123859 -0.016853 0.005714142857161329
2915 0.123859 -0.016853 0.003809428571452464
2916 0.123859 -0.016853 0.001904714285743165
2917 0.123859 -0.016853 3.488181965494164e-14
2918 0.123859 -0.016853 -0.001904714285684436
2919 0.123859 -0.016853 -0.003809428571403756
2920 0.123859 -0.016853 -0.005714142857123796
2921 0.123859 -0.016853 -0.007618857142842777
2922 0.123859 -0.016853 -0.009523571428561561
2923 0.123859 -0.016853 -0.0114282857142817
2924 0.123859 -0.016853 -0.01523778571427967
2925 0.123859 -0.016853 -0.01714257142855992
2926 0.123859 -0.016853 -0.01904735714284163
2927 0.123859 -0.016853 -0.02095214285712014
2928 0.123859 -0.016853 -0.02285692857139961
2929 0.123859 -0.016853 -0.02476171428568189
2930 0.123859 -0.016853 -0.0266664999999604
2931 0.123859 -0.016853 -0.02857128571425139
2932 0.123859 -0.016853 -0.0304760714285417
2933 0.123859 -0.016853 -0.03238085714283336
2934 0.123859 -0.016853 -0.03428564285712502
2935 0.123859 -0.016853 -0.03619042857141668
2936 0.123859 -0.016853 -0.03809521428570834
2937 0.1235907924015385 -0.01871874791645547 -0.04
2938 0.1232944817721027 -0.02058023941912781 -0.04
2939 0.1229701354890967 -0.02243705122767207 -0.04
2940 0.1226178273048905 -0.02428876112583865 -0.04
2941 0.1222376373300444 -0.02613494805750564 -0.04
2942 0.1218296520150977 -0.02797519222239923 -0.04
2943 0.1213939641309097 -0.02980907517155451 -0.04
2944 0.1209306727475638 -0.03163617990247269 -0.04
2945 0.1204398832118362 -0.03345609095395419 -0.04
2946 0.1199217071232572 -0.03526839450051147 -0.04
2947 0.1193762623087094 -0.03707267844656207 -0.04
2948 0.1188036727956589 -0.03886853252004772 -0.04
2949 0.1182040687839421 -0.0406555483657652 -0.04
2950 0.1175775866161635 -0.04243331963821079 -0.04
2951 0.1169243687466853 -0.04420144209399907 -0.04
2952 0.1162445637092437 -0.04595951368375835 -0.04
2953 0.1148054918665433 -0.0494437693777594 -0.04
2954 0.1140468783314176 -0.05116929583118021 -0.04
2955 0.1132623318943105 -0.05288318699608648 -0.04
2956 0.1124520309517341 -0.05458505315404789 -0.04
2957 0.1116161597564845 -0.05627450732094359 -0.04
2958 0.1107549083757042 -0.05795116533504187 -0.04
2959 0.1098684726477098 -0.0596146459442598 -0.04
2960 0.1089570541374254 -0.06126457089292441 -0.04
2961 0.1080208600905603 -0.06290056500776126 -0.04
2962 0.1070601033865013 -0.06452225628317459 -0.04
2963 0.1060750024898826 -0.06612927596587911 -0.04
2964 0.1050657814008991 -0.06772125863876483 -0.04
2965 0.104032669604432 -0.06929784230389212 -0.04
2966 0.1029759020177943 -0.0708586684649213 -0.04
2967 0.1018957189373467 -0.07240338220857676 -0.04
2968 0.1007923659838585 -0.07393163228534812 -0.04
2969 0.09851709538253095 -0.07693724535223043 -0.04
2970 0.09734579027523801 -0.0784139969692234 -0.04
2971 0.09615235100557545 -0.07987291907211488 -0.04
2972 0.09493704893379847 -0.08131367993604494 -0.04
2973 0.09370016039125428 -0.08273595196559487 -0.04
2974 0.09244196661755757 -0.08413941176926765 -0.04
2975 0.0911627536966242 -0.08552374023304074 -0.04
2976 0.08986281249162517 -0.08688862259292074 -0.04
2977 0.08854243857889457 -0.08823374850646822 -0.04
2978 0.08720193218064845 -0.0895588121234398 -0.04
2979 0.08584159809678216 -0.09086351215526796 -0.04
2980 0.08446174563555042 -0.09214755194358437 -0.04
2981 0.08306268854322713 -0.09341063952768361 -0.04
2982 0.0816447449327235 -0.09465248771094462 -0.04
2983 0.08020823721139 -0.09587281412601487 -0.04
2984 0.07875349200758426 -0.0970713412991258 -0.04
2985 0.0757907219171217 -0.09940215760375393 -0.04
2986 0.07428320961376225 -0.1005337119302668 -0.04
2987 0.07275880588648877 -0.1016424056728896 -0.04
2988 0.07121785737287616 -0.1027279867232716 -0.04
2989 0.06966071447258955 -0.1037902082287552 -0.04
2990 0.06808773126779639 -0.1048288286484417 -0.04
2991 0.06649926544272834 -0.1058436118080707 -0.04
2992 0.0648956782020064 -0.1068343269539413 -0.04
2993 0.06327733418905424 -0.1078007488050373 -0.04
2994 0.06164460140256364 -0.1087426576046358 -0.04
2995 0.05999785111343247 -0.1096598391699094 -0.04
2996 0.05833745777970276 -0.110552084940997 -0.04
2997 0.05666379896193885 -0.1114191920281286 -0.04
2998 0.05497725523719894 -0.1122609632578658 -0.04
2999 0.05327821011237268 -0.1130772072179972 -0.04
3000 0.05156704993712448 -0.1138677383009872 -0.04
3001 0.049844 -0.114632 -0.03809521428571583
3002 0.049844 -0.114632 -0.03619042857143534
3003 0.049844 -0.114632 -0.0342856428571531
3004 0.049844 -0.114632 -0.03238085714287338
3005 0.049844 -0.114632 -0.03047607142859579
3006 0.049844 -0.114632 -0.02857128571431356
3007 0.049844 -0.114632 -0.02666650000003453
3008 0.049844 -0.114632 -0.02476171428574387
3009 0.049844 -0.114632 -0.0228569285714539
3010 0.049844 -0.114632 -0.02095214285716258
3011 0.049844 -0.114632 -0.01904735714287261
3012 0.049844 -0.114632 -0.01714257142858129
3013 0.049844 -0.114632 -0.01523778571428997
3014 0.049844 -0.114632 -0.01142828571428924
3015 0.049844 -0.114632 -0.009523571428578341
3016 0.049844 -0.114632 -0.00761885714287015
3017 0.049844 -0.114632 -0.005714142857161329
3018 0.049844 -0.114632 -0.003809428571452464
3019 0.049844 -0.114632 -0.001904714285743165
3020 0.049844 -0.114632 -3.488181965494164e-14
3021 0.049844 -0.114632 0.001904714285684436
3022 0.049844 -0.114632 0.003809428571403756
3023 0.049844 -0.114632 0.005714142857123796
3024 0.049844 -0.114632 0.007618857142842777
3025 0.049844 -0.114632 0.009523571428561561
3026 0.049844 -0.114632 0.0114282857142817
3027 0.049844 -0.114632 0.01523778571427967
3028 0.049844 -0.114632 0.01714257142855992
3029 0.049844 -0.114632 0.01904735714284163
3030 0.049844 -0.114632 0.02095214285712014
3031 0.049844 -0.114632 0.02285692857139961
3032 0.049844 -0.114632 0.02476171428568189
3033 0.049844 -0.114632 0.0266664999999604
3034 0.049844 -0.114632 0.02857128571425139
3035 0.049844 -0.114632 0.0304760714285417
3036 0.049844 -0.114632 0.03238085714283336
3037 0.049844 -0.114632 0.03428564285712502
3038 0.049844 -0.114632 0.03619042857141668
3039 0.049844 -0.114632 0.03809521428570834
3040 0.05256922748779692 -0.1134087598968274 0.039
3041 0.05436517314040833 -0.1125588665961657 0.039
3042 0.05614738320466602 -0.1116805348271057 0.039
3043 0.05791540739772902 -0.1107739865038496 0.039
3044 0.05966879902089407 -0.1098394506696212 0.039
3045 0.06140711507244064 -0.1088771634388039 0.039
3046 0.0631299163595495 -0.1078873679372904 0.039
3047 0.06483676760925881 -0.1068703142410602 0.039
3048 0.06652723757846815 -0.1058262593129798 0.039
3049 0.06820089916287578 -0.1047554669378894 0.039
3050 0.06985732950487623 -0.1036582076559649 0.039
3051 0.07149611010041838 -0.1025347586943513 0.039
3052 0.07311682690473174 -0.1013854038971266 0.039
3053 0.07471907043693982 -0.1002104336535853 0.039
3054 0.07630243588350066 -0.09901014482488277 0.039
3055 0.07786652320052491 -0.09778484066900199 0.039
3056 0.07941093721481207 -0.09653483076416081 0.039
3057 0.08093528772369313 -0.0952604309305968 0.039
3058 0.08243918959363339 -0.09396196315076095 0.039
3059 0.08392226285755724 -0.09263975548794948 0.039
3060 0.08679200286388082 -0.08995649020985703 0.039
3061 0.0881790567810896 -0.08859726766214281 0.039
3062 0.0895448269590476 -0.08721666043179034 0.039
3063 0.09088898374240853 -0.08581500175535857 0.039
3064 0.09221120269265674 -0.08439262995056958 0.039
3065 0.09351116466640552 -0.08294988833465895 0.039
3066 0.09478855589240956 -0.0814871251415311 0.039
3067 0.09604306804733229 -0.08000469343766964 0.039
3068 0.09727439833013439 -0.07850295103695369 0.039
3069 0.09848224953518805 -0.07698226041426005 0.039
3070 0.09966633012397891 -0.07544298861801574 0.039
3071 0.1008263542955269 -0.07388550718153647 0.039
3072 0.1019620420552936 -0.07231019203345077 0.039
3073 0.1030731192828528 -0.07071742340684367 0.039
3074 0.1041593177979767 -0.06910758574758702 0.039
3075 0.1052203754254424 -0.067481067621437 0.039
3076 0.106256036058238 -0.06583826162035586 0.039
3077 0.1072660497194103 -0.06417956426770909 0.039
3078 0.1082501726224294 -0.06250537592250957 0.039
3079 0.1092081672299974 -0.06081610068283656 0.039
3080 0.1101398023113845 -0.05911214628829799 0.039
3081 0.1119432202352297 -0.05562174668568818 0.039
3082 0.1128131579501849 -0.05383544050443569 0.039
3083 0.1136545933545896 -0.05203553276755106 0.039
3084 0.1144673138592943 -0.0502224782227819 0.039
3085 0.1152511141299873 -0.0483967349394216 0.039
3086 0.1160057961390715 -0.04655876419257911 0.039
3087 0.1167311692156954 -0.04470903034663891 0.039
3088 0.1174270500939188 -0.04284800073796086 0.039
3089 0.1180932629590356 -0.0409761455567513 0.039
3090 0.1187296394919728 -0.03909393772832533 0.039
3091 0.1193360189118297 -0.03720185279358303 0.039
3092 0.1199122480164866 -0.03530036878890365 0.039
3093 0.1204581812213199 -0.0333899661253446 0.039
3094 0.1209736805959905 -0.0314711274672399 0.039
3095 0.1214586158992769 -0.02954433761030898 0.039
3096 0.1219128646119846 -0.02761008335916261 0.039
3097 0.1223363119679168 -0.02566885340424313 0.039
3098 0.1227288509828491 -0.02372113819844258 0.039
3099 0.123090382481567 -0.02176742983316014 0.039
3100 0.1234208151229259 -0.01980822191395633 0.039
3101 0.12372 -0.017844 0.03702561538461903
3102 0.12372 -0.017844 0.03505123076923942
3103 0.12372 -0.017844 0.03307684615385782
3104 0.12372 -0.017844 0.03110246153848018
3105 0.12372 -0.017844 0.02912807692310056
3106 0.12372 -0.017844 0.0271536923077223
3107 0.12372 -0.017844 0.0251793076923381
3108 0.12372 -0.017844 0.02320492307694832
3109 0.12372 -0.017844 0.02123053846155892
3110 0.12372 -0.017844 0.01925615384616868
3111 0.12372 -0.017844 0.01728176923077844
3112 0.12372 -0.017844 0.01530738461538956
3113 0.12372 -0.017844 0.01142828571428924
3114 0.12372 -0.017844 0.009523571428578341
3115 0.12372 -0.017844 0.00761885714287015
3116 0.12372 -0.017844 0.005714142857161329
3117 0.12372 -0.017844 0.003809428571452464
3118 0.12372 -0.017844 0.001904714285743165
3119 0.12372 -0.017844 3.488181965494164e-14
3120 0.12372 -0.017844 -0.001904714285684436
3121 0.12372 -0.017844 -0.003809428571403756
3122 0.12372 -0.017844 -0.005714142857123796
3123 0.12372 -0.017844 -0.007618857142842777
3124 0.12372 -0.017844 -0.009523571428561561
3125 0.12372 -0.017844 -0.0114282857142817
3126 0.12372 -0.017844 -0.01530738461538063
3127 0.12372 -0.017844 -0.01728176923076136
3128 0.12372 -0.017844 -0.01925615384614103
3129 0.12372 -0.017844 -0.02123053846151799
3130 0.12372 -0.017844 -0.02320492307689646
3131 0.12372 -0.017844 -0.02517930769227597
3132 0.12372 -0.017844 -0.02715369230766226
3133 0.12372 -0.017844 -0.02912807692305157
3134 0.12372 -0.017844 -0.03110246153844155
3135 0.12372 -0.017844 -0.03307684615383048
3136 0.12372 -0.017844 -0.03505123076922078
3137 0.12372 -0.017844 -0.03702561538460971
3138 0.123428139811117 -0.01976211119206036 -0.039
3139 0.1231065437361802 -0.02167546136376241 -0.039
3140 0.1227552892530189 -0.02358358955731031 -0.039
3141 0.1223744609846629 -0.02548603607297992 -0.039
3142 0.1219641506789589 -0.02738234257984923 -0.039
3143 0.1215244571864651 -0.02927205222622789 -0.039
3144 0.1210554864366361 -0.031154709749722 -0.039
3145 0.120557351412305 -0.03302986158690364 -0.039
3146 0.1200301721224568 -0.03489705598260983 -0.039
3147 0.1194740755733309 -0.0367558430987241 -0.039
3148 0.1188891957378089 -0.03860577512260268 -0.039
3149 0.1182756735231412 -0.04044640637494656 -0.039
3150 0.1176336567370042 -0.04227729341716045 -0.039
3151 0.1169633000518948 -0.04409799515817501 -0.039
3152 0.11626476496786 -0.04590807296073638 -0.039
3153 0.1148054918665433 -0.0494437693777594 -0.039
3154 0.1140468783314176 -0.05116929583118021 -0.039
3155 0.1132623318943105 -0.05288318699608648 -0.039
3156 0.1124520309517341 -0.05458505315404789 -0.039
3157 0.1116161597564845 -0.05627450732094359 -0.039
3158 0.1107549083757042 -0.05795116533504187 -0.039
3159 0.1098684726477098 -0.0596146459442598 -0.039
3160 0.1089570541374254 -0.06126457089292441 -0.039
3161 0.1080208600905603 -0.06290056500776126 -0.039
3162 0.1070601033865013 -0.06452225628317459 -0.039
3163 0.1060750024898826 -0.06612927596587911 -0.039
3164 0.1050657814008991 -0.06772125863876483 -0.039
3165 0.104032669604432 -0.06929784230389212 -0.039
3166 0.1029759020177943 -0.0708586684649213 -0.039
3167 0.1018957189373467 -0.07240338220857676 -0.039
3168 0.1007923659838585 -0.07393163228534812 -0.039
3169 0.09851709538253095 -0.07693724535223043 -0.039
3170 0.09734579027523801 -0.0784139969692234 -0.039
3171 0.09615235100557545 -0.07987291907211488 -0.039
3172 0.09493704893379847 -0.08131367993604494 -0.039
3173 0.09370016039125428 -0.08273595196559487 -0.039
3174 0.09244196661755757 -0.08413941176926765 -0.039
3175 0.0911627536966242 -0.08552374023304074 -0.039
3176 0.08986281249162517 -0.08688862259292074 -0.039
3177 0.08854243857889457 -0.08823374850646822 -0.039
3178 0.08720193218064845 -0.0895588121234398 -0.039
3179 0.08584159809678216 -0.09086351215526796 -0.039
3180 0.08446174563555042 -0.09214755194358437 -0.039
3181 0.08306268854322713 -0.09341063952768361 -0.039
3182 0.0816447449327235 -0.09465248771094462 -0.039
3183 0.08020823721139 -0.09587281412601487 -0.039
3184 0.07875349200758426 -0.0970713412991258 -0.039
3185 0.07574674761337351 -0.09943567111955298 -0.039
3186 0.07419424577415214 -0.1005993854802539 -0.039
3187 0.07262386852227717 -0.1017388627116453 -0.039
3188 0.07103599420434274 -0.1028538282826682 -0.039
3189 0.06943100538247982 -0.1039440135677763 -0.039
3190 0.0678092887421889 -0.1050091559116559 -0.039
3191 0.06617123499913496 -0.1060489986925349 -0.039
3192 0.06451723880504925 -0.1070632913839858 -0.039
3193 0.06284769865259543 -0.1080517896153163 -0.039
3194 0.06116301677942473 -0.1090142552304047 -0.039
3195 0.05946359907123339 -0.1099504563450995 -0.039
3196 0.05774985496400133 -0.1108601674030705 -0.039
3197 0.05602219734530753 -0.1117431692301745 -0.039
3198 0.05428104245489862 -0.1125992490872364 -0.039
3199 0.05252680978435144 -0.1134282007213311 -0.039
3200 0.05076 -0.11423 -0.03702561538461903
3201 0.05076 -0.11423 -0.03505123076923942
3202 0.05076 -0.11423 -0.03307684615385782
3203 0.05076 -0.11423 -0.03110246153848018
3204 0.05076 -0.11423 -0.02912807692310056
3205 0.05076 -0.11423 -0.0271536923077223
3206 0.05076 -0.11423 -0.0251793076923381
3207 0.05076 -0.11423 -0.02320492307694832
3208 0.05076 -0.11423 -0.02123053846155892
3209 0.05076 -0.11423 -0.01925615384616868
3210 0.05076 -0.11423 -0.01728176923077844
3211 0.05076 -0.11423 -0.01530738461538956
3212 0.05076 -0.11423 -0.01142828571428924
3213 0.05076 -0.11423 -0.009523571428578341
3214 0.05076 -0.11423 -0.00761885714287015
3215 0.05076 -0.11423 -0.005714142857161329
3216 0.05076 -0.11423 -0.003809428571452464
3217 0.05076 -0.11423 -0.001904714285743165
3218 0.05076 -0.11423 -3.488181965494164e-14
3219 0.05076 -0.11423 0.001904714285684436
3220 0.05076 -0.11423 0.003809428571403756
3221 0.05076 -0.11423 0.005714142857123796
3222 0.05076 -0.11423 0.007618857142842777
3223 0.05076 -0.11423 0.009523571428561561
3224 0.05076 -0.11423 0.0114282857142817
3225 0.05076 -0.11423 0.01530738461538063
3226 0.05076 -0.11423 0.01728176923076136
3227 0.05076 -0.11423 0.01925615384614103
3228 0.05076 -0.11423 0.02123053846151799
3229 0.05076 -0.11423 0.02320492307689646
3230 0.05076 -0.11423 0.02517930769227597
3231 0.05076 -0.11423 0.02715369230766226
3232 0.05076 -0.11423 0.02912807692305157
3233 0.05076 -0.11423 0.03110246153844155
3234 0.05076 -0.11423 0.03307684615383048
3235 0.05076 -0.11423 0.03505123076922078
3236 0.05076 -0.11423 0.03702561538460971
3237 0.1185781137681285 -0.0454770577785414 0.04
3238 0.1192678170741417 -0.04363621958154806 0.04
3239 0.1199289446700954 -0.04178492646059333 0.04
3240 0.12056133815458 -0.03992362197217374 0.04
3241 0.1211648460106716 -0.03805275207143705 0.04
3242 0.1217393236422313 -0.03617276500534718 0.04
3243 0.1222846334085559 -0.03428411120526667 0.04
3244 0.1228006446573535 -0.03238724317904189 0.04
3245 0.1232872337560481 -0.03048261540257925 0.04
3246 0.1237442841213913 -0.02857068421099479 0.04
3247 0.124171686247409 -0.02665190768922637 0.04
3248 0.1245693377316317 -0.02472674556229947 0.04
3249 0.1249371432996259 -0.02279565908520223 0.04
3250 0.1252750148278247 -0.0208591109323554 0.04
3251 0.1255828713646439 -0.0189175650867467 0.04
3252 0.1258606391498739 -0.01697148672878207 0.04
3253 0.1261082516323546 -0.01502134212481486 0.04
3254 0.1263256494859183 -0.01306759851544775 0.04
3255 0.1265127806236046 -0.01111072400357917 0.04
3256 0.1266696002101395 -0.009151187442263384 0.04
3257 0.1267960706726804 -0.007189458322337812 0.04
3258 0.1269576893765486 -0.003261264811051396 0.04
3259 0.1269929595550536 -0.00129574821956956 0.04
3260 0.1269978020847428 0.0006700788345253379 0.04
3261 0.1269722158053413 0.002635745337060654 0.04
3262 0.1269162068473499 0.004600780312153891 0.04
3263 0.1268297886305723 0.006564712935411062 0.04
3264 0.1267129818609097 0.008527072646386713 0.04
3265 0.1265658145253836 0.01048738926168897 0.04
3266 0.1263883218854516 0.01244519308727202 0.04
3267 0.1261805464685316 0.0144000150313372 0.04
3268 0.1259425380578396 0.01635138671641068 0.04
3269 0.125674353680445 0.01829884059175393 0.04
3270 0.1253760575936106 0.02024191004533965 0.04
3271 0.1250477212693974 0.02218012951565215 0.04
3272 0.1246894233775406 0.02411303460322722 0.04
3273 0.1243012497665986 0.02604016218193893 0.04
3274 0.1238832934433819 0.02796105050996707 0.04
3275 0.1234356545506832 0.02987523934037034 0.04
3276 0.1229584403432391 0.03178227003154613 0.04
3277 0.1224517651620945 0.03368168565685609 0.04
3278 0.1219157504071594 0.0355730311143037 0.04
3279 0.1207566971233112 0.03932985172701358 0.04
3280 0.1201334609143015 0.04119428001254544 0.04
3281 0.1194814407005152 0.04304883813913307 0.04
3282 0.1188007927061422 0.04489308175423288 0.04
3283 0.1180916800146 0.04672656897664677 0.04
3284 0.1173542725294508 0.04854886050241949 0.04
3285 0.1165887469336953 0.0503595197100881 0.04
3286 0.1157952866474429 0.05215811276528831 0.04
3287 0.1149740817839576 0.05394420872471692 0.04
3288 0.1141253291041199 0.05571737963935787 0.04
3289 0.1132492319692582 0.05747720065707063 0.04
3290 0.1123460002924433 0.05922325012434156 0.04
3291 0.1114158504882047 0.06095510968729372 0.04
3292 0.1104590054206458 0.06267236439198502 0.04
3293 0.1094756943500551 0.06437460278380992 0.04
3294 0.108466152877998 0.06606141700604652 0.04
3295 0.1074306228908436 0.06773240289761875 0.04
3296 0.106369352501803 0.06938716008994153 0.04
3297 0.105282595991528 0.07102529210277629 0.04
3298 0.1041706137471085 0.07264640643934656 0.04
3299 0.1030336721997469 0.07425011468028256 0.04
3300 0.101872 0.075836 0.03809521428571583
3301 0.101872 0.075836 0.03619042857143534
3302 0.101872 0.075836 0.0342856428571531
3303 0.101872 0.075836 0.03238085714287338
3304 0.101872 0.075836 0.03047607142859579
3305 0.101872 0.075836 0.02857128571431356
3306 0.101872 0.075836 0.02666650000003453
3307 0.101872 0.075836 0.02476171428574387
3308 0.101872 0.075836 0.0228569285714539
3309 0.101872 0.075836 0.02095214285716258
3310 0.101872 0.075836 0.01904735714287261
3311 0.101872 0.075836 0.01714257142858129
3312 0.101872 0.075836 0.01523778571428997
3313 0.101872 0.075836 0.01142828571428924
3314 0.101872 0.075836 0.009523571428578341
3315 0.101872 0.075836 0.00761885714287015
3316 0.101872 0.075836 0.005714142857161329
3317 0.101872 0.075836 0.003809428571452464
3318 0.101872 0.075836 0.001904714285743165
3319 0.101872 0.075836 3.488181965494164e-14
3320 0.101872 0.075836 -0.001904714285684436
3321 0.101872 0.075836 -0.003809428571403756
3322 0.101872 0.075836 -0.005714142857123796
3323 0.101872 0.075836 -0.007618857142842777
3324 0.101872 0.075836 -0.009523571428561561
3325 0.101872 0.075836 -0.0114282857142817
3326 0.101872 0.075836 -0.01523778571427967
3327 0.101872 0.075836 -0.01714257142855992
3328 0.101872 0.075836 -0.01904735714284163
3329 0.101872 0.075836 -0.02095214285712014
3330 0.101872 0.075836 -0.02285692857139961
3331 0.101872 0.075836 -0.02476171428568189
3332 0.101872 0.075836 -0.0266664999999604
3333 0.101872 0.075836 -0.02857128571425139
3334 0.101872 0.075836 -0.0304760714285417
3335 0.101872 0.075836 -0.03238085714283336
3336 0.101872 0.075836 -0.03428564285712502
3337 0.101872 0.075836 -0.03619042857141668
3338 0.101872 0.075836 -0.03809521428570834
3339 0.1029998114602881 0.07429698593580435 -0.04
3340 0.1041043745416141 0.07274120208863291 -0.04
3341 0.1051854399299169 0.07116899961886394 -0.04
3342 0.106242763614872 0.06958073339276059 -0.04
3343 0.1072761069449511 0.06797676190239887 -0.04
3344 0.1082852366813051 0.06635744718472629 -0.04
3345 0.1092699250504122 0.06472315473984033 -0.04
3346 0.1102299497954813 0.0630742534485005 -0.04
3347 0.1111650942266035 0.06141111548889482 -0.04
3348 0.1120751472696839 0.0597341162525961 -0.04
3349 0.112959903514073 0.05804363425985083 -0.04
3350 0.1138191632589258 0.05634005107415155 -0.04
3351 0.1146527325583047 0.05462375121605859 -0.04
3352 0.1154604232649277 0.05289512207646131 -0.04
3353 0.1162420530726242 0.05115455382916789 -0.04
3354 0.1169974455575231 0.04940243934275331 -0.04
3355 0.1184284013051472 0.04586501020720474 -0.04
3356 0.1191040724540996 0.04408066834621036 -0.04
3357 0.1197528609429361 0.04228637715602755 -0.04
3358 0.1203746203353509 0.04048254162129795 -0.04
3359 0.1209692102957045 0.03866956888088642 -0.04
3360 0.121536496620692 0.03684786813600653 -0.04
3361 0.1220763512696426 0.03501785055783445 -0.04
3362 0.1225886523934146 0.03317992919471886 -0.04
3363 0.123073284361897 0.03133451887895556 -0.04
3364 0.1235301377901156 0.02948203613312787 -0.04
3365 0.1239591095629066 0.02762289907615247 -0.04
3366 0.1243601028582041 0.02575752732885828 -0.04
3367 0.1247330271688883 0.023886341919293 -0.04
3368 0.1250777983232135 0.02200976518769619 -0.04
3369 0.1253943385038123 0.0201282206911425 -0.04
3370 0.1256825762652496 0.01824213310799207 -0.04
3371 0.1261744510623591 0.01445804454663028 -0.04
3372 0.1263774220835991 0.01256082562986294 -0.04
3373 0.1265518672491913 0.01066077148911169 -0.04
3374 0.1266977471834507 0.008758311003749127 -0.04
3375 0.1268150289584236 0.006853873596307703 -0.04
3376 0.1269036861013195 0.004947889135557035 -0.04
3377 0.1269636986004871 0.003040787839467304 -0.04
3378 0.1269950529099319 0.001133000178104306 -0.04
3379 0.1269977419523733 -0.0007750432235662935 -0.04
3380 0.1269717651208412 -0.002682911682838702 -0.04
3381 0.1269171282788149 -0.004590174556467048 -0.04
3382 0.1268338437588976 -0.006496401337935592 -0.04
3383 0.126721930360035 -0.008401161754568683 -0.04
3384 0.126581413343269 -0.0103040258647029 -0.04
3385 0.1264123244260388 -0.01220456415468877 -0.04
3386 0.1262147017750186 -0.01410234763587617 -0.04
3387 0.1257344570632738 -0.01788794110577754 -0.04
3388 0.125451535039111 -0.01977484478651366 -0.04
3389 0.1251402977848583 -0.0216572851557392 -0.04
3390 0.124800815548793 -0.02353483733438911 -0.04
3391 0.1244331649542736 -0.02540707754667065 -0.04
3392 0.1240374289824368 -0.02727358321575932 -0.04
3393 0.1236136969534724 -0.02913393305915095 -0.04
3394 0.1231620645064677 -0.03098770718373163 -0.04
3395 0.1226826335778101 -0.03283448718059705 -0.04
3396 0.122175512378192 -0.03467385621943803 -0.04
3397 0.1216408153681729 -0.0365053991426758 -0.04
3398 0.1210786632323599 -0.03832870255911087 -0.04
3399 0.1204891828521571 -0.04014335493726774 -0.04
3400 0.1198725072771389 -0.04194894669824602 -0.04
3401 0.1192287756949955 -0.04374507030823534 -0.04
3402 0.1185581334001567 -0.04553132037038515 -0.04
3403 0.11786 -0.047307 -0.03809521428571583
3404 0.11786 -0.047307 -0.03619042857143534
3405 0.11786 -0.047307 -0.0342856428571531
3406 0.11786 -0.047307 -0.03238085714287338
3407 0.11786 -0.047307 -0.03047607142859579
3408 0.11786 -0.047307 -0.02857128571431356
3409 0.11786 -0.047307 -0.02666650000003453
3410 0.11786 -0.047307 -0.02476171428574387
3411 0.11786 -0.047307 -0.0228569285714539
3412 0.11786 -0.047307 -0.02095214285716258
3413 0.11786 -0.047307 -0.01904735714287261
3414 0.11786 -0.047307 -0.01714257142858129
3415 0.11786 -0.047307 -0.01523778571428997
3416 0.11786 -0.047307 -0.01142828571428924
3417 0.11786 -0.047307 -0.009523571428578341
3418 0.11786 -0.047307 -0.00761885714287015
3419 0.11786 -0.047307 -0.005714142857161329
3420 0.11786 -0.047307 -0.003809428571452464
3421 0.11786 -0.047307 -0.001904714285743165
3422 0.11786 -0.047307 -3.488181965494164e-14
3423 0.11786 -0.047307 0.001904714285684436
3424 0.11786 -0.047307 0.003809428571403756
3425 0.11786 -0.047307 0.005714142857123796
3426 0.11786 -0.047307 0.007618857142842777
3427 0.11786 -0.047307 0.009523571428561561
3428 0.11786 -0.047307 0.0114282857142817
3429 0.11786 -0.047307 0.01523778571427967
3430 0.11786 -0.047307 0.01714257142855992
3431 0.11786 -0.047307 0.01904735714284163
3432 0.11786 -0.047307 0.02095214285712014
3433 0.11786 -0.047307 0.02285692857139961
3434 0.11786 -0.047307 0.02476171428568189
3435 0.11786 -0.047307 0.0266664999999604
3436 0.11786 -0.047307 0.02857128571425139
3437 0.11786 -0.047307 0.0304760714285417
3438 0.11786 -0.047307 0.03238085714283336
3439 0.11786 -0.047307 0.03428564285712502
3440 0.11786 -0.047307 0.03619042857141668
3441 0.11786 -0.047307 0.03809521428570834
3442 0.1189167467175186 -0.04458500504790287 0.039
3443 0.1195773036584327 -0.04278181593596722 0.039
3444 0.1202105197894078 -0.04096884495516558 0.039
3445 0.1208162503284059 -0.03914650663321001 0.039
3446 0.1213943567779101 -0.03731521763942249 0.039
3447 0.1219447069564853 -0.03547539668977522 0.039
3448 0.1224671750290367 -0.03362746445105996 0.039
3449 0.1229616415356056 -0.03177184344461649 0.039
3450 0.1234279934186741 -0.02990895794974715 0.039
3451 0.123866124048968 -0.02803923390689683 0.039
3452 0.1242759332499183 -0.02616309881993805 0.039
3453 0.1246573273205076 -0.02428098165865258 0.039
3454 0.1250102190566835 -0.02239331276073288 0.039
3455 0.1253345277713715 -0.02050052373300016 0.039
3456 0.1256301793128269 -0.01860304735324183 0.039
3457 0.1258971060816721 -0.01670131747079238 0.039
3458 0.1261352470463104 -0.01479576890757065 0.039
3459 0.1263445477568797 -0.01288683735869837 0.039
3460 0.1265249603577187 -0.01097495929275834 0.039
3461 0.1266764435983109 -0.009060571851928677 0.039
3462 0.1267989628426893 -0.007144112752350364 0.039
3463 0.1269576893765486 -0.003261264811051396 0.039
3464 0.1269929595550536 -0.00129574821956956 0.039
3465 0.1269978020847428 0.0006700788345253379 0.039
3466 0.1269722158053413 0.002635745337060654 0.039
3467 0.1269162068473499 0.004600780312153891 0.039
3468 0.1268297886305723 0.006564712935411062 0.039
3469 0.1267129818609097 0.008527072646386713 0.039
3470 0.1265658145253836 0.01048738926168897 0.039
3471 0.1263883218854516 0.01244519308727202 0.039
3472 0.1261805464685316 0.0144000150313372 0.039
3473 0.1259425380578396 0.01635138671641068 0.039
3474 0.125674353680445 0.01829884059175393 0.039
3475 0.1253760575936106 0.02024191004533965 0.039
3476 0.1250477212693974 0.02218012951565215 0.039
3477 0.1246894233775406 0.02411303460322722 0.039
3478 0.1243012497665986 0.02604016218193893 0.039
3479 0.1238832934433819 0.02796105050996707 0.039
3480 0.1234356545506832 0.02987523934037034 0.039
3481 0.1229584403432391 0.03178227003154613 0.039
3482 0.1224517651620945 0.03368168565685609 0.039
3483 0.1219157504071594 0.0355730311143037 0.039
3484 0.1207707720301004 0.03928661044495339 0.039
3485 0.1201629305769741 0.04110823825163639 0.039
3486 0.119527614619773 0.04292046691622808 0.039
3487 0.1188649694195307 0.04472288208394024 0.039
3488 0.1181751464859311 0.04651507164380952 0.039
3489 0.1174583035426845 0.04829662582287295 0.039
3490 0.1167146044914553 0.05006713727988823 0.039
3491 0.1159442193743883 0.05182620119846451 0.039
3492 0.115147324335233 0.05357341537961398 0.039
3493 0.1143241015790675 0.05530838033371665 0.039
3494 0.1134747393306399 0.05703069937185866 0.039
3495 0.1125994317913183 0.05873997869655939 0.039
3496 0.1116983790947083 0.06043582749176868 0.039
3497 0.1107717872608966 0.06211785801222279 0.039
3498 0.1098198681493129 0.06378568567215942 0.039
3499 0.1088428394103152 0.06543892913320286 0.039
3500 0.1078409244354425 0.06707721039152706 0.039
3501 0.1068143523062976 0.06870015486435335 0.039
3502 0.1057633577421817 0.07030739147557163 0.039
3503 0.1046881810464479 0.07189855274055354 0.039
3504 0.1035890680515269 0.07347327485022111 0.039
3505 0.102466 0.075031 0.03702561538461903
3506 0.102466 0.075031 0.03505123076923942
3507 0.102466 0.075031 0.03307684615385782
3508 0.102466 0.075031 0.03110246153848018
3509 0.102466 0.075031 0.02912807692310056
3510 0.102466 0.075031 0.0271536923077223
3511 0.102466 0.075031 0.0251793076923381
3512 0.102466 0.075031 0.02320492307694832
3513 0.102466 0.075031 0.02123053846155892
3514 0.102466 0.075031 0.01925615384616868
3515 0.102466 0.075031 0.01728176923077844
3516 0.102466 0.075031 0.01530738461538956
3517 0.102466 0.075031 0.01142828571428924
3518 0.102466 0.075031 0.009523571428578341
3519 0.102466 0.075031 0.00761885714287015
3520 0.102466 0.075031 0.005714142857161329
3521 0.102466 0.075031 0.003809428571452464
3522 0.102466 0.075031 0.001904714285743165
3523 0.102466 0.075031 3.488181965494164e-14
3524 0.102466 0.075031 -0.001904714285684436
3525 0.102466 0.075031 -0.003809428571403756
3526 0.102466 0.075031 -0.005714142857123796
3527 0.102466 0.075031 -0.007618857142842777
3528 0.102466 0.075031 -0.009523571428561561
3529 0.102466 0.075031 -0.0114282857142817
3530 0.102466 0.075031 -0.01530738461538063
3531 0.102466 0.075031 -0.01728176923076136
3532 0.102466 0.075031 -0.01925615384614103
3533 0.102466 0.075031 -0.02123053846151799
3534 0.102466 0.075031 -0.02320492307689646
3535 0.102466 0.075031 -0.02517930769227597
3536 0.102466 0.075031 -0.02715369230766226
3537 0.102466 0.075031 -0.02912807692305157
3538 0.102466 0.075031 -0.03110246153844155
3539 0.102466 0.075031 -0.03307684615383048
3540 0.102466 0.075031 -0.03505123076922078
3541 0.102466 0.075031 -0.03702561538460971
3542 0.1036144618025255 0.07343688053269282 -0.039
3543 0.1047381252728345 0.07182518521613468 -0.039
3544 0.1058367214814738 0.07019629978177595 -0.039
3545 0.1069099874984124 0.06855061407521691 -0.039
3546 0.1079576664559402 0.0668885219629496 -0.039
3547 0.1089795076102046 0.06521042123799987 -0.039
3548 0.1099752664011642 0.06351671352481145 -0.039
3549 0.1109447045111841 0.06180780418301605 -0.039
3550 0.1118875899219951 0.06008410221054721 -0.039
3551 0.1128036969702435 0.05834602014572626 -0.039
3552 0.1136928064015175 0.05659397396849843 -0.039
3553 0.1145547054228293 0.05482838300085844 -0.039
3554 0.1153891877535291 0.05304966980652025 -0.039
3555 0.1161960536746753 0.05125826008978453 -0.039
3556 0.1169751100768496 0.04945458259361746 -0.039
3557 0.1184284013051472 0.04586501020720474 -0.039
3558 0.1191040724540996 0.04408066834621036 -0.039
3559 0.1197528609429361 0.04228637715602755 -0.039
3560 0.1203746203353509 0.04048254162129795 -0.039
3561 0.1209692102957045 0.03866956888088642 -0.039
3562 0.121536496620692 0.03684786813600653 -0.039
3563 0.1220763512696426 0.03501785055783445 -0.039
3564 0.1225886523934146 0.03317992919471886 -0.039
3565 0.123073284361897 0.03133451887895556 -0.039
3566 0.1235301377901156 0.02948203613312787 -0.039
3567 0.1239591095629066 0.02762289907615247 -0.039
3568 0.1243601028582041 0.02575752732885828 -0.039
3569 0.1247330271688883 0.023886341919293 -0.039
3570 0.1250777983232135 0.02200976518769619 -0.039
3571 0.1253943385038123 0.0201282206911425 -0.039
3572 0.1256825762652496 0.01824213310799207 -0.039
3573 0.1261744510623591 0.01445804454663028 -0.039
3574 0.1263774220835991 0.01256082562986294 -0.039
3575 0.1265518672491913 0.01066077148911169 -0.039
3576 0.1266977471834507 0.008758311003749127 -0.039
3577 0.1268150289584236 0.006853873596307703 -0.039
3578 0.1269036861013195 0.004947889135557035 -0.039
3579 0.1269636986004871 0.003040787839467304 -0.039
3580 0.1269950529099319 0.001133000178104306 -0.039
3581 0.1269977419523733 -0.0007750432235662935 -0.039
3582 0.1269717651208412 -0.002682911682838702 -0.039
3583 0.1269171282788149 -0.004590174556467048 -0.039
3584 0.1268338437588976 -0.006496401337935592 -0.039
3585 0.126721930360035 -0.008401161754568683 -0.039
3586 0.126581413343269 -0.0103040258647029 -0.039
3587 0.1264123244260388 -0.01220456415468877 -0.039
3588 0.1262147017750186 -0.01410234763587617 -0.039
3589 0.1257264477244286 -0.01794414870080313 -0.039
3590 0.1254338042735783 -0.01988700267656378 -0.039
3591 0.125111139688285 -0.02182509692758418 -0.039
3592 0.1247585311945956 -0.02375796759335945 -0.039
3593 0.1243760631852869 -0.02568515206358575 -0.039
3594 0.1239638271996659 -0.02760618908888679 -0.039
3595 0.1235219219016599 -0.02952061889121304 -0.039
3596 0.1230504530562074 -0.03142798327386126 -0.039
3597 0.1225495335039375 -0.03332782573117098 -0.039
3598 0.1220192831341646 -0.03521969155777188 -0.039
3599 0.1214598288562024 -0.03710312795738404 -0.039
3600 0.1208713045689853 -0.03897768415121141 -0.039
3601 0.1202538511290094 -0.04084291148586326 -0.039
3602 0.1196076163166362 -0.04269836354068313 -0.039
3603 0.1189327548007114 -0.0445435962346314 -0.039
3604 0.118229 -0.046378 -0.03702561538461903
3605 0.118229 -0.046378 -0.03505123076923942
3606 0.118229 -0.046378 -0.03307684615385782
3607 0.118229 -0.046378 -0.03110246153848018
3608 0.118229 -0.046378 -0.02912807692310056
3609 0.118229 -0.046378 -0.0271536923077223
3610 0.118229 -0.046378 -0.0251793076923381
3611 0.118229 -0.046378 -0.02320492307694832
3612 0.118229 -0.046378 -0.02123053846155892
3613 0.118229 -0.046378 -0.01925615384616868
3614 0.118229 -0.046378 -0.01728176923077844
3615 0.118229 -0.046378 -0.01530738461538956
3616 0.118229 -0.046378 -0.01142828571428924
3617 0.118229 -0.046378 -0.009523571428578341
3618 0.118229 -0.046378 -0.00761885714287015
3619 0.118229 -0.046378 -0.005714142857161329
3620 0.118229 -0.046378 -0.003809428571452464
3621 0.118229 -0.046378 -0.001904714285743165
3622 0.118229 -0.046378 -3.488181965494164e-14
3623 0.118229 -0.046378 0.001904714285684436
3624 0.118229 -0.046378 0.003809428571403756
3625 0.118229 -0.046378 0.005714142857123796
3626 0.118229 -0.046378 0.007618857142842777
3627 0.118229 -0.046378 0.009523571428561561
3628 0.118229 -0.046378 0.0114282857142817
3629 0.118229 -0.046378 0.01530738461538063
3630 0.118229 -0.046378 0.01728176923076136
3631 0.118229 -0.046378 0.01925615384614103
3632 0.118229 -0.046378 0.02123053846151799
3633 0.118229 -0.046378 0.02320492307689646
3634 0.118229 -0.046378 0.02517930769227597
3635 0.118229 -0.046378 0.02715369230766226
3636 0.118229 -0.046378 0.02912807692305157
3637 0.118229 -0.046378 0.03110246153844155
3638 0.118229 -0.046378 0.03307684615383048
3639 0.118229 -0.046378 0.03505123076922078
3640 0.118229 -0.046378 0.03702561538460971
3641 0.1224181876138267 0.04067788744939845 0.1
3642 0.1217762542136091 0.0425610983845864 0.1
3643 0.1211053525033834 0.04443418482465095 0.1
3644 0.1204056420782116 0.04629670119710047 0.1
3645 0.1196772893862149 0.04814820444386456 0.1
3646 0.1189204676889702 0.04998825412671051 0.1
3647 0.1181353570203138 0.05181641253196712 0.1
3648 0.1173221441434993 0.05363224477468728 0.1
3649 0.1164810225067696 0.05543531890209912 0.1
3650 0.1156121921973473 0.05722520599634062 0.1
3651 0.1147158598938263 0.05900148027651514 0.1
3652 0.1137922388170203 0.06076371919994876 0.1
3653 0.1128415486792396 0.06251150356271071 0.1
3654 0.1118640156320142 0.06424441759935623 0.1
3655 0.1108598722123151 0.06596204908179513 0.1
3656 0.1098293572872239 0.06766398941737996 0.1
3657 0.1087727159970824 0.06934983374614567 0.1
3658 0.1076901996972562 0.07101918103699223 0.1
3659 0.1065820658982744 0.07267163418319342 0.1
3660 0.1054485782046054 0.07430680009680957 0.1
3661 0.1042900062519059 0.07592428980225907 0.1
3662 0.1018990785481725 0.07910500499989467 0.1
3663 0.1006669168276516 0.08066719210072129 0.1
3664 0.09941080795131403 0.08221018968149241 0.1
3665 0.09813105072869802 0.08373363068613289 0.1
3666 0.09682794959493081 0.08523715271078415 0.1
3667 0.09550181453829452 0.08672039809002952 0.1
3668 0.09415296102652718 0.08818301398192993 0.1
3669 0.09278170993171446 0.08962465245203016 0.1
3670 0.09138838745401742 0.09104497055606306 0.1
3671 0.08997332504405045 0.09244363042155819 0.1
3672 0.08853685932402036 0.09382029932822974 0.1
3673 0.08707933200764149 0.09517464978713051 0.1
3674 0.08560108981890992 0.09650635961849827 0.1
3675 0.08410248440954758 0.09781511202846831 0.1
3676 0.08258387227542577 0.0991005956843659 0.1
3677 0.0810456146716618 0.1003625047888529 0.1
3678 0.07948807752676938 0.1016005391525965 0.1
3679 0.07791163135556876 0.1028144042657154 0.1
3680 0.07631665117105639 0.1040038113678306 0.1
3681 0.07470351639520011 0.1051684775167544 0.1
3682 0.07307261076866323 0.1063081256558098 0.1
3683 0.06975874227108211 0.1085107908770218 0.1
3684 0.06807689025792657 0.1095737690910111 0.1
3685 0.06637884404126997 0.1106106817795856 0.1
3686 0.06466500755417558 0.1116212822808375 0.1
3687 0.06293578848589573 0.1126053301920411 0.1
3688 0.06119159818492202 0.1135625914268209 0.1
3689 0.05943285156109764 0.1144928382708567 0.1
3690 0.05765996698695928 0.1153958494360294 0.1
3691 0.05587336619818947 0.1162714101130756 0.1
3692 0.05407347419329459 0.1171193120226853 0.1
3693 0.05226071913250779 0.1179393534650463 0.1
3694 0.05043553223592448 0.1187313393678309 0.1
3695 0.0485983476809674 0.1194950813325796 0.1
3696 0.04674960249906679 0.1202303976795355 0.1
3697 0.04488973647171016 0.120937113490857 0.1
3698 0.04301919202583283 0.1216150606522257 0.1
3699 0.04113841412851834 0.1222640778928567 0.1
3700 0.03924785018124297 0.1228840108238281 0.1
3701 0.03734794991337809 0.1234747119748323 0.1
3702 0.03543916527522619 0.1240360408292493 0.1
3703 0.03352195033051455 0.1245678638575717 0.1
3704 0.031597 0.125071 0.09809521428571584
3705 0.031597 0.125071 0.09619042857143244
3706 0.031597 0.125071 0.09428564285715291
3707 0.031597 0.125071 0.09238085714286874
3708 0.031597 0.125071 0.09047607142858456
3709 0.031597 0.125071 0.08857128571430582
3710 0.031597 0.125071 0.08666650000002164
3711 0.031597 0.125071 0.08476171428573205
3712 0.031597 0.125071 0.08285692857144789
3713 0.031597 0.125071 0.08095214285715831
3714 0.031597 0.125071 0.07904735714286873
3715 0.031597 0.125071 0.07714257142857915
3716 0.031597 0.125071 0.07523778571428957
3717 0.031597 0.125071 0.07142828571428939
3718 0.031597 0.125071 0.06952357142857762
3719 0.031597 0.125071 0.06761885714286933
3720 0.031597 0.125071 0.06571414285716298
3721 0.031597 0.125071 0.06380942857145354
3722 0.031597 0.125071 0.06190471428574564
3723 0.031597 0.125071 0.06000000000003658
3724 0.031597 0.125071 0.05809528571431667
3725 0.031597 0.125071 0.05619057142859851
3726 0.031597 0.125071 0.05428585714287823
3727 0.031597 0.125071 0.05238114285716104
3728 0.031597 0.125071 0.05047642857144076
3729 0.031597 0.125071 0.04857171428571989
3730 0.031597 0.125071 0.04476221428571428
3731 0.031597 0.125071 0.04285742857143534
3732 0.031597 0.125071 0.04095264285715582
3733 0.031597 0.125071 0.0390478571428761
3734 0.031597 0.125071 0.03714307142859716
3735 0.031597 0.125071 0.03523828571431704
3736 0.031597 0.125071 0.03333350000003656
3737 0.031597 0.125071 0.03142871428574522
3738 0.031597 0.125071 0.0295239285714539
3739 0.031597 0.125071 0.02761914285716258
3740 0.031597 0.125071 0.02571435714287126
3741 0.031597 0.125071 0.02380957142857994
3742 0.031597 0.125071 0.02190478571428862
3743 0.03346569615182569 0.1245839982946192 0.02
3744 0.03532689280252877 0.1240690779159684 0.02
3745 0.0371801728668972 0.1235263542552262 0.02
3746 0.03902512103381439 0.1229559489341453 0.02
3747 0.04086132385928457 0.12235798977781 0.02
3748 0.04268836985911542 0.1217326107859819 0.02
3749 0.04450584960110741 0.1210799521030778 0.02
3750 0.04631335579680852 0.1204001599867634 0.02
3751 0.04811048339280796 0.1196933867751696 0.02
3752 0.0498968296614827 0.1189597908527624 0.02
3753 0.05167199429122871 0.1181995366148583 0.02
3754 0.05343557947622769 0.1174127944307593 0.02
3755 0.05518719000553535 0.1165997406055989 0.02
3756 0.05692643335167936 0.115760557340818 0.02
3757 0.05865291975860606 0.114895432693343 0.02
3758 0.06036626232904891 0.1140045605334297 0.02
3759 0.06375192105461114 0.112146228923877 0.02
3760 0.06542355532050972 0.1111793259074015 0.02
3761 0.06708052818489688 0.1101875076332851 0.02
3762 0.06872246832059051 0.1091709963677415 0.02
3763 0.07034900776923998 0.108130019910677 0.02
3764 0.07195978202378618 0.1070648115446395 0.02
3765 0.07355443011014556 0.1059756099825413 0.02
3766 0.07513259466808646 0.1048626593141764 0.02
3767 0.07669392203135869 0.1037262089514886 0.02
3768 0.07823806230691627 0.1025665135727011 0.02
3769 0.07976466945332691 0.1013838330652451 0.02
3770 0.0812734013583355 0.1001784324675072 0.02
3771 0.08276391991551837 0.09895058190944432 0.02
3772 0.08423589110004724 0.09770055655205336 0.02
3773 0.08568898504357161 0.09642863652568438 0.02
3774 0.0871228761081322 0.09513510686727084 0.02
3775 0.08993149131222264 0.09248415885631235 0.02
3776 0.09130582988999751 0.09112759295130556 0.02
3777 0.09265970775802115 0.08975060627760745 0.02
3778 0.09399282152597524 0.08835350740398575 0.02
3779 0.09530487245662166 0.0869366094060901 0.02
3780 0.0965955665326485 0.08550022979639688 0.02
3781 0.09786461452260718 0.08404469045300539 0.02
3782 0.09911173204573166 0.08257031754750058 0.02
3783 0.1003366396356517 0.08107744147187526 0.02
3784 0.1015390628030069 0.07956639676450744 0.02
3785 0.1027187320969622 0.07803752203518834 0.02
3786 0.103875383165611 0.07649115988921523 0.02
3787 0.1050087568151653 0.07492765685068141 0.02
3788 0.1061185990681132 0.07334736328472244 0.02
3789 0.1072046612200715 0.07175063331908435 0.02
3790 0.1082666998955274 0.07013782476475727 0.02
3791 0.1103172949933287 0.06686510242536738 0.02
3792 0.1113058681986747 0.06520622057395475 0.02
3793 0.1122694980796535 0.06353272619636798 0.02
3794 0.1132079686895842 0.06184499431787591 0.02
3795 0.1141210697198896 0.06014340315436178 0.02
3796 0.1150085965472796 0.05842833402746538 0.02
3797 0.1158703502795231 0.05670017127928813 0.02
3798 0.1167061378001135 0.05495930218608033 0.02
3799 0.1175157718115014 0.05320611687153209 0.02
3800 0.118299070876992 0.05144100821951689 0.02
3801 0.1190558594615383 0.04966437178576225 0.02
3802 0.1197859679710089 0.04787660570934836 0.02
3803 0.1204892327901545 0.04607811062359158 0.02
3804 0.1211654963193819 0.04426928956599425 0.02
3805 0.1218146070099748 0.04245054788816486 0.02
3806 0.1224364193980992 0.0406222931648713 0.02
3807 0.123031 0.038785 0.02190478571428543
3808 0.123031 0.038785 0.02380957142856728
3809 0.123031 0.038785 0.02571435714284651
3810 0.123031 0.038785 0.02761914285712575
3811 0.123031 0.038785 0.02952392857140478
3812 0.123031 0.038785 0.03142871428568236
3813 0.123031 0.038785 0.03333349999996141
3814 0.123031 0.038785 0.03523828571425303
3815 0.123031 0.038785 0.03714307142854465
3816 0.123031 0.038785 0.03904785714283626
3817 0.123031 0.038785 0.04095264285712788
3818 0.123031 0.038785 0.04285742857141948
3819 0.123031 0.038785 0.0447622142857111
3820 0.123031 0.038785 0.04857171428571138
3821 0.123031 0.038785 0.05047642857142373
3822 0.123031 0.038785 0.05238114285713279
3823 0.123031 0.038785 0.05428585714284417
3824 0.123031 0.038785 0.05619057142855322
3825 0.123031 0.038785 0.05809528571426015
3826 0.123031 0.038785 0.05999999999996883
3827 0.123031 0.038785 0.06190471428568833
3828 0.123031 0.038785 0.06380942857140669
3829 0.123031 0.038785 0.06571414285712658
3830 0.123031 0.038785 0.06761885714284339
3831 0.123031 0.038785 0.0695235714285633
3832 0.123031 0.038785 0.07142828571428203
3833 0.123031 0.038785 0.07523778571428649
3834 0.123031 0.038785 0.0771425714285633
3835 0.123031 0.038785 0.07904735714283934
3836 0.123031 0.038785 0.08095214285711887
3837 0.123031 0.038785 0.08285692857140536
3838 0.123031 0.038785 0.08476171428568643
3839 0.123031 0.038785 0.0866664999999648
3840 0.123031 0.038785 0.08857128571424859
3841 0.123031 0.038785 0.0904760714285405
3842 0.123031 0.038785 0.0923808571428324
3843 0.123031 0.038785 0.0942856428571243
3844 0.123031 0.038785 0.0961904285714162
3845 0.123031 0.038785 0.09809521428570811
3846 0.1221141901538861 0.04158304625758624 0.099
3847 0.121473644104111 0.04341864761905627 0.099
3848 0.1208055073400347 0.04524438715815268 0.099
3849 0.1201099316177943 0.04705985018855019 0.099
3850 0.1193870749258257 0.04886462435806993 0.099
3851 0.11863710144898 0.05065829974233661 0.099
3852 0.1178601815312351 0.0524404689378758 0.099
3853 0.1170564916370011 0.05421072715465728 0.099
3854 0.1162262143110562 0.05596867230800134 0.099
3855 0.1153695381370626 0.05771390510995485 0.099
3856 0.1144866576947386 0.059446029159968 0.099
3857 0.1135777735156556 0.06116465103494367 0.099
3858 0.1126430920377163 0.06286938037854814 0.099
3859 0.1116828255582417 0.06455982998991991 0.099
3860 0.1106971921857787 0.06623561591156815 0.099
3861 0.1096864157905153 0.06789635751666064 0.099
3862 0.108650725953461 0.06954167759542419 0.099
3863 0.1075903579143201 0.0711712024407942 0.099
3864 0.1065055525180067 0.07278456193338061 0.099
3865 0.1053965561600038 0.07438138962543761 0.099
3866 0.1042636207303532 0.07596132282416532 0.099
3867 0.1018990785481725 0.07910500499989467 0.099
3868 0.1006669168276516 0.08066719210072129 0.099
3869 0.09941080795131403 0.08221018968149241 0.099
3870 0.09813105072869802 0.08373363068613289 0.099
3871 0.09682794959493081 0.08523715271078415 0.099
3872 0.09550181453829452 0.08672039809002952 0.099
3873 0.09415296102652718 0.08818301398192993 0.099
3874 0.09278170993171446 0.08962465245203016 0.099
3875 0.09138838745401742 0.09104497055606306 0.099
3876 0.08997332504405045 0.09244363042155819 0.099
3877 0.08853685932402036 0.09382029932822974 0.099
3878 0.08707933200764149 0.09517464978713051 0.099
3879 0.08560108981890992 0.09650635961849827 0.099
3880 0.08410248440954758 0.09781511202846831 0.099
3881 0.08258387227542577 0.0991005956843659 0.099
3882 0.0810456146716618 0.1003625047888529 0.099
3883 0.07948807752676938 0.1016005391525965 0.099
3884 0.07791163135556876 0.1028144042657154 0.099
3885 0.07631665117105639 0.1040038113678306 0.099
3886 0.07470351639520011 0.1051684775167544 0.099
3887 0.07307261076866323 0.1063081256558098 0.099
3888 0.06979695426437654 0.1084862158774862 0.099
3889 0.06815405474299642 0.1095257900317941 0.099
3890 0.06649567460652656 0.1105404863324879 0.099
3891 0.06482219054193836 0.1115300742999154 0.099
3892 0.06313398266695557 0.112494329157556 0.099
3893 0.0614314344436555 0.1134330318831109 0.099
3894 0.0597149325913986 0.1143459692582328 0.099
3895 0.05798486699903251 0.1152329339169341 0.099
3896 0.05624163063626406 0.1160937243927252 0.099
3897 0.05448561946444672 0.1169281451643508 0.099
3898 0.05271723234660763 0.117736006700218 0.099
3899 0.05093687095685923 0.1185171255014408 0.099
3900 0.04914493968918877 0.119271324143509 0.099
3901 0.0473418455655886 0.1199984313165967 0.099
3902 0.04552799814357621 0.1206982818644844 0.099
3903 0.04370380942319084 0.121370716822063 0.099
3904 0.04186969375343018 0.1220155834514345 0.099
3905 0.04002606773809617 0.1226327352766191 0.099
3906 0.03817335014120263 0.123222032116814 0.099
3907 0.03631196179181981 0.1237833401182462 0.099
3908 0.03444232548850192 0.1243165317845704 0.099
3909 0.032565 0.124822 0.09702561538461747
3910 0.032565 0.124822 0.09505123076923849
3911 0.032565 0.124822 0.09307684615386055
3912 0.032565 0.124822 0.09110246153848345
3913 0.032565 0.124822 0.08912807692310154
3914 0.032565 0.124822 0.08715369230772088
3915 0.032565 0.124822 0.08517930769233877
3916 0.032565 0.124822 0.0832049230769506
3917 0.032565 0.124822 0.08123053846155723
3918 0.032565 0.124822 0.07925615384616531
3919 0.032565 0.124822 0.07728176923077777
3920 0.032565 0.124822 0.07530738461539024
3921 0.032565 0.124822 0.07142828571428939
3922 0.032565 0.124822 0.06952357142857762
3923 0.032565 0.124822 0.06761885714286933
3924 0.032565 0.124822 0.06571414285716298
3925 0.032565 0.124822 0.06380942857145354
3926 0.032565 0.124822 0.06190471428574564
3927 0.032565 0.124822 0.06000000000003658
3928 0.032565 0.124822 0.05809528571431667
3929 0.032565 0.124822 0.05619057142859851
3930 0.032565 0.124822 0.05428585714287823
3931 0.032565 0.124822 0.05238114285716104
3932 0.032565 0.124822 0.05047642857144076
3933 0.032565 0.124822 0.04857171428571989
3934 0.032565 0.124822 0.04469261538461882
3935 0.032565 0.124822 0.04271823076923942
3936 0.032565 0.124822 0.04074384615386189
3937 0.032565 0.124822 0.03876946153848154
3938 0.032565 0.124822 0.03679507692310223
3939 0.032565 0.124822 0.0348206923077224
3940 0.032565 0.124822 0.03284630769233726
3941 0.032565 0.124822 0.03087192307695019
3942 0.032565 0.124822 0.02889753846155975
3943 0.032565 0.124822 0.02692315384617065
3944 0.032565 0.124822 0.02494876923078021
3945 0.032565 0.124822 0.02297438461538977
3946 0.03448597033674149 0.1243049828403245 0.021
3947 0.03639873949239741 0.1237584044514334 0.021
3948 0.03830285258732807 0.1231823948162781 0.021
3949 0.04019785680036068 0.1225770909169315 0.021
3950 0.04208330147659453 0.1219426367019758 0.021
3951 0.04395873823446942 0.1212791830523004 0.021
3952 0.045823721072423 0.1205868877452137 0.021
3953 0.0476778064749535 0.1198659154169227 0.021
3954 0.04952055351812607 0.1191164375233679 0.021
3955 0.05135152397439356 0.118338632299462 0.021
3956 0.05317028241682391 0.1175326847166999 0.021
3957 0.05497639632264863 0.1166987864391702 0.021
3958 0.05676943617611518 0.1158371357779792 0.021
3959 0.0585489755706613 0.1149479376440747 0.021
3960 0.06031459131027359 0.1140314034995389 0.021
3961 0.06375192105461114 0.112146228923877 0.021
3962 0.06542355532050972 0.1111793259074015 0.021
3963 0.06708052818489688 0.1101875076332851 0.021
3964 0.06872246832059051 0.1091709963677415 0.021
3965 0.07034900776923998 0.108130019910677 0.021
3966 0.07195978202378618 0.1070648115446395 0.021
3967 0.07355443011014556 0.1059756099825413 0.021
3968 0.07513259466808646 0.1048626593141764 0.021
3969 0.07669392203135869 0.1037262089514886 0.021
3970 0.07823806230691627 0.1025665135727011 0.021
3971 0.07976466945332691 0.1013838330652451 0.021
3972 0.0812734013583355 0.1001784324675072 0.021
3973 0.08276391991551837 0.09895058190944432 0.021
3974 0.08423589110004724 0.09770055655205336 0.021
3975 0.08568898504357161 0.09642863652568438 0.021
3976 0.0871228761081322 0.09513510686727084 0.021
3977 0.08993149131222264 0.09248415885631235 0.021
3978 0.09130582988999751 0.09112759295130556 0.021
3979 0.09265970775802115 0.08975060627760745 0.021
3980 0.09399282152597524 0.08835350740398575 0.021
3981 0.09530487245662166 0.0869366094060901 0.021
3982 0.0965955665326485 0.08550022979639688 0.021
3983 0.09786461452260718 0.08404469045300539 0.021
3984 0.09911173204573166 0.08257031754750058 0.021
3985 0.1003366396356517 0.08107744147187526 0.021
3986 0.1015390628030069 0.07956639676450744 0.021
3987 0.1027187320969622 0.07803752203518834 0.021
3988 0.103875383165611 0.07649115988921523 0.021
3989 0.1050087568151653 0.07492765685068141 0.021
3990 0.1061185990681132 0.07334736328472244 0.021
3991 0.1072046612200715 0.07175063331908435 0.021
3992 0.1082666998955274 0.07013782476475727 0.021
3993 0.1103474383744432 0.06681534510274151 0.021
3994 0.1113646358825304 0.06510580136786127 0.021
3995 0.1123553506325703 0.063380775328424 0.021
3996 0.113319347030175 0.06164067719983903 0.021
3997 0.1142563958351044 0.05988592078086417 0.021
3998 0.1151662742148223 0.05811692335693915 0.021
3999 0.1160487657984368 0.05633410559918003 0.021
4000 0.1169036607273562 0.05453789146587149 0.021
4001 0.1177307557056986 0.05272870810066463 0.021
4002 0.1185298540484771 0.05090698573129919 0.021
4003 0.1193007657282255 0.04907315756764631 0.021
4004 0.1200433074206179 0.04722765969767102 0.021
4005 0.1207573025473542 0.04537093098545322 0.021
4006 0.1214425813190023 0.04350341296470325 0.021
4007 0.122098980774601 0.04162554973575235 0.021
4008 0.122727 0.039738 0.02297438461538165
4009 0.122727 0.039738 0.02494876923076099
4010 0.122727 0.039738 0.02692315384613811
4011 0.122727 0.039738 0.02889753846151522
4012 0.122727 0.039738 0.03087192307689233
4013 0.122727 0.039738 0.03284630769226944
4014 0.122727 0.039738 0.03482069230765594
4015 0.122727 0.039738 0.03679507692305047
4016 0.122727 0.039738 0.03876946153844091
4017 0.122727 0.039738 0.04074384615382928
4018 0.122727 0.039738 0.04271823076921952
4019 0.122727 0.039738 0.0446926153846082
4020 0.122727 0.039738 0.04857171428571138
4021 0.122727 0.039738 0.05047642857142373
4022 0.122727 0.039738 0.05238114285713279
4023 0.122727 0.039738 0.05428585714284417
4024 0.122727 0.039738 0.05619057142855322
4025 0.122727 0.039738 0.05809528571426015
4026 0.122727 0.039738 0.05999999999996883
4027 0.122727 0.039738 0.06190471428568833
4028 0.122727 0.039738 0.06380942857140669
4029 0.122727 0.039738 0.06571414285712658
4030 0.122727 0.039738 0.06761885714284339
4031 0.122727 0.039738 0.0695235714285633
4032 0.122727 0.039738 0.07142828571428203
4033 0.122727 0.039738 0.0753073846153844
4034 0.122727 0.039738 0.07728176923076067
4035 0.122727 0.039738 0.07925615384613695
4036 0.122727 0.039738 0.08123053846151927
4037 0.122727 0.039738 0.08320492307689971
4038 0.122727 0.039738 0.08517930769227641
4039 0.122727 0.039738 0.08715369230765832
4040 0.122727 0.039738 0.08912807692304878
4041 0.122727 0.039738 0.09110246153844173
4042 0.122727 0.039738 0.09307684615382927
4043 0.122727 0.039738 0.09505123076921763
4044 0.122727 0.039738 0.09702561538460705
4045 0.05932439527155057 0.116796742654343 0.1
4046 0.05760096889709941 0.1176562422955764 0.1
4047 0.05586509335686213 0.1184903131620011 0.1
4048 0.05411714382164588 0.1192987749877897 0.1
4049 0.05235749807179126 0.1200814530419347 0.1
4050 0.05058653641551015 0.1208381781660178 0.1
4051 0.04880464160670235 0.1215687868107654 0.1
4052 0.04701219876222371 0.1222731210713997 0.1
4053 0.04520959527864636 0.1229510287217679 0.1
4054 0.04339722074856187 0.1236023632472316 0.1
4055 0.04157546687631065 0.1242269838763576 0.1
4056 0.03974472739339414 0.1248247556113161 0.1
4057 0.03790539797335504 0.1253955492570672 0.1
4058 0.03605787614625942 0.1259392414492838 0.1
4059 0.03420256121278015 0.126455714681014 0.1
4060 0.03233985415789591 0.1269448573280778 0.1
4061 0.03047015756423134 0.1274065636731912 0.1
4062 0.02859387552503619 0.1278407339288176 0.1
4063 0.02671141355686343 0.1282472742587312 0.1
4064 0.02482317851190038 0.1286260967983027 0.1
4065 0.02292957849008584 0.1289771196734793 0.1
4066 0.02103102275087127 0.1293002670184882 0.1
4067 0.01722073451742829 0.1298631968753282 0.1
4068 0.01530974706924915 0.1301023260540549 0.1
4069 0.01339545068250623 0.1303133358525233 0.1
4070 0.01147825909954934 0.1304961806645835 0.1
4071 0.009558586688225072 0.1306508209714875 0.1
4072 0.007636848352881833 0.1307772233503796 0.1
4073 0.005713459443961948 0.130875360481575 0.1
4074 0.003788835669179846 0.1309452111544059 0.1
4075 0.001863393002550982 0.1309867602718612 0.1
4076 -6.245240421903081e-05 0.1309999988538061 0.1
4077 -0.001988284313168946 0.1309849240389519 0.1
4078 -0.003913686488461326 0.1309415390854638 0.1
4079 -0.005838242787952967 0.130869853370243 0.1
4080 -0.00776153725145251 0.1307698823869408 0.1
4081 -0.009683154192368815 0.1306416477425434 0.1
4082 -0.01160267828585868 0.1304851771527895 0.1
4083 -0.01351969466011627 0.1303005044360812 0.1
4084 -0.01543378898474011 0.1300876695062776 0.1
4085 -0.01734454756145003 0.1298467183639563 0.1
4086 -0.01925155741243604 0.1295777030865869 0.1
4087 -0.0211544063704084 0.1292806818171826 0.1
4088 -0.02305268316723211 0.1289557187517917 0.1
4089 -0.02683391952913667 0.1282223665656808 0.1
4090 -0.02871603927504947 0.1278140196275581 0.1
4091 -0.03059195244339459 0.1273780474442166 0.1
4092 -0.03246125358130616 0.1269145442450554 0.1
4093 -0.03432353866501033 0.1264236102099269 0.1
4094 -0.03617840518715097 0.1259053514474835 0.1
4095 -0.03802545224380565 0.1253598799722385 0.1
4096 -0.03986428062111673 0.1247873136803612 0.1
4097 -0.04169449288158775 0.1241877763241907 0.1
4098 -0.04351569344996666 0.1235613974854951 0.1
4099 -0.04532748869875784 0.1229083125474595 0.1
4100 -0.04712948703330328 0.1222286626654227 0.1
4101 -0.04892129897640275 0.1215225947363757 0.1
4102 -0.05070253725250365 0.1207902613672082 0.1
4103 -0.05247281687142762 0.1200318208417152 0.1
4104 -0.0542317552115222 0.1192474370864109 0.1
4105 -0.05597897210243807 0.1184372796350645 0.1
4106 -0.05771408990721905 0.1176015235920923 0.1
4107 -0.05943673360399142 0.1167403495946802 0.1
4108 -0.06114653086697665 0.1158539437737614 0.1
4109 -0.06284311214696726 0.114942497713786 0.1
4110 -0.06452611075120998 0.1140062084113079 0.1
4111 -0.066195 0.113045 0.09809521428571584
4112 -0.066195 0.113045 0.09619042857143244
4113 -0.066195 0.113045 0.09428564285715291
4114 -0.066195 0.113045 0.09238085714286874
4115 -0.066195 0.113045 0.09047607142858456
4116 -0.066195 0.113045 0.08857128571430582
4117 -0.066195 0.113045 0.08666650000002164
4118 -0.066195 0.113045 0.08476171428573205
4119 -0.066195 0.113045 0.08285692857144789
4120 -0.066195 0.113045 0.08095214285715831
4121 -0.066195 0.113045 0.07904735714286873
4122 -0.066195 0.113045 0.07714257142857915
4123 -0.066195 0.113045 0.07523778571428957
4124 -0.066195 0.113045 0.07142828571428939
4125 -0.066195 0.113045 0.06952357142857762
4126 -0.066195 0.113045 0.06761885714286933
4127 -0.066195 0.113045 0.06571414285716298
4128 -0.066195 0.113045 0.06380942857145354
4129 -0.066195 0.113045 0.06190471428574564
4130 -0.066195 0.113045 0.06000000000003658
4131 -0.066195 0.113045 0.05809528571431667
4132 -0.066195 0.113045 0.05619057142859851
4133 -0.066195 0.113045 0.05428585714287823
4134 -0.066195 0.113045 0.05238114285716104
4135 -0.066195 0.113045 0.05047642857144076
4136 -0.066195 0.113045 0.04857171428571989
4137 -0.066195 0.113045 0.04476221428571428
4138 -0.066195 0.113045 0.04285742857143534
4139 -0.066195 0.113045 0.04095264285715582
4140 -0.066195 0.113045 0.0390478571428761
4141 -0.066195 0.113045 0.03714307142859716
4142 -0.066195 0.113045 0.03523828571431704
4143 -0.066195 0.113045 0.03333350000003656
4144 -0.066195 0.113045 0.03142871428574522
4145 -0.066195 0.113045 0.0295239285714539
4146 -0.066195 0.113045 0.02761914285716258
4147 -0.066195 0.113045 0.02571435714287126
4148 -0.066195 0.113045 0.02380957142857994
4149 -0.066195 0.113045 0.02190478571428862
4150 -0.06450128875570189 0.1140198833487106 0.02
4151 -0.06279322317846972 0.1149693923305629 0.02
4152 -0.06107118338695524 0.1158933156386376 0.02
4153 -0.05933555260966566 0.1167914476599447 0.02
4154 -0.0575867170997308 0.1176635885211545 0.02
4155 -0.0558250660487818 0.1185095441331589 0.02
4156 -0.05405099150060178 0.1193291262341339 0.02
4157 -0.05226488826366918 0.1201221524315402 0.02
4158 -0.05046715382342692 0.120888446242652 0.02
4159 -0.04865818825362805 0.1216278371339164 0.02
4160 -0.04683839412758654 0.1223401605587832 0.02
4161 -0.0450081764283851 0.1230252579944109 0.02
4162 -0.04316794245875678 0.1236829769769367 0.02
4163 -0.04131810175060897 0.124313171135348 0.02
4164 -0.03945906597365538 0.124915700224138 0.02
4165 -0.03759124884395805 0.1254904301544608 0.02
4166 -0.03383090839534894 0.1265557435723306 0.02
4167 -0.03193928823311736 0.1270463240757553 0.02
4168 -0.03004056046478195 0.127508632338998 0.02
4169 -0.02813514762353132 0.127942565482337 0.02
4170 -0.02622347373018949 0.1283480269405107 0.02
4171 -0.02430596419891545 0.1287249264841936 0.02
4172 -0.02238304574249221 0.1290731802400851 0.02
4173 -0.02045514627737192 0.1293927107095733 0.02
4174 -0.0185226948284519 0.1296834467859798 0.02
4175 -0.01658612143360862 0.1299453237703827 0.02
4176 -0.01464585704800312 0.1301782833860144 0.02
4177 -0.01270233344816311 0.1303822737912316 0.02
4178 -0.01075598313589952 0.130557249591052 0.02
4179 -0.008807239242064252 0.1307031718472549 0.02
4180 -0.006856535430205358 0.1308200080870443 0.02
4181 -0.004904305799949441 0.1309077323102825 0.02
4182 -0.000997004297927801 0.1309964483199064 0.02
4183 0.0009572132741892097 0.1309967451227233 0.02
4184 0.002911217831223584 0.130967890342401 0.02
4185 0.004864574535455175 0.1309098904001871 0.02
4186 0.006816848693332032 0.1308227582031973 0.02
4187 0.008767605852207752 0.130706513141543 0.02
4188 0.01071641189702349 0.1305611810840165 0.02
4189 0.01266283314691735 0.1303867943723341 0.02
4190 0.01460643645174709 0.1301833918139371 0.02
4191 0.01654678928842885 0.1299510186733615 0.02
4192 0.0184834598572636 0.1296897266621567 0.02
4193 0.02041601717796257 0.1293995739273864 0.02
4194 0.02234403118561297 0.1290806250386803 0.02
4195 0.02426707282634125 0.1287329509738709 0.02
4196 0.02618471415280278 0.1283566291031983 0.02
4197 0.02809652841943593 0.1279517431720875 0.02
4198 0.03190084210084922 0.1270562733644297 0.02
4199 0.03379258537365372 0.1265662731606028 0.02
4200 0.03567680885271857 0.1260481084272452 0.02
4201 0.03755309324570402 0.1255018944704798 0.02
4202 0.0394210210269534 0.1249277528381604 0.02
4203 0.04128017653038061 0.1243258112928309 0.02
4204 0.0431301460419818 0.1236962037832905 0.02
4205 0.04497051789188424 0.1230390704147903 0.02
4206 0.04680088254599173 0.1223545574178431 0.02
4207 0.04862083269703658 0.1216428171157129 0.02
4208 0.05042996335530814 0.1209040078904842 0.02
4209 0.05222787193872069 0.1201382941478386 0.02
4210 0.05401415836241837 0.1193458462804616 0.02
4211 0.05578842512780039 0.1185268406301282 0.02
4212 0.05755027741097404 0.1176814594484616 0.02
4213 0.05929932315059479 0.1168098908563882 0.02
4214 0.061035 0.115912 0.02190478571428543
4215 0.061035 0.115912 0.02380957142856728
4216 0.061035 0.115912 0.02571435714284651
4217 0.061035 0.115912 0.02761914285712575
4218 0.061035 0.115912 0.02952392857140478
4219 0.061035 0.115912 0.03142871428568236
4220 0.061035 0.115912 0.03333349999996141
4221 0.061035 0.115912 0.03523828571425303
4222 0.061035 0.115912 0.03714307142854465
4223 0.061035 0.115912 0.03904785714283626
4224 0.061035 0.115912 0.04095264285712788
4225 0.061035 0.115912 0.04285742857141948
4226 0.061035 0.115912 0.0447622142857111
4227 0.061035 0.115912 0.04857171428571138
4228 0.061035 0.115912 0.05047642857142373
4229 0.061035 0.115912 0.05238114285713279
4230 0.061035 0.115912 0.05428585714284417
4231 0.061035 0.115912 0.05619057142855322
4232 0.061035 0.115912 0.05809528571426015
4233 0.061035 0.115912 0.05999999999996883
4234 0.061035 0.115912 0.06190471428568833
4235 0.061035 0.115912 0.06380942857140669
4236 0.061035 0.115912 0.06571414285712658
4237 0.061035 0.115912 0.06761885714284339
4238 0.061035 0.115912 0.0695235714285633
4239 0.061035 0.115912 0.07142828571428203
4240 0.061035 0.115912 0.07523778571428649
4241 0.061035 0.115912 0.0771425714285633
4242 0.061035 0.115912 0.07904735714283934
4243 0.061035 0.115912 0.08095214285711887
4244 0.061035 0.115912 0.08285692857140536
4245 0.061035 0.115912 0.08476171428568643
4246 0.061035 0.115912 0.0866664999999648
4247 0.061035 0.115912 0.08857128571424859
4248 0.061035 0.115912 0.0904760714285405
4249 0.061035 0.115912 0.0923808571428324
4250 0.061035 0.115912 0.0942856428571243
4251 0.061035 0.115912 0.0961904285714162
4252 0.061035 0.115912 0.09809521428570811
4253 0.05839400147880122 0.1172654399953105 0.099
4254 0.05662582460258339 0.118129415532616 0.099
4255 0.05484486841339901 0.1189667316299685 0.099
4256 0.05305153483735382 0.119777199321912 0.099
4257 0.05124622859386969 0.1205606357021431 0.099
4258 0.04942935710435085 0.1213168639647867 0.099
4259 0.04760133040025593 0.1220457134442897 0.099
4260 0.04576256103055817 0.1227470196539388 0.099
4261 0.04391346396862353 0.1234206243229891 0.099
4262 0.04205445651857095 0.1240663754323774 0.099
4263 0.04018595822109755 0.1246841272490296 0.099
4264 0.03830839075879026 0.1252737403587513 0.099
4265 0.03642217786097975 0.1258350816976854 0.099
4266 0.03452774520808247 0.1263680245823513 0.099
4267 0.03262552033555458 0.1268724487382281 0.099
4268 0.0307159325374061 0.1273482403268986 0.099
4269 0.02879941276930712 0.1277952919717431 0.099
4270 0.02687639355131509 0.1282135027821751 0.099
4271 0.02494730887033259 0.1286027783763952 0.099
4272 0.02301259408206219 0.1289630309027135 0.099
4273 0.02107268581283712 0.1292941790593585 0.099
4274 0.01722073451742829 0.1298631968753282 0.099
4275 0.01530974706924915 0.1301023260540549 0.099
4276 0.01339545068250623 0.1303133358525233 0.099
4277 0.01147825909954934 0.1304961806645835 0.099
4278 0.009558586688225072 0.1306508209714875 0.099
4279 0.007636848352881833 0.1307772233503796 0.099
4280 0.005713459443961948 0.130875360481575 0.099
4281 0.003788835669179846 0.1309452111544059 0.099
4282 0.001863393002550982 0.1309867602718612 0.099
4283 -6.245240421903081e-05 0.1309999988538061 0.099
4284 -0.001988284313168946 0.1309849240389519 0.099
4285 -0.003913686488461326 0.1309415390854638 0.099
4286 -0.005838242787952967 0.130869853370243 0.099
4287 -0.00776153725145251 0.1307698823869408 0.099
4288 -0.009683154192368815 0.1306416477425434 0.099
4289 -0.01160267828585868 0.1304851771527895 0.099
4290 -0.01351969466011627 0.1303005044360812 0.099
4291 -0.01543378898474011 0.1300876695062776 0.099
4292 -0.01734454756145003 0.1298467183639563 0.099
4293 -0.01925155741243604 0.1295777030865869 0.099
4294 -0.0211544063704084 0.1292806818171826 0.099
4295 -0.02305268316723211 0.1289557187517917 0.099
4296 -0.02687510790313341 0.128213739904095 0.099
4297 -0.02879815050905505 0.1277955439452323 0.099
4298 -0.03071469381671639 0.1273485065037881 0.099
4299 -0.03262430529186493 0.1268727284692151 0.099
4300 -0.03452655396464119 0.1263683172172785 0.099
4301 -0.03642101052688959 0.1258353865858098 0.099
4302 -0.03830724742897303 0.1252740568490357 0.099
4303 -0.04018483897633973 0.124684454690413 0.099
4304 -0.04205336142554016 0.1240667131740536 0.099
4305 -0.04391239307987962 0.1234209717146893 0.099
4306 -0.04576151438459801 0.122747376046204 0.099
4307 -0.04760030802156361 0.1220460781887409 0.099
4308 -0.04942835900341148 0.1213172364144101 0.099
4309 -0.05124525476722064 0.1205610152115627 0.099
4310 -0.0530505852676733 0.1197775852476469 0.099
4311 -0.05484394306951257 0.1189671233307255 0.099
4312 -0.05662492343957198 0.1181298123695395 0.099
4313 -0.05839312443804588 0.1172658413322605 0.099
4314 -0.06014814700923035 0.1163754052038317 0.099
4315 -0.0618895950716282 0.1154587049419397 0.099
4316 -0.06361707560728702 0.1145159474316862 0.099
4317 -0.06533 0.113547 0.09702561538461747
4318 -0.06533 0.113547 0.09505123076923849
4319 -0.06533 0.113547 0.09307684615386055
4320 -0.06533 0.113547 0.09110246153848345
4321 -0.06533 0.113547 0.08912807692310154
4322 -0.06533 0.113547 0.08715369230772088
4323 -0.06533 0.113547 0.08517930769233877
4324 -0.06533 0.113547 0.0832049230769506
4325 -0.06533 0.113547 0.08123053846155723
4326 -0.06533 0.113547 0.07925615384616531
4327 -0.06533 0.113547 0.07728176923077777
4328 -0.06533 0.113547 0.07530738461539024
4329 -0.06533 0.113547 0.07142828571428939
4330 -0.06533 0.113547 0.06952357142857762
4331 -0.06533 0.113547 0.06761885714286933
4332 -0.06533 0.113547 0.06571414285716298
4333 -0.06533 0.113547 0.06380942857145354
4334 -0.06533 0.113547 0.06190471428574564
4335 -0.06533 0.113547 0.06000000000003658
4336 -0.06533 0.113547 0.05809528571431667
4337 -0.06533 0.113547 0.05619057142859851
4338 -0.06533 0.113547 0.05428585714287823
4339 -0.06533 0.113547 0.05238114285716104
4340 -0.06533 0.113547 0.05047642857144076
4341 -0.06533 0.113547 0.04857171428571989
4342 -0.06533 0.113547 0.04469261538461882
4343 -0.06533 0.113547 0.04271823076923942
4344 -0.06533 0.113547 0.04074384615386189
4345 -0.06533 0.113547 0.03876946153848154
4346 -0.06533 0.113547 0.03679507692310223
4347 -0.06533 0.113547 0.0348206923077224
4348 -0.06533 0.113547 0.03284630769233726
4349 -0.06533 0.113547 0.03087192307695019
4350 -0.06533 0.113547 0.02889753846155975
4351 -0.06533 0.113547 0.02692315384617065
4352 -0.06533 0.113547 0.02494876923078021
4353 -0.06533 0.113547 0.02297438461538977
4354 -0.06368031458431378 0.1144803373660422 0.021
4355 -0.06201729791781468 0.1153897086744439 0.021
4356 -0.06034129814727233 0.1162749235514778 0.021
4357 -0.05865266613734645 0.1171357966805237 0.021
4358 -0.05695175539717928 0.1179721478408352 0.021
4359 -0.05523892200652096 0.1187838019452042 0.021
4360 -0.05351452454095469 0.1195705890767273 0.021
4361 -0.05177892399715488 0.1203323445242254 0.021
4362 -0.05003248371691169 0.1210689088169088 0.021
4363 -0.04827556931150807 0.1217801277575688 0.021
4364 -0.04650854858472608 0.1224658524550504 0.021
4365 -0.04473179145628835 0.1231259393552436 0.021
4366 -0.04294566988395648 0.1237602502713138 0.021
4367 -0.04115055778605889 0.1243686524124799 0.021
4368 -0.03934683096297307 0.1249510184119011 0.021
4369 -0.03753486701864429 0.125507226353277 0.021
4370 -0.03383090839534894 0.1265557435723306 0.021
4371 -0.03193928823311736 0.1270463240757553 0.021
4372 -0.03004056046478195 0.127508632338998 0.021
4373 -0.02813514762353132 0.127942565482337 0.021
4374 -0.02622347373018949 0.1283480269405107 0.021
4375 -0.02430596419891545 0.1287249264841936 0.021
4376 -0.02238304574249221 0.1290731802400851 0.021
4377 -0.02045514627737192 0.1293927107095733 0.021
4378 -0.0185226948284519 0.1296834467859798 0.021
4379 -0.01658612143360862 0.1299453237703827 0.021
4380 -0.01464585704800312 0.1301782833860144 0.021
4381 -0.01270233344816311 0.1303822737912316 0.021
4382 -0.01075598313589952 0.130557249591052 0.021
4383 -0.008807239242064252 0.1307031718472549 0.021
4384 -0.006856535430205358 0.1308200080870443 0.021
4385 -0.004904305799949441 0.1309077323102825 0.021
4386 -0.000997004297927801 0.1309964483199064 0.021
4387 0.0009572132741892097 0.1309967451227233 0.021
4388 0.002911217831223584 0.130967890342401 0.021
4389 0.004864574535455175 0.1309098904001871 0.021
4390 0.006816848693332032 0.1308227582031973 0.021
4391 0.008767605852207752 0.130706513141543 0.021
4392 0.01071641189702349 0.1305611810840165 0.021
4393 0.01266283314691735 0.1303867943723341 0.021
4394 0.01460643645174709 0.1301833918139371 0.021
4395 0.01654678928842885 0.1299510186733615 0.021
4396 0.0184834598572636 0.1296897266621567 0.021
4397 0.02041601717796257 0.1293995739273864 0.021
4398 0.02234403118561297 0.1290806250386803 0.021
4399 0.02426707282634125 0.1287329509738709 0.021
4400 0.02618471415280278 0.1283566291031983 0.021
4401 0.02809652841943593 0.1279517431720875 0.021
4402 0.03184380414275494 0.1270705806460246 0.021
4403 0.03367894219420416 0.1265965606984623 0.021
4404 0.03550702999178311 0.1260960393872964 0.021
4405 0.03732768484877678 0.125569121490239 0.021
4406 0.03914052563449989 0.125015917310777 0.021
4407 0.04094517285401932 0.1244365426550998 0.021
4408 0.04274124872762265 0.1238311188078485 0.021
4409 0.04452837726990536 0.1231997725067257 0.021
4410 0.04630618436845599 0.1225426359159724 0.021
4411 0.04807429786221122 0.1218598465986865 0.021
4412 0.04983234761932238 0.1211515474880408 0.021
4413 0.05157996561465535 0.1204178868573559 0.021
4414 0.05331678600682167 0.1196590182890649 0.021
4415 0.05504244521478369 0.1188751006425548 0.021
4416 0.05675658199398119 0.1180662980209022 0.021
4417 0.0584588375118839 0.117232779736553 0.021
4418 0.060149 0.116375 0.02297438461538165
4419 0.060149 0.116375 0.02494876923076099
4420 0.060149 0.116375 0.02692315384613811
4421 0.060149 0.116375 0.02889753846151522
4422 0.060149 0.116375 0.03087192307689233
4423 0.060149 0.116375 0.03284630769226944
4424 0.060149 0.116375 0.03482069230765594
4425 0.060149 0.116375 0.03679507692305047
4426 0.060149 0.116375 0.03876946153844091
4427 0.060149 0.116375 0.04074384615382928
4428 0.060149 0.116375 0.04271823076921952
4429 0.060149 0.116375 0.0446926153846082
4430 0.060149 0.116375 0.04857171428571138
4431 0.060149 0.116375 0.05047642857142373
4432 0.060149 0.116375 0.05238114285713279
4433 0.060149 0.116375 0.05428585714284417
4434 0.060149 0.116375 0.05619057142855322
4435 0.060149 0.116375 0.05809528571426015
4436 0.060149 0.116375 0.05999999999996883
4437 0.060149 0.116375 0.06190471428568833
4438 0.060149 0.116375 0.06380942857140669
4439 0.060149 0.116375 0.06571414285712658
4440 0.060149 0.116375 0.06761885714284339
4441 0.060149 0.116375 0.0695235714285633
4442 0.060149 0.116375 0.07142828571428203
4443 0.060149 0.116375 0.0753073846153844
4444 0.060149 0.116375 0.07728176923076067
4445 0.060149 0.116375 0.07925615384613695
4446 0.060149 0.116375 0.08123053846151927
4447 0.060149 0.116375 0.08320492307689971
4448 0.060149 0.116375 0.08517930769227641
4449 0.060149 0.116375 0.08715369230765832
4450 0.060149 0.116375 0.08912807692304878
4451 0.060149 0.116375 0.09110246153844173
4452 0.060149 0.116375 0.09307684615382927
4453 0.060149 0.116375 0.09505123076921763
4454 0.060149 0.116375 0.09702561538460705
4455 -0.04067788744939845 0.1224181876138267 0.1
4456 -0.0425610983845864 0.1217762542136091 0.1
4457 -0.04443418482465095 0.1211053525033834 0.1
4458 -0.04629670119710047 0.1204056420782116 0.1
4459 -0.04814820444386456 0.1196772893862149 0.1
4460 -0.04998825412671051 0.1189204676889702 0.1
4461 -0.05181641253196712 0.1181353570203138 0.1
4462 -0.05363224477468728 0.1173221441434993 0.1
4463 -0.05543531890209912 0.1164810225067696 0.1
4464 -0.05722520599634062 0.1156121921973473 0.1
4465 -0.05900148027651514 0.1147158598938263 0.1
4466 -0.06076371919994876 0.1137922388170203 0.1
4467 -0.06251150356271071 0.1128415486792396 0.1
4468 -0.06424441759935623 0.1118640156320142 0.1
4469 -0.06596204908179513 0.1108598722123151 0.1
4470 -0.06766398941737996 0.1098293572872239 0.1
4471 -0.06934983374614567 0.1087727159970824 0.1
4472 -0.07101918103699223 0.1076901996972562 0.1
4473 -0.07267163418319342 0.1065820658982744 0.1
4474 -0.07430680009680957 0.1054485782046054 0.1
4475 -0.07592428980225907 0.1042900062519059 0.1
4476 -0.07910500499989467 0.1018990785481725 0.1
4477 -0.08066719210072129 0.1006669168276516 0.1
4478 -0.08221018968149241 0.09941080795131403 0.1
4479 -0.08373363068613289 0.09813105072869802 0.1
4480 -0.08523715271078415 0.09682794959493081 0.1
4481 -0.08672039809002952 0.09550181453829452 0.1
4482 -0.08818301398192993 0.09415296102652718 0.1
4483 -0.08962465245203016 0.09278170993171446 0.1
4484 -0.09104497055606306 0.09138838745401742 0.1
4485 -0.09244363042155819 0.08997332504405045 0.1
4486 -0.09382029932822974 0.08853685932402036 0.1
4487 -0.09517464978713051 0.08707933200764149 0.1
4488 -0.09650635961849827 0.08560108981890992 0.1
4489 -0.09781511202846831 0.08410248440954758 0.1
4490 -0.0991005956843659 0.08258387227542577 0.1
4491 -0.1003625047888529 0.0810456146716618 0.1
4492 -0.1016005391525965 0.07948807752676938 0.1
4493 -0.1028144042657154 0.07791163135556876 0.1
4494 -0.1040038113678306 0.07631665117105639 0.1
4495 -0.1051684775167544 0.07470351639520011 0.1
4496 -0.1063081256558098 0.07307261076866323 0.1
4497 -0.1085107908770218 0.06975874227108211 0.1
4498 -0.1095737690910111 0.06807689025792657 0.1
4499 -0.1106106817795856 0.06637884404126997 0.1
4500 -0.1116212822808375 0.06466500755417558 0.1
4501 -0.1126053301920411 0.06293578848589573 0.1
4502 -0.1135625914268209 0.06119159818492202 0.1
4503 -0.1144928382708567 0.05943285156109764 0.1
4504 -0.1153958494360294 0.05765996698695928 0.1
4505 -0.1162714101130756 0.05587336619818947 0.1
4506 -0.1171193120226853 0.05407347419329459 0.1
4507 -0.1179393534650463 0.05226071913250779 0.1
4508 -0.1187313393678309 0.05043553223592448 0.1
4509 -0.1194950813325796 0.0485983476809674 0.1
4510 -0.1202303976795355 0.04674960249906679 0.1
4511 -0.120937113490857 0.04488973647171016 0.1
4512 -0.1216150606522257 0.04301919202583283 0.1
4513 -0.1222640778928567 0.04113841412851834 0.1
4514 -0.1228840108238281 0.03924785018124297 0.1
4515 -0.1234747119748323 0.03734794991337809 0.1
4516 -0.1240360408292493 0.03543916527522619 0.1
4517 -0.1245678638575717 0.03352195033051455 0.1
4518 -0.125071 0.031597 0.09809521428571584
4519 -0.125071 0.031597 0.09619042857143244
4520 -0.125071 0.031597 0.09428564285715291
4521 -0.125071 0.031597 0.09238085714286874
4522 -0.125071 0.031597 0.09047607142858456
4523 -0.125071 0.031597 0.08857128571430582
4524 -0.125071 0.031597 0.08666650000002164
4525 -0.125071 0.031597 0.08476171428573205
4526 -0.125071 0.031597 0.08285692857144789
4527 -0.125071 0.031597 0.08095214285715831
4528 -0.125071 0.031597 0.07904735714286873
4529 -0.125071 0.031597 0.07714257142857915
4530 -0.125071 0.031597 0.07523778571428957
4531 -0.125071 0.031597 0.07142828571428939
4532 -0.125071 0.031597 0.06952357142857762
4533 -0.125071 0.031597 0.06761885714286933
4534 -0.125071 0.031597 0.06571414285716298
4535 -0.125071 0.031597 0.06380942857145354
4536 -0.125071 0.031597 0.06190471428574564
4537 -0.125071 0.031597 0.06000000000003658
4538 -0.125071 0.031597 0.05809528571431667
4539 -0.125071 0.031597 0.05619057142859851
4540 -0.125071 0.031597 0.05428585714287823
4541 -0.125071 0.031597 0.05238114285716104
4542 -0.125071 0.031597 0.05047642857144076
4543 -0.125071 0.031597 0.04857171428571989
4544 -0.125071 0.031597 0.04476221428571428
4545 -0.125071 0.031597 0.04285742857143534
4546 -0.125071 0.031597 0.04095264285715582
4547 -0.125071 0.031597 0.0390478571428761
4548 -0.125071 0.031597 0.03714307142859716
4549 -0.125071 0.031597 0.03523828571431704
4550 -0.125071 0.031597 0.03333350000003656
4551 -0.125071 0.031597 0.03142871428574522
4552 -0.125071 0.031597 0.0295239285714539
4553 -0.125071 0.031597 0.02761914285716258
4554 -0.125071 0.031597 0.02571435714287126
4555 -0.125071 0.031597 0.02380957142857994
4556 -0.125071 0.031597 0.02190478571428862
4557 -0.1245839982946192 0.03346569615182569 0.02
4558 -0.1240690779159684 0.03532689280252877 0.02
4559 -0.1235263542552262 0.0371801728668972 0.02
4560 -0.1229559489341453 0.03902512103381439 0.02
4561 -0.12235798977781 0.04086132385928457 0.02
4562 -0.1217326107859819 0.04268836985911542 0.02
4563 -0.1210799521030778 0.04450584960110741 0.02
4564 -0.1204001599867634 0.04631335579680852 0.02
4565 -0.1196933867751696 0.04811048339280796 0.02
4566 -0.1189597908527624 0.0498968296614827 0.02
4567 -0.1181995366148583 0.05167199429122871 0.02
4568 -0.1174127944307593 0.05343557947622769 0.02
4569 -0.1165997406055989 0.05518719000553535 0.02
4570 -0.115760557340818 0.05692643335167936 0.02
4571 -0.114895432693343 0.05865291975860606 0.02
4572 -0.1140045605334297 0.06036626232904891 0.02
4573 -0.112146228923877 0.06375192105461114 0.02
4574 -0.1111793259074015 0.06542355532050972 0.02
4575 -0.1101875076332851 0.06708052818489688 0.02
4576 -0.1091709963677415 0.06872246832059051 0.02
4577 -0.108130019910677 0.07034900776923998 0.02
4578 -0.1070648115446395 0.07195978202378618 0.02
4579 -0.1059756099825413 0.07355443011014556 0.02
4580 -0.1048626593141764 0.07513259466808646 0.02
4581 -0.1037262089514886 0.07669392203135869 0.02
4582 -0.1025665135727011 0.07823806230691627 0.02
4583 -0.1013838330652451 0.07976466945332691 0.02
4584 -0.1001784324675072 0.0812734013583355 0.02
4585 -0.09895058190944432 0.08276391991551837 0.02
4586 -0.09770055655205336 0.08423589110004724 0.02
4587 -0.09642863652568438 0.08568898504357161 0.02
4588 -0.09513510686727084 0.0871228761081322 0.02
4589 -0.09248415885631235 0.08993149131222264 0.02
4590 -0.09112759295130556 0.09130582988999751 0.02
4591 -0.08975060627760745 0.09265970775802115 0.02
4592 -0.08835350740398575 0.09399282152597524 0.02
4593 -0.0869366094060901 0.09530487245662166 0.02
4594 -0.08550022979639688 0.0965955665326485 0.02
4595 -0.08404469045300539 0.09786461452260718 0.02
4596 -0.08257031754750058 0.09911173204573166 0.02
4597 -0.08107744147187526 0.1003366396356517 0.02
4598 -0.07956639676450744 0.1015390628030069 0.02
4599 -0.07803752203518834 0.1027187320969622 0.02
4600 -0.07649115988921523 0.103875383165611 0.02
4601 -0.07492765685068141 0.1050087568151653 0.02
4602 -0.07334736328472244 0.1061185990681132 0.02
4603 -0.07175063331908435 0.1072046612200715 0.02
4604 -0.07013782476475727 0.1082666998955274 0.02
4605 -0.06686510242536738 0.1103172949933287 0.02
4606 -0.06520622057395475 0.1113058681986747 0.02
4607 -0.06353272619636798 0.1122694980796535 0.02
4608 -0.06184499431787591 0.1132079686895842 0.02
4609 -0.06014340315436178 0.1141210697198896 0.02
4610 -0.05842833402746538 0.1150085965472796 0.02
4611 -0.05670017127928813 0.1158703502795231 0.02
4612 -0.05495930218608033 0.1167061378001135 0.02
4613 -0.05320611687153209 0.1175157718115014 0.02
4614 -0.05144100821951689 0.118299070876992 0.02
4615 -0.04966437178576225 0.1190558594615383 0.02
4616 -0.04787660570934836 0.1197859679710089 0.02
4617 -0.04607811062359158 0.1204892327901545 0.02
4618 -0.04426928956599425 0.1211654963193819 0.02
4619 -0.04245054788816486 0.1218146070099748 0.02
4620 -0.0406222931648713 0.1224364193980992 0.02
4621 -0.038785 0.123031 0.02190478571428543
4622 -0.038785 0.123031 0.02380957142856728
4623 -0.038785 0.123031 0.02571435714284651
4624 -0.038785 0.123031 0.02761914285712575
4625 -0.038785 0.123031 0.02952392857140478
4626 -0.038785 0.123031 0.03142871428568236
4627 -0.038785 0.123031 0.03333349999996141
4628 -0.038785 0.123031 0.03523828571425303
4629 -0.038785 0.123031 0.03714307142854465
4630 -0.038785 0.123031 0.03904785714283626
4631 -0.038785 0.123031 0.04095264285712788
4632 -0.038785 0.123031 0.04285742857141948
4633 -0.038785 0.123031 0.0447622142857111
4634 -0.038785 0.123031 0.04857171428571138
4635 -0.038785 0.123031 0.05047642857142373
4636 -0.038785 0.123031 0.05238114285713279
4637 -0.038785 0.123031 0.05428585714284417
4638 -0.038785 0.123031 0.05619057142855322
4639 -0.038785 0.123031 0.05809528571426015
4640 -0.038785 0.123031 0.05999999999996883
4641 -0.038785 0.123031 0.06190471428568833
4642 -0.038785 0.123031 0.06380942857140669
4643 -0.038785 0.123031 0.06571414285712658
4644 -0.038785 0.123031 0.06761885714284339
4645 -0.038785 0.123031 0.0695235714285633
4646 -0.038785 0.123031 0.07142828571428203
4647 -0.038785 0.123031 0.07523778571428649
4648 -0.038785 0.123031 0.0771425714285633
4649 -0.038785 0.123031 0.07904735714283934
4650 -0.038785 0.123031 0.08095214285711887
4651 -0.038785 0.123031 0.08285692857140536
4652 -0.038785 0.123031 0.08476171428568643
4653 -0.038785 0.123031 0.0866664999999648
4654 -0.038785 0.123031 0.08857128571424859
4655 -0.038785 0.123031 0.0904760714285405
4656 -0.038785 0.123031 0.0923808571428324
4657 -0.038785 0.123031 0.0942856428571243
4658 -0.038785 0.123031 0.0961904285714162
4659 -0.038785 0.123031 0.09809521428570811
4660 -0.04158304625758624 0.1221141901538861 0.099
4661 -0.04341864761905627 0.121473644104111 0.099
4662 -0.04524438715815268 0.1208055073400347 0.099
4663 -0.04705985018855019 0.1201099316177943 0.099
4664 -0.04886462435806993 0.1193870749258257 0.099
4665 -0.05065829974233661 0.11863710144898 0.099
4666 -0.0524404689378758 0.1178601815312351 0.099
4667 -0.05421072715465728 0.1170564916370011 0.099
4668 -0.05596867230800134 0.1162262143110562 0.099
4669 -0.05771390510995485 0.1153695381370626 0.099
4670 -0.059446029159968 0.1144866576947386 0.099
4671 -0.06116465103494367 0.1135777735156556 0.099
4672 -0.06286938037854814 0.1126430920377163 0.099
4673 -0.06455982998991991 0.1116828255582417 0.099
4674 -0.06623561591156815 0.1106971921857787 0.099
4675 -0.06789635751666064 0.1096864157905153 0.099
4676 -0.06954167759542419 0.108650725953461 0.099
4677 -0.0711712024407942 0.1075903579143201 0.099
4678 -0.07278456193338061 0.1065055525180067 0.099
4679 -0.07438138962543761 0.1053965561600038 0.099
4680 -0.07596132282416532 0.1042636207303532 0.099
4681 -0.07910500499989467 0.1018990785481725 0.099
4682 -0.08066719210072129 0.1006669168276516 0.099
4683 -0.08221018968149241 0.09941080795131403 0.099
4684 -0.08373363068613289 0.09813105072869802 0.099
4685 -0.08523715271078415 0.09682794959493081 0.099
4686 -0.08672039809002952 0.09550181453829452 0.099
4687 -0.08818301398192993 0.09415296102652718 0.099
4688 -0.08962465245203016 0.09278170993171446 0.099
4689 -0.09104497055606306 0.09138838745401742 0.099
4690 -0.09244363042155819 0.08997332504405045 0.099
4691 -0.09382029932822974 0.08853685932402036 0.099
4692 -0.09517464978713051 0.08707933200764149 0.099
4693 -0.09650635961849827 0.08560108981890992 0.099
4694 -0.09781511202846831 0.08410248440954758 0.099
4695 -0.0991005956843659 0.08258387227542577 0.099
4696 -0.1003625047888529 0.0810456146716618 0.099
4697 -0.1016005391525965 0.07948807752676938 0.099
4698 -0.1028144042657154 0.07791163135556876 0.099
4699 -0.1040038113678306 0.07631665117105639 0.099
4700 -0.1051684775167544 0.07470351639520011 0.099
4701 -0.1063081256558098 0.07307261076866323 0.099
4702 -0.1084862158774862 0.06979695426437654 0.099
4703 -0.1095257900317941 0.06815405474299642 0.099
4704 -0.1105404863324879 0.06649567460652656 0.099
4705 -0.1115300742999154 0.06482219054193836 0.099
4706 -0.112494329157556 0.06313398266695557 0.099
4707 -0.1134330318831109 0.0614314344436555 0.099
4708 -0.1143459692582328 0.0597149325913986 0.099
4709 -0.1152329339169341 0.05798486699903251 0.099
4710 -0.1160937243927252 0.05624163063626406 0.099
4711 -0.1169281451643508 0.05448561946444672 0.099
4712 -0.117736006700218 0.05271723234660763 0.099
4713 -0.1185171255014408 0.05093687095685923 0.099
4714 -0.119271324143509 0.04914493968918877 0.099
4715 -0.1199984313165967 0.0473418455655886 0.099
4716 -0.1206982818644844 0.04552799814357621 0.099
4717 -0.121370716822063 0.04370380942319084 0.099
4718 -0.1220155834514345 0.04186969375343018 0.099
4719 -0.1226327352766191 0.04002606773809617 0.099
4720 -0.123222032116814 0.03817335014120263 0.099
4721 -0.1237833401182462 0.03631196179181981 0.099
4722 -0.1243165317845704 0.03444232548850192 0.099
4723 -0.124822 0.032565 0.09702561538461747
4724 -0.124822 0.032565 0.09505123076923849
4725 -0.124822 0.032565 0.09307684615386055
4726 -0.124822 0.032565 0.09110246153848345
4727 -0.124822 0.032565 0.08912807692310154
4728 -0.124822 0.032565 0.08715369230772088
4729 -0.124822 0.032565 0.08517930769233877
4730 -0.124822 0.032565 0.0832049230769506
4731 -0.124822 0.032565 0.08123053846155723
4732 -0.124822 0.032565 0.07925615384616531
4733 -0.124822 0.032565 0.07728176923077777
4734 -0.124822 0.032565 0.07530738461539024
4735 -0.124822 0.032565 0.07142828571428939
4736 -0.124822 0.032565 0.06952357142857762
4737 -0.124822 0.032565 0.06761885714286933
4738 -0.124822 0.032565 0.06571414285716298
4739 -0.124822 0.032565 0.06380942857145354
4740 -0.124822 0.032565 0.06190471428574564
4741 -0.124822 0.032565 0.06000000000003658
4742 -0.124822 0.032565 0.05809528571431667
4743 -0.124822 0.032565 0.05619057142859851
4744 -0.124822 0.032565 0.05428585714287823
4745 -0.124822 0.032565 0.05238114285716104
4746 -0.124822 0.032565 0.05047642857144076
4747 -0.124822 0.032565 0.04857171428571989
4748 -0.124822 0.032565 0.04469261538461882
4749 -0.124822 0.032565 0.04271823076923942
4750 -0.124822 0.032565 0.04074384615386189
4751 -0.124822 0.032565 0.03876946153848154
4752 -0.124822 0.032565 0.03679507692310223
4753 -0.124822 0.032565 0.0348206923077224
4754 -0.124822 0.032565 0.03284630769233726
4755 -0.124822 0.032565 0.03087192307695019
4756 -0.124822 0.032565 0.02889753846155975
4757 -0.124822 0.032565 0.02692315384617065
4758 -0.124822 0.032565 0.02494876923078021
4759 -0.124822 0.032565 0.02297438461538977
4760 -0.1243049828403245 0.03448597033674149 0.021
4761 -0.1237584044514334 0.03639873949239741 0.021
4762 -0.1231823948162781 0.03830285258732807 0.021
4763 -0.1225770909169315 0.04019785680036068 0.021
4764 -0.1219426367019758 0.04208330147659453 0.021
4765 -0.1212791830523004 0.04395873823446942 0.021
4766 -0.1205868877452137 0.045823721072423 0.021
4767 -0.1198659154169227 0.0476778064749535 0.021
4768 -0.1191164375233679 0.04952055351812607 0.021
4769 -0.118338632299462 0.05135152397439356 0.021
4770 -0.1175326847166999 0.05317028241682391 0.021
4771 -0.1166987864391702 0.05497639632264863 0.021
4772 -0.1158371357779792 0.05676943617611518 0.021
4773 -0.1149479376440747 0.0585489755706613 0.021
4774 -0.1140314034995389 0.06031459131027359 0.021
4775 -0.112146228923877 0.06375192105461114 0.021
4776 -0.1111793259074015 0.06542355532050972 0.021
4777 -0.1101875076332851 0.06708052818489688 0.021
4778 -0.1091709963677415 0.06872246832059051 0.021
4779 -0.108130019910677 0.07034900776923998 0.021
4780 -0.1070648115446395 0.07195978202378618 0.021
4781 -0.1059756099825413 0.07355443011014556 0.021
4782 -0.1048626593141764 0.07513259466808646 0.021
4783 -0.1037262089514886 0.07669392203135869 0.021
4784 -0.1025665135727011 0.07823806230691627 0.021
4785 -0.1013838330652451 0.07976466945332691 0.021
4786 -0.1001784324675072 0.0812734013583355 0.021
4787 -0.09895058190944432 0.08276391991551837 0.021
4788 -0.09770055655205336 0.08423589110004724 0.021
4789 -0.09642863652568438 0.08568898504357161 0.021
4790 -0.09513510686727084 0.0871228761081322 0.021
4791 -0.09248415885631235 0.08993149131222264 0.021
4792 -0.09112759295130556 0.09130582988999751 0.021
4793 -0.08975060627760745 0.09265970775802115 0.021
4794 -0.08835350740398575 0.09399282152597524 0.021
4795 -0.0869366094060901 0.09530487245662166 0.021
4796 -0.08550022979639688 0.0965955665326485 0.021
4797 -0.08404469045300539 0.09786461452260718 0.021
4798 -0.08257031754750058 0.09911173204573166 0.021
4799 -0.08107744147187526 0.1003366396356517 0.021
4800 -0.07956639676450744 0.1015390628030069 0.021
4801 -0.07803752203518834 0.1027187320969622 0.021
4802 -0.07649115988921523 0.103875383165611 0.021
4803 -0.07492765685068141 0.1050087568151653 0.021
4804 -0.07334736328472244 0.1061185990681132 0.021
4805 -0.07175063331908435 0.1072046612200715 0.021
4806 -0.07013782476475727 0.1082666998955274 0.021
4807 -0.06681534510274151 0.1103474383744432 0.021
4808 -0.06510580136786127 0.1113646358825304 0.021
4809 -0.063380775328424 0.1123553506325703 0.021
4810 -0.06164067719983903 0.113319347030175 0.021
4811 -0.05988592078086417 0.1142563958351044 0.021
4812 -0.05811692335693915 0.1151662742148223 0.021
4813 -0.05633410559918003 0.1160487657984368 0.021
4814 -0.05453789146587149 0.1169036607273562 0.021
4815 -0.05272870810066463 0.1177307557056986 0.021
4816 -0.05090698573129919 0.1185298540484771 0.021
4817 -0.04907315756764631 0.1193007657282255 0.021
4818 -0.04722765969767102 0.1200433074206179 0.021
4819 -0.04537093098545322 0.1207573025473542 0.021
4820 -0.04350341296470325 0.1214425813190023 0.021
4821 -0.04162554973575235 0.122098980774601 0.021
4822 -0.039738 0.122727 0.02297438461538165
4823 -0.039738 0.122727 0.02494876923076099
4824 -0.039738 0.122727 0.02692315384613811
4825 -0.039738 0.122727 0.02889753846151522
4826 -0.039738 0.122727 0.03087192307689233
4827 -0.039738 0.122727 0.03284630769226944
4828 -0.039738 0.122727 0.03482069230765594
4829 -0.039738 0.122727 0.03679507692305047
4830 -0.039738 0.122727 0.03876946153844091
4831 -0.039738 0.122727 0.04074384615382928
4832 -0.039738 0.122727 0.04271823076921952
4833 -0.039738 0.122727 0.0446926153846082
4834 -0.039738 0.122727 0.04857171428571138
4835 -0.039738 0.122727 0.05047642857142373
4836 -0.039738 0.122727 0.05238114285713279
4837 -0.039738 0.122727 0.05428585714284417
4838 -0.039738 0.122727 0.05619057142855322
4839 -0.039738 0.122727 0.05809528571426015
4840 -0.039738 0.122727 0.05999999999996883
4841 -0.039738 0.122727 0.06190471428568833
4842 -0.039738 0.122727 0.06380942857140669
4843 -0.039738 0.122727 0.06571414285712658
4844 -0.039738 0.122727 0.06761885714284339
4845 -0.039738 0.122727 0.0695235714285633
4846 -0.039738 0.122727 0.07142828571428203
4847 -0.039738 0.122727 0.0753073846153844
4848 -0.039738 0.122727 0.07728176923076067
4849 -0.039738 0.122727 0.07925615384613695
4850 -0.039738 0.122727 0.08123053846151927
4851 -0.039738 0.122727 0.08320492307689971
4852 -0.039738 0.122727 0.08517930769227641
4853 -0.039738 0.122727 0.08715369230765832
4854 -0.039738 0.122727 0.08912807692304878
4855 -0.039738 0.122727 0.09110246153844173
4856 -0.039738 0.122727 0.09307684615382927
4857 -0.039738 0.122727 0.09505123076921763
4858 -0.039738 0.122727 0.09702561538460705
4859 -0.116796742654343 0.05932439527155057 0.1
4860 -0.1176562422955764 0.05760096889709941 0.1
4861 -0.1184903131620011 0.05586509335686213 0.1
4862 -0.1192987749877897 0.05411714382164588 0.1
4863 -0.1200814530419347 0.05235749807179126 0.1
4864 -0.1208381781660178 0.05058653641551015 0.1
4865 -0.1215687868107654 0.04880464160670235 0.1
4866 -0.1222731210713997 0.04701219876222371 0.1
4867 -0.1229510287217679 0.04520959527864636 0.1
4868 -0.1236023632472316 0.04339722074856187 0.1
4869 -0.1242269838763576 0.04157546687631065 0.1
4870 -0.1248247556113161 0.03974472739339414 0.1
4871 -0.1253955492570672 0.03790539797335504 0.1
4872 -0.1259392414492838 0.03605787614625942 0.1
4873 -0.126455714681014 0.03420256121278015 0.1
4874 -0.1269448573280778 0.03233985415789591 0.1
4875 -0.1274065636731912 0.03047015756423134 0.1
4876 -0.1278407339288176 0.02859387552503619 0.1
4877 -0.1282472742587312 0.02671141355686343 0.1
4878 -0.1286260967983027 0.02482317851190038 0.1
4879 -0.1289771196734793 0.02292957849008584 0.1
4880 -0.1293002670184882 0.02103102275087127 0.1
4881 -0.1298631968753282 0.01722073451742829 0.1
4882 -0.1301023260540549 0.01530974706924915 0.1
4883 -0.1303133358525233 0.01339545068250623 0.1
4884 -0.1304961806645835 0.01147825909954934 0.1
4885 -0.1306508209714875 0.009558586688225072 0.1
4886 -0.1307772233503796 0.007636848352881833 0.1
4887 -0.130875360481575 0.005713459443961948 0.1
4888 -0.1309452111544059 0.003788835669179846 0.1
4889 -0.1309867602718612 0.001863393002550982 0.1
4890 -0.1309999988538061 -6.245240421903081e-05 0.1
4891 -0.1309849240389519 -0.001988284313168946 0.1
4892 -0.1309415390854638 -0.003913686488461326 0.1
4893 -0.130869853370243 -0.005838242787952967 0.1
4894 -0.1307698823869408 -0.00776153725145251 0.1
4895 -0.1306416477425434 -0.009683154192368815 0.1
4896 -0.1304851771527895 -0.01160267828585868 0.1
4897 -0.1303005044360812 -0.01351969466011627 0.1
4898 -0.1300876695062776 -0.01543378898474011 0.1
4899 -0.1298467183639563 -0.01734454756145003 0.1
4900 -0.1295777030865869 -0.01925155741243604 0.1
4901 -0.1292806818171826 -0.0211544063704084 0.1
4902 -0.1289557187517917 -0.02305268316723211 0.1
4903 -0.1282223665656808 -0.02683391952913667 0.1
4904 -0.1278140196275581 -0.02871603927504947 0.1
4905 -0.1273780474442166 -0.03059195244339459 0.1
4906 -0.1269145442450554 -0.03246125358130616 0.1
4907 -0.1264236102099269 -0.03432353866501033 0.1
4908 -0.1259053514474835 -0.03617840518715097 0.1
4909 -0.1253598799722385 -0.03802545224380565 0.1
4910 -0.1247873136803612 -0.03986428062111673 0.1
4911 -0.1241877763241907 -0.04169449288158775 0.1
4912 -0.1235613974854951 -0.04351569344996666 0.1
4913 -0.1229083125474595 -0.04532748869875784 0.1
4914 -0.1222286626654227 -0.04712948703330328 0.1
4915 -0.1215225947363757 -0.04892129897640275 0.1
4916 -0.1207902613672082 -0.05070253725250365 0.1
4917 -0.1200318208417152 -0.05247281687142762 0.1
4918 -0.1192474370864109 -0.0542317552115222 0.1
4919 -0.1184372796350645 -0.05597897210243807 0.1
4920 -0.1176015235920923 -0.05771408990721905 0.1
4921 -0.1167403495946802 -0.05943673360399142 0.1
4922 -0.1158539437737614 -0.06114653086697665 0.1
4923 -0.114942497713786 -0.06284311214696726 0.1
4924 -0.1140062084113079 -0.06452611075120998 0.1
4925 -0.113045 -0.066195 0.09809521428571584
4926 -0.113045 -0.066195 0.09619042857143244
4927 -0.113045 -0.066195 0.09428564285715291
4928 -0.113045 -0.066195 0.09238085714286874
4929 -0.113045 -0.066195 0.09047607142858456
4930 -0.113045 -0.066195 0.08857128571430582
4931 -0.113045 -0.066195 0.08666650000002164
4932 -0.113045 -0.066195 0.08476171428573205
4933 -0.113045 -0.066195 0.08285692857144789
4934 -0.113045 -0.066195 0.08095214285715831
4935 -0.113045 -0.066195 0.07904735714286873
4936 -0.113045 -0.066195 0.07714257142857915
4937 -0.113045 -0.066195 0.07523778571428957
4938 -0.113045 -0.066195 0.07142828571428939
4939 -0.113045 -0.066195 0.06952357142857762
4940 -0.113045 -0.066195 0.06761885714286933
4941 -0.113045 -0.066195 0.06571414285716298
4942 -0.113045 -0.066195 0.06380942857145354
4943 -0.113045 -0.066195 0.06190471428574564
4944 -0.113045 -0.066195 0.06000000000003658
4945 -0.113045 -0.066195 0.05809528571431667
4946 -0.113045 -0.066195 0.05619057142859851
4947 -0.113045 -0.066195 0.05428585714287823
4948 -0.113045 -0.066195 0.05238114285716104
4949 -0.113045 -0.066195 0.05047642857144076
4950 -0.113045 -0.066195 0.04857171428571989
4951 -0.113045 -0.066195 0.04476221428571428
4952 -0.113045 -0.066195 0.04285742857143534
4953 -0.113045 -0.066195 0.04095264285715582
4954 -0.113045 -0.066195 0.0390478571428761
4955 -0.113045 -0.066195 0.03714307142859716
4956 -0.113045 -0.066195 0.03523828571431704
4957 -0.113045 -0.066195 0.03333350000003656
4958 -0.113045 -0.066195 0.03142871428574522
4959 -0.113045 -0.066195 0.0295239285714539
4960 -0.113045 -0.066195 0.02761914285716258
4961 -0.113045 -0.066195 0.02571435714287126
4962 -0.113045 -0.066195 0.02380957142857994
4963 -0.113045 -0.066195 0.02190478571428862
4964 -0.1140198833487106 -0.06450128875570189 0.02
4965 -0.1149693923305629 -0.06279322317846972 0.02
4966 -0.1158933156386376 -0.06107118338695524 0.02
4967 -0.1167914476599447 -0.05933555260966566 0.02
4968 -0.1176635885211545 -0.0575867170997308 0.02
4969 -0.1185095441331589 -0.0558250660487818 0.02
4970 -0.1193291262341339 -0.05405099150060178 0.02
4971 -0.1201221524315402 -0.05226488826366918 0.02
4972 -0.120888446242652 -0.05046715382342692 0.02
4973 -0.1216278371339164 -0.04865818825362805 0.02
4974 -0.1223401605587832 -0.04683839412758654 0.02
4975 -0.1230252579944109 -0.0450081764283851 0.02
4976 -0.1236829769769367 -0.04316794245875678 0.02
4977 -0.124313171135348 -0.04131810175060897 0.02
4978 -0.124915700224138 -0.03945906597365538 0.02
4979 -0.1254904301544608 -0.03759124884395805 0.02
4980 -0.1265557435723306 -0.03383090839534894 0.02
4981 -0.1270463240757553 -0.03193928823311736 0.02
4982 -0.127508632338998 -0.03004056046478195 0.02
4983 -0.127942565482337 -0.02813514762353132 0.02
4984 -0.1283480269405107 -0.02622347373018949 0.02
4985 -0.1287249264841936 -0.02430596419891545 0.02
4986 -0.1290731802400851 -0.02238304574249221 0.02
4987 -0.1293927107095733 -0.02045514627737192 0.02
4988 -0.1296834467859798 -0.0185226948284519 0.02
4989 -0.1299453237703827 -0.01658612143360862 0.02
4990 -0.1301782833860144 -0.01464585704800312 0.02
4991 -0.1303822737912316 -0.01270233344816311 0.02
4992 -0.130557249591052 -0.01075598313589952 0.02
4993 -0.1307031718472549 -0.008807239242064252 0.02
4994 -0.1308200080870443 -0.006856535430205358 0.02
4995 -0.1309077323102825 -0.004904305799949441 0.02
4996 -0.1309964483199064 -0.000997004297927801 0.02
4997 -0.1309967451227233 0.0009572132741892097 0.02
4998 -0.130967890342401 0.002911217831223584 0.02
4999 -0.1309098904001871 0.004864574535455175 0.02
5000 -0.1308227582031973 0.006816848693332032 0.02
5001 -0.130706513141543 0.008767605852207752 0.02
5002 -0.1305611810840165 0.01071641189702349 0.02
5003 -0.1303867943723341 0.01266283314691735 0.02
5004 -0.1301833918139371 0.01460643645174709 0.02
5005 -0.1299510186733615 0.01654678928842885 0.02
5006 -0.1296897266621567 0.0184834598572636 0.02
5007 -0.1293995739273864 0.02041601717796257 0.02
5008 -0.1290806250386803 0.02234403118561297 0.02
5009 -0.1287329509738709 0.02426707282634125 0.02
5010 -0.1283566291031983 0.02618471415280278 0.02
5011 -0.1279517431720875 0.02809652841943593 0.02
5012 -0.1270562733644297 0.03190084210084922 0.02
5013 -0.1265662731606028 0.03379258537365372 0.02
5014 -0.1260481084272452 0.03567680885271857 0.02
5015 -0.1255018944704798 0.03755309324570402 0.02
5016 -0.1249277528381604 0.0394210210269534 0.02
5017 -0.1243258112928309 0.04128017653038061 0.02
5018 -0.1236962037832905 0.0431301460419818 0.02
5019 -0.1230390704147903 0.04497051789188424 0.02
5020 -0.1223545574178431 0.04680088254599173 0.02
5021 -0.1216428171157129 0.04862083269703658 0.02
5022 -0.1209040078904842 0.05042996335530814 0.02
5023 -0.1201382941478386 0.05222787193872069 0.02
5024 -0.1193458462804616 0.05401415836241837 0.02
5025 -0.1185268406301282 0.05578842512780039 0.02
5026 -0.1176814594484616 0.05755027741097404 0.02
5027 -0.1168098908563882 0.05929932315059479 0.02
5028 -0.115912 0.061035 0.02190478571428543
5029 -0.115912 0.061035 0.02380957142856728
5030 -0.115912 0.061035 0.02571435714284651
5031 -0.115912 0.061035 0.02761914285712575
5032 -0.115912 0.061035 0.02952392857140478
5033 -0.115912 0.061035 0.03142871428568236
5034 -0.115912 0.061035 0.03333349999996141
5035 -0.115912 0.061035 0.03523828571425303
5036 -0.115912 0.061035 0.03714307142854465
5037 -0.115912 0.061035 0.03904785714283626
5038 -0.115912 0.061035 0.04095264285712788
5039 -0.115912 0.061035 0.04285742857141948
5040 -0.115912 0.061035 0.0447622142857111
5041 -0.115912 0.061035 0.04857171428571138
5042 -0.115912 0.061035 0.05047642857142373
5043 -0.115912 0.061035 0.05238114285713279
5044 -0.115912 0.061035 0.05428585714284417
5045 -0.115912 0.061035 0.05619057142855322
5046 -0.115912 0.061035 0.05809528571426015
5047 -0.115912 0.061035 0.05999999999996883
5048 -0.115912 0.061035 0.06190471428568833
5049 -0.115912 0.061035 0.06380942857140669
5050 -0.115912 0.061035 0.06571414285712658
5051 -0.115912 0.061035 0.06761885714284339
5052 -0.115912 0.061035 0.0695235714285633
5053 -0.115912 0.061035 0.07142828571428203
5054 -0.115912 0.061035 0.07523778571428649
5055 -0.115912 0.061035 0.0771425714285633
5056 -0.115912 0.061035 0.07904735714283934
5057 -0.115912 0.061035 0.08095214285711887
5058 -0.115912 0.061035 0.08285692857140536
5059 -0.115912 0.061035 0.08476171428568643
5060 -0.115912 0.061035 0.0866664999999648
5061 -0.115912 0.061035 0.08857128571424859
5062 -0.115912 0.061035 0.0904760714285405
5063 -0.115912 0.061035 0.0923808571428324
5064 -0.115912 0.061035 0.0942856428571243
5065 -0.115912 0.061035 0.0961904285714162
5066 -0.115912 0.061035 0.09809521428570811
5067 -0.1172654399953105 0.05839400147880122 0.099
5068 -0.118129415532616 0.05662582460258339 0.099
5069 -0.1189667316299685 0.05484486841339901 0.099
5070 -0.119777199321912 0.05305153483735382 0.099
5071 -0.1205606357021431 0.05124622859386969 0.099
5072 -0.1213168639647867 0.04942935710435085 0.099
5073 -0.1220457134442897 0.04760133040025593 0.099
5074 -0.1227470196539388 0.04576256103055817 0.099
5075 -0.1234206243229891 0.04391346396862353 0.099
5076 -0.1240663754323774 0.04205445651857095 0.099
5077 -0.1246841272490296 0.04018595822109755 0.099
5078 -0.1252737403587513 0.03830839075879026 0.099
5079 -0.1258350816976854 0.03642217786097975 0.099
5080 -0.1263680245823513 0.03452774520808247 0.099
5081 -0.1268724487382281 0.03262552033555458 0.099
5082 -0.1273482403268986 0.0307159325374061 0.099
5083 -0.1277952919717431 0.02879941276930712 0.099
5084 -0.1282135027821751 0.02687639355131509 0.099
5085 -0.1286027783763952 0.02494730887033259 0.099
5086 -0.1289630309027135 0.02301259408206219 0.099
5087 -0.1292941790593585 0.02107268581283712 0.099
5088 -0.1298631968753282 0.01722073451742829 0.099
5089 -0.1301023260540549 0.01530974706924915 0.099
5090 -0.1303133358525233 0.01339545068250623 0.099
5091 -0.1304961806645835 0.01147825909954934 0.099
5092 -0.1306508209714875 0.009558586688225072 0.099
5093 -0.1307772233503796 0.007636848352881833 0.099
5094 -0.130875360481575 0.005713459443961948 0.099
5095 -0.1309452111544059 0.003788835669179846 0.099
5096 -0.1309867602718612 0.001863393002550982 0.099
5097 -0.1309999988538061 -6.245240421903081e-05 0.099
5098 -0.1309849240389519 -0.001988284313168946 0.099
5099 -0.1309415390854638 -0.003913686488461326 0.099
5100 -0.130869853370243 -0.005838242787952967 0.099
5101 -0.1307698823869408 -0.00776153725145251 0.099
5102 -0.1306416477425434 -0.009683154192368815 0.099
5103 -0.1304851771527895 -0.01160267828585868 0.099
5104 -0.1303005044360812 -0.01351969466011627 0.099
5105 -0.1300876695062776 -0.01543378898474011 0.099
5106 -0.1298467183639563 -0.01734454756145003 0.099
5107 -0.1295777030865869 -0.01925155741243604 0.099
5108 -0.1292806818171826 -0.0211544063704084 0.099
5109 -0.1289557187517917 -0.02305268316723211 0.099
5110 -0.128213739904095 -0.02687510790313341 0.099
5111 -0.1277955439452323 -0.02879815050905505 0.099
5112 -0.1273485065037881 -0.03071469381671639 0.099
5113 -0.1268727284692151 -0.03262430529186493 0.099
5114 -0.1263683172172785 -0.03452655396464119 0.099
5115 -0.1258353865858098 -0.03642101052688959 0.099
5116 -0.1252740568490357 -0.03830724742897303 0.099
5117 -0.124684454690413 -0.04018483897633973 0.099
5118 -0.1240667131740536 -0.04205336142554016 0.099
5119 -0.1234209717146893 -0.04391239307987962 0.099
5120 -0.122747376046204 -0.04576151438459801 0.099
5121 -0.1220460781887409 -0.04760030802156361 0.099
5122 -0.1213172364144101 -0.04942835900341148 0.099
5123 -0.1205610152115627 -0.05124525476722064 0.099
5124 -0.1197775852476469 -0.0530505852676733 0.099
5125 -0.1189671233307255 -0.05484394306951257 0.099
5126 -0.1181298123695395 -0.05662492343957198 0.099
5127 -0.1172658413322605 -0.05839312443804588 0.099
5128 -0.1163754052038317 -0.06014814700923035 0.099
5129 -0.1154587049419397 -0.0618895950716282 0.099
5130 -0.1145159474316862 -0.06361707560728702 0.099
5131 -0.113547 -0.06533 0.09702561538461747
5132 -0.113547 -0.06533 0.09505123076923849
5133 -0.113547 -0.06533 0.09307684615386055
5134 -0.113547 -0.06533 0.09110246153848345
5135 -0.113547 -0.06533 0.08912807692310154
5136 -0.113547 -0.06533 0.08715369230772088
5137 -0.113547 -0.06533 0.08517930769233877
5138 -0.113547 -0.06533 0.0832049230769506
5139 -0.113547 -0.06533 0.08123053846155723
5140 -0.113547 -0.06533 0.07925615384616531
5141 -0.113547 -0.06533 0.07728176923077777
5142 -0.113547 -0.06533 0.07530738461539024
5143 -0.113547 -0.06533 0.07142828571428939
5144 -0.113547 -0.06533 0.06952357142857762
5145 -0.113547 -0.06533 0.06761885714286933
5146 -0.113547 -0.06533 0.06571414285716298
5147 -0.113547 -0.06533 0.06380942857145354
5148 -0.113547 -0.06533 0.06190471428574564
5149 -0.113547 -0.06533 0.06000000000003658
5150 -0.113547 -0.06533 0.05809528571431667
5151 -0.113547 -0.06533 0.05619057142859851
5152 -0.113547 -0.06533 0.05428585714287823
5153 -0.113547 -0.06533 0.05238114285716104
5154 -0.113547 -0.06533 0.05047642857144076
5155 -0.113547 -0.06533 0.04857171428571989
5156 -0.113547 -0.06533 0.04469261538461882
5157 -0.113547 -0.06533 0.04271823076923942
5158 -0.113547 -0.06533 0.04074384615386189
5159 -0.113547 -0.06533 0.03876946153848154
5160 -0.113547 -0.06533 0.03679507692310223
5161 -0.113547 -0.06533 0.0348206923077224
5162 -0.113547 -0.06533 0.03284630769233726
5163 -0.113547 -0.06533 0.03087192307695019
5164 -0.113547 -0.06533 0.02889753846155975
5165 -0.113547 -0.06533 0.02692315384617065
5166 -0.113547 -0.06533 0.02494876923078021
5167 -0.113547 -0.06533 0.02297438461538977
5168 -0.1144803373660422 -0.06368031458431378 0.021
5169 -0.1153897086744439 -0.06201729791781468 0.021
5170 -0.1162749235514778 -0.06034129814727233 0.021
5171 -0.1171357966805237 -0.05865266613734645 0.021
5172 -0.1179721478408352 -0.05695175539717928 0.021
5173 -0.1187838019452042 -0.05523892200652096 0.021
5174 -0.1195705890767273 -0.05351452454095469 0.021
5175 -0.1203323445242254 -0.05177892399715488 0.021
5176 -0.1210689088169088 -0.05003248371691169 0.021
5177 -0.1217801277575688 -0.04827556931150807 0.021
5178 -0.1224658524550504 -0.04650854858472608 0.021
5179 -0.1231259393552436 -0.04473179145628835 0.021
5180 -0.1237602502713138 -0.04294566988395648 0.021
5181 -0.1243686524124799 -0.04115055778605889 0.021
5182 -0.1249510184119011 -0.03934683096297307 0.021
5183 -0.125507226353277 -0.03753486701864429 0.021
5184 -0.1265557435723306 -0.03383090839534894 0.021
5185 -0.1270463240757553 -0.03193928823311736 0.021
5186 -0.127508632338998 -0.03004056046478195 0.021
5187 -0.127942565482337 -0.02813514762353132 0.021
5188 -0.1283480269405107 -0.02622347373018949 0.021
5189 -0.1287249264841936 -0.02430596419891545 0.021
5190 -0.1290731802400851 -0.02238304574249221 0.021
5191 -0.1293927107095733 -0.02045514627737192 0.021
5192 -0.1296834467859798 -0.0185226948284519 0.021
5193 -0.1299453237703827 -0.01658612143360862 0.021
5194 -0.1301782833860144 -0.01464585704800312 0.021
5195 -0.1303822737912316 -0.01270233344816311 0.021
5196 -0.130557249591052 -0.01075598313589952 0.021
5197 -0.1307031718472549 -0.008807239242064252 0.021
5198 -0.1308200080870443 -0.006856535430205358 0.021
5199 -0.1309077323102825 -0.004904305799949441 0.021
5200 -0.1309964483199064 -0.000997004297927801 0.021
5201 -0.1309967451227233 0.0009572132741892097 0.021
5202 -0.130967890342401 0.002911217831223584 0.021
5203 -0.1309098904001871 0.004864574535455175 0.021
5204 -0.1308227582031973 0.006816848693332032 0.021
5205 -0.130706513141543 0.008767605852207752 0.021
5206 -0.1305611810840165 0.01071641189702349 0.021
5207 -0.1303867943723341 0.01266283314691735 0.021
5208 -0.1301833918139371 0.01460643645174709 0.021
5209 -0.1299510186733615 0.01654678928842885 0.021
5210 -0.1296897266621567 0.0184834598572636 0.021
5211 -0.1293995739273864 0.02041601717796257 0.021
5212 -0.1290806250386803 0.02234403118561297 0.021
5213 -0.1287329509738709 0.02426707282634125 0.021
5214 -0.1283566291031983 0.02618471415280278 0.021
5215 -0.1279517431720875 0.02809652841943593 0.021
5216 -0.1270705806460246 0.03184380414275494 0.021
5217 -0.1265965606984623 0.03367894219420416 0.021
5218 -0.1260960393872964 0.03550702999178311 0.021
5219 -0.125569121490239 0.03732768484877678 0.021
5220 -0.125015917310777 0.03914052563449989 0.021
5221 -0.1244365426550998 0.04094517285401932 0.021
5222 -0.1238311188078485 0.04274124872762265 0.021
5223 -0.1231997725067257 0.04452837726990536 0.021
5224 -0.1225426359159724 0.04630618436845599 0.021
5225 -0.1218598465986865 0.04807429786221122 0.021
5226 -0.1211515474880408 0.04983234761932238 0.021
5227 -0.1204178868573559 0.05157996561465535 0.021
5228 -0.1196590182890649 0.05331678600682167 0.021
5229 -0.1188751006425548 0.05504244521478369 0.021
5230 -0.1180662980209022 0.05675658199398119 0.021
5231 -0.117232779736553 0.0584588375118839 0.021
5232 -0.116375 0.060149 0.02297438461538165
5233 -0.116375 0.060149 0.02494876923076099
5234 -0.116375 0.060149 0.02692315384613811
5235 -0.116375 0.060149 0.02889753846151522
5236 -0.116375 0.060149 0.03087192307689233
5237 -0.116375 0.060149 0.03284630769226944
5238 -0.116375 0.060149 0.03482069230765594
5239 -0.116375 0.060149 0.03679507692305047
5240 -0.116375 0.060149 0.03876946153844091
5241 -0.116375 0.060149 0.04074384615382928
5242 -0.116375 0.060149 0.04271823076921952
5243 -0.116375 0.060149 0.0446926153846082
5244 -0.116375 0.060149 0.04857171428571138
5245 -0.116375 0.060149 0.05047642857142373
5246 -0.116375 0.060149 0.05238114285713279
5247 -0.116375 0.060149 0.05428585714284417
5248 -0.116375 0.060149 0.05619057142855322
5249 -0.116375 0.060149 0.05809528571426015
5250 -0.116375 0.060149 0.05999999999996883
5251 -0.116375 0.060149 0.06190471428568833
5252 -0.116375 0.060149 0.06380942857140669
5253 -0.116375 0.060149 0.06571414285712658
5254 -0.116375 0.060149 0.06761885714284339
5255 -0.116375 0.060149 0.0695235714285633
5256 -0.116375 0.060149 0.07142828571428203
5257 -0.116375 0.060149 0.0753073846153844
5258 -0.116375 0.060149 0.07728176923076067
5259 -0.116375 0.060149 0.07925615384613695
5260 -0.116375 0.060149 0.08123053846151927
5261 -0.116375 0.060149 0.08320492307689971
5262 -0.116375 0.060149 0.08517930769227641
5263 -0.116375 0.060149 0.08715369230765832
5264 -0.116375 0.060149 0.08912807692304878
5265 -0.116375 0.060149 0.09110246153844173
5266 -0.116375 0.060149 0.09307684615382927
5267 -0.116375 0.060149 0.09505123076921763
5268 -0.116375 0.060149 0.09702561538460705
5269 -0.1224181876138267 -0.04067788744939845 0.1
5270 -0.1217762542136091 -0.0425610983845864 0.1
5271 -0.1211053525033834 -0.04443418482465095 0.1
5272 -0.1204056420782116 -0.04629670119710047 0.1
5273 -0.1196772893862149 -0.04814820444386456 0.1
5274 -0.1189204676889702 -0.04998825412671051 0.1
5275 -0.1181353570203138 -0.05181641253196712 0.1
5276 -0.1173221441434993 -0.05363224477468728 0.1
5277 -0.1164810225067696 -0.05543531890209912 0.1
5278 -0.1156121921973473 -0.05722520599634062 0.1
5279 -0.1147158598938263 -0.05900148027651514 0.1
5280 -0.1137922388170203 -0.06076371919994876 0.1
5281 -0.1128415486792396 -0.06251150356271071 0.1
5282 -0.1118640156320142 -0.06424441759935623 0.1
5283 -0.1108598722123151 -0.06596204908179513 0.1
5284 -0.1098293572872239 -0.06766398941737996 0.1
5285 -0.1087727159970824 -0.06934983374614567 0.1
5286 -0.1076901996972562 -0.07101918103699223 0.1
5287 -0.1065820658982744 -0.07267163418319342 0.1
5288 -0.1054485782046054 -0.07430680009680957 0.1
5289 -0.1042900062519059 -0.07592428980225907 0.1
5290 -0.1018990785481725 -0.07910500499989467 0.1
5291 -0.1006669168276516 -0.08066719210072129 0.1
5292 -0.09941080795131403 -0.08221018968149241 0.1
5293 -0.09813105072869802 -0.08373363068613289 0.1
5294 -0.09682794959493081 -0.08523715271078415 0.1
5295 -0.09550181453829452 -0.08672039809002952 0.1
5296 -0.09415296102652718 -0.08818301398192993 0.1
5297 -0.09278170993171446 -0.08962465245203016 0.1
5298 -0.09138838745401742 -0.09104497055606306 0.1
5299 -0.08997332504405045 -0.09244363042155819 0.1
5300 -0.08853685932402036 -0.09382029932822974 0.1
5301 -0.08707933200764149 -0.09517464978713051 0.1
5302 -0.08560108981890992 -0.09650635961849827 0.1
5303 -0.08410248440954758 -0.09781511202846831 0.1
5304 -0.08258387227542577 -0.0991005956843659 0.1
5305 -0.0810456146716618 -0.1003625047888529 0.1
5306 -0.07948807752676938 -0.1016005391525965 0.1
5307 -0.07791163135556876 -0.1028144042657154 0.1
5308 -0.07631665117105639 -0.1040038113678306 0.1
5309 -0.07470351639520011 -0.1051684775167544 0.1
5310 -0.07307261076866323 -0.1063081256558098 0.1
5311 -0.06975874227108211 -0.1085107908770218 0.1
5312 -0.06807689025792657 -0.1095737690910111 0.1
5313 -0.06637884404126997 -0.1106106817795856 0.1
5314 -0.06466500755417558 -0.1116212822808375 0.1
5315 -0.06293578848589573 -0.1126053301920411 0.1
5316 -0.06119159818492202 -0.1135625914268209 0.1
5317 -0.05943285156109764 -0.1144928382708567 0.1
5318 -0.05765996698695928 -0.1153958494360294 0.1
5319 -0.05587336619818947 -0.1162714101130756 0.1
5320 -0.05407347419329459 -0.1171193120226853 0.1
5321 -0.05226071913250779 -0.1179393534650463 0.1
5322 -0.05043553223592448 -0.1187313393678309 0.1
5323 -0.0485983476809674 -0.1194950813325796 0.1
5324 -0.04674960249906679 -0.1202303976795355 0.1
5325 -0.04488973647171016 -0.120937113490857 0.1
5326 -0.04301919202583283 -0.1216150606522257 0.1
5327 -0.04113841412851834 -0.1222640778928567 0.1
5328 -0.03924785018124297 -0.1228840108238281 0.1
5329 -0.03734794991337809 -0.1234747119748323 0.1
5330 -0.03543916527522619 -0.1240360408292493 0.1
5331 -0.03352195033051455 -0.1245678638575717 0.1
5332 -0.031597 -0.125071 0.09809521428571584
5333 -0.031597 -0.125071 0.09619042857143244
5334 -0.031597 -0.125071 0.09428564285715291
5335 -0.031597 -0.125071 0.09238085714286874
5336 -0.031597 -0.125071 0.09047607142858456
5337 -0.031597 -0.125071 0.08857128571430582
5338 -0.031597 -0.125071 0.08666650000002164
5339 -0.031597 -0.125071 0.08476171428573205
5340 -0.031597 -0.125071 0.08285692857144789
5341 -0.031597 -0.125071 0.08095214285715831
5342 -0.031597 -0.125071 0.07904735714286873
5343 -0.031597 -0.125071 0.07714257142857915
5344 -0.031597 -0.125071 0.07523778571428957
5345 -0.031597 -0.125071 0.07142828571428939
5346 -0.031597 -0.125071 0.06952357142857762
5347 -0.031597 -0.125071 0.06761885714286933
5348 -0.031597 -0.125071 0.06571414285716298
5349 -0.031597 -0.125071 0.06380942857145354
5350 -0.031597 -0.125071 0.06190471428574564
5351 -0.031597 -0.125071 0.06000000000003658
5352 -0.031597 -0.125071 0.05809528571431667
5353 -0.031597 -0.125071 0.05619057142859851
5354 -0.031597 -0.125071 0.05428585714287823
5355 -0.031597 -0.125071 0.05238114285716104
5356 -0.031597 -0.125071 0.05047642857144076
5357 -0.031597 -0.125071 0.04857171428571989
5358 -0.031597 -0.125071 0.04476221428571428
5359 -0.031597 -0.125071 0.04285742857143534
5360 -0.031597 -0.125071 0.04095264285715582
5361 -0.031597 -0.125071 0.0390478571428761
5362 -0.031597 -0.125071 0.03714307142859716
5363 -0.031597 -0.125071 0.03523828571431704
5364 -0.031597 -0.125071 0.03333350000003656
5365 -0.031597 -0.125071 0.03142871428574522
5366 -0.031597 -0.125071 0.0295239285714539
5367 -0.031597 -0.125071 0.02761914285716258
5368 -0.031597 -0.125071 0.02571435714287126
5369 -0.031597 -0.125071 0.02380957142857994
5370 -0.031597 -0.125071 0.02190478571428862
5371 -0.03346569615182569 -0.1245839982946192 0.02
5372 -0.03532689280252877 -0.1240690779159684 0.02
5373 -0.0371801728668972 -0.1235263542552262 0.02
5374 -0.03902512103381439 -0.1229559489341453 0.02
5375 -0.04086132385928457 -0.12235798977781 0.02
5376 -0.04268836985911542 -0.1217326107859819 0.02
5377 -0.04450584960110741 -0.1210799521030778 0.02
5378 -0.04631335579680852 -0.1204001599867634 0.02
5379 -0.04811048339280796 -0.1196933867751696 0.02
5380 -0.0498968296614827 -0.1189597908527624 0.02
5381 -0.05167199429122871 -0.1181995366148583 0.02
5382 -0.05343557947622769 -0.1174127944307593 0.02
5383 -0.05518719000553535 -0.1165997406055989 0.02
5384 -0.05692643335167936 -0.115760557340818 0.02
5385 -0.05865291975860606 -0.114895432693343 0.02
5386 -0.06036626232904891 -0.1140045605334297 0.02
5387 -0.06375192105461114 -0.112146228923877 0.02
5388 -0.06542355532050972 -0.1111793259074015 0.02
5389 -0.06708052818489688 -0.1101875076332851 0.02
5390 -0.06872246832059051 -0.1091709963677415 0.02
5391 -0.07034900776923998 -0.108130019910677 0.02
5392 -0.07195978202378618 -0.1070648115446395 0.02
5393 -0.07355443011014556 -0.1059756099825413 0.02
5394 -0.07513259466808646 -0.1048626593141764 0.02
5395 -0.07669392203135869 -0.1037262089514886 0.02
5396 -0.07823806230691627 -0.1025665135727011 0.02
5397 -0.07976466945332691 -0.1013838330652451 0.02
5398 -0.0812734013583355 -0.1001784324675072 0.02
5399 -0.08276391991551837 -0.09895058190944432 0.02
5400 -0.08423589110004724 -0.09770055655205336 0.02
5401 -0.08568898504357161 -0.09642863652568438 0.02
5402 -0.0871228761081322 -0.09513510686727084 0.02
5403 -0.08993149131222264 -0.09248415885631235 0.02
5404 -0.09130582988999751 -0.09112759295130556 0.02
5405 -0.09265970775802115 -0.08975060627760745 0.02
5406 -0.09399282152597524 -0.08835350740398575 0.02
5407 -0.09530487245662166 -0.0869366094060901 0.02
5408 -0.0965955665326485 -0.08550022979639688 0.02
5409 -0.09786461452260718 -0.08404469045300539 0.02
5410 -0.09911173204573166 -0.08257031754750058 0.02
5411 -0.1003366396356517 -0.08107744147187526 0.02
5412 -0.1015390628030069 -0.07956639676450744 0.02
5413 -0.1027187320969622 -0.07803752203518834 0.02
5414 -0.103875383165611 -0.07649115988921523 0.02
5415 -0.1050087568151653 -0.07492765685068141 0.02
5416 -0.1061185990681132 -0.07334736328472244 0.02
5417 -0.1072046612200715 -0.07175063331908435 0.02
5418 -0.1082666998955274 -0.07013782476475727 0.02
5419 -0.1103172949933287 -0.06686510242536738 0.02
5420 -0.1113058681986747 -0.06520622057395475 0.02
5421 -0.1122694980796535 -0.06353272619636798 0.02
5422 -0.1132079686895842 -0.06184499431787591 0.02
5423 -0.1141210697198896 -0.06014340315436178 0.02
5424 -0.1150085965472796 -0.05842833402746538 0.02
5425 -0.1158703502795231 -0.05670017127928813 0.02
5426 -0.1167061378001135 -0.05495930218608033 0.02
5427 -0.1175157718115014 -0.05320611687153209 0.02
5428 -0.118299070876992 -0.05144100821951689 0.02
5429 -0.1190558594615383 -0.04966437178576225 0.02
5430 -0.1197859679710089 -0.04787660570934836 0.02
5431 -0.1204892327901545 -0.04607811062359158 0.02
5432 -0.1211654963193819 -0.04426928956599425 0.02
5433 -0.1218146070099748 -0.04245054788816486 0.02
5434 -0.1224364193980992 -0.0406222931648713 0.02
5435 -0.123031 -0.038785 0.02190478571428543
5436 -0.123031 -0.038785 0.02380957142856728
5437 -0.123031 -0.038785 0.02571435714284651
5438 -0.123031 -0.038785 0.02761914285712575
5439 -0.123031 -0.038785 0.02952392857140478
5440 -0.123031 -0.038785 0.03142871428568236
5441 -0.123031 -0.038785 0.03333349999996141
5442 -0.123031 -0.038785 0.03523828571425303
5443 -0.123031 -0.038785 0.03714307142854465
5444 -0.123031 -0.038785 0.03904785714283626
5445 -0.123031 -0.038785 0.04095264285712788
5446 -0.123031 -0.038785 0.04285742857141948
5447 -0.123031 -0.038785 0.0447622142857111
5448 -0.123031 -0.038785 0.04857171428571138
5449 -0.123031 -0.038785 0.05047642857142373
5450 -0.123031 -0.038785 0.05238114285713279
5451 -0.123031 -0.038785 0.05428585714284417
5452 -0.123031 -0.038785 0.05619057142855322
5453 -0.123031 -0.038785 0.05809528571426015
5454 -0.123031 -0.038785 0.05999999999996883
5455 -0.123031 -0.038785 0.06190471428568833
5456 -0.123031 -0.038785 0.06380942857140669
5457 -0.123031 -0.038785 0.06571414285712658
5458 -0.123031 -0.038785 0.06761885714284339
5459 -0.123031 -0.038785 0.0695235714285633
5460 -0.123031 -0.038785 0.07142828571428203
5461 -0.123031 -0.038785 0.07523778571428649
5462 -0.123031 -0.038785 0.0771425714285633
5463 -0.123031 -0.038785 0.07904735714283934
5464 -0.123031 -0.038785 0.08095214285711887
5465 -0.123031 -0.038785 0.08285692857140536
5466 -0.123031 -0.038785 0.08476171428568643
5467 -0.123031 -0.038785 0.0866664999999648
5468 -0.123031 -0.038785 0.08857128571424859
5469 -0.123031 -0.038785 0.0904760714285405
5470 -0.123031 -0.038785 0.0923808571428324
5471 -0.123031 -0.038785 0.0942856428571243
5472 -0.123031 -0.038785 0.0961904285714162
5473 -0.123031 -0.038785 0.09809521428570811
5474 -0.1221141901538861 -0.04158304625758624 0.099
5475 -0.121473644104111 -0.04341864761905627 0.099
5476 -0.1208055073400347 -0.04524438715815268 0.099
5477 -0.1201099316177943 -0.04705985018855019 0.099
5478 -0.1193870749258257 -0.04886462435806993 0.099
5479 -0.11863710144898 -0.05065829974233661 0.099
5480 -0.1178601815312351 -0.0524404689378758 0.099
5481 -0.1170564916370011 -0.05421072715465728 0.099
5482 -0.1162262143110562 -0.05596867230800134 0.099
5483 -0.1153695381370626 -0.05771390510995485 0.099
5484 -0.1144866576947386 -0.059446029159968 0.099
5485 -0.1135777735156556 -0.06116465103494367 0.099
5486 -0.1126430920377163 -0.06286938037854814 0.099
5487 -0.1116828255582417 -0.06455982998991991 0.099
5488 -0.1106971921857787 -0.06623561591156815 0.099
5489 -0.1096864157905153 -0.06789635751666064 0.099
5490 -0.108650725953461 -0.06954167759542419 0.099
5491 -0.1075903579143201 -0.0711712024407942 0.099
5492 -0.1065055525180067 -0.07278456193338061 0.099
5493 -0.1053965561600038 -0.07438138962543761 0.099
5494 -0.1042636207303532 -0.07596132282416532 0.099
5495 -0.1018990785481725 -0.07910500499989467 0.099
5496 -0.1006669168276516 -0.08066719210072129 0.099
5497 -0.09941080795131403 -0.08221018968149241 0.099
5498 -0.09813105072869802 -0.08373363068613289 0.099
5499 -0.09682794959493081 -0.08523715271078415 0.099
5500 -0.09550181453829452 -0.08672039809002952 0.099
5501 -0.09415296102652718 -0.08818301398192993 0.099
5502 -0.09278170993171446 -0.08962465245203016 0.099
5503 -0.09138838745401742 -0.09104497055606306 0.099
5504 -0.08997332504405045 -0.09244363042155819 0.099
5505 -0.08853685932402036 -0.09382029932822974 0.099
5506 -0.08707933200764149 -0.09517464978713051 0.099
5507 -0.08560108981890992 -0.09650635961849827 0.099
5508 -0.08410248440954758 -0.09781511202846831 0.099
5509 -0.08258387227542577 -0.0991005956843659 0.099
5510 -0.0810456146716618 -0.1003625047888529 0.099
5511 -0.07948807752676938 -0.1016005391525965 0.099
5512 -0.07791163135556876 -0.1028144042657154 0.099
5513 -0.07631665117105639 -0.1040038113678306 0.099
5514 -0.07470351639520011 -0.1051684775167544 0.099
5515 -0.07307261076866323 -0.1063081256558098 0.099
5516 -0.06979695426437654 -0.1084862158774862 0.099
5517 -0.06815405474299642 -0.1095257900317941 0.099
5518 -0.06649567460652656 -0.1105404863324879 0.099
5519 -0.06482219054193836 -0.1115300742999154 0.099
5520 -0.06313398266695557 -0.112494329157556 0.099
5521 -0.0614314344436555 -0.1134330318831109 0.099
5522 -0.0597149325913986 -0.1143459692582328 0.099
5523 -0.05798486699903251 -0.1152329339169341 0.099
5524 -0.05624163063626406 -0.1160937243927252 0.099
5525 -0.05448561946444672 -0.1169281451643508 0.099
5526 -0.05271723234660763 -0.117736006700218 0.099
5527 -0.05093687095685923 -0.1185171255014408 0.099
5528 -0.04914493968918877 -0.119271324143509 0.099
5529 -0.0473418455655886 -0.1199984313165967 0.099
5530 -0.04552799814357621 -0.1206982818644844 0.099
5531 -0.04370380942319084 -0.121370716822063 0.099
5532 -0.04186969375343018 -0.1220155834514345 0.099
5533 -0.04002606773809617 -0.1226327352766191 0.099
5534 -0.03817335014120263 -0.123222032116814 0.099
5535 -0.03631196179181981 -0.1237833401182462 0.099
5536 -0.03444232548850192 -0.1243165317845704 0.099
5537 -0.032565 -0.124822 0.09702561538461747
5538 -0.032565 -0.124822 0.09505123076923849
5539 -0.032565 -0.124822 0.09307684615386055
5540 -0.032565 -0.124822 0.09110246153848345
5541 -0.032565 -0.124822 0.08912807692310154
5542 -0.032565 -0.124822 0.08715369230772088
5543 -0.032565 -0.124822 0.08517930769233877
5544 -0.032565 -0.124822 0.0832049230769506
5545 -0.032565 -0.124822 0.08123053846155723
5546 -0.032565 -0.124822 0.07925615384616531
5547 -0.032565 -0.124822 0.07728176923077777
5548 -0.032565 -0.124822 0.07530738461539024
5549 -0.032565 -0.124822 0.07142828571428939
5550 -0.032565 -0.124822 0.06952357142857762
5551 -0.032565 -0.124822 0.06761885714286933
5552 -0.032565 -0.124822 0.06571414285716298
5553 -0.032565 -0.124822 0.06380942857145354
5554 -0.032565 -0.124822 0.06190471428574564
5555 -0.032565 -0.124822 0.06000000000003658
5556 -0.032565 -0.124822 0.05809528571431667
5557 -0.032565 -0.124822 0.05619057142859851
5558 -0.032565 -0.124822 0.05428585714287823
5559 -0.032565 -0.124822 0.05238114285716104
5560 -0.032565 -0.124822 0.05047642857144076
5561 -0.032565 -0.124822 0.04857171428571989
5562 -0.032565 -0.124822 0.04469261538461882
5563 -0.032565 -0.124822 0.04271823076923942
5564 -0.032565 -0.124822 0.04074384615386189
5565 -0.032565 -0.124822 0.03876946153848154
5566 -0.032565 -0.124822 0.03679507692310223
5567 -0.032565 -0.124822 0.0348206923077224
5568 -0.032565 -0.124822 0.03284630769233726
5569 -0.032565 -0.124822 0.03087192307695019
5570 -0.032565 -0.124822 0.02889753846155975
5571 -0.032565 -0.124822 0.02692315384617065
5572 -0.032565 -0.124822 0.02494876923078021
5573 -0.032565 -0.124822 0.02297438461538977
5574 -0.03448597033674149 -0.1243049828403245 0.021
5575 -0.03639873949239741 -0.1237584044514334 0.021
5576 -0.03830285258732807 -0.1231823948162781 0.021
5577 -0.04019785680036068 -0.1225770909169315 0.021
5578 -0.04208330147659453 -0.1219426367019758 0.021
5579 -0.04395873823446942 -0.1212791830523004 0.021
5580 -0.045823721072423 -0.1205868877452137 0.021
5581 -0.0476778064749535 -0.1198659154169227 0.021
5582 -0.04952055351812607 -0.1191164375233679 0.021
5583 -0.05135152397439356 -0.118338632299462 0.021
5584 -0.05317028241682391 -0.1175326847166999 0.021
5585 -0.05497639632264863 -0.1166987864391702 0.021
5586 -0.05676943617611518 -0.1158371357779792 0.021
5587 -0.0585489755706613 -0.1149479376440747 0.021
5588 -0.06031459131027359 -0.1140314034995389 0.021
5589 -0.06375192105461114 -0.112146228923877 0.021
5590 -0.06542355532050972 -0.1111793259074015 0.021
5591 -0.06708052818489688 -0.1101875076332851 0.021
5592 -0.06872246832059051 -0.1091709963677415 0.021
5593 -0.07034900776923998 -0.108130019910677 0.021
5594 -0.07195978202378618 -0.1070648115446395 0.021
5595 -0.07355443011014556 -0.1059756099825413 0.021
5596 -0.07513259466808646 -0.1048626593141764 0.021
5597 -0.07669392203135869 -0.1037262089514886 0.021
5598 -0.07823806230691627 -0.1025665135727011 0.021
5599 -0.07976466945332691 -0.1013838330652451 0.021
5600 -0.0812734013583355 -0.1001784324675072 0.021
5601 -0.08276391991551837 -0.09895058190944432 0.021
5602 -0.08423589110004724 -0.09770055655205336 0.021
5603 -0.08568898504357161 -0.09642863652568438 0.021
5604 -0.0871228761081322 -0.09513510686727084 0.021
5605 -0.08993149131222264 -0.09248415885631235 0.021
5606 -0.09130582988999751 -0.09112759295130556 0.021
5607 -0.09265970775802115 -0.08975060627760745 0.021
5608 -0.09399282152597524 -0.08835350740398575 0.021
5609 -0.09530487245662166 -0.0869366094060901 0.021
5610 -0.0965955665326485 -0.08550022979639688 0.021
5611 -0.09786461452260718 -0.08404469045300539 0.021
5612 -0.09911173204573166 -0.08257031754750058 0.021
5613 -0.1003366396356517 -0.08107744147187526 0.021
5614 -0.1015390628030069 -0.07956639676450744 0.021
5615 -0.1027187320969622 -0.07803752203518834 0.021
5616 -0.103875383165611 -0.07649115988921523 0.021
5617 -0.1050087568151653 -0.07492765685068141 0.021
5618 -0.1061185990681132 -0.07334736328472244 0.021
5619 -0.1072046612200715 -0.07175063331908435 0.021
5620 -0.1082666998955274 -0.07013782476475727 0.021
5621 -0.1103474383744432 -0.06681534510274151 0.021
5622 -0.1113646358825304 -0.06510580136786127 0.021
5623 -0.1123553506325703 -0.063380775328424 0.021
5624 -0.113319347030175 -0.06164067719983903 0.021
5625 -0.1142563958351044 -0.05988592078086417 0.021
5626 -0.1151662742148223 -0.05811692335693915 0.021
5627 -0.1160487657984368 -0.05633410559918003 0.021
5628 -0.1169036607273562 -0.05453789146587149 0.021
5629 -0.1177307557056986 -0.05272870810066463 0.021
5630 -0.1185298540484771 -0.05090698573129919 0.021
5631 -0.1193007657282255 -0.04907315756764631 0.021
5632 -0.1200433074206179 -0.04722765969767102 0.021
5633 -0.1207573025473542 -0.04537093098545322 0.021
5634 -0.1214425813190023 -0.04350341296470325 0.021
5635 -0.122098980774601 -0.04162554973575235 0.021
5636 -0.122727 -0.039738 0.02297438461538165
5637 -0.122727 -0.039738 0.02494876923076099
5638 -0.122727 -0.039738 0.02692315384613811
5639 -0.122727 -0.039738 0.02889753846151522
5640 -0.122727 -0.039738 0.03087192307689233
5641 -0.122727 -0.039738 0.03284630769226944
5642 -0.122727 -0.039738 0.03482069230765594
5643 -0.122727 -0.039738 0.03679507692305047
5644 -0.122727 -0.039738 0.03876946153844091
5645 -0.122727 -0.039738 0.04074384615382928
5646 -0.122727 -0.039738 0.04271823076921952
5647 -0.122727 -0.039738 0.0446926153846082
5648 -0.122727 -0.039738 0.04857171428571138
5649 -0.122727 -0.039738 0.05047642857142373
5650 -0.122727 -0.039738 0.05238114285713279
5651 -0.122727 -0.039738 0.05428585714284417
5652 -0.122727 -0.039738 0.05619057142855322
5653 -0.122727 -0.039738 0.05809528571426015
5654 -0.122727 -0.039738 0.05999999999996883
5655 -0.122727 -0.039738 0.06190471428568833
5656 -0.122727 -0.039738 0.06380942857140669
5657 -0.122727 -0.039738 0.06571414285712658
5658 -0.122727 -0.039738 0.06761885714284339
5659 -0.122727 -0.039738 0.0695235714285633
5660 -0.122727 -0.039738 0.07142828571428203
5661 -0.122727 -0.039738 0.0753073846153844
5662 -0.122727 -0.039738 0.07728176923076067
5663 -0.122727 -0.039738 0.07925615384613695
5664 -0.122727 -0.039738 0.08123053846151927
5665 -0.122727 -0.039738 0.08320492307689971
5666 -0.122727 -0.039738 0.08517930769227641
5667 -0.122727 -0.039738 0.08715369230765832
5668 -0.122727 -0.039738 0.08912807692304878
5669 -0.122727 -0.039738 0.09110246153844173
5670 -0.122727 -0.039738 0.09307684615382927
5671 -0.122727 -0.039738 0.09505123076921763
5672 -0.122727 -0.039738 0.09702561538460705
5673 -0.05932439527155057 -0.116796742654343 0.1
5674 -0.05760096889709941 -0.1176562422955764 0.1
5675 -0.05586509335686213 -0.1184903131620011 0.1
5676 -0.05411714382164588 -0.1192987749877897 0.1
5677 -0.05235749807179126 -0.1200814530419347 0.1
5678 -0.05058653641551015 -0.1208381781660178 0.1
5679 -0.04880464160670235 -0.1215687868107654 0.1
5680 -0.04701219876222371 -0.1222731210713997 0.1
5681 -0.04520959527864636 -0.1229510287217679 0.1
5682 -0.04339722074856187 -0.1236023632472316 0.1
5683 -0.04157546687631065 -0.1242269838763576 0.1
5684 -0.03974472739339414 -0.1248247556113161 0.1
5685 -0.03790539797335504 -0.1253955492570672 0.1
5686 -0.03605787614625942 -0.1259392414492838 0.1
5687 -0.03420256121278015 -0.126455714681014 0.1
5688 -0.03233985415789591 -0.1269448573280778 0.1
5689 -0.03047015756423134 -0.1274065636731912 0.1
5690 -0.02859387552503619 -0.1278407339288176 0.1
5691 -0.02671141355686343 -0.1282472742587312 0.1
5692 -0.02482317851190038 -0.1286260967983027 0.1
5693 -0.02292957849008584 -0.1289771196734793 0.1
5694 -0.02103102275087127 -0.1293002670184882 0.1
5695 -0.01722073451742829 -0.1298631968753282 0.1
5696 -0.01530974706924915 -0.1301023260540549 0.1
5697 -0.01339545068250623 -0.1303133358525233 0.1
5698 -0.01147825909954934 -0.1304961806645835 0.1
5699 -0.009558586688225072 -0.1306508209714875 0.1
5700 -0.007636848352881833 -0.1307772233503796 0.1
5701 -0.005713459443961948 -0.130875360481575 0.1
5702 -0.003788835669179846 -0.1309452111544059 0.1
5703 -0.001863393002550982 -0.1309867602718612 0.1
5704 6.245240421903081e-05 -0.1309999988538061 0.1
5705 0.001988284313168946 -0.1309849240389519 0.1
5706 0.003913686488461326 -0.1309415390854638 0.1
5707 0.005838242787952967 -0.130869853370243 0.1
5708 0.00776153725145251 -0.1307698823869408 0.1
5709 0.009683154192368815 -0.1306416477425434 0.1
5710 0.01160267828585868 -0.1304851771527895 0.1
5711 0.01351969466011627 -0.1303005044360812 0.1
5712 0.01543378898474011 -0.1300876695062776 0.1
5713 0.01734454756145003 -0.1298467183639563 0.1
5714 0.01925155741243604 -0.1295777030865869 0.1
5715 0.0211544063704084 -0.1292806818171826 0.1
5716 0.02305268316723211 -0.1289557187517917 0.1
5717 0.02683391952913667 -0.1282223665656808 0.1
5718 0.02871603927504947 -0.1278140196275581 0.1
5719 0.03059195244339459 -0.1273780474442166 0.1
5720 0.03246125358130616 -0.1269145442450554 0.1
5721 0.03432353866501033 -0.1264236102099269 0.1
5722 0.03617840518715097 -0.1259053514474835 0.1
5723 0.03802545224380565 -0.1253598799722385 0.1
5724 0.03986428062111673 -0.1247873136803612 0.1
5725 0.04169449288158775 -0.1241877763241907 0.1
5726 0.04351569344996666 -0.1235613974854951 0.1
5727 0.04532748869875784 -0.1229083125474595 0.1
5728 0.04712948703330328 -0.1222286626654227 0.1
5729 0.04892129897640275 -0.1215225947363757 0.1
5730 0.05070253725250365 -0.1207902613672082 0.1
5731 0.05247281687142762 -0.1200318208417152 0.1
5732 0.0542317552115222 -0.1192474370864109 0.1
5733 0.05597897210243807 -0.1184372796350645 0.1
5734 0.05771408990721905 -0.1176015235920923 0.1
5735 0.05943673360399142 -0.1167403495946802 0.1
5736 0.06114653086697665 -0.1158539437737614 0.1
5737 0.06284311214696726 -0.114942497713786 0.1
5738 0.06452611075120998 -0.1140062084113079 0.1
5739 0.066195 -0.113045 0.09809521428571584
5740 0.066195 -0.113045 0.09619042857143244
5741 0.066195 -0.113045 0.09428564285715291
5742 0.066195 -0.113045 0.09238085714286874
5743 0.066195 -0.113045 0.09047607142858456
5744 0.066195 -0.113045 0.08857128571430582
5745 0.066195 -0.113045 0.08666650000002164
5746 0.066195 -0.113045 0.08476171428573205
5747 0.066195 -0.113045 0.08285692857144789
5748 0.066195 -0.113045 0.08095214285715831
5749 0.066195 -0.113045 0.07904735714286873
5750 0.066195 -0.113045 0.07714257142857915
5751 0.066195 -0.113045 0.07523778571428957
5752 0.066195 -0.113045 0.07142828571428939
5753 0.066195 -0.113045 0.06952357142857762
5754 0.066195 -0.113045 0.06761885714286933
5755 0.066195 -0.113045 0.06571414285716298
5756 0.066195 -0.113045 0.06380942857145354
5757 0.066195 -0.113045 0.06190471428574564
5758 0.066195 -0.113045 0.06000000000003658
5759 0.066195 -0.113045 0.05809528571431667
5760 0.066195 -0.113045 0.05619057142859851
5761 0.066195 -0.113045 0.05428585714287823
5762 0.066195 -0.113045 0.05238114285716104
5763 0.066195 -0.113045 0.05047642857144076
5764 0.066195 -0.113045 0.04857171428571989
5765 0.066195 -0.113045 0.04476221428571428
5766 0.066195 -0.113045 0.04285742857143534
5767 0.066195 -0.113045 0.04095264285715582
5768 0.066195 -0.113045 0.0390478571428761
5769 0.066195 -0.113045 0.03714307142859716
5770 0.066195 -0.113045 0.03523828571431704
5771 0.066195 -0.113045 0.03333350000003656
5772 0.066195 -0.113045 0.03142871428574522
5773 0.066195 -0.113045 0.0295239285714539
5774 0.066195 -0.113045 0.02761914285716258
5775 0.066195 -0.113045 0.02571435714287126
5776 0.066195 -0.113045 0.02380957142857994
5777 0.066195 -0.113045 0.02190478571428862
5778 0.06450128875570189 -0.1140198833487106 0.02
5779 0.06279322317846972 -0.1149693923305629 0.02
5780 0.06107118338695524 -0.1158933156386376 0.02
5781 0.05933555260966566 -0.1167914476599447 0.02
5782 0.0575867170997308 -0.1176635885211545 0.02
5783 0.0558250660487818 -0.1185095441331589 0.02
5784 0.05405099150060178 -0.1193291262341339 0.02
5785 0.05226488826366918 -0.1201221524315402 0.02
5786 0.05046715382342692 -0.120888446242652 0.02
5787 0.04865818825362805 -0.1216278371339164 0.02
5788 0.04683839412758654 -0.1223401605587832 0.02
5789 0.0450081764283851 -0.1230252579944109 0.02
5790 0.04316794245875678 -0.1236829769769367 0.02
5791 0.04131810175060897 -0.124313171135348 0.02
5792 0.03945906597365538 -0.124915700224138 0.02
5793 0.03759124884395805 -0.1254904301544608 0.02
5794 0.03383090839534894 -0.1265557435723306 0.02
5795 0.03193928823311736 -0.1270463240757553 0.02
5796 0.03004056046478195 -0.127508632338998 0.02
5797 0.02813514762353132 -0.127942565482337 0.02
5798 0.02622347373018949 -0.1283480269405107 0.02
5799 0.02430596419891545 -0.1287249264841936 0.02
5800 0.02238304574249221 -0.1290731802400851 0.02
5801 0.02045514627737192 -0.1293927107095733 0.02
5802 0.0185226948284519 -0.1296834467859798 0.02
5803 0.01658612143360862 -0.1299453237703827 0.02
5804 0.01464585704800312 -0.1301782833860144 0.02
5805 0.01270233344816311 -0.1303822737912316 0.02
5806 0.01075598313589952 -0.130557249591052 0.02
5807 0.008807239242064252 -0.1307031718472549 0.02
5808 0.006856535430205358 -0.1308200080870443 0.02
5809 0.004904305799949441 -0.1309077323102825 0.02
5810 0.000997004297927801 -0.1309964483199064 0.02
5811 -0.0009572132741892097 -0.1309967451227233 0.02
5812 -0.002911217831223584 -0.130967890342401 0.02
5813 -0.004864574535455175 -0.1309098904001871 0.02
5814 -0.006816848693332032 -0.1308227582031973 0.02
5815 -0.008767605852207752 -0.130706513141543 0.02
5816 -0.01071641189702349 -0.1305611810840165 0.02
5817 -0.01266283314691735 -0.1303867943723341 0.02
5818 -0.01460643645174709 -0.1301833918139371 0.02
5819 -0.01654678928842885 -0.1299510186733615 0.02
5820 -0.0184834598572636 -0.1296897266621567 0.02
5821 -0.02041601717796257 -0.1293995739273864 0.02
5822 -0.02234403118561297 -0.1290806250386803 0.02
5823 -0.02426707282634125 -0.1287329509738709 0.02
5824 -0.02618471415280278 -0.1283566291031983 0.02
5825 -0.02809652841943593 -0.1279517431720875 0.02
5826 -0.03190084210084922 -0.1270562733644297 0.02
5827 -0.03379258537365372 -0.1265662731606028 0.02
5828 -0.03567680885271857 -0.1260481084272452 0.02
5829 -0.03755309324570402 -0.1255018944704798 0.02
5830 -0.0394210210269534 -0.1249277528381604 0.02
5831 -0.04128017653038061 -0.1243258112928309 0.02
5832 -0.0431301460419818 -0.1236962037832905 0.02
5833 -0.04497051789188424 -0.1230390704147903 0.02
5834 -0.04680088254599173 -0.1223545574178431 0.02
5835 -0.04862083269703658 -0.1216428171157129 0.02
5836 -0.05042996335530814 -0.1209040078904842 0.02
5837 -0.05222787193872069 -0.1201382941478386 0.02
5838 -0.05401415836241837 -0.1193458462804616 0.02
5839 -0.05578842512780039 -0.1185268406301282 0.02
5840 -0.05755027741097404 -0.1176814594484616 0.02
5841 -0.05929932315059479 -0.1168098908563882 0.02
5842 -0.061035 -0.115912 0.02190478571428543
5843 -0.061035 -0.115912 0.02380957142856728
5844 -0.061035 -0.115912 0.02571435714284651
5845 -0.061035 -0.115912 0.02761914285712575
5846 -0.061035 -0.115912 0.02952392857140478
5847 -0.061035 -0.115912 0.03142871428568236
5848 -0.061035 -0.115912 0.03333349999996141
5849 -0.061035 -0.115912 0.03523828571425303
5850 -0.061035 -0.115912 0.03714307142854465
5851 -0.061035 -0.115912 0.03904785714283626
5852 -0.061035 -0.115912 0.04095264285712788
5853 -0.061035 -0.115912 0.04285742857141948
5854 -0.061035 -0.115912 0.0447622142857111
5855 -0.061035 -0.115912 0.04857171428571138
5856 -0.061035 -0.115912 0.05047642857142373
5857 -0.061035 -0.115912 0.05238114285713279
5858 -0.061035 -0.115912 0.05428585714284417
5859 -0.061035 -0.115912 0.05619057142855322
5860 -0.061035 -0.115912 0.05809528571426015
5861 -0.061035 -0.115912 0.05999999999996883
5862 -0.061035 -0.115912 0.06190471428568833
5863 -0.061035 -0.115912 0.06380942857140669
5864 -0.061035 -0.115912 0.06571414285712658
5865 -0.061035 -0.115912 0.06761885714284339
5866 -0.061035 -0.115912 0.0695235714285633
5867 -0.061035 -0.115912 0.07142828571428203
5868 -0.061035 -0.115912 0.07523778571428649
5869 -0.061035 -0.115912 0.0771425714285633
5870 -0.061035 -0.115912 0.07904735714283934
5871 -0.061035 -0.115912 0.08095214285711887
5872 -0.061035 -0.115912 0.08285692857140536
5873 -0.061035 -0.115912 0.08476171428568643
5874 -0.061035 -0.115912 0.0866664999999648
5875 -0.061035 -0.115912 0.08857128571424859
5876 -0.061035 -0.115912 0.0904760714285405
5877 -0.061035 -0.115912 0.0923808571428324
5878 -0.061035 -0.115912 0.0942856428571243
5879 -0.061035 -0.115912 0.0961904285714162
5880 -0.061035 -0.115912 0.09809521428570811
5881 -0.05839400147880122 -0.1172654399953105 0.099
5882 -0.05662582460258339 -0.118129415532616 0.099
5883 -0.05484486841339901 -0.1189667316299685 0.099
5884 -0.05305153483735382 -0.119777199321912 0.099
5885 -0.05124622859386969 -0.1205606357021431 0.099
5886 -0.04942935710435085 -0.1213168639647867 0.099
5887 -0.04760133040025593 -0.1220457134442897 0.099
5888 -0.04576256103055817 -0.1227470196539388 0.099
5889 -0.04391346396862353 -0.1234206243229891 0.099
5890 -0.04205445651857095 -0.1240663754323774 0.099
5891 -0.04018595822109755 -0.1246841272490296 0.099
5892 -0.03830839075879026 -0.1252737403587513 0.099
5893 -0.03642217786097975 -0.1258350816976854 0.099
5894 -0.03452774520808247 -0.1263680245823513 0.099
5895 -0.03262552033555458 -0.1268724487382281 0.099
5896 -0.0307159325374061 -0.1273482403268986 0.099
5897 -0.02879941276930712 -0.1277952919717431 0.099
5898 -0.02687639355131509 -0.1282135027821751 0.099
5899 -0.02494730887033259 -0.1286027783763952 0.099
5900 -0.02301259408206219 -0.1289630309027135 0.099
5901 -0.02107268581283712 -0.1292941790593585 0.099
5902 -0.01722073451742829 -0.1298631968753282 0.099
5903 -0.01530974706924915 -0.1301023260540549 0.099
5904 -0.01339545068250623 -0.1303133358525233 0.099
5905 -0.01147825909954934 -0.1304961806645835 0.099
5906 -0.009558586688225072 -0.1306508209714875 0.099
5907 -0.007636848352881833 -0.1307772233503796 0.099
5908 -0.005713459443961948 -0.130875360481575 0.099
5909 -0.003788835669179846 -0.1309452111544059 0.099
5910 -0.001863393002550982 -0.1309867602718612 0.099
5911 6.245240421903081e-05 -0.1309999988538061 0.099
5912 0.001988284313168946 -0.1309849240389519 0.099
5913 0.003913686488461326 -0.1309415390854638 0.099
5914 0.005838242787952967 -0.130869853370243 0.099
5915 0.00776153725145251 -0.1307698823869408 0.099
5916 0.009683154192368815 -0.1306416477425434 0.099
5917 0.01160267828585868 -0.1304851771527895 0.099
5918 0.01351969466011627 -0.1303005044360812 0.099
5919 0.01543378898474011 -0.1300876695062776 0.099
5920 0.01734454756145003 -0.1298467183639563 0.099
5921 0.01925155741243604 -0.1295777030865869 0.099
5922 0.0211544063704084 -0.1292806818171826 0.099
5923 0.02305268316723211 -0.1289557187517917 0.099
5924 0.02687510790313341 -0.128213739904095 0.099
5925 0.02879815050905505 -0.1277955439452323 0.099
5926 0.03071469381671639 -0.1273485065037881 0.099
5927 0.03262430529186493 -0.1268727284692151 0.099
5928 0.03452655396464119 -0.1263683172172785 0.099
5929 0.03642101052688959 -0.1258353865858098 0.099
5930 0.03830724742897303 -0.1252740568490357 0.099
5931 0.04018483897633973 -0.124684454690413 0.099
5932 0.04205336142554016 -0.1240667131740536 0.099
5933 0.04391239307987962 -0.1234209717146893 0.099
5934 0.04576151438459801 -0.122747376046204 0.099
5935 0.04760030802156361 -0.1220460781887409 0.099
5936 0.04942835900341148 -0.1213172364144101 0.099
5937 0.05124525476722064 -0.1205610152115627 0.099
5938 0.0530505852676733 -0.1197775852476469 0.099
5939 0.05484394306951257 -0.1189671233307255 0.099
5940 0.05662492343957198 -0.1181298123695395 0.099
5941 0.05839312443804588 -0.1172658413322605 0.099
5942 0.06014814700923035 -0.1163754052038317 0.099
5943 0.0618895950716282 -0.1154587049419397 0.099
5944 0.06361707560728702 -0.1145159474316862 0.099
5945 0.06533 -0.113547 0.09702561538461747
5946 0.06533 -0.113547 0.09505123076923849
5947 0.06533 -0.113547 0.09307684615386055
5948 0.06533 -0.113547 0.09110246153848345
5949 0.06533 -0.113547 0.08912807692310154
5950 0.06533 -0.113547 0.08715369230772088
5951 0.06533 -0.113547 0.08517930769233877
5952 0.06533 -0.113547 0.0832049230769506
5953 0.06533 -0.113547 0.08123053846155723
5954 0.06533 -0.113547 0.07925615384616531
5955 0.06533 -0.113547 0.07728176923077777
5956 0.06533 -0.113547 0.07530738461539024
5957 0.06533 -0.113547 0.07142828571428939
5958 0.06533 -0.113547 0.06952357142857762
5959 0.06533 -0.113547 0.06761885714286933
5960 0.06533 -0.113547 0.06571414285716298
5961 0.06533 -0.113547 0.06380942857145354
5962 0.06533 -0.113547 0.06190471428574564
5963 0.06533 -0.113547 0.06000000000003658
5964 0.06533 -0.113547 0.05809528571431667
5965 0.06533 -0.113547 0.05619057142859851
5966 0.06533 -0.113547 0.05428585714287823
5967 0.06533 -0.113547 0.05238114285716104
5968 0.06533 -0.113547 0.05047642857144076
5969 0.06533 -0.113547 0.04857171428571989
5970 0.06533 -0.113547 0.04469261538461882
5971 0.06533 -0.113547 0.04271823076923942
5972 0.06533 -0.113547 0.04074384615386189
5973 0.06533 -0.113547 0.03876946153848154
5974 0.06533 -0.113547 0.03679507692310223
5975 0.06533 -0.113547 0.0348206923077224
5976 0.06533 -0.113547 0.03284630769233726
5977 0.06533 -0.113547 0.03087192307695019
5978 0.06533 -0.113547 0.02889753846155975
5979 0.06533 -0.113547 0.02692315384617065
5980 0.06533 -0.113547 0.02494876923078021
5981 0.06533 -0.113547 0.02297438461538977
5982 0.06368031458431378 -0.1144803373660422 0.021
5983 0.06201729791781468 -0.1153897086744439 0.021
5984 0.06034129814727233 -0.1162749235514778 0.021
5985 0.05865266613734645 -0.1171357966805237 0.021
5986 0.05695175539717928 -0.1179721478408352 0.021
5987 0.05523892200652096 -0.1187838019452042 0.021
5988 0.05351452454095469 -0.1195705890767273 0.021
5989 0.05177892399715488 -0.1203323445242254 0.021
5990 0.05003248371691169 -0.1210689088169088 0.021
5991 0.04827556931150807 -0.1217801277575688 0.021
5992 0.04650854858472608 -0.1224658524550504 0.021
5993 0.04473179145628835 -0.1231259393552436 0.021
5994 0.04294566988395648 -0.1237602502713138 0.021
5995 0.04115055778605889 -0.1243686524124799 0.021
5996 0.03934683096297307 -0.1249510184119011 0.021
5997 0.03753486701864429 -0.125507226353277 0.021
5998 0.03383090839534894 -0.1265557435723306 0.021
5999 0.03193928823311736 -0.1270463240757553 0.021
6000 0.03004056046478195 -0.127508632338998 0.021
6001 0.02813514762353132 -0.127942565482337 0.021
6002 0.02622347373018949 -0.1283480269405107 0.021
6003 0.02430596419891545 -0.1287249264841936 0.021
6004 0.02238304574249221 -0.1290731802400851 0.021
6005 0.02045514627737192 -0.1293927107095733 0.021
6006 0.0185226948284519 -0.1296834467859798 0.021
6007 0.01658612143360862 -0.1299453237703827 0.021
6008 0.01464585704800312 -0.1301782833860144 0.021
6009 0.01270233344816311 -0.1303822737912316 0.021
6010 0.01075598313589952 -0.130557249591052 0.021
6011 0.008807239242064252 -0.1307031718472549 0.021
6012 0.006856535430205358 -0.1308200080870443 0.021
6013 0.004904305799949441 -0.1309077323102825 0.021
6014 0.000997004297927801 -0.1309964483199064 0.021
6015 -0.0009572132741892097 -0.1309967451227233 0.021
6016 -0.002911217831223584 -0.130967890342401 0.021
6017 -0.004864574535455175 -0.1309098904001871 0.021
6018 -0.006816848693332032 -0.1308227582031973 0.021
6019 -0.008767605852207752 -0.130706513141543 0.021
6020 -0.01071641189702349 -0.1305611810840165 0.021
6021 -0.01266283314691735 -0.1303867943723341 0.021
6022 -0.01460643645174709 -0.1301833918139371 0.021
6023 -0.01654678928842885 -0.1299510186733615 0.021
6024 -0.0184834598572636 -0.1296897266621567 0.021
6025 -0.02041601717796257 -0.1293995739273864 0.021
6026 -0.02234403118561297 -0.1290806250386803 0.021
6027 -0.02426707282634125 -0.1287329509738709 0.021
6028 -0.02618471415280278 -0.1283566291031983 0.021
6029 -0.02809652841943593 -0.1279517431720875 0.021
6030 -0.03184380414275494 -0.1270705806460246 0.021
6031 -0.03367894219420416 -0.1265965606984623 0.021
6032 -0.03550702999178311 -0.1260960393872964 0.021
6033 -0.03732768484877678 -0.125569121490239 0.021
6034 -0.03914052563449989 -0.125015917310777 0.021
6035 -0.04094517285401932 -0.1244365426550998 0.021
6036 -0.04274124872762265 -0.1238311188078485 0.021
6037 -0.04452837726990536 -0.1231997725067257 0.021
6038 -0.04630618436845599 -0.1225426359159724 0.021
6039 -0.04807429786221122 -0.1218598465986865 0.021
6040 -0.04983234761932238 -0.1211515474880408 0.021
6041 -0.05157996561465535 -0.1204178868573559 0.021
6042 -0.05331678600682167 -0.1196590182890649 0.021
6043 -0.05504244521478369 -0.1188751006425548 0.021
6044 -0.05675658199398119 -0.1180662980209022 0.021
6045 -0.0584588375118839 -0.117232779736553 0.021
6046 -0.060149 -0.116375 0.02297438461538165
6047 -0.060149 -0.116375 0.02494876923076099
6048 -0.060149 -0.116375 0.02692315384613811
6049 -0.060149 -0.116375 0.02889753846151522
6050 -0.060149 -0.116375 0.03087192307689233
6051 -0.060149 -0.116375 0.03284630769226944
6052 -0.060149 -0.116375 0.03482069230765594
6053 -0.060149 -0.116375 0.03679507692305047
6054 -0.060149 -0.116375 0.03876946153844091
6055 -0.060149 -0.116375 0.04074384615382928
6056 -0.060149 -0.116375 0.04271823076921952
6057 -0.060149 -0.116375 0.0446926153846082
6058 -0.060149 -0.116375 0.04857171428571138
6059 -0.060149 -0.116375 0.05047642857142373
6060 -0.060149 -0.116375 0.05238114285713279
6061 -0.060149 -0.116375 0.05428585714284417
6062 -0.060149 -0.116375 0.05619057142855322
6063 -0.060149 -0.116375 0.05809528571426015
6064 -0.060149 -0.116375 0.05999999999996883
6065 -0.060149 -0.116375 0.06190471428568833
6066 -0.060149 -0.116375 0.06380942857140669
6067 -0.060149 -0.116375 0.06571414285712658
6068 -0.060149 -0.116375 0.06761885714284339
6069 -0.060149 -0.116375 0.0695235714285633
6070 -0.060149 -0.116375 0.07142828571428203
6071 -0.060149 -0.116375 0.0753073846153844
6072 -0.060149 -0.116375 0.07728176923076067
6073 -0.060149 -0.116375 0.07925615384613695
6074 -0.060149 -0.116375 0.08123053846151927
6075 -0.060149 -0.116375 0.08320492307689971
6076 -0.060149 -0.116375 0.08517930769227641
6077 -0.060149 -0.116375 0.08715369230765832
6078 -0.060149 -0.116375 0.08912807692304878
6079 -0.060149 -0.116375 0.09110246153844173
6080 -0.060149 -0.116375 0.09307684615382927
6081 -0.060149 -0.116375 0.09505123076921763
6082 -0.060149 -0.116375 0.09702561538460705
6083 0.04067788744939845 -0.1224181876138267 0.1
6084 0.0425610983845864 -0.1217762542136091 0.1
6085 0.04443418482465095 -0.1211053525033834 0.1
6086 0.04629670119710047 -0.1204056420782116 0.1
6087 0.04814820444386456 -0.1196772893862149 0.1
6088 0.04998825412671051 -0.1189204676889702 0.1
6089 0.05181641253196712 -0.1181353570203138 0.1
6090 0.05363224477468728 -0.1173221441434993 0.1
6091 0.05543531890209912 -0.1164810225067696 0.1
6092 0.05722520599634062 -0.1156121921973473 0.1
6093 0.05900148027651514 -0.1147158598938263 0.1
6094 0.06076371919994876 -0.1137922388170203 0.1
6095 0.06251150356271071 -0.1128415486792396 0.1
6096 0.06424441759935623 -0.1118640156320142 0.1
6097 0.06596204908179513 -0.1108598722123151 0.1
6098 0.06766398941737996 -0.1098293572872239 0.1
6099 0.06934983374614567 -0.1087727159970824 0.1
6100 0.07101918103699223 -0.1076901996972562 0.1
6101 0.07267163418319342 -0.1065820658982744 0.1
6102 0.07430680009680957 -0.1054485782046054 0.1
6103 0.07592428980225907 -0.1042900062519059 0.1
6104 0.07910500499989467 -0.1018990785481725 0.1
6105 0.08066719210072129 -0.1006669168276516 0.1
6106 0.08221018968149241 -0.09941080795131403 0.1
6107 0.08373363068613289 -0.09813105072869802 0.1
6108 0.08523715271078415 -0.09682794959493081 0.1
6109 0.08672039809002952 -0.09550181453829452 0.1
6110 0.08818301398192993 -0.09415296102652718 0.1
6111 0.08962465245203016 -0.09278170993171446 0.1
6112 0.09104497055606306 -0.09138838745401742 0.1
6113 0.09244363042155819 -0.08997332504405045 0.1
6114 0.09382029932822974 -0.08853685932402036 0.1
6115 0.09517464978713051 -0.08707933200764149 0.1
6116 0.09650635961849827 -0.08560108981890992 0.1
6117 0.09781511202846831 -0.08410248440954758 0.1
6118 0.0991005956843659 -0.08258387227542577 0.1
6119 0.1003625047888529 -0.0810456146716618 0.1
6120 0.1016005391525965 -0.07948807752676938 0.1
6121 0.1028144042657154 -0.07791163135556876 0.1
6122 0.1040038113678306 -0.07631665117105639 0.1
6123 0.1051684775167544 -0.07470351639520011 0.1
6124 0.1063081256558098 -0.07307261076866323 0.1
6125 0.1085107908770218 -0.06975874227108211 0.1
6126 0.1095737690910111 -0.06807689025792657 0.1
6127 0.1106106817795856 -0.06637884404126997 0.1
6128 0.1116212822808375 -0.06466500755417558 0.1
6129 0.1126053301920411 -0.06293578848589573 0.1
6130 0.1135625914268209 -0.06119159818492202 0.1
6131 0.1144928382708567 -0.05943285156109764 0.1
6132 0.1153958494360294 -0.05765996698695928 0.1
6133 0.1162714101130756 -0.05587336619818947 0.1
6134 0.1171193120226853 -0.05407347419329459 0.1
6135 0.1179393534650463 -0.05226071913250779 0.1
6136 0.1187313393678309 -0.05043553223592448 0.1
6137 0.1194950813325796 -0.0485983476809674 0.1
6138 0.1202303976795355 -0.04674960249906679 0.1
6139 0.120937113490857 -0.04488973647171016 0.1
6140 0.1216150606522257 -0.04301919202583283 0.1
6141 0.1222640778928567 -0.04113841412851834 0.1
6142 0.1228840108238281 -0.03924785018124297 0.1
6143 0.1234747119748323 -0.03734794991337809 0.1
6144 0.1240360408292493 -0.03543916527522619 0.1
6145 0.1245678638575717 -0.03352195033051455 0.1
6146 0.125071 -0.031597 0.09809521428571584
6147 0.125071 -0.031597 0.09619042857143244
6148 0.125071 -0.031597 0.09428564285715291
6149 0.125071 -0.031597 0.09238085714286874
6150 0.125071 -0.031597 0.09047607142858456
6151 0.125071 -0.031597 0.08857128571430582
6152 0.125071 -0.031597 0.08666650000002164
6153 0.125071 -0.031597 0.08476171428573205
6154 0.125071 -0.031597 0.08285692857144789
6155 0.125071 -0.031597 0.08095214285715831
6156 0.125071 -0.031597 0.07904735714286873
6157 0.125071 -0.031597 0.07714257142857915
6158 0.125071 -0.031597 0.07523778571428957
6159 0.125071 -0.031597 0.07142828571428939
6160 0.125071 -0.031597 0.06952357142857762
6161 0.125071 -0.031597 0.06761885714286933
6162 0.125071 -0.031597 0.06571414285716298
6163 0.125071 -0.031597 0.06380942857145354
6164 0.125071 -0.031597 0.06190471428574564
6165 0.125071 -0.031597 0.06000000000003658
6166 0.125071 -0.031597 0.05809528571431667
6167 0.125071 -0.031597 0.05619057142859851
6168 0.125071 -0.031597 0.05428585714287823
6169 0.125071 -0.031597 0.05238114285716104
6170 0.125071 -0.031597 0.05047642857144076
6171 0.125071 -0.031597 0.04857171428571989
6172 0.125071 -0.031597 0.04476221428571428
6173 0.125071 -0.031597 0.04285742857143534
6174 0.125071 -0.031597 0.04095264285715582
6175 0.125071 -0.031597 0.0390478571428761
6176 0.125071 -0.031597 0.03714307142859716
6177 0.125071 -0.031597 0.03523828571431704
6178 0.125071 -0.031597 0.03333350000003656
6179 0.125071 -0.031597 0.03142871428574522
6180 0.125071 -0.031597 0.0295239285714539
6181 0.125071 -0.031597 0.02761914285716258
6182 0.125071 -0.031597 0.02571435714287126
6183 0.125071 -0.031597 0.02380957142857994
6184 0.125071 -0.031597 0.02190478571428862
6185 0.1245839982946192 -0.03346569615182569 0.02
6186 0.1240690779159684 -0.03532689280252877 0.02
6187 0.1235263542552262 -0.0371801728668972 0.02
6188 0.1229559489341453 -0.03902512103381439 0.02
6189 0.12235798977781 -0.04086132385928457 0.02
6190 0.1217326107859819 -0.04268836985911542 0.02
6191 0.1210799521030778 -0.04450584960110741 0.02
6192 0.1204001599867634 -0.04631335579680852 0.02
6193 0.1196933867751696 -0.04811048339280796 0.02
6194 0.1189597908527624 -0.0498968296614827 0.02
6195 0.1181995366148583 -0.05167199429122871 0.02
6196 0.1174127944307593 -0.05343557947622769 0.02
6197 0.1165997406055989 -0.05518719000553535 0.02
6198 0.115760557340818 -0.05692643335167936 0.02
6199 0.114895432693343 -0.05865291975860606 0.02
6200 0.1140045605334297 -0.06036626232904891 0.02
6201 0.112146228923877 -0.06375192105461114 0.02
6202 0.1111793259074015 -0.06542355532050972 0.02
6203 0.1101875076332851 -0.06708052818489688 0.02
6204 0.1091709963677415 -0.06872246832059051 0.02
6205 0.108130019910677 -0.07034900776923998 0.02
6206 0.1070648115446395 -0.07195978202378618 0.02
6207 0.1059756099825413 -0.07355443011014556 0.02
6208 0.1048626593141764 -0.07513259466808646 0.02
6209 0.1037262089514886 -0.07669392203135869 0.02
6210 0.1025665135727011 -0.07823806230691627 0.02
6211 0.1013838330652451 -0.07976466945332691 0.02
6212 0.1001784324675072 -0.0812734013583355 0.02
6213 0.09895058190944432 -0.08276391991551837 0.02
6214 0.09770055655205336 -0.08423589110004724 0.02
6215 0.09642863652568438 -0.08568898504357161 0.02
6216 0.09513510686727084 -0.0871228761081322 0.02
6217 0.09248415885631235 -0.08993149131222264 0.02
6218 0.09112759295130556 -0.09130582988999751 0.02
6219 0.08975060627760745 -0.09265970775802115 0.02
6220 0.08835350740398575 -0.09399282152597524 0.02
6221 0.0869366094060901 -0.09530487245662166 0.02
6222 0.08550022979639688 -0.0965955665326485 0.02
6223 0.08404469045300539 -0.09786461452260718 0.02
6224 0.08257031754750058 -0.09911173204573166 0.02
6225 0.08107744147187526 -0.1003366396356517 0.02
6226 0.07956639676450744 -0.1015390628030069 0.02
6227 0.07803752203518834 -0.1027187320969622 0.02
6228 0.07649115988921523 -0.103875383165611 0.02
6229 0.07492765685068141 -0.1050087568151653 0.02
6230 0.07334736328472244 -0.1061185990681132 0.02
6231 0.07175063331908435 -0.1072046612200715 0.02
6232 0.07013782476475727 -0.1082666998955274 0.02
6233 0.06686510242536738 -0.1103172949933287 0.02
6234 0.06520622057395475 -0.1113058681986747 0.02
6235 0.06353272619636798 -0.1122694980796535 0.02
6236 0.06184499431787591 -0.1132079686895842 0.02
6237 0.06014340315436178 -0.1141210697198896 0.02
6238 0.05842833402746538 -0.1150085965472796 0.02
6239 0.05670017127928813 -0.1158703502795231 0.02
6240 0.05495930218608033 -0.1167061378001135 0.02
6241 0.05320611687153209 -0.1175157718115014 0.02
6242 0.05144100821951689 -0.118299070876992 0.02
6243 0.04966437178576225 -0.1190558594615383 0.02
6244 0.04787660570934836 -0.1197859679710089 0.02
6245 0.04607811062359158 -0.1204892327901545 0.02
6246 0.04426928956599425 -0.1211654963193819 0.02
6247 0.04245054788816486 -0.1218146070099748 0.02
6248 0.0406222931648713 -0.1224364193980992 0.02
6249 0.038785 -0.123031 0.02190478571428543
6250 0.038785 -0.123031 0.02380957142856728
6251 0.038785 -0.123031 0.02571435714284651
6252 0.038785 -0.123031 0.02761914285712575
6253 0.038785 -0.123031 0.02952392857140478
6254 0.038785 -0.123031 0.03142871428568236
6255 0.038785 -0.123031 0.03333349999996141
6256 0.038785 -0.123031 0.03523828571425303
6257 0.038785 -0.123031 0.03714307142854465
6258 0.038785 -0.123031 0.03904785714283626
6259 0.038785 -0.123031 0.04095264285712788
6260 0.038785 -0.123031 0.04285742857141948
6261 0.038785 -0.123031 0.0447622142857111
6262 0.038785 -0.123031 0.04857171428571138
6263 0.038785 -0.123031 0.05047642857142373
6264 0.038785 -0.123031 0.05238114285713279
6265 0.038785 -0.123031 0.05428585714284417
6266 0.038785 -0.123031 0.05619057142855322
6267 0.038785 -0.123031 0.05809528571426015
6268 0.038785 -0.123031 0.05999999999996883
6269 0.038785 -0.123031 0.06190471428568833
6270 0.038785 -0.123031 0.06380942857140669
6271 0.038785 -0.123031 0.06571414285712658
6272 0.038785 -0.123031 0.06761885714284339
6273 0.038785 -0.123031 0.0695235714285633
6274 0.038785 -0.123031 0.07142828571428203
6275 0.038785 -0.123031 0.07523778571428649
6276 0.038785 -0.123031 0.0771425714285633
6277 0.038785 -0.123031 0.07904735714283934
6278 0.038785 -0.123031 0.08095214285711887
6279 0.038785 -0.123031 0.08285692857140536
6280 0.038785 -0.123031 0.08476171428568643
6281 0.038785 -0.123031 0.0866664999999648
6282 0.038785 -0.123031 0.08857128571424859
6283 0.038785 -0.123031 0.0904760714285405
6284 0.038785 -0.123031 0.0923808571428324
6285 0.038785 -0.123031 0.0942856428571243
6286 0.038785 -0.123031 0.0961904285714162
6287 0.038785 -0.123031 0.09809521428570811
6288 0.04158304625758624 -0.1221141901538861 0.099
6289 0.04341864761905627 -0.121473644104111 0.099
6290 0.04524438715815268 -0.1208055073400347 0.099
6291 0.04705985018855019 -0.1201099316177943 0.099
6292 0.04886462435806993 -0.1193870749258257 0.099
6293 0.05065829974233661 -0.11863710144898 0.099
6294 0.0524404689378758 -0.1178601815312351 0.099
6295 0.05421072715465728 -0.1170564916370011 0.099
6296 0.05596867230800134 -0.1162262143110562 0.099
6297 0.05771390510995485 -0.1153695381370626 0.099
6298 0.059446029159968 -0.1144866576947386 0.099
6299 0.06116465103494367 -0.1135777735156556 0.099
6300 0.06286938037854814 -0.1126430920377163 0.099
6301 0.06455982998991991 -0.1116828255582417 0.099
6302 0.06623561591156815 -0.1106971921857787 0.099
6303 0.06789635751666064 -0.1096864157905153 0.099
6304 0.06954167759542419 -0.108650725953461 0.099
6305 0.0711712024407942 -0.1075903579143201 0.099
6306 0.07278456193338061 -0.1065055525180067 0.099
6307 0.07438138962543761 -0.1053965561600038 0.099
6308 0.07596132282416532 -0.1042636207303532 0.099
6309 0.07910500499989467 -0.1018990785481725 0.099
6310 0.08066719210072129 -0.1006669168276516 0.099
6311 0.08221018968149241 -0.09941080795131403 0.099
6312 0.08373363068613289 -0.09813105072869802 0.099
6313 0.08523715271078415 -0.09682794959493081 0.099
6314 0.08672039809002952 -0.09550181453829452 0.099
6315 0.08818301398192993 -0.09415296102652718 0.099
6316 0.08962465245203016 -0.09278170993171446 0.099
6317 0.09104497055606306 -0.09138838745401742 0.099
6318 0.09244363042155819 -0.08997332504405045 0.099
6319 0.09382029932822974 -0.08853685932402036 0.099
6320 0.09517464978713051 -0.08707933200764149 0.099
6321 0.09650635961849827 -0.08560108981890992 0.099
6322 0.09781511202846831 -0.08410248440954758 0.099
6323 0.0991005956843659 -0.08258387227542577 0.099
6324 0.1003625047888529 -0.0810456146716618 0.099
6325 0.1016005391525965 -0.07948807752676938 0.099
6326 0.1028144042657154 -0.07791163135556876 0.099
6327 0.1040038113678306 -0.07631665117105639 0.099
6328 0.1051684775167544 -0.07470351639520011 0.099
6329 0.1063081256558098 -0.07307261076866323 0.099
6330 0.1084862158774862 -0.06979695426437654 0.099
6331 0.1095257900317941 -0.06815405474299642 0.099
6332 0.1105404863324879 -0.06649567460652656 0.099
6333 0.1115300742999154 -0.06482219054193836 0.099
6334 0.112494329157556 -0.06313398266695557 0.099
6335 0.1134330318831109 -0.0614314344436555 0.099
6336 0.1143459692582328 -0.0597149325913986 0.099
6337 0.1152329339169341 -0.05798486699903251 0.099
6338 0.1160937243927252 -0.05624163063626406 0.099
6339 0.1169281451643508 -0.05448561946444672 0.099
6340 0.117736006700218 -0.05271723234660763 0.099
6341 0.1185171255014408 -0.05093687095685923 0.099
6342 0.119271324143509 -0.04914493968918877 0.099
6343 0.1199984313165967 -0.0473418455655886 0.099
6344 0.1206982818644844 -0.04552799814357621 0.099
6345 0.121370716822063 -0.04370380942319084 0.099
6346 0.1220155834514345 -0.04186969375343018 0.099
6347 0.1226327352766191 -0.04002606773809617 0.099
6348 0.123222032116814 -0.03817335014120263 0.099
6349 0.1237833401182462 -0.03631196179181981 0.099
6350 0.1243165317845704 -0.03444232548850192 0.099
6351 0.124822 -0.032565 0.09702561538461747
6352 0.124822 -0.032565 0.09505123076923849
6353 0.124822 -0.032565 0.09307684615386055
6354 0.124822 -0.032565 0.09110246153848345
6355 0.124822 -0.032565 0.08912807692310154
6356 0.124822 -0.032565 0.08715369230772088
6357 0.124822 -0.032565 0.08517930769233877
6358 0.124822 -0.032565 0.0832049230769506
6359 0.124822 -0.032565 0.08123053846155723
6360 0.124822 -0.032565 0.07925615384616531
6361 0.124822 -0.032565 0.07728176923077777
6362 0.124822 -0.032565 0.07530738461539024
6363 0.124822 -0.032565 0.07142828571428939
6364 0.124822 -0.032565 0.06952357142857762
6365 0.124822 -0.032565 0.06761885714286933
6366 0.124822 -0.032565 0.06571414285716298
6367 0.124822 -0.032565 0.06380942857145354
6368 0.124822 -0.032565 0.06190471428574564
6369 0.124822 -0.032565 0.06000000000003658
6370 0.124822 -0.032565 0.05809528571431667
6371 0.124822 -0.032565 0.05619057142859851
6372 0.124822 -0.032565 0.05428585714287823
6373 0.124822 -0.032565 0.05238114285716104
6374 0.124822 -0.032565 0.05047642857144076
6375 0.124822 -0.032565 0.04857171428571989
6376 0.124822 -0.032565 0.04469261538461882
6377 0.124822 -0.032565 0.04271823076923942
6378 0.124822 -0.032565 0.04074384615386189
6379 0.124822 -0.032565 0.03876946153848154
6380 0.124822 -0.032565 0.03679507692310223
6381 0.124822 -0.032565 0.0348206923077224
6382 0.124822 -0.032565 0.03284630769233726
6383 0.124822 -0.032565 0.03087192307695019
6384 0.124822 -0.032565 0.02889753846155975
6385 0.124822 -0.032565 0.02692315384617065
6386 0.124822 -0.032565 0.02494876923078021
6387 0.124822 -0.032565 0.02297438461538977
6388 0.1243049828403245 -0.03448597033674149 0.021
6389 0.1237584044514334 -0.03639873949239741 0.021
6390 0.1231823948162781 -0.03830285258732807 0.021
6391 0.1225770909169315 -0.04019785680036068 0.021
6392 0.1219426367019758 -0.04208330147659453 0.021
6393 0.1212791830523004 -0.04395873823446942 0.021
6394 0.1205868877452137 -0.045823721072423 0.021
6395 0.1198659154169227 -0.0476778064749535 0.021
6396 0.1191164375233679 -0.04952055351812607 0.021
6397 0.118338632299462 -0.05135152397439356 0.021
6398 0.1175326847166999 -0.05317028241682391 0.021
6399 0.1166987864391702 -0.05497639632264863 0.021
6400 0.1158371357779792 -0.05676943617611518 0.021
6401 0.1149479376440747 -0.0585489755706613 0.021
6402 0.1140314034995389 -0.06031459131027359 0.021
6403 0.112146228923877 -0.06375192105461114 0.021
6404 0.1111793259074015 -0.06542355532050972 0.021
6405 0.1101875076332851 -0.06708052818489688 0.021
6406 0.1091709963677415 -0.06872246832059051 0.021
6407 0.108130019910677 -0.07034900776923998 0.021
6408 0.1070648115446395 -0.07195978202378618 0.021
6409 0.1059756099825413 -0.07355443011014556 0.021
6410 0.1048626593141764 -0.07513259466808646 0.021
6411 0.1037262089514886 -0.07669392203135869 0.021
6412 0.1025665135727011 -0.07823806230691627 0.021
6413 0.1013838330652451 -0.07976466945332691 0.021
6414 0.1001784324675072 -0.0812734013583355 0.021
6415 0.09895058190944432 -0.08276391991551837 0.021
6416 0.09770055655205336 -0.08423589110004724 0.021
6417 0.09642863652568438 -0.08568898504357161 0.021
6418 0.09513510686727084 -0.0871228761081322 0.021
6419 0.09248415885631235 -0.08993149131222264 0.021
6420 0.09112759295130556 -0.09130582988999751 0.021
6421 0.08975060627760745 -0.09265970775802115 0.021
6422 0.08835350740398575 -0.09399282152597524 0.021
6423 0.0869366094060901 -0.09530487245662166 0.021
6424 0.08550022979639688 -0.0965955665326485 0.021
6425 0.08404469045300539 -0.09786461452260718 0.021
6426 0.08257031754750058 -0.09911173204573166 0.021
6427 0.08107744147187526 -0.1003366396356517 0.021
6428 0.07956639676450744 -0.1015390628030069 0.021
6429 0.07803752203518834 -0.1027187320969622 0.021
6430 0.07649115988921523 -0.103875383165611 0.021
6431 0.07492765685068141 -0.1050087568151653 0.021
6432 0.07334736328472244 -0.1061185990681132 0.021
6433 0.07175063331908435 -0.1072046612200715 0.021
6434 0.07013782476475727 -0.1082666998955274 0.021
6435 0.06681534510274151 -0.1103474383744432 0.021
6436 0.06510580136786127 -0.1113646358825304 0.021
6437 0.063380775328424 -0.1123553506325703 0.021
6438 0.06164067719983903 -0.113319347030175 0.021
6439 0.05988592078086417 -0.1142563958351044 0.021
6440 0.05811692335693915 -0.1151662742148223 0.021
6441 0.05633410559918003 -0.1160487657984368 0.021
6442 0.05453789146587149 -0.1169036607273562 0.021
6443 0.05272870810066463 -0.1177307557056986 0.021
6444 0.05090698573129919 -0.1185298540484771 0.021
6445 0.04907315756764631 -0.1193007657282255 0.021
6446 0.04722765969767102 -0.1200433074206179 0.021
6447 0.04537093098545322 -0.1207573025473542 0.021
6448 0.04350341296470325 -0.1214425813190023 0.021
6449 0.04162554973575235 -0.122098980774601 0.021
6450 0.039738 -0.122727 0.02297438461538165
6451 0.039738 -0.122727 0.02494876923076099
6452 0.039738 -0.122727 0.02692315384613811
6453 0.039738 -0.122727 0.02889753846151522
6454 0.039738 -0.122727 0.03087192307689233
6455 0.039738 -0.122727 0.03284630769226944
6456 0.039738 -0.122727 0.03482069230765594
6457 0.039738 -0.122727 0.03679507692305047
6458 0.039738 -0.122727 0.03876946153844091
6459 0.039738 -0.122727 0.04074384615382928
6460 0.039738 -0.122727 0.04271823076921952
6461 0.039738 -0.122727 0.0446926153846082
6462 0.039738 -0.122727 0.04857171428571138
6463 0.039738 -0.122727 0.05047642857142373
6464 0.039738 -0.122727 0.05238114285713279
6465 0.039738 -0.122727 0.05428585714284417
6466 0.039738 -0.122727 0.05619057142855322
6467 0.039738 -0.122727 0.05809528571426015
6468 0.039738 -0.122727 0.05999999999996883
6469 0.039738 -0.122727 0.06190471428568833
6470 0.039738 -0.122727 0.06380942857140669
6471 0.039738 -0.122727 0.06571414285712658
6472 0.039738 -0.122727 0.06761885714284339
6473 0.039738 -0.122727 0.0695235714285633
6474 0.039738 -0.122727 0.07142828571428203
6475 0.039738 -0.122727 0.0753073846153844
6476 0.039738 -0.122727 0.07728176923076067
6477 0.039738 -0.122727 0.07925615384613695
6478 0.039738 -0.122727 0.08123053846151927
6479 0.039738 -0.122727 0.08320492307689971
6480 0.039738 -0.122727 0.08517930769227641
6481 0.039738 -0.122727 0.08715369230765832
6482 0.039738 -0.122727 0.08912807692304878
6483 0.039738 -0.122727 0.09110246153844173
6484 0.039738 -0.122727 0.09307684615382927
6485 0.039738 -0.122727 0.09505123076921763
6486 0.039738 -0.122727 0.09702561538460705
6487 0.116796742654343 -0.05932439527155057 0.1
6488 0.1176562422955764 -0.05760096889709941 0.1
6489 0.1184903131620011 -0.05586509335686213 0.1
6490 0.1192987749877897 -0.05411714382164588 0.1
6491 0.1200814530419347 -0.05235749807179126 0.1
6492 0.1208381781660178 -0.05058653641551015 0.1
6493 0.1215687868107654 -0.04880464160670235 0.1
6494 0.1222731210713997 -0.04701219876222371 0.1
6495 0.1229510287217679 -0.04520959527864636 0.1
6496 0.1236023632472316 -0.04339722074856187 0.1
6497 0.1242269838763576 -0.04157546687631065 0.1
6498 0.1248247556113161 -0.03974472739339414 0.1
6499 0.1253955492570672 -0.03790539797335504 0.1
6500 0.1259392414492838 -0.03605787614625942 0.1
6501 0.126455714681014 -0.03420256121278015 0.1
6502 0.1269448573280778 -0.03233985415789591 0.1
6503 0.1274065636731912 -0.03047015756423134 0.1
6504 0.1278407339288176 -0.02859387552503619 0.1
6505 0.1282472742587312 -0.02671141355686343 0.1
6506 0.1286260967983027 -0.02482317851190038 0.1
6507 0.1289771196734793 -0.02292957849008584 0.1
6508 0.1293002670184882 -0.02103102275087127 0.1
6509 0.1298631968753282 -0.01722073451742829 0.1
6510 0.1301023260540549 -0.01530974706924915 0.1
6511 0.1303133358525233 -0.01339545068250623 0.1
6512 0.1304961806645835 -0.01147825909954934 0.1
6513 0.1306508209714875 -0.009558586688225072 0.1
6514 0.1307772233503796 -0.007636848352881833 0.1
6515 0.130875360481575 -0.005713459443961948 0.1
6516 0.1309452111544059 -0.003788835669179846 0.1
6517 0.1309867602718612 -0.001863393002550982 0.1
6518 0.1309999988538061 6.245240421903081e-05 0.1
6519 0.1309849240389519 0.001988284313168946 0.1
6520 0.1309415390854638 0.003913686488461326 0.1
6521 0.130869853370243 0.005838242787952967 0.1
6522 0.1307698823869408 0.00776153725145251 0.1
6523 0.1306416477425434 0.009683154192368815 0.1
6524 0.1304851771527895 0.01160267828585868 0.1
6525 0.1303005044360812 0.01351969466011627 0.1
6526 0.1300876695062776 0.01543378898474011 0.1
6527 0.1298467183639563 0.01734454756145003 0.1
6528 0.1295777030865869 0.01925155741243604 0.1
6529 0.1292806818171826 0.0211544063704084 0.1
6530 0.1289557187517917 0.02305268316723211 0.1
6531 0.1282223665656808 0.02683391952913667 0.1
6532 0.1278140196275581 0.02871603927504947 0.1
6533 0.1273780474442166 0.03059195244339459 0.1
6534 0.1269145442450554 0.03246125358130616 0.1
6535 0.1264236102099269 0.03432353866501033 0.1
6536 0.1259053514474835 0.03617840518715097 0.1
6537 0.1253598799722385 0.03802545224380565 0.1
6538 0.1247873136803612 0.03986428062111673 0.1
6539 0.1241877763241907 0.04169449288158775 0.1
6540 0.1235613974854951 0.04351569344996666 0.1
6541 0.1229083125474595 0.04532748869875784 0.1
6542 0.1222286626654227 0.04712948703330328 0.1
6543 0.1215225947363757 0.04892129897640275 0.1
6544 0.1207902613672082 0.05070253725250365 0.1
6545 0.1200318208417152 0.05247281687142762 0.1
6546 0.1192474370864109 0.0542317552115222 0.1
6547 0.1184372796350645 0.05597897210243807 0.1
6548 0.1176015235920923 0.05771408990721905 0.1
6549 0.1167403495946802 0.05943673360399142 0.1
6550 0.1158539437737614 0.06114653086697665 0.1
6551 0.114942497713786 0.06284311214696726 0.1
6552 0.1140062084113079 0.06452611075120998 0.1
6553 0.113045 0.066195 0.09809521428571584
6554 0.113045 0.066195 0.09619042857143244
6555 0.113045 0.066195 0.09428564285715291
6556 0.113045 0.066195 0.09238085714286874
6557 0.113045 0.066195 0.09047607142858456
6558 0.113045 0.066195 0.08857128571430582
6559 0.113045 0.066195 0.08666650000002164
6560 0.113045 0.066195 0.08476171428573205
6561 0.113045 0.066195 0.08285692857144789
6562 0.113045 0.066195 0.08095214285715831
6563 0.113045 0.066195 0.07904735714286873
6564 0.113045 0.066195 0.07714257142857915
6565 0.113045 0.066195 0.07523778571428957
6566 0.113045 0.066195 0.07142828571428939
6567 0.113045 0.066195 0.06952357142857762
6568 0.113045 0.066195 0.06761885714286933
6569 0.113045 0.066195 0.06571414285716298
6570 0.113045 0.066195 0.06380942857145354
6571 0.113045 0.066195 0.06190471428574564
6572 0.113045 0.066195 0.06000000000003658
6573 0.113045 0.066195 0.05809528571431667
6574 0.113045 0.066195 0.05619057142859851
6575 0.113045 0.066195 0.05428585714287823
6576 0.113045 0.066195 0.05238114285716104
6577 0.113045 0.066195 0.05047642857144076
6578 0.113045 0.066195 0.04857171428571989
6579 0.113045 0.066195 0.04476221428571428
6580 0.113045 0.066195 0.04285742857143534
6581 0.113045 0.066195 0.04095264285715582
6582 0.113045 0.066195 0.0390478571428761
6583 0.113045 0.066195 0.03714307142859716
6584 0.113045 0.066195 0.03523828571431704
6585 0.113045 0.066195 0.03333350000003656
6586 0.113045 0.066195 0.03142871428574522
6587 0.113045 0.066195 0.0295239285714539
6588 0.113045 0.066195 0.02761914285716258
6589 0.113045 0.066195 0.02571435714287126
6590 0.113045 0.066195 0.02380957142857994
6591 0.113045 0.066195 0.02190478571428862
6592 0.1140198833487106 0.06450128875570189 0.02
6593 0.1149693923305629 0.06279322317846972 0.02
6594 0.1158933156386376 0.06107118338695524 0.02
6595 0.1167914476599447 0.05933555260966566 0.02
6596 0.1176635885211545 0.0575867170997308 0.02
6597 0.1185095441331589 0.0558250660487818 0.02
6598 0.1193291262341339 0.05405099150060178 0.02
6599 0.1201221524315402 0.05226488826366918 0.02
6600 0.120888446242652 0.05046715382342692 0.02
6601 0.1216278371339164 0.04865818825362805 0.02
6602 0.1223401605587832 0.04683839412758654 0.02
6603 0.1230252579944109 0.0450081764283851 0.02
6604 0.1236829769769367 0.04316794245875678 0.02
6605 0.124313171135348 0.04131810175060897 0.02
6606 0.124915700224138 0.03945906597365538 0.02
6607 0.1254904301544608 0.03759124884395805 0.02
6608 0.1265557435723306 0.03383090839534894 0.02
6609 0.1270463240757553 0.03193928823311736 0.02
6610 0.127508632338998 0.03004056046478195 0.02
6611 0.127942565482337 0.02813514762353132 0.02
6612 0.1283480269405107 0.02622347373018949 0.02
6613 0.1287249264841936 0.02430596419891545 0.02
6614 0.1290731802400851 0.02238304574249221 0.02
6615 0.1293927107095733 0.02045514627737192 0.02
6616 0.1296834467859798 0.0185226948284519 0.02
6617 0.1299453237703827 0.01658612143360862 0.02
6618 0.1301782833860144 0.01464585704800312 0.02
6619 0.1303822737912316 0.01270233344816311 0.02
6620 0.130557249591052 0.01075598313589952 0.02
6621 0.1307031718472549 0.008807239242064252 0.02
6622 0.1308200080870443 0.006856535430205358 0.02
6623 0.1309077323102825 0.004904305799949441 0.02
6624 0.1309964483199064 0.000997004297927801 0.02
6625 0.1309967451227233 -0.0009572132741892097 0.02
6626 0.130967890342401 -0.002911217831223584 0.02
6627 0.1309098904001871 -0.004864574535455175 0.02
6628 0.1308227582031973 -0.006816848693332032 0.02
6629 0.130706513141543 -0.008767605852207752 0.02
6630 0.1305611810840165 -0.01071641189702349 0.02
6631 0.1303867943723341 -0.01266283314691735 0.02
6632 0.1301833918139371 -0.01460643645174709 0.02
6633 0.1299510186733615 -0.01654678928842885 0.02
6634 0.1296897266621567 -0.0184834598572636 0.02
6635 0.1293995739273864 -0.02041601717796257 0.02
6636 0.1290806250386803 -0.02234403118561297 0.02
6637 0.1287329509738709 -0.02426707282634125 0.02
6638 0.1283566291031983 -0.02618471415280278 0.02
6639 0.1279517431720875 -0.02809652841943593 0.02
6640 0.1270562733644297 -0.03190084210084922 0.02
6641 0.1265662731606028 -0.03379258537365372 0.02
6642 0.1260481084272452 -0.03567680885271857 0.02
6643 0.1255018944704798 -0.03755309324570402 0.02
6644 0.1249277528381604 -0.0394210210269534 0.02
6645 0.1243258112928309 -0.04128017653038061 0.02
6646 0.1236962037832905 -0.0431301460419818 0.02
6647 0.1230390704147903 -0.04497051789188424 0.02
6648 0.1223545574178431 -0.04680088254599173 0.02
6649 0.1216428171157129 -0.04862083269703658 0.02
6650 0.1209040078904842 -0.05042996335530814 0.02
6651 0.1201382941478386 -0.05222787193872069 0.02
6652 0.1193458462804616 -0.05401415836241837 0.02
6653 0.1185268406301282 -0.05578842512780039 0.02
6654 0.1176814594484616 -0.05755027741097404 0.02
6655 0.1168098908563882 -0.05929932315059479 0.02
6656 0.115912 -0.061035 0.02190478571428543
6657 0.115912 -0.061035 0.02380957142856728
6658 0.115912 -0.061035 0.02571435714284651
6659 0.115912 -0.061035 0.02761914285712575
6660 0.115912 -0.061035 0.02952392857140478
6661 0.115912 -0.061035 0.03142871428568236
6662 0.115912 -0.061035 0.03333349999996141
6663 0.115912 -0.061035 0.03523828571425303
6664 0.115912 -0.061035 0.03714307142854465
6665 0.115912 -0.061035 0.03904785714283626
6666 0.115912 -0.061035 0.04095264285712788
6667 0.115912 -0.061035 0.04285742857141948
6668 0.115912 -0.061035 0.0447622142857111
6669 0.115912 -0.061035 0.04857171428571138
6670 0.115912 -0.061035 0.05047642857142373
6671 0.115912 -0.061035 0.05238114285713279
6672 0.115912 -0.061035 0.05428585714284417
6673 0.115912 -0.061035 0.05619057142855322
6674 0.115912 -0.061035 0.05809528571426015
6675 0.115912 -0.061035 0.05999999999996883
6676 0.115912 -0.061035 0.06190471428568833
6677 0.115912 -0.061035 0.06380942857140669
6678 0.115912 -0.061035 0.06571414285712658
6679 0.115912 -0.061035 0.06761885714284339
6680 0.115912 -0.061035 0.0695235714285633
6681 0.115912 -0.061035 0.07142828571428203
6682 0.115912 -0.061035 0.07523778571428649
6683 0.115912 -0.061035 0.0771425714285633
6684 0.115912 -0.061035 0.07904735714283934
6685 0.115912 -0.061035 0.08095214285711887
6686 0.115912 -0.061035 0.08285692857140536
6687 0.115912 -0.061035 0.08476171428568643
6688 0.115912 -0.061035 0.0866664999999648
6689 0.115912 -0.061035 0.08857128571424859
6690 0.115912 -0.061035 0.0904760714285405
6691 0.115912 -0.061035 0.0923808571428324
6692 0.115912 -0.061035 0.0942856428571243
6693 0.115912 -0.061035 0.0961904285714162
6694 0.115912 -0.061035 0.09809521428570811
6695 0.1172654399953105 -0.05839400147880122 0.099
6696 0.118129415532616 -0.05662582460258339 0.099
6697 0.1189667316299685 -0.05484486841339901 0.099
6698 0.119777199321912 -0.05305153483735382 0.099
6699 0.1205606357021431 -0.05124622859386969 0.099
6700 0.1213168639647867 -0.04942935710435085 0.099
6701 0.1220457134442897 -0.04760133040025593 0.099
6702 0.1227470196539388 -0.04576256103055817 0.099
6703 0.1234206243229891 -0.04391346396862353 0.099
6704 0.1240663754323774 -0.04205445651857095 0.099
6705 0.1246841272490296 -0.04018595822109755 0.099
6706 0.1252737403587513 -0.03830839075879026 0.099
6707 0.1258350816976854 -0.03642217786097975 0.099
6708 0.1263680245823513 -0.03452774520808247 0.099
6709 0.1268724487382281 -0.03262552033555458 0.099
6710 0.1273482403268986 -0.0307159325374061 0.099
6711 0.1277952919717431 -0.02879941276930712 0.099
6712 0.1282135027821751 -0.02687639355131509 0.099
6713 0.1286027783763952 -0.02494730887033259 0.099
6714 0.1289630309027135 -0.02301259408206219 0.099
6715 0.1292941790593585 -0.02107268581283712 0.099
6716 0.1298631968753282 -0.01722073451742829 0.099
6717 0.1301023260540549 -0.01530974706924915 0.099
6718 0.1303133358525233 -0.01339545068250623 0.099
6719 0.1304961806645835 -0.01147825909954934 0.099
6720 0.1306508209714875 -0.009558586688225072 0.099
6721 0.1307772233503796 -0.007636848352881833 0.099
6722 0.130875360481575 -0.005713459443961948 0.099
6723 0.1309452111544059 -0.003788835669179846 0.099
6724 0.1309867602718612 -0.001863393002550982 0.099
6725 0.1309999988538061 6.245240421903081e-05 0.099
6726 0.1309849240389519 0.001988284313168946 0.099
6727 0.1309415390854638 0.003913686488461326 0.099
6728 0.130869853370243 0.005838242787952967 0.099
6729 0.1307698823869408 0.00776153725145251 0.099
6730 0.1306416477425434 0.009683154192368815 0.099
6731 0.1304851771527895 0.01160267828585868 0.099
6732 0.1303005044360812 0.01351969466011627 0.099
6733 0.1300876695062776 0.01543378898474011 0.099
6734 0.1298467183639563 0.01734454756145003 0.099
6735 0.1295777030865869 0.01925155741243604 0.099
6736 0.1292806818171826 0.0211544063704084 0.099
6737 0.1289557187517917 0.02305268316723211 0.099
6738 0.128213739904095 0.02687510790313341 0.099
6739 0.1277955439452323 0.02879815050905505 0.099
6740 0.1273485065037881 0.03071469381671639 0.099
6741 0.1268727284692151 0.03262430529186493 0.099
6742 0.1263683172172785 0.03452655396464119 0.099
6743 0.1258353865858098 0.03642101052688959 0.099
6744 0.1252740568490357 0.03830724742897303 0.099
6745 0.124684454690413 0.04018483897633973 0.099
6746 0.1240667131740536 0.04205336142554016 0.099
6747 0.1234209717146893 0.04391239307987962 0.099
6748 0.122747376046204 0.04576151438459801 0.099
6749 0.1220460781887409 0.04760030802156361 0.099
6750 0.1213172364144101 0.04942835900341148 0.099
6751 0.1205610152115627 0.05124525476722064 0.099
6752 0.1197775852476469 0.0530505852676733 0.099
6753 0.1189671233307255 0.05484394306951257 0.099
6754 0.1181298123695395 0.05662492343957198 0.099
6755 0.1172658413322605 0.05839312443804588 0.099
6756 0.1163754052038317 0.06014814700923035 0.099
6757 0.1154587049419397 0.0618895950716282 0.099
6758 0.1145159474316862 0.06361707560728702 0.099
6759 0.113547 0.06533 0.09702561538461747
6760 0.113547 0.06533 0.09505123076923849
6761 0.113547 0.06533 0.09307684615386055
6762 0.113547 0.06533 0.09110246153848345
6763 0.113547 0.06533 0.08912807692310154
6764 0.113547 0.06533 0.08715369230772088
6765 0.113547 0.06533 0.08517930769233877
6766 0.113547 0.06533 0.0832049230769506
6767 0.113547 0.06533 0.08123053846155723
6768 0.113547 0.06533 0.07925615384616531
6769 0.113547 0.06533 0.07728176923077777
6770 0.113547 0.06533 0.07530738461539024
6771 0.113547 0.06533 0.07142828571428939
6772 0.113547 0.06533 0.06952357142857762
6773 0.113547 0.06533 0.06761885714286933
6774 0.113547 0.06533 0.06571414285716298
6775 0.113547 0.06533 0.06380942857145354
6776 0.113547 0.06533 0.06190471428574564
6777 0.113547 0.06533 0.06000000000003658
6778 0.113547 0.06533 0.05809528571431667
6779 0.113547 0.06533 0.05619057142859851
6780 0.113547 0.06533 0.05428585714287823
6781 0.113547 0.06533 0.05238114285716104
6782 0.113547 0.06533 0.05047642857144076
6783 0.113547 0.06533 0.04857171428571989
6784 0.113547 0.06533 0.04469261538461882
6785 0.113547 0.06533 0.04271823076923942
6786 0.113547 0.06533 0.04074384615386189
6787 0.113547 0.06533 0.03876946153848154
6788 0.113547 0.06533 0.03679507692310223
6789 0.113547 0.06533 0.0348206923077224
6790 0.113547 0.06533 0.03284630769233726
6791 0.113547 0.06533 0.03087192307695019
6792 0.113547 0.06533 0.02889753846155975
6793 0.113547 0.06533 0.02692315384617065
6794 0.113547 0.06533 0.02494876923078021
6795 0.113547 0.06533 0.02297438461538977
6796 0.1144803373660422 0.06368031458431378 0.021
6797 0.1153897086744439 0.06201729791781468 0.021
6798 0.1162749235514778 0.06034129814727233 0.021
6799 0.1171357966805237 0.05865266613734645 0.021
6800 0.1179721478408352 0.05695175539717928 0.021
6801 0.1187838019452042 0.05523892200652096 0.021
6802 0.1195705890767273 0.05351452454095469 0.021
6803 0.1203323445242254 0.05177892399715488 0.021
6804 0.1210689088169088 0.05003248371691169 0.021
6805 0.1217801277575688 0.04827556931150807 0.021
6806 0.1224658524550504 0.04650854858472608 0.021
6807 0.1231259393552436 0.04473179145628835 0.021
6808 0.1237602502713138 0.04294566988395648 0.021
6809 0.1243686524124799 0.04115055778605889 0.021
6810 0.1249510184119011 0.03934683096297307 0.021
6811 0.125507226353277 0.03753486701864429 0.021
6812 0.1265557435723306 0.03383090839534894 0.021
6813 0.1270463240757553 0.03193928823311736 0.021
6814 0.127508632338998 0.03004056046478195 0.021
6815 0.127942565482337 0.02813514762353132 0.021
6816 0.1283480269405107 0.02622347373018949 0.021
6817 0.1287249264841936 0.02430596419891545 0.021
6818 0.1290731802400851 0.02238304574249221 0.021
6819 0.1293927107095733 0.02045514627737192 0.021
6820 0.1296834467859798 0.0185226948284519 0.021
6821 0.1299453237703827 0.01658612143360862 0.021
6822 0.1301782833860144 0.01464585704800312 0.021
6823 0.1303822737912316 0.01270233344816311 0.021
6824 0.130557249591052 0.01075598313589952 0.021
6825 0.1307031718472549 0.008807239242064252 0.021
6826 0.1308200080870443 0.006856535430205358 0.021
6827 0.1309077323102825 0.004904305799949441 0.021
6828 0.1309964483199064 0.000997004297927801 0.021
6829 0.1309967451227233 -0.0009572132741892097 0.021
6830 0.130967890342401 -0.002911217831223584 0.021
6831 0.1309098904001871 -0.004864574535455175 0.021
6832 0.1308227582031973 -0.006816848693332032 0.021
6833 0.130706513141543 -0.008767605852207752 0.021
6834 0.1305611810840165 -0.01071641189702349 0.021
6835 0.1303867943723341 -0.01266283314691735 0.021
6836 0.1301833918139371 -0.01460643645174709 0.021
6837 0.1299510186733615 -0.01654678928842885 0.021
6838 0.1296897266621567 -0.0184834598572636 0.021
6839 0.1293995739273864 -0.02041601717796257 0.021
6840 0.1290806250386803 -0.02234403118561297 0.021
6841 0.1287329509738709 -0.02426707282634125 0.021
6842 0.1283566291031983 -0.02618471415280278 0.021
6843 0.1279517431720875 -0.02809652841943593 0.021
6844 0.1270705806460246 -0.03184380414275494 0.021
6845 0.1265965606984623 -0.03367894219420416 0.021
6846 0.1260960393872964 -0.03550702999178311 0.021
6847 0.125569121490239 -0.03732768484877678 0.021
6848 0.125015917310777 -0.03914052563449989 0.021
6849 0.1244365426550998 -0.04094517285401932 0.021
6850 0.1238311188078485 -0.04274124872762265 0.021
6851 0.1231997725067257 -0.04452837726990536 0.021
6852 0.1225426359159724 -0.04630618436845599 0.021
6853 0.1218598465986865 -0.04807429786221122 0.021
6854 0.1211515474880408 -0.04983234761932238 0.021
6855 0.1204178868573559 -0.05157996561465535 0.021
6856 0.1196590182890649 -0.05331678600682167 0.021
6857 0.1188751006425548 -0.05504244521478369 0.021
6858 0.1180662980209022 -0.05675658199398119 0.021
6859 0.117232779736553 -0.0584588375118839 0.021
6860 0.116375 -0.060149 0.02297438461538165
6861 0.116375 -0.060149 0.02494876923076099
6862 0.116375 -0.060149 0.02692315384613811
6863 0.116375 -0.060149 0.02889753846151522
6864 0.116375 -0.060149 0.03087192307689233
6865 0.116375 -0.060149 0.03284630769226944
6866 0.116375 -0.060149 0.03482069230765594
6867 0.116375 -0.060149 0.03679507692305047
6868 0.116375 -0.060149 0.03876946153844091
6869 0.116375 -0.060149 0.04074384615382928
6870 0.116375 -0.060149 0.04271823076921952
6871 0.116375 -0.060149 0.0446926153846082
6872 0.116375 -0.060149 0.04857171428571138
6873 0.116375 -0.060149 0.05047642857142373
6874 0.116375 -0.060149 0.05238114285713279
6875 0.116375 -0.060149 0.05428585714284417
6876 0.116375 -0.060149 0.05619057142855322
6877 0.116375 -0.060149 0.05809528571426015
6878 0.116375 -0.060149 0.05999999999996883
6879 0.116375 -0.060149 0.06190471428568833
6880 0.116375 -0.060149 0.06380942857140669
6881 0.116375 -0.060149 0.06571414285712658
6882 0.116375 -0.060149 0.06761885714284339
6883 0.116375 -0.060149 0.0695235714285633
6884 0.116375 -0.060149 0.07142828571428203
6885 0.116375 -0.060149 0.0753073846153844
6886 0.116375 -0.060149 0.07728176923076067
6887 0.116375 -0.060149 0.07925615384613695
6888 0.116375 -0.060149 0.08123053846151927
6889 0.116375 -0.060149 0.08320492307689971
6890 0.116375 -0.060149 0.08517930769227641
6891 0.116375 -0.060149 0.08715369230765832
6892 0.116375 -0.060149 0.08912807692304878
6893 0.116375 -0.060149 0.09110246153844173
6894 0.116375 -0.060149 0.09307684615382927
6895 0.116375 -0.060149 0.09505123076921763
6896 0.116375 -0.060149 0.09702561538460705
$EndNodes
$Elements
7040
1 1 2 33 27 2 15
2 1 2 41 28 3 16
3 1 2 65 29 5 18
4 1 2 73 30 6 19
5 1 2 25 31 8 21
6 1 2 1 32 9 22
7 1 2 17 33 10 23
8 1 2 57 34 12 25
9 1 2 49 35 13 26
10 1 2 34 66 28 41
11 1 2 42 67 29 42
12 1 2 66 68 31 44
13 1 2 74 69 32 45
14 1 2 26 70 34 47
15 1 2 2 71 35 48
16 1 2 18 72 36 49
17 1 2 58 73 38 51
18 1 2 50 74 39 52
19 1 2 35 105 54 67
20 1 2 43 106 55 68
21 1 2 67 107 57 70
22 1 2 75 108 58 71
23 1 2 27 109 60 73
24 1 2 3 110 61 74
25 1 2 19 111 62 75
26 1 2 59 112 64 77
27 1 2 51 113 65 78
28 1 2 36 144 80 93
29 1 2 44 145 81 94
30 1 2 68 146 83 96
31 1 2 76 147 84 97
32 1 2 28 148 86 99
33 1 2 4 149 87 100
34 1 2 20 150 88 101
35 1 2 60 151 90 103
36 1 2 52 152 91 104
37 1 2 37 183 106 119
38 1 2 45 184 107 120
39 1 2 69 185 109 122
40 1 2 77 186 110 123
41 1 2 29 187 112 125
42 1 2 5 188 113 126
43 1 2 21 189 114 127
44 1 2 61 190 116 129
45 1 2 53 191 117 130
46 1 2 38 222 132 145
47 1 2 46 223 133 146
48 1 2 70 224 135 148
49 1 2 78 225 136 149
50 1 2 30 226 138 151
51 1 2 6 227 139 152
52 1 2 22 228 140 153
53 1 2 62 229 142 155
54 1 2 54 230 143 156
55 1 2 39 261 158 171
56 1 2 47 262 159 172
57 1 2 71 263 161 174
58 1 2 79 264 162 175
59 1 2 31 265 164 177
60 1 2 7 266 165 178
61 1 2 23 267 166 179
62 1 2 63 268 168 181
63 1 2 55 269 169 182
64 1 2 40 300 184 197
65 1 2 48 301 185 198
66 1 2 72 302 187 200
67 1 2 80 303 188 201
68 1 2 32 304 190 203
69 1 2 8 305 191 204
70 1 2 24 306 192 205
71 1 2 64 307 194 207
72 1 2 56 308 195 208
73 1 2 9 100027 210 223
74 1 2 105 100028 211 224
75 1 2 129 100029 213 226
76 1 2 137 100030 214 227
77 1 2 89 100031 216 229
78 1 2 97 100032 217 230
79 1 2 81 100033 218 231
80 1 2 121 100034 220 233
81 1 2 113 100035 221 234
82 1 2 10 100066 236 249
83 1 2 106 100067 237 250
84 1 2 130 100068 239 252
85 1 2 138 100069 240 253
86 1 2 90 100070 242 255
87 1 2 98 100071 243 256
88 1 2 82 100072 244 257
89 1 2 122 100073 246 259
90 1 2 114 100074 247 260
91 1 2 11 100105 262 275
92 1 2 107 100106 263 276
93 1 2 131 100107 265 278
94 1 2 139 100108 266 279
95 1 2 91 100109 268 281
96 1 2 99 100110 269 282
97 1 2 83 100111 270 283
98 1 2 123 100112 272 285
99 1 2 115 100113 273 286
100 1 2 12 100144 288 301
101 1 2 108 100145 289 302
102 1 2 132 100146 291 304
103 1 2 140 100147 292 305
104 1 2 92 100148 294 307
105 1 2 100 100149 295 308
106 1 2 84 100150 296 309
107 1 2 124 100151 298 311
108 1 2 116 100152 299 312
109 1 2 13 100183 314 327
110 1 2 109 100184 315 328
111 1 2 133 100185 317 330
112 1 2 141 100186 318 331
113 1 2 93 100187 320 333
114 1 2 101 100188 321 334
115 1 2 85 100189 322 335
116 1 2 125 100190 324 337
117 1 2 117 100191 325 338
118 1 2 14 100222 340 353
119 1 2 110 100223 341 354
120 1 2 134 100224 343 356
121 1 2 142 100225 344 357
122 1 2 94 100226 346 359
123 1 2 102 100227 347 360
124 1 2 86 100228 348 361
125 1 2 126 100229 350 363
126 1 2 118 100230 351 364
127 1 2 15 100261 366 379
128 1 2 111 100262 367 380
129 1 2 135 100263 369 382
130 1 2 143 100264 370 383
131 1 2 95 100265 372 385
132 1 2 103 100266 373 386
133 1 2 87 100267 374 387
134 1 2 127 100268 376 389
135 1 2 119 100269 377 390
136 1 2 16 100300 392 405
137 1 2 112 100301 393 406
138 1 2 136 100302 395 408
139 1 2 144 100303 396 409
140 1 2 96 100304 398 411
141 1 2 104 100305 399 412
142 1 2 88 100306 400 413
143 1 2 128 100307 402 415
144 1 2 120 100308 403 416
145 2 2 1 1 14 417 622
146 2 2 1 1 14 1 417
147 2 2 1 1 417 418 622
148 2 2 1 1 622 418 623
149 2 2 1 1 418 419 623
150 2 2 1 1 623 419 624
151 2 2 1 1 419 420 624
152 2 2 1 1 624 420 625
153 2 2 1 1 420 421 625
154 2 2 1 1 625 421 626
155 2 2 1 1 421 422 626
156 2 2 1 1 626 422 627
157 2 2 1 1 422 423 627
158 2 2 1 1 627 423 628
159 2 2 1 1 423 424 628
160 2 2 1 1 628 424 629
161 2 2 1 1 424 425 629
162 2 2 1 1 629 425 630
163 2 2 1 1 425 426 630
164 2 2 1 1 630 426 631
165 2 2 1 1 426 427 631
166 2 2 1 1 631 427 632
167 2 2 1 1 427 428 632
168 2 2 1 1 632 428 633
169 2 2 1 1 428 429 633
170 2 2 1 1 633 429 634
171 2 2 1 1 429 430 634
172 2 2 1 1 634 430 635
173 2 2 1 1 430 431 635
174 2 2 1 1 635 431 636
175 2 2 1 1 431 432 636
176 2 2 1 1 636 432 637
177 2 2 1 1 432 433 637
178 2 2 1 1 637 433 638
179 2 2 1 1 433 434 638
180 2 2 1 1 638 434 639
181 2 2 1 1 434 435 639
182 2 2 1 1 639 435 640
183 2 2 1 1 435 436 640
184 2 2 1 1 640 436 641
185 2 2 1 1 436 437 641
186 2 2 1 1 641 437 15
187 2 2 1 1 437 2 15
188 2 2 1 2 642 438 643
189 2 2 1 2 438 439 643
190 2 2 1 2 441 646 645
191 2 2 1 2 441 442 646
192 2 2 1 2 648 444 649
193 2 2 1 2 444 445 649
194 2 2 1 2 445 446 649
195 2 2 1 2 649 446 650
196 2 2 1 2 651 448 652
197 2 2 1 2 651 447 448
198 2 2 1 2 653 450 654
199 2 2 1 2 653 449 450
200 2 2 1 2 655 451 656
201 2 2 1 2 451 452 656
202 2 2 1 2 658 454 659
203 2 2 1 2 454 455 659
204 2 2 1 2 455 456 659
205 2 2 1 2 659 456 660
206 2 2 1 2 456 457 660
207 2 2 1 2 660 457 661
208 2 2 1 2 2 642 15
209 2 2 1 2 438 642 2
210 2 2 1 2 644 439 440
211 2 2 1 2 644 643 439
212 2 2 1 2 645 440 441
213 2 2 1 2 645 644 440
214 2 2 1 2 443 646 442
215 2 2 1 2 647 646 443
216 2 2 1 2 444 647 443
217 2 2 1 2 648 647 444
218 2 2 1 2 651 446 447
219 2 2 1 2 651 650 446
220 2 2 1 2 449 652 448
221 2 2 1 2 653 652 449
222 2 2 1 2 655 450 451
223 2 2 1 2 654 450 655
224 2 2 1 2 657 452 453
225 2 2 1 2 656 452 657
226 2 2 1 2 658 453 454
227 2 2 1 2 657 453 658
228 2 2 1 2 16 458 3
229 2 2 1 2 662 458 16
230 2 2 1 2 458 661 457
231 2 2 1 2 662 661 458
232 2 2 1 3 3 459 16
233 2 2 1 3 16 459 663
234 2 2 1 3 459 460 663
235 2 2 1 3 663 460 664
236 2 2 1 3 460 461 664
237 2 2 1 3 664 461 665
238 2 2 1 3 461 462 665
239 2 2 1 3 665 462 666
240 2 2 1 3 462 463 666
241 2 2 1 3 666 463 667
242 2 2 1 3 463 464 667
243 2 2 1 3 667 464 668
244 2 2 1 3 464 465 668
245 2 2 1 3 668 465 669
246 2 2 1 3 465 466 669
247 2 2 1 3 669 466 670
248 2 2 1 3 466 467 670
249 2 2 1 3 670 467 671
250 2 2 1 3 467 468 671
251 2 2 1 3 671 468 672
252 2 2 1 3 468 469 672
253 2 2 1 3 672 469 673
254 2 2 1 3 469 470 673
255 2 2 1 3 673 470 674
256 2 2 1 3 470 471 674
257 2 2 1 3 674 471 675
258 2 2 1 3 471 472 675
259 2 2 1 3 675 472 676
260 2 2 1 3 472 473 676
261 2 2 1 3 676 473 677
262 2 2 1 3 473 474 677
263 2 2 1 3 677 474 678
264 2 2 1 3 474 475 678
265 2 2 1 3 678 475 679
266 2 2 1 3 475 476 679
267 2 2 1 3 679 476 680
268 2 2 1 3 476 477 680
269 2 2 1 3 680 477 681
270 2 2 1 3 477 478 681
271 2 2 1 3 681 478 682
272 2 2 1 3 478 479 682
273 2 2 1 3 682 479 17
274 2 2 1 3 479 4 17
275 2 2 1 4 4 480 17
276 2 2 1 4 17 480 683
277 2 2 1 4 480 481 683
278 2 2 1 4 683 481 684
279 2 2 1 4 481 482 684
280 2 2 1 4 684 482 685
281 2 2 1 4 482 483 685
282 2 2 1 4 685 483 686
283 2 2 1 4 483 484 686
284 2 2 1 4 686 484 687
285 2 2 1 4 484 485 687
286 2 2 1 4 687 485 688
287 2 2 1 4 485 486 688
288 2 2 1 4 688 486 689
289 2 2 1 4 486 487 689
290 2 2 1 4 689 487 690
291 2 2 1 4 487 488 690
292 2 2 1 4 690 488 691
293 2 2 1 4 488 489 691
294 2 2 1 4 691 489 692
295 2 2 1 4 489 490 692
296 2 2 1 4 692 490 693
297 2 2 1 4 490 491 693
298 2 2 1 4 693 491 694
299 2 2 1 4 491 492 694
300 2 2 1 4 694 492 18
301 2 2 1 4 492 5 18
302 2 2 1 5 695 494 696
303 2 2 1 5 695 493 494
304 2 2 1 5 494 495 696
305 2 2 1 5 696 495 697
306 2 2 1 5 497 498 699
307 2 2 1 5 699 498 700
308 2 2 1 5 701 500 702
309 2 2 1 5 701 499 500
310 2 2 1 5 703 502 704
311 2 2 1 5 703 501 502
312 2 2 1 5 707 6 19
313 2 2 1 5 707 505 6
314 2 2 1 5 493 18 5
315 2 2 1 5 493 695 18
316 2 2 1 5 496 697 495
317 2 2 1 5 698 697 496
318 2 2 1 5 497 698 496
319 2 2 1 5 699 698 497
320 2 2 1 5 499 700 498
321 2 2 1 5 499 701 700
322 2 2 1 5 501 702 500
323 2 2 1 5 703 702 501
324 2 2 1 5 503 704 502
325 2 2 1 5 705 704 503
326 2 2 1 5 504 705 503
327 2 2 1 5 706 705 504
328 2 2 1 5 707 504 505
329 2 2 1 5 706 504 707
330 2 2 1 6 19 506 708
331 2 2 1 6 19 6 506
332 2 2 1 6 506 507 708
333 2 2 1 6 708 507 709
334 2 2 1 6 507 508 709
335 2 2 1 6 709 508 710
336 2 2 1 6 508 509 710
337 2 2 1 6 710 509 711
338 2 2 1 6 509 510 711
339 2 2 1 6 711 510 712
340 2 2 1 6 510 511 712
341 2 2 1 6 712 511 713
342 2 2 1 6 511 512 713
343 2 2 1 6 713 512 714
344 2 2 1 6 512 513 714
345 2 2 1 6 714 513 715
346 2 2 1 6 513 514 715
347 2 2 1 6 715 514 716
348 2 2 1 6 514 515 716
349 2 2 1 6 716 515 717
350 2 2 1 6 515 516 717
351 2 2 1 6 717 516 718
352 2 2 1 6 516 517 718
353 2 2 1 6 718 517 719
354 2 2 1 6 517 518 719
355 2 2 1 6 719 518 20
356 2 2 1 6 518 7 20
357 2 2 1 7 20 519 720
358 2 2 1 7 20 7 519
359 2 2 1 7 519 520 720
360 2 2 1 7 720 520 721
361 2 2 1 7 520 521 721
362 2 2 1 7 721 521 722
363 2 2 1 7 521 522 722
364 2 2 1 7 722 522 723
365 2 2 1 7 522 523 723
366 2 2 1 7 723 523 724
367 2 2 1 7 523 524 724
368 2 2 1 7 724 524 725
369 2 2 1 7 524 525 725
370 2 2 1 7 725 525 726
371 2 2 1 7 525 526 726
372 2 2 1 7 726 526 727
373 2 2 1 7 526 527 727
374 2 2 1 7 727 527 728
375 2 2 1 7 527 528 728
376 2 2 1 7 728 528 729
377 2 2 1 7 528 529 729
378 2 2 1 7 729 529 730
379 2 2 1 7 529 530 730
380 2 2 1 7 730 530 731
381 2 2 1 7 530 531 731
382 2 2 1 7 731 531 732
383 2 2 1 7 531 532 732
384 2 2 1 7 732 532 733
385 2 2 1 7 532 533 733
386 2 2 1 7 733 533 734
387 2 2 1 7 533 534 734
388 2 2 1 7 734 534 21
389 2 2 1 7 534 8 21
390 2 2 1 8 737 537 738
391 2 2 1 8 537 538 738
392 2 2 1 8 538 539 738
393 2 2 1 8 738 539 739
394 2 2 1 8 739 540 740
395 2 2 1 8 739 539 540
396 2 2 1 8 740 540 741
397 2 2 1 8 540 541 741
398 2 2 1 8 741 542 742
399 2 2 1 8 741 541 542
400 2 2 1 8 545 546 745
401 2 2 1 8 745 546 746
402 2 2 1 8 746 547 747
403 2 2 1 8 746 546 547
404 2 2 1 8 750 9 22
405 2 2 1 8 750 550 9
406 2 2 1 8 535 21 8
407 2 2 1 8 735 21 535
408 2 2 1 8 536 735 535
409 2 2 1 8 736 735 536
410 2 2 1 8 543 742 542
411 2 2 1 8 743 742 543
412 2 2 1 8 744 543 544
413 2 2 1 8 744 743 543
414 2 2 1 8 745 544 545
415 2 2 1 8 744 544 745
416 2 2 1 8 548 747 547
417 2 2 1 8 748 747 548
418 2 2 1 8 749 548 549
419 2 2 1 8 748 548 749
420 2 2 1 8 550 749 549
421 2 2 1 8 750 749 550
422 2 2 1 8 537 736 536
423 2 2 1 8 537 737 736
424 2 2 1 9 22 551 751
425 2 2 1 9 22 9 551
426 2 2 1 9 552 753 752
427 2 2 1 9 552 553 753
428 2 2 1 9 562 763 762
429 2 2 1 9 562 563 763
430 2 2 1 9 566 10 766
431 2 2 1 9 766 10 23
432 2 2 1 9 754 553 554
433 2 2 1 9 754 753 553
434 2 2 1 9 555 754 554
435 2 2 1 9 755 754 555
436 2 2 1 9 556 755 555
437 2 2 1 9 756 755 556
438 2 2 1 9 757 556 557
439 2 2 1 9 757 756 556
440 2 2 1 9 758 557 558
441 2 2 1 9 757 557 758
442 2 2 1 9 559 758 558
443 2 2 1 9 759 758 559
444 2 2 1 9 560 759 559
445 2 2 1 9 760 759 560
446 2 2 1 9 761 560 561
447 2 2 1 9 760 560 761
448 2 2 1 9 762 561 562
449 2 2 1 9 761 561 762
450 2 2 1 9 564 763 563
451 2 2 1 9 764 763 564
452 2 2 1 9 765 564 565
453 2 2 1 9 765 764 564
454 2 2 1 9 766 565 566
455 2 2 1 9 765 565 766
456 2 2 1 9 552 751 551
457 2 2 1 9 552 752 751
458 2 2 1 10 10 567 23
459 2 2 1 10 23 567 767
460 2 2 1 10 567 568 767
461 2 2 1 10 767 568 768
462 2 2 1 10 568 569 768
463 2 2 1 10 768 569 769
464 2 2 1 10 569 570 769
465 2 2 1 10 769 570 770
466 2 2 1 10 570 571 770
467 2 2 1 10 770 571 771
468 2 2 1 10 571 572 771
469 2 2 1 10 771 572 772
470 2 2 1 10 572 573 772
471 2 2 1 10 772 573 773
472 2 2 1 10 573 574 773
473 2 2 1 10 773 574 774
474 2 2 1 10 574 575 774
475 2 2 1 10 774 575 775
476 2 2 1 10 575 576 775
477 2 2 1 10 775 576 776
478 2 2 1 10 576 577 776
479 2 2 1 10 776 577 777
480 2 2 1 10 577 578 777
481 2 2 1 10 777 578 778
482 2 2 1 10 578 579 778
483 2 2 1 10 778 579 779
484 2 2 1 10 579 580 779
485 2 2 1 10 779 580 780
486 2 2 1 10 580 581 780
487 2 2 1 10 780 581 781
488 2 2 1 10 581 582 781
489 2 2 1 10 781 582 24
490 2 2 1 10 582 11 24
491 2 2 1 11 24 583 782
492 2 2 1 11 24 11 583
493 2 2 1 11 583 584 782
494 2 2 1 11 782 584 783
495 2 2 1 11 584 585 783
496 2 2 1 11 783 585 784
497 2 2 1 11 585 586 784
498 2 2 1 11 784 586 785
499 2 2 1 11 586 587 785
500 2 2 1 11 785 587 786
501 2 2 1 11 587 588 786
502 2 2 1 11 786 588 787
503 2 2 1 11 588 589 787
504 2 2 1 11 787 589 788
505 2 2 1 11 589 590 788
506 2 2 1 11 788 590 789
507 2 2 1 11 590 591 789
508 2 2 1 11 789 591 790
509 2 2 1 11 591 592 790
510 2 2 1 11 790 592 791
511 2 2 1 11 592 593 791
512 2 2 1 11 791 593 792
513 2 2 1 11 593 594 792
514 2 2 1 11 792 594 793
515 2 2 1 11 594 595 793
516 2 2 1 11 793 595 25
517 2 2 1 11 595 12 25
518 2 2 1 12 25 596 794
519 2 2 1 12 25 12 596
520 2 2 1 12 794 597 795
521 2 2 1 12 794 596 597
522 2 2 1 12 597 598 796
523 2 2 1 12 597 796 795
524 2 2 1 12 798 601 799
525 2 2 1 12 798 600 601
526 2 2 1 12 801 604 802
527 2 2 1 12 801 603 604
528 2 2 1 12 605 606 803
529 2 2 1 12 803 606 804
530 2 2 1 12 804 607 805
531 2 2 1 12 804 606 607
532 2 2 1 12 806 13 26
533 2 2 1 12 806 608 13
534 2 2 1 12 599 796 598
535 2 2 1 12 797 796 599
536 2 2 1 12 798 599 600
537 2 2 1 12 797 599 798
538 2 2 1 12 602 799 601
539 2 2 1 12 800 799 602
540 2 2 1 12 603 800 602
541 2 2 1 12 801 800 603
542 2 2 1 12 605 802 604
543 2 2 1 12 803 802 605
544 2 2 1 12 608 805 607
545 2 2 1 12 806 805 608
546 2 2 1 13 26 609 807
547 2 2 1 13 26 13 609
548 2 2 1 13 609 610 807
549 2 2 1 13 807 610 808
550 2 2 1 13 610 611 808
551 2 2 1 13 808 611 809
552 2 2 1 13 611 612 809
553 2 2 1 13 809 612 810
554 2 2 1 13 612 613 810
555 2 2 1 13 810 613 811
556 2 2 1 13 613 614 811
557 2 2 1 13 811 614 812
558 2 2 1 13 614 615 812
559 2 2 1 13 812 615 813
560 2 2 1 13 615 616 813
561 2 2 1 13 813 616 814
562 2 2 1 13 616 617 814
563 2 2 1 13 814 617 815
564 2 2 1 13 617 618 815
565 2 2 1 13 815 618 816
566 2 2 1 13 618 619 816
567 2 2 1 13 816 619 817
568 2 2 1 13 619 620 817
569 2 2 1 13 817 620 818
570 2 2 1 13 620 621 818
571 2 2 1 13 818 621 14
572 2 2 1 13 621 1 14
573 2 2 1 14 1026 822 1027
574 2 2 1 14 1026 821 822
575 2 2 1 14 1028 824 1029
576 2 2 1 14 1028 823 824
577 2 2 1 14 824 825 1029
578 2 2 1 14 1029 825 1030
579 2 2 1 14 1032 828 1033
580 2 2 1 14 1032 827 828
581 2 2 1 14 1034 830 1035
582 2 2 1 14 1034 829 830
583 2 2 1 14 830 831 1035
584 2 2 1 14 1035 831 1036
585 2 2 1 14 1037 833 1038
586 2 2 1 14 1037 832 833
587 2 2 1 14 1041 837 1042
588 2 2 1 14 1041 836 837
589 2 2 1 14 1042 838 1043
590 2 2 1 14 1042 837 838
591 2 2 1 14 819 40 27
592 2 2 1 14 1024 40 819
593 2 2 1 14 820 1024 819
594 2 2 1 14 1025 1024 820
595 2 2 1 14 821 1025 820
596 2 2 1 14 1026 1025 821
597 2 2 1 14 823 1027 822
598 2 2 1 14 1028 1027 823
599 2 2 1 14 826 1030 825
600 2 2 1 14 1031 1030 826
601 2 2 1 14 827 1031 826
602 2 2 1 14 1032 1031 827
603 2 2 1 14 829 1033 828
604 2 2 1 14 829 1034 1033
605 2 2 1 14 832 1036 831
606 2 2 1 14 1037 1036 832
607 2 2 1 14 834 1038 833
608 2 2 1 14 1039 1038 834
609 2 2 1 14 835 1039 834
610 2 2 1 14 1040 1039 835
611 2 2 1 14 836 1040 835
612 2 2 1 14 1041 1040 836
613 2 2 1 14 839 1043 838
614 2 2 1 14 1044 1043 839
615 2 2 1 14 1044 28 41
616 2 2 1 14 1044 839 28
617 2 2 1 15 840 841 1046
618 2 2 1 15 840 1046 1045
619 2 2 1 15 1046 841 1047
620 2 2 1 15 841 842 1047
621 2 2 1 15 1047 843 1048
622 2 2 1 15 1047 842 843
623 2 2 1 15 845 846 1050
624 2 2 1 15 1050 846 1051
625 2 2 1 15 847 848 1052
626 2 2 1 15 1052 848 1053
627 2 2 1 15 848 849 1053
628 2 2 1 15 1053 849 1054
629 2 2 1 15 1055 850 1056
630 2 2 1 15 850 851 1056
631 2 2 1 15 1056 851 1057
632 2 2 1 15 851 852 1057
633 2 2 1 15 852 853 1057
634 2 2 1 15 1057 853 1058
635 2 2 1 15 855 856 1060
636 2 2 1 15 1060 856 1061
637 2 2 1 15 856 1062 1061
638 2 2 1 15 856 857 1062
639 2 2 1 15 1063 858 1064
640 2 2 1 15 858 859 1064
641 2 2 1 15 28 1045 41
642 2 2 1 15 840 1045 28
643 2 2 1 15 844 1048 843
644 2 2 1 15 844 1049 1048
645 2 2 1 15 847 1051 846
646 2 2 1 15 1052 1051 847
647 2 2 1 15 850 1054 849
648 2 2 1 15 1055 1054 850
649 2 2 1 15 854 1058 853
650 2 2 1 15 1059 1058 854
651 2 2 1 15 855 1059 854
652 2 2 1 15 1060 1059 855
653 2 2 1 15 1063 857 858
654 2 2 1 15 1062 857 1063
655 2 2 1 15 860 1064 859
656 2 2 1 15 1065 1064 860
657 2 2 1 15 42 860 29
658 2 2 1 15 1065 860 42
659 2 2 1 15 1050 844 845
660 2 2 1 15 1050 1049 844
661 2 2 1 16 862 1068 1067
662 2 2 1 16 862 863 1068
663 2 2 1 16 863 1069 1068
664 2 2 1 16 863 864 1069
665 2 2 1 16 864 865 1070
666 2 2 1 16 864 1070 1069
667 2 2 1 16 866 1072 1071
668 2 2 1 16 866 867 1072
669 2 2 1 16 1073 868 1074
670 2 2 1 16 868 869 1074
671 2 2 1 16 869 1075 1074
672 2 2 1 16 869 870 1075
673 2 2 1 16 871 1077 1076
674 2 2 1 16 871 872 1077
675 2 2 1 16 1077 872 1078
676 2 2 1 16 872 873 1078
677 2 2 1 16 1079 874 1080
678 2 2 1 16 874 875 1080
679 2 2 1 16 876 1082 1081
680 2 2 1 16 876 877 1082
681 2 2 1 16 1083 878 1084
682 2 2 1 16 878 879 1084
683 2 2 1 16 879 1085 1084
684 2 2 1 16 879 880 1085
685 2 2 1 16 881 43 1086
686 2 2 1 16 881 30 43
687 2 2 1 16 29 1066 42
688 2 2 1 16 29 861 1066
689 2 2 1 16 1067 861 862
690 2 2 1 16 1066 861 1067
691 2 2 1 16 1071 865 866
692 2 2 1 16 1071 1070 865
693 2 2 1 16 1073 867 868
694 2 2 1 16 1072 867 1073
695 2 2 1 16 1076 870 871
696 2 2 1 16 1075 870 1076
697 2 2 1 16 1079 873 874
698 2 2 1 16 1079 1078 873
699 2 2 1 16 1081 875 876
700 2 2 1 16 1081 1080 875
701 2 2 1 16 1083 877 878
702 2 2 1 16 1083 1082 877
703 2 2 1 16 1086 880 881
704 2 2 1 16 1085 880 1086
705 2 2 1 17 43 882 1087
706 2 2 1 17 43 30 882
707 2 2 1 17 882 883 1087
708 2 2 1 17 1087 883 1088
709 2 2 1 17 883 884 1088
710 2 2 1 17 1088 884 1089
711 2 2 1 17 884 885 1089
712 2 2 1 17 1089 885 1090
713 2 2 1 17 885 886 1090
714 2 2 1 17 1090 886 1091
715 2 2 1 17 886 887 1091
716 2 2 1 17 1091 887 1092
717 2 2 1 17 887 888 1092
718 2 2 1 17 1092 888 1093
719 2 2 1 17 888 889 1093
720 2 2 1 17 1093 889 1094
721 2 2 1 17 889 890 1094
722 2 2 1 17 1094 890 1095
723 2 2 1 17 890 891 1095
724 2 2 1 17 1095 891 1096
725 2 2 1 17 891 892 1096
726 2 2 1 17 1096 892 1097
727 2 2 1 17 892 893 1097
728 2 2 1 17 1097 893 1098
729 2 2 1 17 893 894 1098
730 2 2 1 17 1098 894 44
731 2 2 1 17 894 31 44
732 2 2 1 18 44 895 1099
733 2 2 1 18 44 31 895
734 2 2 1 18 1099 896 1100
735 2 2 1 18 1099 895 896
736 2 2 1 18 1103 900 1104
737 2 2 1 18 1103 899 900
738 2 2 1 18 1104 901 1105
739 2 2 1 18 1104 900 901
740 2 2 1 18 1108 905 1109
741 2 2 1 18 1108 904 905
742 2 2 1 18 905 906 1109
743 2 2 1 18 1109 906 1110
744 2 2 1 18 1111 32 45
745 2 2 1 18 1111 907 32
746 2 2 1 18 1102 897 898
747 2 2 1 18 1101 897 1102
748 2 2 1 18 899 1102 898
749 2 2 1 18 1103 1102 899
750 2 2 1 18 902 1105 901
751 2 2 1 18 1106 1105 902
752 2 2 1 18 903 1106 902
753 2 2 1 18 1107 1106 903
754 2 2 1 18 904 1107 903
755 2 2 1 18 1108 1107 904
756 2 2 1 18 907 1110 906
757 2 2 1 18 1111 1110 907
758 2 2 1 18 897 1100 896
759 2 2 1 18 1101 1100 897
760 2 2 1 19 45 908 1112
761 2 2 1 19 45 32 908
762 2 2 1 19 908 909 1112
763 2 2 1 19 1112 909 1113
764 2 2 1 19 909 910 1113
765 2 2 1 19 1113 910 1114
766 2 2 1 19 910 911 1114
767 2 2 1 19 1114 911 1115
768 2 2 1 19 911 912 1115
769 2 2 1 19 1115 912 1116
770 2 2 1 19 912 913 1116
771 2 2 1 19 1116 913 1117
772 2 2 1 19 913 914 1117
773 2 2 1 19 1117 914 1118
774 2 2 1 19 914 915 1118
775 2 2 1 19 1118 915 1119
776 2 2 1 19 915 916 1119
777 2 2 1 19 1119 916 1120
778 2 2 1 19 916 917 1120
779 2 2 1 19 1120 917 1121
780 2 2 1 19 917 918 1121
781 2 2 1 19 1121 918 1122
782 2 2 1 19 918 919 1122
783 2 2 1 19 1122 919 1123
784 2 2 1 19 919 920 1123
785 2 2 1 19 1123 920 46
786 2 2 1 19 920 33 46
787 2 2 1 20 33 921 46
788 2 2 1 20 46 921 1124
789 2 2 1 20 921 922 1124
790 2 2 1 20 1124 922 1125
791 2 2 1 20 922 923 1125
792 2 2 1 20 1125 923 1126
793 2 2 1 20 923 924 1126
794 2 2 1 20 1126 924 1127
795 2 2 1 20 924 925 1127
796 2 2 1 20 1127 925 1128
797 2 2 1 20 925 926 1128
798 2 2 1 20 1128 926 1129
799 2 2 1 20 926 927 1129
800 2 2 1 20 1129 927 1130
801 2 2 1 20 927 928 1130
802 2 2 1 20 1130 928 1131
803 2 2 1 20 928 929 1131
804 2 2 1 20 1131 929 1132
805 2 2 1 20 929 930 1132
806 2 2 1 20 1132 930 1133
807 2 2 1 20 930 931 1133
808 2 2 1 20 1133 931 1134
809 2 2 1 20 931 932 1134
810 2 2 1 20 1134 932 1135
811 2 2 1 20 932 933 1135
812 2 2 1 20 1135 933 1136
813 2 2 1 20 933 934 1136
814 2 2 1 20 1136 934 1137
815 2 2 1 20 934 935 1137
816 2 2 1 20 1137 935 1138
817 2 2 1 20 935 936 1138
818 2 2 1 20 1138 936 47
819 2 2 1 20 936 34 47
820 2 2 1 21 47 34 1139
821 2 2 1 21 34 937 1139
822 2 2 1 21 937 938 1139
823 2 2 1 21 1139 938 1140
824 2 2 1 21 1140 938 1141
825 2 2 1 21 938 939 1141
826 2 2 1 21 1143 941 1144
827 2 2 1 21 941 942 1144
828 2 2 1 21 944 945 1146
829 2 2 1 21 1146 945 1147
830 2 2 1 21 949 1152 1151
831 2 2 1 21 949 950 1152
832 2 2 1 21 950 951 1152
833 2 2 1 21 1152 951 1153
834 2 2 1 21 952 35 1154
835 2 2 1 21 1154 35 48
836 2 2 1 21 1143 940 941
837 2 2 1 21 1142 940 1143
838 2 2 1 21 1145 942 943
839 2 2 1 21 1144 942 1145
840 2 2 1 21 1146 943 944
841 2 2 1 21 1146 1145 943
842 2 2 1 21 946 1147 945
843 2 2 1 21 1148 1147 946
844 2 2 1 21 947 1148 946
845 2 2 1 21 1149 1148 947
846 2 2 1 21 948 1149 947
847 2 2 1 21 1150 1149 948
848 2 2 1 21 1151 948 949
849 2 2 1 21 1150 948 1151
850 2 2 1 21 1154 951 952
851 2 2 1 21 1154 1153 951
852 2 2 1 21 1142 939 940
853 2 2 1 21 1141 939 1142
854 2 2 1 22 48 953 1155
855 2 2 1 22 48 35 953
856 2 2 1 22 1158 956 1159
857 2 2 1 22 956 957 1159
858 2 2 1 22 1159 957 1160
859 2 2 1 22 957 958 1160
860 2 2 1 22 958 959 1160
861 2 2 1 22 1160 959 1161
862 2 2 1 22 960 961 1162
863 2 2 1 22 1162 961 1163
864 2 2 1 22 1165 964 1166
865 2 2 1 22 1165 963 964
866 2 2 1 22 964 1167 1166
867 2 2 1 22 964 965 1167
868 2 2 1 22 1167 966 1168
869 2 2 1 22 1167 965 966
870 2 2 1 22 968 36 1170
871 2 2 1 22 1170 36 49
872 2 2 1 22 954 1155 953
873 2 2 1 22 1156 1155 954
874 2 2 1 22 1157 954 955
875 2 2 1 22 1157 1156 954
876 2 2 1 22 956 1157 955
877 2 2 1 22 1158 1157 956
878 2 2 1 22 960 1161 959
879 2 2 1 22 1162 1161 960
880 2 2 1 22 1164 961 962
881 2 2 1 22 1164 1163 961
882 2 2 1 22 963 1164 962
883 2 2 1 22 963 1165 1164
884 2 2 1 22 967 1168 966
885 2 2 1 22 1169 1168 967
886 2 2 1 22 1170 967 968
887 2 2 1 22 1170 1169 967
888 2 2 1 23 49 969 1171
889 2 2 1 23 49 36 969
890 2 2 1 23 969 970 1171
891 2 2 1 23 1171 970 1172
892 2 2 1 23 970 971 1172
893 2 2 1 23 1172 971 1173
894 2 2 1 23 971 972 1173
895 2 2 1 23 1173 972 1174
896 2 2 1 23 972 973 1174
897 2 2 1 23 1174 973 1175
898 2 2 1 23 973 974 1175
899 2 2 1 23 1175 974 1176
900 2 2 1 23 974 975 1176
901 2 2 1 23 1176 975 1177
902 2 2 1 23 975 976 1177
903 2 2 1 23 1177 976 1178
904 2 2 1 23 976 977 1178
905 2 2 1 23 1178 977 1179
906 2 2 1 23 977 978 1179
907 2 2 1 23 1179 978 1180
908 2 2 1 23 978 979 1180
909 2 2 1 23 1180 979 1181
910 2 2 1 23 979 980 1181
911 2 2 1 23 1181 980 1182
912 2 2 1 23 980 981 1182
913 2 2 1 23 1182 981 1183
914 2 2 1 23 981 982 1183
915 2 2 1 23 1183 982 1184
916 2 2 1 23 982 983 1184
917 2 2 1 23 1184 983 1185
918 2 2 1 23 983 984 1185
919 2 2 1 23 1185 984 50
920 2 2 1 23 984 37 50
921 2 2 1 24 50 985 1186
922 2 2 1 24 50 37 985
923 2 2 1 24 985 986 1186
924 2 2 1 24 1186 986 1187
925 2 2 1 24 986 987 1187
926 2 2 1 24 1187 987 1188
927 2 2 1 24 987 988 1188
928 2 2 1 24 1188 988 1189
929 2 2 1 24 988 989 1189
930 2 2 1 24 1189 989 1190
931 2 2 1 24 989 990 1190
932 2 2 1 24 1190 990 1191
933 2 2 1 24 990 991 1191
934 2 2 1 24 1191 991 1192
935 2 2 1 24 991 992 1192
936 2 2 1 24 1192 992 1193
937 2 2 1 24 992 993 1193
938 2 2 1 24 1193 993 1194
939 2 2 1 24 993 994 1194
940 2 2 1 24 1194 994 1195
941 2 2 1 24 994 995 1195
942 2 2 1 24 1195 995 1196
943 2 2 1 24 995 996 1196
944 2 2 1 24 1196 996 1197
945 2 2 1 24 996 997 1197
946 2 2 1 24 1197 997 51
947 2 2 1 24 997 38 51
948 2 2 1 25 1199 1000 1200
949 2 2 1 25 1199 999 1000
950 2 2 1 25 1003 1004 1203
951 2 2 1 25 1203 1004 1204
952 2 2 1 25 1004 1005 1204
953 2 2 1 25 1204 1005 1205
954 2 2 1 25 1205 1006 1206
955 2 2 1 25 1205 1005 1006
956 2 2 1 25 1006 1007 1206
957 2 2 1 25 1206 1007 1207
958 2 2 1 25 998 51 38
959 2 2 1 25 1198 51 998
960 2 2 1 25 1001 1200 1000
961 2 2 1 25 1201 1200 1001
962 2 2 1 25 1002 1201 1001
963 2 2 1 25 1002 1202 1201
964 2 2 1 25 1003 1202 1002
965 2 2 1 25 1203 1202 1003
966 2 2 1 25 1008 1207 1007
967 2 2 1 25 1208 1207 1008
968 2 2 1 25 1009 1208 1008
969 2 2 1 25 1209 1208 1009
970 2 2 1 25 1210 1009 1010
971 2 2 1 25 1209 1009 1210
972 2 2 1 25 1210 39 52
973 2 2 1 25 1210 1010 39
974 2 2 1 25 1199 998 999
975 2 2 1 25 1199 1198 998
976 2 2 1 26 39 1011 52
977 2 2 1 26 52 1011 1211
978 2 2 1 26 1011 1012 1211
979 2 2 1 26 1211 1012 1212
980 2 2 1 26 1012 1013 1212
981 2 2 1 26 1212 1013 1213
982 2 2 1 26 1013 1014 1213
983 2 2 1 26 1213 1014 1214
984 2 2 1 26 1014 1015 1214
985 2 2 1 26 1214 1015 1215
986 2 2 1 26 1015 1016 1215
987 2 2 1 26 1215 1016 1216
988 2 2 1 26 1016 1017 1216
989 2 2 1 26 1216 1017 1217
990 2 2 1 26 1017 1018 1217
991 2 2 1 26 1217 1018 1218
992 2 2 1 26 1018 1019 1218
993 2 2 1 26 1218 1019 1219
994 2 2 1 26 1019 1020 1219
995 2 2 1 26 1219 1020 1220
996 2 2 1 26 1020 1021 1220
997 2 2 1 26 1220 1021 1221
998 2 2 1 26 1021 1022 1221
999 2 2 1 26 1221 1022 1222
1000 2 2 1 26 1022 1023 1222
1001 2 2 1 26 1222 1023 40
1002 2 2 1 26 1023 27 40
1003 2 2 1 27 53 1223 66
1004 2 2 1 27 66 1223 1428
1005 2 2 1 27 1223 1224 1428
1006 2 2 1 27 1428 1224 1429
1007 2 2 1 27 1224 1225 1429
1008 2 2 1 27 1429 1225 1430
1009 2 2 1 27 1225 1226 1430
1010 2 2 1 27 1430 1226 1431
1011 2 2 1 27 1226 1227 1431
1012 2 2 1 27 1431 1227 1432
1013 2 2 1 27 1227 1228 1432
1014 2 2 1 27 1432 1228 1433
1015 2 2 1 27 1228 1229 1433
1016 2 2 1 27 1433 1229 1434
1017 2 2 1 27 1229 1230 1434
1018 2 2 1 27 1434 1230 1435
1019 2 2 1 27 1230 1231 1435
1020 2 2 1 27 1435 1231 1436
1021 2 2 1 27 1231 1232 1436
1022 2 2 1 27 1436 1232 1437
1023 2 2 1 27 1232 1233 1437
1024 2 2 1 27 1437 1233 1438
1025 2 2 1 27 1233 1234 1438
1026 2 2 1 27 1438 1234 1439
1027 2 2 1 27 1234 1235 1439
1028 2 2 1 27 1439 1235 1440
1029 2 2 1 27 1235 1236 1440
1030 2 2 1 27 1440 1236 1441
1031 2 2 1 27 1236 1237 1441
1032 2 2 1 27 1441 1237 1442
1033 2 2 1 27 1237 1238 1442
1034 2 2 1 27 1442 1238 1443
1035 2 2 1 27 1238 1239 1443
1036 2 2 1 27 1443 1239 1444
1037 2 2 1 27 1239 1240 1444
1038 2 2 1 27 1444 1240 1445
1039 2 2 1 27 1240 1241 1445
1040 2 2 1 27 1445 1241 1446
1041 2 2 1 27 1241 1242 1446
1042 2 2 1 27 1446 1242 1447
1043 2 2 1 27 1242 1243 1447
1044 2 2 1 27 1447 1243 67
1045 2 2 1 27 1243 54 67
1046 2 2 1 28 67 54 1448
1047 2 2 1 28 54 1244 1448
1048 2 2 1 28 1449 1245 1450
1049 2 2 1 28 1245 1246 1450
1050 2 2 1 28 1251 1252 1455
1051 2 2 1 28 1455 1252 1456
1052 2 2 1 28 1252 1457 1456
1053 2 2 1 28 1252 1253 1457
1054 2 2 1 28 1253 1254 1457
1055 2 2 1 28 1457 1254 1458
1056 2 2 1 28 1458 1255 1459
1057 2 2 1 28 1458 1254 1255
1058 2 2 1 28 1459 1256 1460
1059 2 2 1 28 1459 1255 1256
1060 2 2 1 28 1460 1257 1461
1061 2 2 1 28 1460 1256 1257
1062 2 2 1 28 1461 1257 1462
1063 2 2 1 28 1257 1258 1462
1064 2 2 1 28 1464 1260 1465
1065 2 2 1 28 1260 1261 1465
1066 2 2 1 28 1261 1262 1465
1067 2 2 1 28 1465 1262 1466
1068 2 2 1 28 1449 1244 1245
1069 2 2 1 28 1449 1448 1244
1070 2 2 1 28 1451 1246 1247
1071 2 2 1 28 1451 1450 1246
1072 2 2 1 28 1452 1247 1248
1073 2 2 1 28 1451 1247 1452
1074 2 2 1 28 1249 1452 1248
1075 2 2 1 28 1453 1452 1249
1076 2 2 1 28 1250 1453 1249
1077 2 2 1 28 1454 1453 1250
1078 2 2 1 28 1455 1250 1251
1079 2 2 1 28 1454 1250 1455
1080 2 2 1 28 1463 1258 1259
1081 2 2 1 28 1463 1462 1258
1082 2 2 1 28 1464 1259 1260
1083 2 2 1 28 1463 1259 1464
1084 2 2 1 28 1263 1466 1262
1085 2 2 1 28 1467 1466 1263
1086 2 2 1 28 68 1264 55
1087 2 2 1 28 68 1468 1264
1088 2 2 1 28 1264 1467 1263
1089 2 2 1 28 1468 1467 1264
1090 2 2 1 29 68 1265 1469
1091 2 2 1 29 68 55 1265
1092 2 2 1 29 1265 1266 1469
1093 2 2 1 29 1469 1266 1470
1094 2 2 1 29 1266 1267 1470
1095 2 2 1 29 1470 1267 1471
1096 2 2 1 29 1267 1268 1471
1097 2 2 1 29 1471 1268 1472
1098 2 2 1 29 1268 1269 1472
1099 2 2 1 29 1472 1269 1473
1100 2 2 1 29 1269 1270 1473
1101 2 2 1 29 1473 1270 1474
1102 2 2 1 29 1270 1271 1474
1103 2 2 1 29 1474 1271 1475
1104 2 2 1 29 1271 1272 1475
1105 2 2 1 29 1475 1272 1476
1106 2 2 1 29 1272 1273 1476
1107 2 2 1 29 1476 1273 1477
1108 2 2 1 29 1273 1274 1477
1109 2 2 1 29 1477 1274 1478
1110 2 2 1 29 1274 1275 1478
1111 2 2 1 29 1478 1275 1479
1112 2 2 1 29 1275 1276 1479
1113 2 2 1 29 1479 1276 1480
1114 2 2 1 29 1276 1277 1480
1115 2 2 1 29 1480 1277 1481
1116 2 2 1 29 1277 1278 1481
1117 2 2 1 29 1481 1278 1482
1118 2 2 1 29 1278 1279 1482
1119 2 2 1 29 1482 1279 1483
1120 2 2 1 29 1279 1280 1483
1121 2 2 1 29 1483 1280 1484
1122 2 2 1 29 1280 1281 1484
1123 2 2 1 29 1484 1281 1485
1124 2 2 1 29 1281 1282 1485
1125 2 2 1 29 1485 1282 1486
1126 2 2 1 29 1282 1283 1486
1127 2 2 1 29 1486 1283 1487
1128 2 2 1 29 1283 1284 1487
1129 2 2 1 29 1487 1284 1488
1130 2 2 1 29 1284 1285 1488
1131 2 2 1 29 1488 1285 69
1132 2 2 1 29 1285 56 69
1133 2 2 1 30 69 1286 1489
1134 2 2 1 30 69 56 1286
1135 2 2 1 30 1286 1287 1489
1136 2 2 1 30 1489 1287 1490
1137 2 2 1 30 1287 1288 1490
1138 2 2 1 30 1490 1288 1491
1139 2 2 1 30 1288 1289 1491
1140 2 2 1 30 1491 1289 1492
1141 2 2 1 30 1289 1290 1492
1142 2 2 1 30 1492 1290 1493
1143 2 2 1 30 1290 1291 1493
1144 2 2 1 30 1493 1291 1494
1145 2 2 1 30 1291 1292 1494
1146 2 2 1 30 1494 1292 1495
1147 2 2 1 30 1292 1293 1495
1148 2 2 1 30 1495 1293 1496
1149 2 2 1 30 1293 1294 1496
1150 2 2 1 30 1496 1294 1497
1151 2 2 1 30 1294 1295 1497
1152 2 2 1 30 1497 1295 1498
1153 2 2 1 30 1295 1296 1498
1154 2 2 1 30 1498 1296 1499
1155 2 2 1 30 1296 1297 1499
1156 2 2 1 30 1499 1297 1500
1157 2 2 1 30 1297 1298 1500
1158 2 2 1 30 1500 1298 70
1159 2 2 1 30 1298 57 70
1160 2 2 1 31 1501 1300 1502
1161 2 2 1 31 1501 1299 1300
1162 2 2 1 31 1300 1301 1502
1163 2 2 1 31 1502 1301 1503
1164 2 2 1 31 1507 1306 1508
1165 2 2 1 31 1507 1305 1306
1166 2 2 1 31 1511 1310 1512
1167 2 2 1 31 1511 1309 1310
1168 2 2 1 31 1513 58 71
1169 2 2 1 31 1513 1311 58
1170 2 2 1 31 1299 70 57
1171 2 2 1 31 1299 1501 70
1172 2 2 1 31 1302 1503 1301
1173 2 2 1 31 1504 1503 1302
1174 2 2 1 31 1505 1302 1303
1175 2 2 1 31 1504 1302 1505
1176 2 2 1 31 1304 1505 1303
1177 2 2 1 31 1506 1505 1304
1178 2 2 1 31 1305 1506 1304
1179 2 2 1 31 1305 1507 1506
1180 2 2 1 31 1307 1508 1306
1181 2 2 1 31 1509 1508 1307
1182 2 2 1 31 1308 1509 1307
1183 2 2 1 31 1510 1509 1308
1184 2 2 1 31 1511 1308 1309
1185 2 2 1 31 1510 1308 1511
1186 2 2 1 31 1311 1512 1310
1187 2 2 1 31 1513 1512 1311
1188 2 2 1 32 58 1312 71
1189 2 2 1 32 71 1312 1514
1190 2 2 1 32 1312 1313 1514
1191 2 2 1 32 1514 1313 1515
1192 2 2 1 32 1313 1314 1515
1193 2 2 1 32 1515 1314 1516
1194 2 2 1 32 1314 1315 1516
1195 2 2 1 32 1516 1315 1517
1196 2 2 1 32 1315 1316 1517
1197 2 2 1 32 1517 1316 1518
1198 2 2 1 32 1316 1317 1518
1199 2 2 1 32 1518 1317 1519
1200 2 2 1 32 1317 1318 1519
1201 2 2 1 32 1519 1318 1520
1202 2 2 1 32 1318 1319 1520
1203 2 2 1 32 1520 1319 1521
1204 2 2 1 32 1319 1320 1521
1205 2 2 1 32 1521 1320 1522
1206 2 2 1 32 1320 1321 1522
1207 2 2 1 32 1522 1321 1523
1208 2 2 1 32 1321 1322 1523
1209 2 2 1 32 1523 1322 1524
1210 2 2 1 32 1322 1323 1524
1211 2 2 1 32 1524 1323 1525
1212 2 2 1 32 1323 1324 1525
1213 2 2 1 32 1525 1324 72
1214 2 2 1 32 1324 59 72
1215 2 2 1 33 59 1325 72
1216 2 2 1 33 72 1325 1526
1217 2 2 1 33 1325 1326 1526
1218 2 2 1 33 1526 1326 1527
1219 2 2 1 33 1326 1327 1527
1220 2 2 1 33 1527 1327 1528
1221 2 2 1 33 1327 1328 1528
1222 2 2 1 33 1528 1328 1529
1223 2 2 1 33 1328 1329 1529
1224 2 2 1 33 1529 1329 1530
1225 2 2 1 33 1329 1330 1530
1226 2 2 1 33 1530 1330 1531
1227 2 2 1 33 1330 1331 1531
1228 2 2 1 33 1531 1331 1532
1229 2 2 1 33 1331 1332 1532
1230 2 2 1 33 1532 1332 1533
1231 2 2 1 33 1332 1333 1533
1232 2 2 1 33 1533 1333 1534
1233 2 2 1 33 1333 1334 1534
1234 2 2 1 33 1534 1334 1535
1235 2 2 1 33 1334 1335 1535
1236 2 2 1 33 1535 1335 1536
1237 2 2 1 33 1335 1336 1536
1238 2 2 1 33 1536 1336 1537
1239 2 2 1 33 1336 1337 1537
1240 2 2 1 33 1537 1337 1538
1241 2 2 1 33 1337 1338 1538
1242 2 2 1 33 1538 1338 1539
1243 2 2 1 33 1338 1339 1539
1244 2 2 1 33 1539 1339 1540
1245 2 2 1 33 1339 1340 1540
1246 2 2 1 33 1540 1340 73
1247 2 2 1 33 1340 60 73
1248 2 2 1 34 1343 1544 1543
1249 2 2 1 34 1343 1344 1544
1250 2 2 1 34 1344 1345 1544
1251 2 2 1 34 1544 1345 1545
1252 2 2 1 34 1545 1346 1546
1253 2 2 1 34 1545 1345 1346
1254 2 2 1 34 1546 1346 1547
1255 2 2 1 34 1346 1347 1547
1256 2 2 1 34 1347 1348 1547
1257 2 2 1 34 1547 1348 1548
1258 2 2 1 34 1348 1349 1548
1259 2 2 1 34 1548 1349 1549
1260 2 2 1 34 1349 1550 1549
1261 2 2 1 34 1349 1350 1550
1262 2 2 1 34 1550 1350 1551
1263 2 2 1 34 1350 1351 1551
1264 2 2 1 34 1551 1352 1552
1265 2 2 1 34 1551 1351 1352
1266 2 2 1 34 1353 1354 1553
1267 2 2 1 34 1553 1354 1554
1268 2 2 1 34 1356 61 1556
1269 2 2 1 34 1556 61 74
1270 2 2 1 34 1341 73 60
1271 2 2 1 34 1541 73 1341
1272 2 2 1 34 1342 1541 1341
1273 2 2 1 34 1542 1541 1342
1274 2 2 1 34 1353 1552 1352
1275 2 2 1 34 1553 1552 1353
1276 2 2 1 34 1555 1354 1355
1277 2 2 1 34 1555 1554 1354
1278 2 2 1 34 1356 1555 1355
1279 2 2 1 34 1556 1555 1356
1280 2 2 1 34 1343 1542 1342
1281 2 2 1 34 1343 1543 1542
1282 2 2 1 35 1358 1359 1558
1283 2 2 1 35 1558 1359 1559
1284 2 2 1 35 1361 1362 1561
1285 2 2 1 35 1561 1362 1562
1286 2 2 1 35 1362 1563 1562
1287 2 2 1 35 1362 1363 1563
1288 2 2 1 35 1568 1368 1569
1289 2 2 1 35 1368 1369 1569
1290 2 2 1 35 1570 1370 1571
1291 2 2 1 35 1370 1371 1571
1292 2 2 1 35 1571 1372 1572
1293 2 2 1 35 1571 1371 1372
1294 2 2 1 35 1572 62 75
1295 2 2 1 35 1572 1372 62
1296 2 2 1 35 1357 74 61
1297 2 2 1 35 1557 74 1357
1298 2 2 1 35 1560 1359 1360
1299 2 2 1 35 1559 1359 1560
1300 2 2 1 35 1361 1560 1360
1301 2 2 1 35 1561 1560 1361
1302 2 2 1 35 1564 1363 1364
1303 2 2 1 35 1564 1563 1363
1304 2 2 1 35 1365 1564 1364
1305 2 2 1 35 1565 1564 1365
1306 2 2 1 35 1366 1565 1365
1307 2 2 1 35 1566 1565 1366
1308 2 2 1 35 1567 1366 1367
1309 2 2 1 35 1567 1566 1366
1310 2 2 1 35 1568 1367 1368
1311 2 2 1 35 1568 1567 1367
1312 2 2 1 35 1370 1569 1369
1313 2 2 1 35 1570 1569 1370
1314 2 2 1 35 1358 1557 1357
1315 2 2 1 35 1558 1557 1358
1316 2 2 1 36 62 1373 75
1317 2 2 1 36 75 1373 1573
1318 2 2 1 36 1373 1374 1573
1319 2 2 1 36 1573 1374 1574
1320 2 2 1 36 1374 1375 1574
1321 2 2 1 36 1574 1375 1575
1322 2 2 1 36 1375 1376 1575
1323 2 2 1 36 1575 1376 1576
1324 2 2 1 36 1376 1377 1576
1325 2 2 1 36 1576 1377 1577
1326 2 2 1 36 1377 1378 1577
1327 2 2 1 36 1577 1378 1578
1328 2 2 1 36 1378 1379 1578
1329 2 2 1 36 1578 1379 1579
1330 2 2 1 36 1379 1380 1579
1331 2 2 1 36 1579 1380 1580
1332 2 2 1 36 1380 1381 1580
1333 2 2 1 36 1580 1381 1581
1334 2 2 1 36 1381 1382 1581
1335 2 2 1 36 1581 1382 1582
1336 2 2 1 36 1382 1383 1582
1337 2 2 1 36 1582 1383 1583
1338 2 2 1 36 1383 1384 1583
1339 2 2 1 36 1583 1384 1584
1340 2 2 1 36 1384 1385 1584
1341 2 2 1 36 1584 1385 1585
1342 2 2 1 36 1385 1386 1585
1343 2 2 1 36 1585 1386 1586
1344 2 2 1 36 1386 1387 1586
1345 2 2 1 36 1586 1387 1587
1346 2 2 1 36 1387 1388 1587
1347 2 2 1 36 1587 1388 76
1348 2 2 1 36 1388 63 76
1349 2 2 1 37 76 1389 1588
1350 2 2 1 37 76 63 1389
1351 2 2 1 37 1389 1390 1588
1352 2 2 1 37 1588 1390 1589
1353 2 2 1 37 1390 1391 1589
1354 2 2 1 37 1589 1391 1590
1355 2 2 1 37 1391 1392 1590
1356 2 2 1 37 1590 1392 1591
1357 2 2 1 37 1392 1393 1591
1358 2 2 1 37 1591 1393 1592
1359 2 2 1 37 1393 1394 1592
1360 2 2 1 37 1592 1394 1593
1361 2 2 1 37 1394 1395 1593
1362 2 2 1 37 1593 1395 1594
1363 2 2 1 37 1395 1396 1594
1364 2 2 1 37 1594 1396 1595
1365 2 2 1 37 1396 1397 1595
1366 2 2 1 37 1595 1397 1596
1367 2 2 1 37 1397 1398 1596
1368 2 2 1 37 1596 1398 1597
1369 2 2 1 37 1398 1399 1597
1370 2 2 1 37 1597 1399 1598
1371 2 2 1 37 1399 1400 1598
1372 2 2 1 37 1598 1400 1599
1373 2 2 1 37 1400 1401 1599
1374 2 2 1 37 1599 1401 77
1375 2 2 1 37 1401 64 77
1376 2 2 1 38 1600 1403 1601
1377 2 2 1 38 1600 1402 1403
1378 2 2 1 38 1407 1408 1605
1379 2 2 1 38 1605 1408 1606
1380 2 2 1 38 1408 1409 1606
1381 2 2 1 38 1606 1409 1607
1382 2 2 1 38 1411 1412 1609
1383 2 2 1 38 1609 1412 1610
1384 2 2 1 38 1413 1414 1611
1385 2 2 1 38 1611 1414 1612
1386 2 2 1 38 1612 65 78
1387 2 2 1 38 1612 1414 65
1388 2 2 1 38 1402 77 64
1389 2 2 1 38 1402 1600 77
1390 2 2 1 38 1405 1602 1404
1391 2 2 1 38 1603 1602 1405
1392 2 2 1 38 1407 1604 1406
1393 2 2 1 38 1605 1604 1407
1394 2 2 1 38 1410 1607 1409
1395 2 2 1 38 1608 1607 1410
1396 2 2 1 38 1411 1608 1410
1397 2 2 1 38 1609 1608 1411
1398 2 2 1 38 1413 1610 1412
1399 2 2 1 38 1611 1610 1413
1400 2 2 1 38 1602 1403 1404
1401 2 2 1 38 1601 1403 1602
1402 2 2 1 38 1604 1405 1406
1403 2 2 1 38 1603 1405 1604
1404 2 2 1 39 65 1415 78
1405 2 2 1 39 78 1415 1613
1406 2 2 1 39 1415 1416 1613
1407 2 2 1 39 1613 1416 1614
1408 2 2 1 39 1416 1417 1614
1409 2 2 1 39 1614 1417 1615
1410 2 2 1 39 1417 1418 1615
1411 2 2 1 39 1615 1418 1616
1412 2 2 1 39 1418 1419 1616
1413 2 2 1 39 1616 1419 1617
1414 2 2 1 39 1419 1420 1617
1415 2 2 1 39 1617 1420 1618
1416 2 2 1 39 1420 1421 1618
1417 2 2 1 39 1618 1421 1619
1418 2 2 1 39 1421 1422 1619
1419 2 2 1 39 1619 1422 1620
1420 2 2 1 39 1422 1423 1620
1421 2 2 1 39 1620 1423 1621
1422 2 2 1 39 1423 1424 1621
1423 2 2 1 39 1621 1424 1622
1424 2 2 1 39 1424 1425 1622
1425 2 2 1 39 1622 1425 1623
1426 2 2 1 39 1425 1426 1623
1427 2 2 1 39 1623 1426 1624
1428 2 2 1 39 1426 1427 1624
1429 2 2 1 39 1624 1427 66
1430 2 2 1 39 1427 53 66
1431 2 2 1 40 79 1625 92
1432 2 2 1 40 92 1625 1830
1433 2 2 1 40 1625 1626 1830
1434 2 2 1 40 1830 1626 1831
1435 2 2 1 40 1626 1627 1831
1436 2 2 1 40 1831 1627 1832
1437 2 2 1 40 1834 1630 1835
1438 2 2 1 40 1834 1629 1630
1439 2 2 1 40 1835 1631 1836
1440 2 2 1 40 1835 1630 1631
1441 2 2 1 40 1837 1633 1838
1442 2 2 1 40 1837 1632 1633
1443 2 2 1 40 1635 1636 1840
1444 2 2 1 40 1840 1636 1841
1445 2 2 1 40 1636 1637 1841
1446 2 2 1 40 1841 1637 1842
1447 2 2 1 40 1638 1639 1843
1448 2 2 1 40 1843 1639 1844
1449 2 2 1 40 1845 1641 1846
1450 2 2 1 40 1845 1640 1641
1451 2 2 1 40 1848 1644 1849
1452 2 2 1 40 1848 1643 1644
1453 2 2 1 40 1850 80 93
1454 2 2 1 40 1850 1645 80
1455 2 2 1 40 1628 1832 1627
1456 2 2 1 40 1833 1832 1628
1457 2 2 1 40 1629 1833 1628
1458 2 2 1 40 1834 1833 1629
1459 2 2 1 40 1632 1836 1631
1460 2 2 1 40 1632 1837 1836
1461 2 2 1 40 1634 1838 1633
1462 2 2 1 40 1839 1838 1634
1463 2 2 1 40 1635 1839 1634
1464 2 2 1 40 1840 1839 1635
1465 2 2 1 40 1638 1842 1637
1466 2 2 1 40 1843 1842 1638
1467 2 2 1 40 1640 1844 1639
1468 2 2 1 40 1845 1844 1640
1469 2 2 1 40 1642 1846 1641
1470 2 2 1 40 1847 1846 1642
1471 2 2 1 40 1643 1847 1642
1472 2 2 1 40 1848 1847 1643
1473 2 2 1 40 1645 1849 1644
1474 2 2 1 40 1850 1849 1645
1475 2 2 1 41 1852 1647 1853
1476 2 2 1 41 1647 1648 1853
1477 2 2 1 41 1853 1649 1854
1478 2 2 1 41 1853 1648 1649
1479 2 2 1 41 1651 1652 1856
1480 2 2 1 41 1856 1652 1857
1481 2 2 1 41 1857 1653 1858
1482 2 2 1 41 1857 1652 1653
1483 2 2 1 41 1655 1656 1860
1484 2 2 1 41 1860 1656 1861
1485 2 2 1 41 1866 1662 1867
1486 2 2 1 41 1866 1661 1662
1487 2 2 1 41 1663 1869 1868
1488 2 2 1 41 1663 1664 1869
1489 2 2 1 41 1852 1646 1647
1490 2 2 1 41 1851 1646 1852
1491 2 2 1 41 1855 1649 1650
1492 2 2 1 41 1855 1854 1649
1493 2 2 1 41 1654 1858 1653
1494 2 2 1 41 1859 1858 1654
1495 2 2 1 41 1862 1656 1657
1496 2 2 1 41 1861 1656 1862
1497 2 2 1 41 1863 1657 1658
1498 2 2 1 41 1863 1862 1657
1499 2 2 1 41 1659 1863 1658
1500 2 2 1 41 1864 1863 1659
1501 2 2 1 41 1660 1864 1659
1502 2 2 1 41 1865 1864 1660
1503 2 2 1 41 1661 1865 1660
1504 2 2 1 41 1866 1865 1661
1505 2 2 1 41 1868 1662 1663
1506 2 2 1 41 1868 1867 1662
1507 2 2 1 41 1870 1664 1665
1508 2 2 1 41 1870 1869 1664
1509 2 2 1 41 1666 1870 1665
1510 2 2 1 41 1871 1870 1666
1511 2 2 1 41 1871 81 94
1512 2 2 1 41 1871 1666 81
1513 2 2 1 41 1655 1859 1654
1514 2 2 1 41 1860 1859 1655
1515 2 2 1 41 80 1851 93
1516 2 2 1 41 80 1646 1851
1517 2 2 1 41 1856 1650 1651
1518 2 2 1 41 1855 1650 1856
1519 2 2 1 42 1667 1668 1873
1520 2 2 1 42 1667 1873 1872
1521 2 2 1 42 1669 1875 1874
1522 2 2 1 42 1669 1670 1875
1523 2 2 1 42 1670 1671 1876
1524 2 2 1 42 1670 1876 1875
1525 2 2 1 42 1673 1674 1879
1526 2 2 1 42 1673 1879 1878
1527 2 2 1 42 1879 1674 1880
1528 2 2 1 42 1674 1675 1880
1529 2 2 1 42 1676 1677 1882
1530 2 2 1 42 1676 1882 1881
1531 2 2 1 42 1678 1679 1884
1532 2 2 1 42 1678 1884 1883
1533 2 2 1 42 1884 1679 1885
1534 2 2 1 42 1679 1680 1885
1535 2 2 1 42 1681 1887 1886
1536 2 2 1 42 1681 1682 1887
1537 2 2 1 42 1683 1889 1888
1538 2 2 1 42 1683 1684 1889
1539 2 2 1 42 1889 1684 1890
1540 2 2 1 42 1684 1685 1890
1541 2 2 1 42 1891 1686 1892
1542 2 2 1 42 1686 1687 1892
1543 2 2 1 42 81 1872 94
1544 2 2 1 42 1667 1872 81
1545 2 2 1 42 1874 1668 1669
1546 2 2 1 42 1874 1873 1668
1547 2 2 1 42 1877 1671 1672
1548 2 2 1 42 1877 1876 1671
1549 2 2 1 42 1878 1672 1673
1550 2 2 1 42 1877 1672 1878
1551 2 2 1 42 1881 1675 1676
1552 2 2 1 42 1880 1675 1881
1553 2 2 1 42 1883 1677 1678
1554 2 2 1 42 1883 1882 1677
1555 2 2 1 42 1886 1680 1681
1556 2 2 1 42 1886 1885 1680
1557 2 2 1 42 1888 1682 1683
1558 2 2 1 42 1887 1682 1888
1559 2 2 1 42 1891 1685 1686
1560 2 2 1 42 1890 1685 1891
1561 2 2 1 42 95 1687 82
1562 2 2 1 42 1892 1687 95
1563 2 2 1 43 82 1688 95
1564 2 2 1 43 95 1688 1893
1565 2 2 1 43 1688 1689 1893
1566 2 2 1 43 1893 1689 1894
1567 2 2 1 43 1689 1690 1894
1568 2 2 1 43 1894 1690 1895
1569 2 2 1 43 1690 1691 1895
1570 2 2 1 43 1895 1691 1896
1571 2 2 1 43 1691 1692 1896
1572 2 2 1 43 1896 1692 1897
1573 2 2 1 43 1692 1693 1897
1574 2 2 1 43 1897 1693 1898
1575 2 2 1 43 1693 1694 1898
1576 2 2 1 43 1898 1694 1899
1577 2 2 1 43 1694 1695 1899
1578 2 2 1 43 1899 1695 1900
1579 2 2 1 43 1695 1696 1900
1580 2 2 1 43 1900 1696 1901
1581 2 2 1 43 1696 1697 1901
1582 2 2 1 43 1901 1697 1902
1583 2 2 1 43 1697 1698 1902
1584 2 2 1 43 1902 1698 1903
1585 2 2 1 43 1698 1699 1903
1586 2 2 1 43 1903 1699 1904
1587 2 2 1 43 1699 1700 1904
1588 2 2 1 43 1904 1700 96
1589 2 2 1 43 1700 83 96
1590 2 2 1 44 1701 1702 1905
1591 2 2 1 44 1905 1702 1906
1592 2 2 1 44 1906 1703 1907
1593 2 2 1 44 1906 1702 1703
1594 2 2 1 44 1704 1705 1908
1595 2 2 1 44 1908 1705 1909
1596 2 2 1 44 1909 1706 1910
1597 2 2 1 44 1909 1705 1706
1598 2 2 1 44 1912 1709 1913
1599 2 2 1 44 1912 1708 1709
1600 2 2 1 44 1913 1710 1914
1601 2 2 1 44 1913 1709 1710
1602 2 2 1 44 1916 1713 1917
1603 2 2 1 44 1916 1712 1713
1604 2 2 1 44 1701 96 83
1605 2 2 1 44 1905 96 1701
1606 2 2 1 44 1704 1907 1703
1607 2 2 1 44 1908 1907 1704
1608 2 2 1 44 1707 1910 1706
1609 2 2 1 44 1911 1910 1707
1610 2 2 1 44 1708 1911 1707
1611 2 2 1 44 1912 1911 1708
1612 2 2 1 44 1711 1914 1710
1613 2 2 1 44 1915 1914 1711
1614 2 2 1 44 1712 1915 1711
1615 2 2 1 44 1916 1915 1712
1616 2 2 1 44 1917 84 97
1617 2 2 1 44 1917 1713 84
1618 2 2 1 45 84 1714 97
1619 2 2 1 45 97 1714 1918
1620 2 2 1 45 1714 1715 1918
1621 2 2 1 45 1918 1715 1919
1622 2 2 1 45 1715 1716 1919
1623 2 2 1 45 1919 1716 1920
1624 2 2 1 45 1716 1717 1920
1625 2 2 1 45 1920 1717 1921
1626 2 2 1 45 1717 1718 1921
1627 2 2 1 45 1921 1718 1922
1628 2 2 1 45 1718 1719 1922
1629 2 2 1 45 1922 1719 1923
1630 2 2 1 45 1719 1720 1923
1631 2 2 1 45 1923 1720 1924
1632 2 2 1 45 1720 1721 1924
1633 2 2 1 45 1924 1721 1925
1634 2 2 1 45 1721 1722 1925
1635 2 2 1 45 1925 1722 1926
1636 2 2 1 45 1722 1723 1926
1637 2 2 1 45 1926 1723 1927
1638 2 2 1 45 1723 1724 1927
1639 2 2 1 45 1927 1724 1928
1640 2 2 1 45 1724 1725 1928
1641 2 2 1 45 1928 1725 1929
1642 2 2 1 45 1725 1726 1929
1643 2 2 1 45 1929 1726 98
1644 2 2 1 45 1726 85 98
1645 2 2 1 46 98 1727 1930
1646 2 2 1 46 98 85 1727
1647 2 2 1 46 1727 1728 1930
1648 2 2 1 46 1930 1728 1931
1649 2 2 1 46 1728 1729 1931
1650 2 2 1 46 1931 1729 1932
1651 2 2 1 46 1729 1730 1932
1652 2 2 1 46 1932 1730 1933
1653 2 2 1 46 1730 1731 1933
1654 2 2 1 46 1933 1731 1934
1655 2 2 1 46 1731 1732 1934
1656 2 2 1 46 1934 1732 1935
1657 2 2 1 46 1732 1733 1935
1658 2 2 1 46 1935 1733 1936
1659 2 2 1 46 1733 1734 1936
1660 2 2 1 46 1936 1734 1937
1661 2 2 1 46 1734 1735 1937
1662 2 2 1 46 1937 1735 1938
1663 2 2 1 46 1735 1736 1938
1664 2 2 1 46 1938 1736 1939
1665 2 2 1 46 1736 1737 1939
1666 2 2 1 46 1939 1737 1940
1667 2 2 1 46 1737 1738 1940
1668 2 2 1 46 1940 1738 1941
1669 2 2 1 46 1738 1739 1941
1670 2 2 1 46 1941 1739 1942
1671 2 2 1 46 1739 1740 1942
1672 2 2 1 46 1942 1740 1943
1673 2 2 1 46 1740 1741 1943
1674 2 2 1 46 1943 1741 1944
1675 2 2 1 46 1741 1742 1944
1676 2 2 1 46 1944 1742 99
1677 2 2 1 46 1742 86 99
1678 2 2 1 47 1744 1947 1946
1679 2 2 1 47 1744 1745 1947
1680 2 2 1 47 1948 1746 1949
1681 2 2 1 47 1746 1747 1949
1682 2 2 1 47 1747 1950 1949
1683 2 2 1 47 1747 1748 1950
1684 2 2 1 47 1752 1753 1954
1685 2 2 1 47 1954 1753 1955
1686 2 2 1 47 1955 1754 1956
1687 2 2 1 47 1955 1753 1754
1688 2 2 1 47 1957 1755 1958
1689 2 2 1 47 1755 1756 1958
1690 2 2 1 47 1958 1756 1959
1691 2 2 1 47 1756 1757 1959
1692 2 2 1 47 86 1945 99
1693 2 2 1 47 1743 1945 86
1694 2 2 1 47 1744 1945 1743
1695 2 2 1 47 1946 1945 1744
1696 2 2 1 47 1951 1748 1749
1697 2 2 1 47 1951 1950 1748
1698 2 2 1 47 1952 1749 1750
1699 2 2 1 47 1952 1951 1749
1700 2 2 1 47 1751 1952 1750
1701 2 2 1 47 1953 1952 1751
1702 2 2 1 47 1752 1953 1751
1703 2 2 1 47 1954 1953 1752
1704 2 2 1 47 1957 1754 1755
1705 2 2 1 47 1957 1956 1754
1706 2 2 1 47 1960 1757 1758
1707 2 2 1 47 1960 1959 1757
1708 2 2 1 47 1960 87 100
1709 2 2 1 47 1960 1758 87
1710 2 2 1 47 1948 1745 1746
1711 2 2 1 47 1947 1745 1948
1712 2 2 1 48 1763 1966 1965
1713 2 2 1 48 1763 1764 1966
1714 2 2 1 48 1765 1766 1967
1715 2 2 1 48 1967 1766 1968
1716 2 2 1 48 1770 1973 1972
1717 2 2 1 48 1770 1771 1973
1718 2 2 1 48 1771 1772 1973
1719 2 2 1 48 1973 1772 1974
1720 2 2 1 48 1759 100 87
1721 2 2 1 48 1961 100 1759
1722 2 2 1 48 1760 1961 1759
1723 2 2 1 48 1962 1961 1760
1724 2 2 1 48 1963 1760 1761
1725 2 2 1 48 1962 1760 1963
1726 2 2 1 48 1762 1963 1761
1727 2 2 1 48 1964 1963 1762
1728 2 2 1 48 1965 1762 1763
1729 2 2 1 48 1964 1762 1965
1730 2 2 1 48 1765 1966 1764
1731 2 2 1 48 1967 1966 1765
1732 2 2 1 48 1767 1968 1766
1733 2 2 1 48 1969 1968 1767
1734 2 2 1 48 1970 1767 1768
1735 2 2 1 48 1970 1969 1767
1736 2 2 1 48 1769 1970 1768
1737 2 2 1 48 1769 1971 1970
1738 2 2 1 48 1770 1971 1769
1739 2 2 1 48 1972 1971 1770
1740 2 2 1 48 1773 1974 1772
1741 2 2 1 48 1975 1974 1773
1742 2 2 1 48 1976 1773 1774
1743 2 2 1 48 1976 1975 1773
1744 2 2 1 48 1976 88 101
1745 2 2 1 48 1976 1774 88
1746 2 2 1 49 88 1775 101
1747 2 2 1 49 101 1775 1977
1748 2 2 1 49 1775 1776 1977
1749 2 2 1 49 1977 1776 1978
1750 2 2 1 49 1776 1777 1978
1751 2 2 1 49 1978 1777 1979
1752 2 2 1 49 1777 1778 1979
1753 2 2 1 49 1979 1778 1980
1754 2 2 1 49 1778 1779 1980
1755 2 2 1 49 1980 1779 1981
1756 2 2 1 49 1779 1780 1981
1757 2 2 1 49 1981 1780 1982
1758 2 2 1 49 1780 1781 1982
1759 2 2 1 49 1982 1781 1983
1760 2 2 1 49 1781 1782 1983
1761 2 2 1 49 1983 1782 1984
1762 2 2 1 49 1782 1783 1984
1763 2 2 1 49 1984 1783 1985
1764 2 2 1 49 1783 1784 1985
1765 2 2 1 49 1985 1784 1986
1766 2 2 1 49 1784 1785 1986
1767 2 2 1 49 1986 1785 1987
1768 2 2 1 49 1785 1786 1987
1769 2 2 1 49 1987 1786 1988
1770 2 2 1 49 1786 1787 1988
1771 2 2 1 49 1988 1787 1989
1772 2 2 1 49 1787 1788 1989
1773 2 2 1 49 1989 1788 1990
1774 2 2 1 49 1788 1789 1990
1775 2 2 1 49 1990 1789 1991
1776 2 2 1 49 1789 1790 1991
1777 2 2 1 49 1991 1790 102
1778 2 2 1 49 1790 89 102
1779 2 2 1 50 102 1791 1992
1780 2 2 1 50 102 89 1791
1781 2 2 1 50 1791 1792 1992
1782 2 2 1 50 1992 1792 1993
1783 2 2 1 50 1792 1793 1993
1784 2 2 1 50 1993 1793 1994
1785 2 2 1 50 1793 1794 1994
1786 2 2 1 50 1994 1794 1995
1787 2 2 1 50 1794 1795 1995
1788 2 2 1 50 1995 1795 1996
1789 2 2 1 50 1795 1796 1996
1790 2 2 1 50 1996 1796 1997
1791 2 2 1 50 1796 1797 1997
1792 2 2 1 50 1997 1797 1998
1793 2 2 1 50 1797 1798 1998
1794 2 2 1 50 1998 1798 1999
1795 2 2 1 50 1798 1799 1999
1796 2 2 1 50 1999 1799 2000
1797 2 2 1 50 1799 1800 2000
1798 2 2 1 50 2000 1800 2001
1799 2 2 1 50 1800 1801 2001
1800 2 2 1 50 2001 1801 2002
1801 2 2 1 50 1801 1802 2002
1802 2 2 1 50 2002 1802 2003
1803 2 2 1 50 1802 1803 2003
1804 2 2 1 50 2003 1803 103
1805 2 2 1 50 1803 90 103
1806 2 2 1 51 90 1804 103
1807 2 2 1 51 103 1804 2004
1808 2 2 1 51 2004 1804 2005
1809 2 2 1 51 1804 1805 2005
1810 2 2 1 51 2005 1806 2006
1811 2 2 1 51 2005 1805 1806
1812 2 2 1 51 2007 1808 2008
1813 2 2 1 51 2007 1807 1808
1814 2 2 1 51 2009 1810 2010
1815 2 2 1 51 2009 1809 1810
1816 2 2 1 51 1811 1812 2011
1817 2 2 1 51 2011 1812 2012
1818 2 2 1 51 1812 1813 2012
1819 2 2 1 51 2012 1813 2013
1820 2 2 1 51 1816 91 2016
1821 2 2 1 51 2016 91 104
1822 2 2 1 51 2007 1806 1807
1823 2 2 1 51 2006 1806 2007
1824 2 2 1 51 1809 2008 1808
1825 2 2 1 51 2009 2008 1809
1826 2 2 1 51 1811 2010 1810
1827 2 2 1 51 2011 2010 1811
1828 2 2 1 51 1814 2013 1813
1829 2 2 1 51 2014 2013 1814
1830 2 2 1 51 1815 2014 1814
1831 2 2 1 51 2015 2014 1815
1832 2 2 1 51 2016 1815 1816
1833 2 2 1 51 2015 1815 2016
1834 2 2 1 52 91 1817 104
1835 2 2 1 52 104 1817 2017
1836 2 2 1 52 1817 1818 2017
1837 2 2 1 52 2017 1818 2018
1838 2 2 1 52 1818 1819 2018
1839 2 2 1 52 2018 1819 2019
1840 2 2 1 52 1819 1820 2019
1841 2 2 1 52 2019 1820 2020
1842 2 2 1 52 1820 1821 2020
1843 2 2 1 52 2020 1821 2021
1844 2 2 1 52 1821 1822 2021
1845 2 2 1 52 2021 1822 2022
1846 2 2 1 52 1822 1823 2022
1847 2 2 1 52 2022 1823 2023
1848 2 2 1 52 1823 1824 2023
1849 2 2 1 52 2023 1824 2024
1850 2 2 1 52 1824 1825 2024
1851 2 2 1 52 2024 1825 2025
1852 2 2 1 52 1825 1826 2025
1853 2 2 1 52 2025 1826 2026
1854 2 2 1 52 1826 1827 2026
1855 2 2 1 52 2026 1827 2027
1856 2 2 1 52 1827 1828 2027
1857 2 2 1 52 2027 1828 2028
1858 2 2 1 52 1828 1829 2028
1859 2 2 1 52 2028 1829 92
1860 2 2 1 52 1829 79 92
1861 2 2 1 53 118 2029 2234
1862 2 2 1 53 118 105 2029
1863 2 2 1 53 2029 2030 2234
1864 2 2 1 53 2234 2030 2235
1865 2 2 1 53 2030 2031 2235
1866 2 2 1 53 2235 2031 2236
1867 2 2 1 53 2031 2032 2236
1868 2 2 1 53 2236 2032 2237
1869 2 2 1 53 2032 2033 2237
1870 2 2 1 53 2237 2033 2238
1871 2 2 1 53 2033 2034 2238
1872 2 2 1 53 2238 2034 2239
1873 2 2 1 53 2034 2035 2239
1874 2 2 1 53 2239 2035 2240
1875 2 2 1 53 2035 2036 2240
1876 2 2 1 53 2240 2036 2241
1877 2 2 1 53 2036 2037 2241
1878 2 2 1 53 2241 2037 2242
1879 2 2 1 53 2037 2038 2242
1880 2 2 1 53 2242 2038 2243
1881 2 2 1 53 2038 2039 2243
1882 2 2 1 53 2243 2039 2244
1883 2 2 1 53 2039 2040 2244
1884 2 2 1 53 2244 2040 2245
1885 2 2 1 53 2040 2041 2245
1886 2 2 1 53 2245 2041 2246
1887 2 2 1 53 2041 2042 2246
1888 2 2 1 53 2246 2042 2247
1889 2 2 1 53 2042 2043 2247
1890 2 2 1 53 2247 2043 2248
1891 2 2 1 53 2043 2044 2248
1892 2 2 1 53 2248 2044 2249
1893 2 2 1 53 2044 2045 2249
1894 2 2 1 53 2249 2045 2250
1895 2 2 1 53 2045 2046 2250
1896 2 2 1 53 2250 2046 2251
1897 2 2 1 53 2046 2047 2251
1898 2 2 1 53 2251 2047 2252
1899 2 2 1 53 2047 2048 2252
1900 2 2 1 53 2252 2048 2253
1901 2 2 1 53 2048 2049 2253
1902 2 2 1 53 2253 2049 119
1903 2 2 1 53 2049 106 119
1904 2 2 1 54 2254 2050 2255
1905 2 2 1 54 2050 2051 2255
1906 2 2 1 54 2053 2054 2258
1907 2 2 1 54 2053 2258 2257
1908 2 2 1 54 2258 2055 2259
1909 2 2 1 54 2258 2054 2055
1910 2 2 1 54 2259 2056 2260
1911 2 2 1 54 2259 2055 2056
1912 2 2 1 54 2056 2261 2260
1913 2 2 1 54 2056 2057 2261
1914 2 2 1 54 2057 2058 2261
1915 2 2 1 54 2261 2058 2262
1916 2 2 1 54 2265 2062 2266
1917 2 2 1 54 2265 2061 2062
1918 2 2 1 54 2266 2063 2267
1919 2 2 1 54 2266 2062 2063
1920 2 2 1 54 2063 2268 2267
1921 2 2 1 54 2063 2064 2268
1922 2 2 1 54 2064 2269 2268
1923 2 2 1 54 2064 2065 2269
1924 2 2 1 54 2270 2066 2271
1925 2 2 1 54 2066 2067 2271
1926 2 2 1 54 2271 2068 2272
1927 2 2 1 54 2271 2067 2068
1928 2 2 1 54 106 2254 119
1929 2 2 1 54 2050 2254 106
1930 2 2 1 54 2256 2051 2052
1931 2 2 1 54 2256 2255 2051
1932 2 2 1 54 2257 2052 2053
1933 2 2 1 54 2257 2256 2052
1934 2 2 1 54 2263 2058 2059
1935 2 2 1 54 2262 2058 2263
1936 2 2 1 54 2060 2263 2059
1937 2 2 1 54 2264 2263 2060
1938 2 2 1 54 2061 2264 2060
1939 2 2 1 54 2265 2264 2061
1940 2 2 1 54 2270 2065 2066
1941 2 2 1 54 2270 2269 2065
1942 2 2 1 54 2069 2272 2068
1943 2 2 1 54 2273 2272 2069
1944 2 2 1 54 120 2070 107
1945 2 2 1 54 2274 2070 120
1946 2 2 1 54 2070 2273 2069
1947 2 2 1 54 2070 2274 2273
1948 2 2 1 55 107 2071 120
1949 2 2 1 55 120 2071 2275
1950 2 2 1 55 2071 2072 2275
1951 2 2 1 55 2275 2072 2276
1952 2 2 1 55 2072 2073 2276
1953 2 2 1 55 2276 2073 2277
1954 2 2 1 55 2073 2074 2277
1955 2 2 1 55 2277 2074 2278
1956 2 2 1 55 2074 2075 2278
1957 2 2 1 55 2278 2075 2279
1958 2 2 1 55 2075 2076 2279
1959 2 2 1 55 2279 2076 2280
1960 2 2 1 55 2076 2077 2280
1961 2 2 1 55 2280 2077 2281
1962 2 2 1 55 2077 2078 2281
1963 2 2 1 55 2281 2078 2282
1964 2 2 1 55 2078 2079 2282
1965 2 2 1 55 2282 2079 2283
1966 2 2 1 55 2079 2080 2283
1967 2 2 1 55 2283 2080 2284
1968 2 2 1 55 2080 2081 2284
1969 2 2 1 55 2284 2081 2285
1970 2 2 1 55 2081 2082 2285
1971 2 2 1 55 2285 2082 2286
1972 2 2 1 55 2082 2083 2286
1973 2 2 1 55 2286 2083 2287
1974 2 2 1 55 2083 2084 2287
1975 2 2 1 55 2287 2084 2288
1976 2 2 1 55 2084 2085 2288
1977 2 2 1 55 2288 2085 2289
1978 2 2 1 55 2085 2086 2289
1979 2 2 1 55 2289 2086 2290
1980 2 2 1 55 2086 2087 2290
1981 2 2 1 55 2290 2087 2291
1982 2 2 1 55 2087 2088 2291
1983 2 2 1 55 2291 2088 2292
1984 2 2 1 55 2088 2089 2292
1985 2 2 1 55 2292 2089 2293
1986 2 2 1 55 2089 2090 2293
1987 2 2 1 55 2293 2090 2294
1988 2 2 1 55 2090 2091 2294
1989 2 2 1 55 2294 2091 121
1990 2 2 1 55 2091 108 121
1991 2 2 1 56 108 2092 121
1992 2 2 1 56 121 2092 2295
1993 2 2 1 56 2092 2093 2295
1994 2 2 1 56 2295 2093 2296
1995 2 2 1 56 2093 2094 2296
1996 2 2 1 56 2296 2094 2297
1997 2 2 1 56 2094 2095 2297
1998 2 2 1 56 2297 2095 2298
1999 2 2 1 56 2095 2096 2298
2000 2 2 1 56 2298 2096 2299
2001 2 2 1 56 2096 2097 2299
2002 2 2 1 56 2299 2097 2300
2003 2 2 1 56 2097 2098 2300
2004 2 2 1 56 2300 2098 2301
2005 2 2 1 56 2098 2099 2301
2006 2 2 1 56 2301 2099 2302
2007 2 2 1 56 2099 2100 2302
2008 2 2 1 56 2302 2100 2303
2009 2 2 1 56 2100 2101 2303
2010 2 2 1 56 2303 2101 2304
2011 2 2 1 56 2101 2102 2304
2012 2 2 1 56 2304 2102 2305
2013 2 2 1 56 2102 2103 2305
2014 2 2 1 56 2305 2103 2306
2015 2 2 1 56 2103 2104 2306
2016 2 2 1 56 2306 2104 122
2017 2 2 1 56 2104 109 122
2018 2 2 1 57 2307 2106 2308
2019 2 2 1 57 2307 2105 2106
2020 2 2 1 57 2106 2107 2308
2021 2 2 1 57 2308 2107 2309
2022 2 2 1 57 2311 2110 2312
2023 2 2 1 57 2311 2109 2110
2024 2 2 1 57 2111 2112 2313
2025 2 2 1 57 2313 2112 2314
2026 2 2 1 57 2117 110 2319
2027 2 2 1 57 2319 110 123
2028 2 2 1 57 2105 122 109
2029 2 2 1 57 2307 122 2105
2030 2 2 1 57 2108 2309 2107
2031 2 2 1 57 2310 2309 2108
2032 2 2 1 57 2109 2310 2108
2033 2 2 1 57 2311 2310 2109
2034 2 2 1 57 2111 2312 2110
2035 2 2 1 57 2313 2312 2111
2036 2 2 1 57 2315 2112 2113
2037 2 2 1 57 2315 2314 2112
2038 2 2 1 57 2114 2315 2113
2039 2 2 1 57 2316 2315 2114
2040 2 2 1 57 2115 2316 2114
2041 2 2 1 57 2317 2316 2115
2042 2 2 1 57 2116 2317 2115
2043 2 2 1 57 2318 2317 2116
2044 2 2 1 57 2319 2116 2117
2045 2 2 1 57 2318 2116 2319
2046 2 2 1 58 123 2118 2320
2047 2 2 1 58 123 110 2118
2048 2 2 1 58 2118 2119 2320
2049 2 2 1 58 2320 2119 2321
2050 2 2 1 58 2119 2120 2321
2051 2 2 1 58 2321 2120 2322
2052 2 2 1 58 2120 2121 2322
2053 2 2 1 58 2322 2121 2323
2054 2 2 1 58 2121 2122 2323
2055 2 2 1 58 2323 2122 2324
2056 2 2 1 58 2122 2123 2324
2057 2 2 1 58 2324 2123 2325
2058 2 2 1 58 2123 2124 2325
2059 2 2 1 58 2325 2124 2326
2060 2 2 1 58 2124 2125 2326
2061 2 2 1 58 2326 2125 2327
2062 2 2 1 58 2125 2126 2327
2063 2 2 1 58 2327 2126 2328
2064 2 2 1 58 2126 2127 2328
2065 2 2 1 58 2328 2127 2329
2066 2 2 1 58 2127 2128 2329
2067 2 2 1 58 2329 2128 2330
2068 2 2 1 58 2128 2129 2330
2069 2 2 1 58 2330 2129 2331
2070 2 2 1 58 2129 2130 2331
2071 2 2 1 58 2331 2130 124
2072 2 2 1 58 2130 111 124
2073 2 2 1 59 124 2131 2332
2074 2 2 1 59 124 111 2131
2075 2 2 1 59 2131 2132 2332
2076 2 2 1 59 2332 2132 2333
2077 2 2 1 59 2132 2133 2333
2078 2 2 1 59 2333 2133 2334
2079 2 2 1 59 2133 2134 2334
2080 2 2 1 59 2334 2134 2335
2081 2 2 1 59 2134 2135 2335
2082 2 2 1 59 2335 2135 2336
2083 2 2 1 59 2135 2136 2336
2084 2 2 1 59 2336 2136 2337
2085 2 2 1 59 2136 2137 2337
2086 2 2 1 59 2337 2137 2338
2087 2 2 1 59 2137 2138 2338
2088 2 2 1 59 2338 2138 2339
2089 2 2 1 59 2138 2139 2339
2090 2 2 1 59 2339 2139 2340
2091 2 2 1 59 2139 2140 2340
2092 2 2 1 59 2340 2140 2341
2093 2 2 1 59 2140 2141 2341
2094 2 2 1 59 2341 2141 2342
2095 2 2 1 59 2141 2142 2342
2096 2 2 1 59 2342 2142 2343
2097 2 2 1 59 2142 2143 2343
2098 2 2 1 59 2343 2143 2344
2099 2 2 1 59 2143 2144 2344
2100 2 2 1 59 2344 2144 2345
2101 2 2 1 59 2144 2145 2345
2102 2 2 1 59 2345 2145 2346
2103 2 2 1 59 2145 2146 2346
2104 2 2 1 59 2346 2146 125
2105 2 2 1 59 2146 112 125
2106 2 2 1 60 2349 2149 2350
2107 2 2 1 60 2149 2150 2350
2108 2 2 1 60 2352 2152 2353
2109 2 2 1 60 2152 2153 2353
2110 2 2 1 60 2353 2154 2354
2111 2 2 1 60 2353 2153 2154
2112 2 2 1 60 2155 2356 2355
2113 2 2 1 60 2155 2156 2356
2114 2 2 1 60 2158 2159 2358
2115 2 2 1 60 2358 2159 2359
2116 2 2 1 60 2159 2160 2359
2117 2 2 1 60 2359 2160 2360
2118 2 2 1 60 2160 2361 2360
2119 2 2 1 60 2160 2161 2361
2120 2 2 1 60 2362 113 126
2121 2 2 1 60 2362 2162 113
2122 2 2 1 60 112 2347 125
2123 2 2 1 60 112 2147 2347
2124 2 2 1 60 2148 2347 2147
2125 2 2 1 60 2348 2347 2148
2126 2 2 1 60 2151 2350 2150
2127 2 2 1 60 2351 2350 2151
2128 2 2 1 60 2152 2351 2151
2129 2 2 1 60 2352 2351 2152
2130 2 2 1 60 2155 2354 2154
2131 2 2 1 60 2355 2354 2155
2132 2 2 1 60 2357 2156 2157
2133 2 2 1 60 2357 2356 2156
2134 2 2 1 60 2158 2357 2157
2135 2 2 1 60 2358 2357 2158
2136 2 2 1 60 2162 2361 2161
2137 2 2 1 60 2162 2362 2361
2138 2 2 1 60 2149 2348 2148
2139 2 2 1 60 2149 2349 2348
2140 2 2 1 61 113 2163 126
2141 2 2 1 61 126 2163 2363
2142 2 2 1 61 2164 2165 2364
2143 2 2 1 61 2364 2165 2365
2144 2 2 1 61 2165 2366 2365
2145 2 2 1 61 2165 2166 2366
2146 2 2 1 61 2367 2168 2368
2147 2 2 1 61 2367 2167 2168
2148 2 2 1 61 2169 2370 2369
2149 2 2 1 61 2169 2170 2370
2150 2 2 1 61 2171 2172 2371
2151 2 2 1 61 2371 2172 2372
2152 2 2 1 61 2372 2172 2373
2153 2 2 1 61 2172 2173 2373
2154 2 2 1 61 2167 2366 2166
2155 2 2 1 61 2367 2366 2167
2156 2 2 1 61 2369 2168 2169
2157 2 2 1 61 2368 2168 2369
2158 2 2 1 61 2171 2370 2170
2159 2 2 1 61 2371 2370 2171
2160 2 2 1 61 2374 2173 2174
2161 2 2 1 61 2374 2373 2173
2162 2 2 1 61 2375 2174 2175
2163 2 2 1 61 2374 2174 2375
2164 2 2 1 61 2176 2375 2175
2165 2 2 1 61 2376 2375 2176
2166 2 2 1 61 2377 2176 2177
2167 2 2 1 61 2376 2176 2377
2168 2 2 1 61 2178 2377 2177
2169 2 2 1 61 2378 2377 2178
2170 2 2 1 61 2378 114 127
2171 2 2 1 61 2378 2178 114
2172 2 2 1 61 2164 2363 2163
2173 2 2 1 61 2164 2364 2363
2174 2 2 1 62 127 2179 2379
2175 2 2 1 62 127 114 2179
2176 2 2 1 62 2179 2180 2379
2177 2 2 1 62 2379 2180 2380
2178 2 2 1 62 2180 2181 2380
2179 2 2 1 62 2380 2181 2381
2180 2 2 1 62 2181 2182 2381
2181 2 2 1 62 2381 2182 2382
2182 2 2 1 62 2182 2183 2382
2183 2 2 1 62 2382 2183 2383
2184 2 2 1 62 2183 2184 2383
2185 2 2 1 62 2383 2184 2384
2186 2 2 1 62 2184 2185 2384
2187 2 2 1 62 2384 2185 2385
2188 2 2 1 62 2185 2186 2385
2189 2 2 1 62 2385 2186 2386
2190 2 2 1 62 2186 2187 2386
2191 2 2 1 62 2386 2187 2387
2192 2 2 1 62 2187 2188 2387
2193 2 2 1 62 2387 2188 2388
2194 2 2 1 62 2188 2189 2388
2195 2 2 1 62 2388 2189 2389
2196 2 2 1 62 2189 2190 2389
2197 2 2 1 62 2389 2190 2390
2198 2 2 1 62 2190 2191 2390
2199 2 2 1 62 2390 2191 2391
2200 2 2 1 62 2191 2192 2391
2201 2 2 1 62 2391 2192 2392
2202 2 2 1 62 2192 2193 2392
2203 2 2 1 62 2392 2193 2393
2204 2 2 1 62 2193 2194 2393
2205 2 2 1 62 2393 2194 128
2206 2 2 1 62 2194 115 128
2207 2 2 1 63 128 2195 2394
2208 2 2 1 63 128 115 2195
2209 2 2 1 63 2195 2196 2394
2210 2 2 1 63 2394 2196 2395
2211 2 2 1 63 2196 2197 2395
2212 2 2 1 63 2395 2197 2396
2213 2 2 1 63 2197 2198 2396
2214 2 2 1 63 2396 2198 2397
2215 2 2 1 63 2198 2199 2397
2216 2 2 1 63 2397 2199 2398
2217 2 2 1 63 2199 2200 2398
2218 2 2 1 63 2398 2200 2399
2219 2 2 1 63 2200 2201 2399
2220 2 2 1 63 2399 2201 2400
2221 2 2 1 63 2201 2202 2400
2222 2 2 1 63 2400 2202 2401
2223 2 2 1 63 2202 2203 2401
2224 2 2 1 63 2401 2203 2402
2225 2 2 1 63 2203 2204 2402
2226 2 2 1 63 2402 2204 2403
2227 2 2 1 63 2204 2205 2403
2228 2 2 1 63 2403 2205 2404
2229 2 2 1 63 2205 2206 2404
2230 2 2 1 63 2404 2206 2405
2231 2 2 1 63 2206 2207 2405
2232 2 2 1 63 2405 2207 129
2233 2 2 1 63 2207 116 129
2234 2 2 1 64 2406 2209 2407
2235 2 2 1 64 2406 2208 2209
2236 2 2 1 64 2407 2209 2408
2237 2 2 1 64 2209 2210 2408
2238 2 2 1 64 2411 2214 2412
2239 2 2 1 64 2411 2213 2214
2240 2 2 1 64 2214 2215 2412
2241 2 2 1 64 2412 2215 2413
2242 2 2 1 64 2218 2219 2416
2243 2 2 1 64 2416 2219 2417
2244 2 2 1 64 2220 117 2418
2245 2 2 1 64 2418 117 130
2246 2 2 1 64 2208 129 116
2247 2 2 1 64 2208 2406 129
2248 2 2 1 64 2409 2210 2211
2249 2 2 1 64 2408 2210 2409
2250 2 2 1 64 2410 2211 2212
2251 2 2 1 64 2410 2409 2211
2252 2 2 1 64 2213 2410 2212
2253 2 2 1 64 2411 2410 2213
2254 2 2 1 64 2216 2413 2215
2255 2 2 1 64 2414 2413 2216
2256 2 2 1 64 2415 2216 2217
2257 2 2 1 64 2414 2216 2415
2258 2 2 1 64 2218 2415 2217
2259 2 2 1 64 2416 2415 2218
2260 2 2 1 64 2220 2417 2219
2261 2 2 1 64 2418 2417 2220
2262 2 2 1 65 130 2221 2419
2263 2 2 1 65 130 117 2221
2264 2 2 1 65 2221 2222 2419
2265 2 2 1 65 2419 2222 2420
2266 2 2 1 65 2222 2223 2420
2267 2 2 1 65 2420 2223 2421
2268 2 2 1 65 2223 2224 2421
2269 2 2 1 65 2421 2224 2422
2270 2 2 1 65 2224 2225 2422
2271 2 2 1 65 2422 2225 2423
2272 2 2 1 65 2225 2226 2423
2273 2 2 1 65 2423 2226 2424
2274 2 2 1 65 2226 2227 2424
2275 2 2 1 65 2424 2227 2425
2276 2 2 1 65 2227 2228 2425
2277 2 2 1 65 2425 2228 2426
2278 2 2 1 65 2228 2229 2426
2279 2 2 1 65 2426 2229 2427
2280 2 2 1 65 2229 2230 2427
2281 2 2 1 65 2427 2230 2428
2282 2 2 1 65 2230 2231 2428
2283 2 2 1 65 2428 2231 2429
2284 2 2 1 65 2231 2232 2429
2285 2 2 1 65 2429 2232 2430
2286 2 2 1 65 2232 2233 2430
2287 2 2 1 65 2430 2233 118
2288 2 2 1 65 2233 105 118
2289 2 2 1 66 144 2431 2636
2290 2 2 1 66 144 131 2431
2291 2 2 1 66 2637 2433 2638
2292 2 2 1 66 2637 2432 2433
2293 2 2 1 66 2433 2434 2638
2294 2 2 1 66 2638 2434 2639
2295 2 2 1 66 2639 2435 2640
2296 2 2 1 66 2639 2434 2435
2297 2 2 1 66 2641 2437 2642
2298 2 2 1 66 2641 2436 2437
2299 2 2 1 66 2642 2438 2643
2300 2 2 1 66 2642 2437 2438
2301 2 2 1 66 2645 2441 2646
2302 2 2 1 66 2645 2440 2441
2303 2 2 1 66 2443 2444 2648
2304 2 2 1 66 2648 2444 2649
2305 2 2 1 66 2651 2447 2652
2306 2 2 1 66 2651 2446 2447
2307 2 2 1 66 2449 2450 2654
2308 2 2 1 66 2654 2450 2655
2309 2 2 1 66 2655 2451 2656
2310 2 2 1 66 2655 2450 2451
2311 2 2 1 66 2432 2636 2431
2312 2 2 1 66 2637 2636 2432
2313 2 2 1 66 2436 2640 2435
2314 2 2 1 66 2641 2640 2436
2315 2 2 1 66 2439 2643 2438
2316 2 2 1 66 2644 2643 2439
2317 2 2 1 66 2440 2644 2439
2318 2 2 1 66 2645 2644 2440
2319 2 2 1 66 2442 2646 2441
2320 2 2 1 66 2647 2646 2442
2321 2 2 1 66 2443 2647 2442
2322 2 2 1 66 2648 2647 2443
2323 2 2 1 66 2445 2649 2444
2324 2 2 1 66 2650 2649 2445
2325 2 2 1 66 2446 2650 2445
2326 2 2 1 66 2651 2650 2446
2327 2 2 1 66 2448 2652 2447
2328 2 2 1 66 2653 2652 2448
2329 2 2 1 66 2449 2653 2448
2330 2 2 1 66 2654 2653 2449
2331 2 2 1 66 2656 132 145
2332 2 2 1 66 2656 2451 132
2333 2 2 1 67 2658 2453 2659
2334 2 2 1 67 2453 2454 2659
2335 2 2 1 67 2454 2455 2659
2336 2 2 1 67 2659 2455 2660
2337 2 2 1 67 2457 2458 2662
2338 2 2 1 67 2662 2458 2663
2339 2 2 1 67 2665 2461 2666
2340 2 2 1 67 2665 2460 2461
2341 2 2 1 67 2666 2462 2667
2342 2 2 1 67 2666 2461 2462
2343 2 2 1 67 2667 2462 2668
2344 2 2 1 67 2462 2463 2668
2345 2 2 1 67 2464 2465 2669
2346 2 2 1 67 2669 2465 2670
2347 2 2 1 67 2466 2467 2671
2348 2 2 1 67 2671 2467 2672
2349 2 2 1 67 2467 2468 2672
2350 2 2 1 67 2672 2468 2673
2351 2 2 1 67 2468 2674 2673
2352 2 2 1 67 2468 2469 2674
2353 2 2 1 67 2469 2675 2674
2354 2 2 1 67 2469 2470 2675
2355 2 2 1 67 2676 2472 2677
2356 2 2 1 67 2676 2471 2472
2357 2 2 1 67 2658 2452 2453
2358 2 2 1 67 2657 2452 2658
2359 2 2 1 67 2456 2660 2455
2360 2 2 1 67 2661 2660 2456
2361 2 2 1 67 2459 2663 2458
2362 2 2 1 67 2664 2663 2459
2363 2 2 1 67 2460 2664 2459
2364 2 2 1 67 2665 2664 2460
2365 2 2 1 67 2669 2463 2464
2366 2 2 1 67 2669 2668 2463
2367 2 2 1 67 2466 2670 2465
2368 2 2 1 67 2671 2670 2466
2369 2 2 1 67 2676 2470 2471
2370 2 2 1 67 2675 2470 2676
2371 2 2 1 67 2677 133 146
2372 2 2 1 67 2677 2472 133
2373 2 2 1 67 2662 2456 2457
2374 2 2 1 67 2661 2456 2662
2375 2 2 1 67 132 2657 145
2376 2 2 1 67 132 2452 2657
2377 2 2 1 68 133 2678 146
2378 2 2 1 68 133 2473 2678
2379 2 2 1 68 2475 2681 2680
2380 2 2 1 68 2475 2476 2681
2381 2 2 1 68 2683 2478 2684
2382 2 2 1 68 2478 2479 2684
2383 2 2 1 68 2684 2479 2685
2384 2 2 1 68 2479 2480 2685
2385 2 2 1 68 2687 2482 2688
2386 2 2 1 68 2482 2483 2688
2387 2 2 1 68 2688 2483 2689
2388 2 2 1 68 2483 2484 2689
2389 2 2 1 68 2689 2484 2690
2390 2 2 1 68 2484 2485 2690
2391 2 2 1 68 2485 2691 2690
2392 2 2 1 68 2485 2486 2691
2393 2 2 1 68 2692 2487 2693
2394 2 2 1 68 2487 2488 2693
2395 2 2 1 68 2693 2488 2694
2396 2 2 1 68 2488 2489 2694
2397 2 2 1 68 2490 2696 2695
2398 2 2 1 68 2490 2491 2696
2399 2 2 1 68 2492 2698 2697
2400 2 2 1 68 2492 2493 2698
2401 2 2 1 68 2679 2473 2474
2402 2 2 1 68 2679 2678 2473
2403 2 2 1 68 2680 2474 2475
2404 2 2 1 68 2679 2474 2680
2405 2 2 1 68 2682 2476 2477
2406 2 2 1 68 2681 2476 2682
2407 2 2 1 68 2683 2477 2478
2408 2 2 1 68 2683 2682 2477
2409 2 2 1 68 2686 2480 2481
2410 2 2 1 68 2686 2685 2480
2411 2 2 1 68 2687 2481 2482
2412 2 2 1 68 2687 2686 2481
2413 2 2 1 68 2692 2486 2487
2414 2 2 1 68 2691 2486 2692
2415 2 2 1 68 2695 2489 2490
2416 2 2 1 68 2694 2489 2695
2417 2 2 1 68 2697 2491 2492
2418 2 2 1 68 2697 2696 2491
2419 2 2 1 68 147 2493 134
2420 2 2 1 68 2698 2493 147
2421 2 2 1 69 134 2494 147
2422 2 2 1 69 147 2494 2699
2423 2 2 1 69 2494 2495 2699
2424 2 2 1 69 2699 2495 2700
2425 2 2 1 69 2495 2496 2700
2426 2 2 1 69 2700 2496 2701
2427 2 2 1 69 2496 2497 2701
2428 2 2 1 69 2701 2497 2702
2429 2 2 1 69 2497 2498 2702
2430 2 2 1 69 2702 2498 2703
2431 2 2 1 69 2498 2499 2703
2432 2 2 1 69 2703 2499 2704
2433 2 2 1 69 2499 2500 2704
2434 2 2 1 69 2704 2500 2705
2435 2 2 1 69 2500 2501 2705
2436 2 2 1 69 2705 2501 2706
2437 2 2 1 69 2501 2502 2706
2438 2 2 1 69 2706 2502 2707
2439 2 2 1 69 2502 2503 2707
2440 2 2 1 69 2707 2503 2708
2441 2 2 1 69 2503 2504 2708
2442 2 2 1 69 2708 2504 2709
2443 2 2 1 69 2504 2505 2709
2444 2 2 1 69 2709 2505 2710
2445 2 2 1 69 2505 2506 2710
2446 2 2 1 69 2710 2506 148
2447 2 2 1 69 2506 135 148
2448 2 2 1 70 148 2507 2711
2449 2 2 1 70 148 135 2507
2450 2 2 1 70 2507 2508 2711
2451 2 2 1 70 2711 2508 2712
2452 2 2 1 70 2715 2512 2716
2453 2 2 1 70 2715 2511 2512
2454 2 2 1 70 2718 2515 2719
2455 2 2 1 70 2718 2514 2515
2456 2 2 1 70 2719 2516 2720
2457 2 2 1 70 2719 2515 2516
2458 2 2 1 70 2517 2518 2721
2459 2 2 1 70 2721 2518 2722
2460 2 2 1 70 2519 136 2723
2461 2 2 1 70 2723 136 149
2462 2 2 1 70 2714 2509 2510
2463 2 2 1 70 2713 2509 2714
2464 2 2 1 70 2511 2714 2510
2465 2 2 1 70 2715 2714 2511
2466 2 2 1 70 2513 2716 2512
2467 2 2 1 70 2513 2717 2716
2468 2 2 1 70 2514 2717 2513
2469 2 2 1 70 2718 2717 2514
2470 2 2 1 70 2517 2720 2516
2471 2 2 1 70 2721 2720 2517
2472 2 2 1 70 2519 2722 2518
2473 2 2 1 70 2723 2722 2519
2474 2 2 1 70 2509 2712 2508
2475 2 2 1 70 2713 2712 2509
2476 2 2 1 71 136 2520 149
2477 2 2 1 71 149 2520 2724
2478 2 2 1 71 2520 2521 2724
2479 2 2 1 71 2724 2521 2725
2480 2 2 1 71 2521 2522 2725
2481 2 2 1 71 2725 2522 2726
2482 2 2 1 71 2522 2523 2726
2483 2 2 1 71 2726 2523 2727
2484 2 2 1 71 2523 2524 2727
2485 2 2 1 71 2727 2524 2728
2486 2 2 1 71 2524 2525 2728
2487 2 2 1 71 2728 2525 2729
2488 2 2 1 71 2525 2526 2729
2489 2 2 1 71 2729 2526 2730
2490 2 2 1 71 2526 2527 2730
2491 2 2 1 71 2730 2527 2731
2492 2 2 1 71 2527 2528 2731
2493 2 2 1 71 2731 2528 2732
2494 2 2 1 71 2528 2529 2732
2495 2 2 1 71 2732 2529 2733
2496 2 2 1 71 2529 2530 2733
2497 2 2 1 71 2733 2530 2734
2498 2 2 1 71 2530 2531 2734
2499 2 2 1 71 2734 2531 2735
2500 2 2 1 71 2531 2532 2735
2501 2 2 1 71 2735 2532 150
2502 2 2 1 71 2532 137 150
2503 2 2 1 72 137 2533 150
2504 2 2 1 72 150 2533 2736
2505 2 2 1 72 2533 2534 2736
2506 2 2 1 72 2736 2534 2737
2507 2 2 1 72 2534 2535 2737
2508 2 2 1 72 2737 2535 2738
2509 2 2 1 72 2535 2536 2738
2510 2 2 1 72 2738 2536 2739
2511 2 2 1 72 2536 2537 2739
2512 2 2 1 72 2739 2537 2740
2513 2 2 1 72 2537 2538 2740
2514 2 2 1 72 2740 2538 2741
2515 2 2 1 72 2538 2539 2741
2516 2 2 1 72 2741 2539 2742
2517 2 2 1 72 2539 2540 2742
2518 2 2 1 72 2742 2540 2743
2519 2 2 1 72 2540 2541 2743
2520 2 2 1 72 2743 2541 2744
2521 2 2 1 72 2541 2542 2744
2522 2 2 1 72 2744 2542 2745
2523 2 2 1 72 2542 2543 2745
2524 2 2 1 72 2745 2543 2746
2525 2 2 1 72 2543 2544 2746
2526 2 2 1 72 2746 2544 2747
2527 2 2 1 72 2544 2545 2747
2528 2 2 1 72 2747 2545 2748
2529 2 2 1 72 2545 2546 2748
2530 2 2 1 72 2748 2546 2749
2531 2 2 1 72 2546 2547 2749
2532 2 2 1 72 2749 2547 2750
2533 2 2 1 72 2547 2548 2750
2534 2 2 1 72 2750 2548 151
2535 2 2 1 72 2548 138 151
2536 2 2 1 73 151 138 2751
2537 2 2 1 73 138 2549 2751
2538 2 2 1 73 2553 2756 2755
2539 2 2 1 73 2553 2554 2756
2540 2 2 1 73 2554 2757 2756
2541 2 2 1 73 2554 2555 2757
2542 2 2 1 73 2759 2558 2760
2543 2 2 1 73 2759 2557 2558
2544 2 2 1 73 2760 2559 2761
2545 2 2 1 73 2760 2558 2559
2546 2 2 1 73 2561 2764 2763
2547 2 2 1 73 2561 2562 2764
2548 2 2 1 73 2764 2563 2765
2549 2 2 1 73 2764 2562 2563
2550 2 2 1 73 2550 2751 2549
2551 2 2 1 73 2752 2751 2550
2552 2 2 1 73 2753 2550 2551
2553 2 2 1 73 2752 2550 2753
2554 2 2 1 73 2755 2552 2553
2555 2 2 1 73 2754 2552 2755
2556 2 2 1 73 2758 2555 2556
2557 2 2 1 73 2757 2555 2758
2558 2 2 1 73 2557 2758 2556
2559 2 2 1 73 2759 2758 2557
2560 2 2 1 73 2560 2761 2559
2561 2 2 1 73 2762 2761 2560
2562 2 2 1 73 2763 2560 2561
2563 2 2 1 73 2763 2762 2560
2564 2 2 1 73 2766 2563 2564
2565 2 2 1 73 2766 2765 2563
2566 2 2 1 73 2766 139 152
2567 2 2 1 73 2766 2564 139
2568 2 2 1 73 2754 2551 2552
2569 2 2 1 73 2753 2551 2754
2570 2 2 1 74 152 2565 2767
2571 2 2 1 74 152 139 2565
2572 2 2 1 74 2565 2566 2767
2573 2 2 1 74 2767 2566 2768
2574 2 2 1 74 2566 2769 2768
2575 2 2 1 74 2566 2567 2769
2576 2 2 1 74 2569 2570 2772
2577 2 2 1 74 2569 2772 2771
2578 2 2 1 74 2772 2571 2773
2579 2 2 1 74 2772 2570 2571
2580 2 2 1 74 2774 2573 2775
2581 2 2 1 74 2774 2572 2573
2582 2 2 1 74 2575 2576 2777
2583 2 2 1 74 2777 2576 2778
2584 2 2 1 74 2780 2579 2781
2585 2 2 1 74 2780 2578 2579
2586 2 2 1 74 2781 2579 2782
2587 2 2 1 74 2579 2580 2782
2588 2 2 1 74 2782 140 153
2589 2 2 1 74 2782 2580 140
2590 2 2 1 74 2568 2769 2567
2591 2 2 1 74 2770 2769 2568
2592 2 2 1 74 2771 2568 2569
2593 2 2 1 74 2770 2568 2771
2594 2 2 1 74 2572 2773 2571
2595 2 2 1 74 2774 2773 2572
2596 2 2 1 74 2776 2573 2574
2597 2 2 1 74 2776 2775 2573
2598 2 2 1 74 2575 2776 2574
2599 2 2 1 74 2777 2776 2575
2600 2 2 1 74 2779 2576 2577
2601 2 2 1 74 2779 2778 2576
2602 2 2 1 74 2578 2779 2577
2603 2 2 1 74 2780 2779 2578
2604 2 2 1 75 140 2581 153
2605 2 2 1 75 153 2581 2783
2606 2 2 1 75 2581 2582 2783
2607 2 2 1 75 2783 2582 2784
2608 2 2 1 75 2582 2583 2784
2609 2 2 1 75 2784 2583 2785
2610 2 2 1 75 2583 2584 2785
2611 2 2 1 75 2785 2584 2786
2612 2 2 1 75 2584 2585 2786
2613 2 2 1 75 2786 2585 2787
2614 2 2 1 75 2585 2586 2787
2615 2 2 1 75 2787 2586 2788
2616 2 2 1 75 2586 2587 2788
2617 2 2 1 75 2788 2587 2789
2618 2 2 1 75 2587 2588 2789
2619 2 2 1 75 2789 2588 2790
2620 2 2 1 75 2588 2589 2790
2621 2 2 1 75 2790 2589 2791
2622 2 2 1 75 2589 2590 2791
2623 2 2 1 75 2791 2590 2792
2624 2 2 1 75 2590 2591 2792
2625 2 2 1 75 2792 2591 2793
2626 2 2 1 75 2591 2592 2793
2627 2 2 1 75 2793 2592 2794
2628 2 2 1 75 2592 2593 2794
2629 2 2 1 75 2794 2593 2795
2630 2 2 1 75 2593 2594 2795
2631 2 2 1 75 2795 2594 2796
2632 2 2 1 75 2594 2595 2796
2633 2 2 1 75 2796 2595 2797
2634 2 2 1 75 2595 2596 2797
2635 2 2 1 75 2797 2596 154
2636 2 2 1 75 2596 141 154
2637 2 2 1 76 141 2597 154
2638 2 2 1 76 154 2597 2798
2639 2 2 1 76 2597 2598 2798
2640 2 2 1 76 2798 2598 2799
2641 2 2 1 76 2598 2599 2799
2642 2 2 1 76 2799 2599 2800
2643 2 2 1 76 2599 2600 2800
2644 2 2 1 76 2800 2600 2801
2645 2 2 1 76 2600 2601 2801
2646 2 2 1 76 2801 2601 2802
2647 2 2 1 76 2601 2602 2802
2648 2 2 1 76 2802 2602 2803
2649 2 2 1 76 2602 2603 2803
2650 2 2 1 76 2803 2603 2804
2651 2 2 1 76 2603 2604 2804
2652 2 2 1 76 2804 2604 2805
2653 2 2 1 76 2604 2605 2805
2654 2 2 1 76 2805 2605 2806
2655 2 2 1 76 2605 2606 2806
2656 2 2 1 76 2806 2606 2807
2657 2 2 1 76 2606 2607 2807
2658 2 2 1 76 2807 2607 2808
2659 2 2 1 76 2607 2608 2808
2660 2 2 1 76 2808 2608 2809
2661 2 2 1 76 2608 2609 2809
2662 2 2 1 76 2809 2609 155
2663 2 2 1 76 2609 142 155
2664 2 2 1 77 2611 2612 2811
2665 2 2 1 77 2811 2612 2812
2666 2 2 1 77 2613 2614 2813
2667 2 2 1 77 2813 2614 2814
2668 2 2 1 77 2815 2616 2816
2669 2 2 1 77 2815 2615 2616
2670 2 2 1 77 2616 2617 2816
2671 2 2 1 77 2816 2617 2817
2672 2 2 1 77 2819 2620 2820
2673 2 2 1 77 2819 2619 2620
2674 2 2 1 77 2621 2822 2821
2675 2 2 1 77 2621 2622 2822
2676 2 2 1 77 2822 143 156
2677 2 2 1 77 2822 2622 143
2678 2 2 1 77 2610 155 142
2679 2 2 1 77 2810 155 2610
2680 2 2 1 77 2613 2812 2612
2681 2 2 1 77 2813 2812 2613
2682 2 2 1 77 2615 2814 2614
2683 2 2 1 77 2815 2814 2615
2684 2 2 1 77 2618 2817 2617
2685 2 2 1 77 2818 2817 2618
2686 2 2 1 77 2619 2818 2618
2687 2 2 1 77 2819 2818 2619
2688 2 2 1 77 2621 2820 2620
2689 2 2 1 77 2821 2820 2621
2690 2 2 1 77 2811 2610 2611
2691 2 2 1 77 2811 2810 2610
2692 2 2 1 78 156 2623 2823
2693 2 2 1 78 156 143 2623
2694 2 2 1 78 2623 2624 2823
2695 2 2 1 78 2823 2624 2824
2696 2 2 1 78 2624 2625 2824
2697 2 2 1 78 2824 2625 2825
2698 2 2 1 78 2625 2626 2825
2699 2 2 1 78 2825 2626 2826
2700 2 2 1 78 2626 2627 2826
2701 2 2 1 78 2826 2627 2827
2702 2 2 1 78 2627 2628 2827
2703 2 2 1 78 2827 2628 2828
2704 2 2 1 78 2628 2629 2828
2705 2 2 1 78 2828 2629 2829
2706 2 2 1 78 2629 2630 2829
2707 2 2 1 78 2829 2630 2830
2708 2 2 1 78 2630 2631 2830
2709 2 2 1 78 2830 2631 2831
2710 2 2 1 78 2631 2632 2831
2711 2 2 1 78 2831 2632 2832
2712 2 2 1 78 2632 2633 2832
2713 2 2 1 78 2832 2633 2833
2714 2 2 1 78 2633 2634 2833
2715 2 2 1 78 2833 2634 2834
2716 2 2 1 78 2634 2635 2834
2717 2 2 1 78 2834 2635 144
2718 2 2 1 78 2635 131 144
2719 2 2 1 79 157 2835 170
2720 2 2 1 79 170 2835 3040
2721 2 2 1 79 2835 2836 3040
2722 2 2 1 79 3040 2836 3041
2723 2 2 1 79 2836 2837 3041
2724 2 2 1 79 3041 2837 3042
2725 2 2 1 79 2837 2838 3042
2726 2 2 1 79 3042 2838 3043
2727 2 2 1 79 2838 2839 3043
2728 2 2 1 79 3043 2839 3044
2729 2 2 1 79 2839 2840 3044
2730 2 2 1 79 3044 2840 3045
2731 2 2 1 79 2840 2841 3045
2732 2 2 1 79 3045 2841 3046
2733 2 2 1 79 2841 2842 3046
2734 2 2 1 79 3046 2842 3047
2735 2 2 1 79 2842 2843 3047
2736 2 2 1 79 3047 2843 3048
2737 2 2 1 79 2843 2844 3048
2738 2 2 1 79 3048 2844 3049
2739 2 2 1 79 2844 2845 3049
2740 2 2 1 79 3049 2845 3050
2741 2 2 1 79 2845 2846 3050
2742 2 2 1 79 3050 2846 3051
2743 2 2 1 79 2846 2847 3051
2744 2 2 1 79 3051 2847 3052
2745 2 2 1 79 2847 2848 3052
2746 2 2 1 79 3052 2848 3053
2747 2 2 1 79 2848 2849 3053
2748 2 2 1 79 3053 2849 3054
2749 2 2 1 79 2849 2850 3054
2750 2 2 1 79 3054 2850 3055
2751 2 2 1 79 2850 2851 3055
2752 2 2 1 79 3055 2851 3056
2753 2 2 1 79 2851 2852 3056
2754 2 2 1 79 3056 2852 3057
2755 2 2 1 79 2852 2853 3057
2756 2 2 1 79 3057 2853 3058
2757 2 2 1 79 2853 2854 3058
2758 2 2 1 79 3058 2854 3059
2759 2 2 1 79 2854 2855 3059
2760 2 2 1 79 3059 2855 171
2761 2 2 1 79 2855 158 171
2762 2 2 1 80 158 3060 171
2763 2 2 1 80 158 2856 3060
2764 2 2 1 80 3060 2856 3061
2765 2 2 1 80 2856 2857 3061
2766 2 2 1 80 2859 3064 3063
2767 2 2 1 80 2859 2860 3064
2768 2 2 1 80 2860 2861 3064
2769 2 2 1 80 3064 2861 3065
2770 2 2 1 80 2865 2866 3069
2771 2 2 1 80 3069 2866 3070
2772 2 2 1 80 2866 2867 3070
2773 2 2 1 80 3070 2867 3071
2774 2 2 1 80 3073 2869 3074
2775 2 2 1 80 2869 2870 3074
2776 2 2 1 80 2872 3077 3076
2777 2 2 1 80 2872 2873 3077
2778 2 2 1 80 3078 2875 3079
2779 2 2 1 80 3078 2874 2875
2780 2 2 1 80 2876 172 3080
2781 2 2 1 80 2876 159 172
2782 2 2 1 80 3062 2857 2858
2783 2 2 1 80 3061 2857 3062
2784 2 2 1 80 3063 2858 2859
2785 2 2 1 80 3063 3062 2858
2786 2 2 1 80 2862 3065 2861
2787 2 2 1 80 3066 3065 2862
2788 2 2 1 80 3067 2862 2863
2789 2 2 1 80 3066 2862 3067
2790 2 2 1 80 2864 3067 2863
2791 2 2 1 80 3068 3067 2864
2792 2 2 1 80 3069 2864 2865
2793 2 2 1 80 3069 3068 2864
2794 2 2 1 80 2868 3071 2867
2795 2 2 1 80 3072 3071 2868
2796 2 2 1 80 3073 2868 2869
2797 2 2 1 80 3072 2868 3073
2798 2 2 1 80 3075 2870 2871
2799 2 2 1 80 3074 2870 3075
2800 2 2 1 80 3076 2871 2872
2801 2 2 1 80 3076 3075 2871
2802 2 2 1 80 2874 3077 2873
2803 2 2 1 80 3078 3077 2874
2804 2 2 1 80 2876 3079 2875
2805 2 2 1 80 3080 3079 2876
2806 2 2 1 81 159 2877 172
2807 2 2 1 81 172 2877 3081
2808 2 2 1 81 2877 2878 3081
2809 2 2 1 81 3081 2878 3082
2810 2 2 1 81 2878 2879 3082
2811 2 2 1 81 3082 2879 3083
2812 2 2 1 81 2879 2880 3083
2813 2 2 1 81 3083 2880 3084
2814 2 2 1 81 2880 2881 3084
2815 2 2 1 81 3084 2881 3085
2816 2 2 1 81 2881 2882 3085
2817 2 2 1 81 3085 2882 3086
2818 2 2 1 81 2882 2883 3086
2819 2 2 1 81 3086 2883 3087
2820 2 2 1 81 2883 2884 3087
2821 2 2 1 81 3087 2884 3088
2822 2 2 1 81 2884 2885 3088
2823 2 2 1 81 3088 2885 3089
2824 2 2 1 81 2885 2886 3089
2825 2 2 1 81 3089 2886 3090
2826 2 2 1 81 2886 2887 3090
2827 2 2 1 81 3090 2887 3091
2828 2 2 1 81 2887 2888 3091
2829 2 2 1 81 3091 2888 3092
2830 2 2 1 81 2888 2889 3092
2831 2 2 1 81 3092 2889 3093
2832 2 2 1 81 2889 2890 3093
2833 2 2 1 81 3093 2890 3094
2834 2 2 1 81 2890 2891 3094
2835 2 2 1 81 3094 2891 3095
2836 2 2 1 81 2891 2892 3095
2837 2 2 1 81 3095 2892 3096
2838 2 2 1 81 2892 2893 3096
2839 2 2 1 81 3096 2893 3097
2840 2 2 1 81 2893 2894 3097
2841 2 2 1 81 3097 2894 3098
2842 2 2 1 81 2894 2895 3098
2843 2 2 1 81 3098 2895 3099
2844 2 2 1 81 2895 2896 3099
2845 2 2 1 81 3099 2896 3100
2846 2 2 1 81 2896 2897 3100
2847 2 2 1 81 3100 2897 173
2848 2 2 1 81 2897 160 173
2849 2 2 1 82 160 2898 173
2850 2 2 1 82 173 2898 3101
2851 2 2 1 82 2898 2899 3101
2852 2 2 1 82 3101 2899 3102
2853 2 2 1 82 2899 2900 3102
2854 2 2 1 82 3102 2900 3103
2855 2 2 1 82 2900 2901 3103
2856 2 2 1 82 3103 2901 3104
2857 2 2 1 82 2901 2902 3104
2858 2 2 1 82 3104 2902 3105
2859 2 2 1 82 2902 2903 3105
2860 2 2 1 82 3105 2903 3106
2861 2 2 1 82 2903 2904 3106
2862 2 2 1 82 3106 2904 3107
2863 2 2 1 82 2904 2905 3107
2864 2 2 1 82 3107 2905 3108
2865 2 2 1 82 2905 2906 3108
2866 2 2 1 82 3108 2906 3109
2867 2 2 1 82 2906 2907 3109
2868 2 2 1 82 3109 2907 3110
2869 2 2 1 82 2907 2908 3110
2870 2 2 1 82 3110 2908 3111
2871 2 2 1 82 2908 2909 3111
2872 2 2 1 82 3111 2909 3112
2873 2 2 1 82 2909 2910 3112
2874 2 2 1 82 3112 2910 174
2875 2 2 1 82 2910 161 174
2876 2 2 1 83 161 2911 174
2877 2 2 1 83 174 2911 3113
2878 2 2 1 83 3113 2912 3114
2879 2 2 1 83 3113 2911 2912
2880 2 2 1 83 2912 3115 3114
2881 2 2 1 83 2912 2913 3115
2882 2 2 1 83 3116 2915 3117
2883 2 2 1 83 3116 2914 2915
2884 2 2 1 83 2915 2916 3117
2885 2 2 1 83 3117 2916 3118
2886 2 2 1 83 2918 2919 3120
2887 2 2 1 83 3120 2919 3121
2888 2 2 1 83 3123 2922 3124
2889 2 2 1 83 3123 2921 2922
2890 2 2 1 83 2923 162 3125
2891 2 2 1 83 3125 162 175
2892 2 2 1 83 2914 3115 2913
2893 2 2 1 83 3116 3115 2914
2894 2 2 1 83 2917 3118 2916
2895 2 2 1 83 3119 3118 2917
2896 2 2 1 83 2918 3119 2917
2897 2 2 1 83 3120 3119 2918
2898 2 2 1 83 2920 3121 2919
2899 2 2 1 83 3122 3121 2920
2900 2 2 1 83 2921 3122 2920
2901 2 2 1 83 3123 3122 2921
2902 2 2 1 83 2923 3124 2922
2903 2 2 1 83 3125 3124 2923
2904 2 2 1 84 162 2924 175
2905 2 2 1 84 175 2924 3126
2906 2 2 1 84 2924 2925 3126
2907 2 2 1 84 3126 2925 3127
2908 2 2 1 84 2925 2926 3127
2909 2 2 1 84 3127 2926 3128
2910 2 2 1 84 2926 2927 3128
2911 2 2 1 84 3128 2927 3129
2912 2 2 1 84 2927 2928 3129
2913 2 2 1 84 3129 2928 3130
2914 2 2 1 84 2928 2929 3130
2915 2 2 1 84 3130 2929 3131
2916 2 2 1 84 2929 2930 3131
2917 2 2 1 84 3131 2930 3132
2918 2 2 1 84 2930 2931 3132
2919 2 2 1 84 3132 2931 3133
2920 2 2 1 84 2931 2932 3133
2921 2 2 1 84 3133 2932 3134
2922 2 2 1 84 2932 2933 3134
2923 2 2 1 84 3134 2933 3135
2924 2 2 1 84 2933 2934 3135
2925 2 2 1 84 3135 2934 3136
2926 2 2 1 84 2934 2935 3136
2927 2 2 1 84 3136 2935 3137
2928 2 2 1 84 2935 2936 3137
2929 2 2 1 84 3137 2936 176
2930 2 2 1 84 2936 163 176
2931 2 2 1 85 176 2937 3138
2932 2 2 1 85 176 163 2937
2933 2 2 1 85 2937 2938 3138
2934 2 2 1 85 3138 2938 3139
2935 2 2 1 85 2938 2939 3139
2936 2 2 1 85 3139 2939 3140
2937 2 2 1 85 2939 2940 3140
2938 2 2 1 85 3140 2940 3141
2939 2 2 1 85 2940 2941 3141
2940 2 2 1 85 3141 2941 3142
2941 2 2 1 85 2941 2942 3142
2942 2 2 1 85 3142 2942 3143
2943 2 2 1 85 2942 2943 3143
2944 2 2 1 85 3143 2943 3144
2945 2 2 1 85 2943 2944 3144
2946 2 2 1 85 3144 2944 3145
2947 2 2 1 85 2944 2945 3145
2948 2 2 1 85 3145 2945 3146
2949 2 2 1 85 2945 2946 3146
2950 2 2 1 85 3146 2946 3147
2951 2 2 1 85 2946 2947 3147
2952 2 2 1 85 3147 2947 3148
2953 2 2 1 85 2947 2948 3148
2954 2 2 1 85 3148 2948 3149
2955 2 2 1 85 2948 2949 3149
2956 2 2 1 85 3149 2949 3150
2957 2 2 1 85 2949 2950 3150
2958 2 2 1 85 3150 2950 3151
2959 2 2 1 85 2950 2951 3151
2960 2 2 1 85 3151 2951 3152
2961 2 2 1 85 2951 2952 3152
2962 2 2 1 85 3152 2952 177
2963 2 2 1 85 2952 164 177
2964 2 2 1 86 3153 2954 3154
2965 2 2 1 86 3153 2953 2954
2966 2 2 1 86 2955 2956 3155
2967 2 2 1 86 3155 2956 3156
2968 2 2 1 86 2956 2957 3156
2969 2 2 1 86 3156 2957 3157
2970 2 2 1 86 3159 2960 3160
2971 2 2 1 86 3159 2959 2960
2972 2 2 1 86 2960 2961 3160
2973 2 2 1 86 3160 2961 3161
2974 2 2 1 86 3161 2961 3162
2975 2 2 1 86 2961 2962 3162
2976 2 2 1 86 3162 2962 3163
2977 2 2 1 86 2962 2963 3163
2978 2 2 1 86 2963 2964 3163
2979 2 2 1 86 3163 2964 3164
2980 2 2 1 86 2965 2966 3165
2981 2 2 1 86 3165 2966 3166
2982 2 2 1 86 3168 165 178
2983 2 2 1 86 3168 2968 165
2984 2 2 1 86 164 3153 177
2985 2 2 1 86 164 2953 3153
2986 2 2 1 86 2955 3154 2954
2987 2 2 1 86 3155 3154 2955
2988 2 2 1 86 2958 3157 2957
2989 2 2 1 86 3158 3157 2958
2990 2 2 1 86 3159 2958 2959
2991 2 2 1 86 3158 2958 3159
2992 2 2 1 86 2965 3164 2964
2993 2 2 1 86 3165 3164 2965
2994 2 2 1 86 3167 2966 2967
2995 2 2 1 86 3167 3166 2966
2996 2 2 1 86 2968 3167 2967
2997 2 2 1 86 3168 3167 2968
2998 2 2 1 87 2970 2971 3170
2999 2 2 1 87 3170 2971 3171
3000 2 2 1 87 3171 2971 3172
3001 2 2 1 87 2971 2972 3172
3002 2 2 1 87 3172 2973 3173
3003 2 2 1 87 3172 2972 2973
3004 2 2 1 87 2975 3176 3175
3005 2 2 1 87 2975 2976 3176
3006 2 2 1 87 3176 2977 3177
3007 2 2 1 87 3176 2976 2977
3008 2 2 1 87 3180 2980 3181
3009 2 2 1 87 2980 2981 3181
3010 2 2 1 87 2981 2982 3181
3011 2 2 1 87 3181 2982 3182
3012 2 2 1 87 2969 178 165
3013 2 2 1 87 3169 178 2969
3014 2 2 1 87 2974 3173 2973
3015 2 2 1 87 2974 3174 3173
3016 2 2 1 87 3175 2974 2975
3017 2 2 1 87 3175 3174 2974
3018 2 2 1 87 2978 3177 2977
3019 2 2 1 87 3178 3177 2978
3020 2 2 1 87 3179 2978 2979
3021 2 2 1 87 3178 2978 3179
3022 2 2 1 87 3180 2979 2980
3023 2 2 1 87 3180 3179 2979
3024 2 2 1 87 3183 2982 2983
3025 2 2 1 87 3182 2982 3183
3026 2 2 1 87 2984 3183 2983
3027 2 2 1 87 3184 3183 2984
3028 2 2 1 87 3184 166 179
3029 2 2 1 87 3184 2984 166
3030 2 2 1 87 2970 3169 2969
3031 2 2 1 87 2970 3170 3169
3032 2 2 1 88 179 2985 3185
3033 2 2 1 88 179 166 2985
3034 2 2 1 88 2985 2986 3185
3035 2 2 1 88 3185 2986 3186
3036 2 2 1 88 2986 2987 3186
3037 2 2 1 88 3186 2987 3187
3038 2 2 1 88 2987 2988 3187
3039 2 2 1 88 3187 2988 3188
3040 2 2 1 88 2988 2989 3188
3041 2 2 1 88 3188 2989 3189
3042 2 2 1 88 2989 2990 3189
3043 2 2 1 88 3189 2990 3190
3044 2 2 1 88 2990 2991 3190
3045 2 2 1 88 3190 2991 3191
3046 2 2 1 88 2991 2992 3191
3047 2 2 1 88 3191 2992 3192
3048 2 2 1 88 2992 2993 3192
3049 2 2 1 88 3192 2993 3193
3050 2 2 1 88 2993 2994 3193
3051 2 2 1 88 3193 2994 3194
3052 2 2 1 88 2994 2995 3194
3053 2 2 1 88 3194 2995 3195
3054 2 2 1 88 2995 2996 3195
3055 2 2 1 88 3195 2996 3196
3056 2 2 1 88 2996 2997 3196
3057 2 2 1 88 3196 2997 3197
3058 2 2 1 88 2997 2998 3197
3059 2 2 1 88 3197 2998 3198
3060 2 2 1 88 2998 2999 3198
3061 2 2 1 88 3198 2999 3199
3062 2 2 1 88 2999 3000 3199
3063 2 2 1 88 3199 3000 180
3064 2 2 1 88 3000 167 180
3065 2 2 1 89 167 3001 180
3066 2 2 1 89 180 3001 3200
3067 2 2 1 89 3001 3002 3200
3068 2 2 1 89 3200 3002 3201
3069 2 2 1 89 3002 3003 3201
3070 2 2 1 89 3201 3003 3202
3071 2 2 1 89 3003 3004 3202
3072 2 2 1 89 3202 3004 3203
3073 2 2 1 89 3004 3005 3203
3074 2 2 1 89 3203 3005 3204
3075 2 2 1 89 3005 3006 3204
3076 2 2 1 89 3204 3006 3205
3077 2 2 1 89 3006 3007 3205
3078 2 2 1 89 3205 3007 3206
3079 2 2 1 89 3007 3008 3206
3080 2 2 1 89 3206 3008 3207
3081 2 2 1 89 3008 3009 3207
3082 2 2 1 89 3207 3009 3208
3083 2 2 1 89 3009 3010 3208
3084 2 2 1 89 3208 3010 3209
3085 2 2 1 89 3010 3011 3209
3086 2 2 1 89 3209 3011 3210
3087 2 2 1 89 3011 3012 3210
3088 2 2 1 89 3210 3012 3211
3089 2 2 1 89 3012 3013 3211
3090 2 2 1 89 3211 3013 181
3091 2 2 1 89 3013 168 181
3092 2 2 1 90 3212 3015 3213
3093 2 2 1 90 3212 3014 3015
3094 2 2 1 90 3015 3214 3213
3095 2 2 1 90 3015 3016 3214
3096 2 2 1 90 3216 3019 3217
3097 2 2 1 90 3216 3018 3019
3098 2 2 1 90 3219 3022 3220
3099 2 2 1 90 3219 3021 3022
3100 2 2 1 90 3222 3025 3223
3101 2 2 1 90 3222 3024 3025
3102 2 2 1 90 3026 169 3224
3103 2 2 1 90 3224 169 182
3104 2 2 1 90 3014 181 168
3105 2 2 1 90 3212 181 3014
3106 2 2 1 90 3215 3016 3017
3107 2 2 1 90 3214 3016 3215
3108 2 2 1 90 3020 3217 3019
3109 2 2 1 90 3218 3217 3020
3110 2 2 1 90 3021 3218 3020
3111 2 2 1 90 3219 3218 3021
3112 2 2 1 90 3023 3220 3022
3113 2 2 1 90 3221 3220 3023
3114 2 2 1 90 3024 3221 3023
3115 2 2 1 90 3222 3221 3024
3116 2 2 1 90 3026 3223 3025
3117 2 2 1 90 3224 3223 3026
3118 2 2 1 90 3216 3017 3018
3119 2 2 1 90 3215 3017 3216
3120 2 2 1 91 169 3027 182
3121 2 2 1 91 182 3027 3225
3122 2 2 1 91 3027 3028 3225
3123 2 2 1 91 3225 3028 3226
3124 2 2 1 91 3028 3029 3226
3125 2 2 1 91 3226 3029 3227
3126 2 2 1 91 3029 3030 3227
3127 2 2 1 91 3227 3030 3228
3128 2 2 1 91 3030 3031 3228
3129 2 2 1 91 3228 3031 3229
3130 2 2 1 91 3031 3032 3229
3131 2 2 1 91 3229 3032 3230
3132 2 2 1 91 3032 3033 3230
3133 2 2 1 91 3230 3033 3231
3134 2 2 1 91 3033 3034 3231
3135 2 2 1 91 3231 3034 3232
3136 2 2 1 91 3034 3035 3232
3137 2 2 1 91 3232 3035 3233
3138 2 2 1 91 3035 3036 3233
3139 2 2 1 91 3233 3036 3234
3140 2 2 1 91 3036 3037 3234
3141 2 2 1 91 3234 3037 3235
3142 2 2 1 91 3037 3038 3235
3143 2 2 1 91 3235 3038 3236
3144 2 2 1 91 3038 3039 3236
3145 2 2 1 91 3236 3039 170
3146 2 2 1 91 3039 157 170
3147 2 2 1 92 183 3237 196
3148 2 2 1 92 196 3237 3442
3149 2 2 1 92 3238 3239 3443
3150 2 2 1 92 3443 3239 3444
3151 2 2 1 92 3239 3240 3444
3152 2 2 1 92 3444 3240 3445
3153 2 2 1 92 3446 3242 3447
3154 2 2 1 92 3446 3241 3242
3155 2 2 1 92 3447 3243 3448
3156 2 2 1 92 3447 3242 3243
3157 2 2 1 92 3244 3245 3449
3158 2 2 1 92 3449 3245 3450
3159 2 2 1 92 3450 3246 3451
3160 2 2 1 92 3450 3245 3246
3161 2 2 1 92 3247 3248 3452
3162 2 2 1 92 3452 3248 3453
3163 2 2 1 92 3454 3250 3455
3164 2 2 1 92 3454 3249 3250
3165 2 2 1 92 3250 3251 3455
3166 2 2 1 92 3455 3251 3456
3167 2 2 1 92 3253 3254 3458
3168 2 2 1 92 3458 3254 3459
3169 2 2 1 92 3461 3257 3462
3170 2 2 1 92 3461 3256 3257
3171 2 2 1 92 3462 184 197
3172 2 2 1 92 3462 3257 184
3173 2 2 1 92 3238 3442 3237
3174 2 2 1 92 3443 3442 3238
3175 2 2 1 92 3241 3445 3240
3176 2 2 1 92 3241 3446 3445
3177 2 2 1 92 3244 3448 3243
3178 2 2 1 92 3449 3448 3244
3179 2 2 1 92 3247 3451 3246
3180 2 2 1 92 3452 3451 3247
3181 2 2 1 92 3249 3453 3248
3182 2 2 1 92 3454 3453 3249
3183 2 2 1 92 3252 3456 3251
3184 2 2 1 92 3457 3456 3252
3185 2 2 1 92 3253 3457 3252
3186 2 2 1 92 3458 3457 3253
3187 2 2 1 92 3255 3459 3254
3188 2 2 1 92 3460 3459 3255
3189 2 2 1 92 3256 3460 3255
3190 2 2 1 92 3461 3460 3256
3191 2 2 1 93 3470 3266 3471
3192 2 2 1 93 3470 3265 3266
3193 2 2 1 93 3474 3269 3475
3194 2 2 1 93 3269 3270 3475
3195 2 2 1 93 3475 3271 3476
3196 2 2 1 93 3475 3270 3271
3197 2 2 1 93 3272 3273 3477
3198 2 2 1 93 3477 3273 3478
3199 2 2 1 93 3275 3481 3480
3200 2 2 1 93 3275 3276 3481
3201 2 2 1 93 184 3463 197
3202 2 2 1 93 184 3258 3463
3203 2 2 1 93 3464 3258 3259
3204 2 2 1 93 3464 3463 3258
3205 2 2 1 93 3465 3259 3260
3206 2 2 1 93 3465 3464 3259
3207 2 2 1 93 3261 3465 3260
3208 2 2 1 93 3466 3465 3261
3209 2 2 1 93 3467 3261 3262
3210 2 2 1 93 3467 3466 3261
3211 2 2 1 93 3264 3468 3263
3212 2 2 1 93 3469 3468 3264
3213 2 2 1 93 3265 3469 3264
3214 2 2 1 93 3470 3469 3265
3215 2 2 1 93 3268 3472 3267
3216 2 2 1 93 3268 3473 3472
3217 2 2 1 93 3474 3268 3269
3218 2 2 1 93 3474 3473 3268
3219 2 2 1 93 3272 3476 3271
3220 2 2 1 93 3477 3476 3272
3221 2 2 1 93 3274 3478 3273
3222 2 2 1 93 3479 3478 3274
3223 2 2 1 93 3480 3274 3275
3224 2 2 1 93 3480 3479 3274
3225 2 2 1 93 3482 3276 3277
3226 2 2 1 93 3482 3481 3276
3227 2 2 1 93 3278 3482 3277
3228 2 2 1 93 3483 3482 3278
3229 2 2 1 93 3483 185 198
3230 2 2 1 93 3483 3278 185
3231 2 2 1 93 3468 3262 3263
3232 2 2 1 93 3468 3467 3262
3233 2 2 1 93 3267 3471 3266
3234 2 2 1 93 3472 3471 3267
3235 2 2 1 94 3484 3279 3485
3236 2 2 1 94 3279 3280 3485
3237 2 2 1 94 3281 3487 3486
3238 2 2 1 94 3281 3282 3487
3239 2 2 1 94 3487 3282 3488
3240 2 2 1 94 3282 3283 3488
3241 2 2 1 94 3284 3490 3489
3242 2 2 1 94 3284 3285 3490
3243 2 2 1 94 3286 3492 3491
3244 2 2 1 94 3286 3287 3492
3245 2 2 1 94 3287 3493 3492
3246 2 2 1 94 3287 3288 3493
3247 2 2 1 94 3290 3496 3495
3248 2 2 1 94 3290 3291 3496
3249 2 2 1 94 3292 3498 3497
3250 2 2 1 94 3292 3293 3498
3251 2 2 1 94 3293 3499 3498
3252 2 2 1 94 3293 3294 3499
3253 2 2 1 94 3500 3295 3501
3254 2 2 1 94 3295 3296 3501
3255 2 2 1 94 3501 3296 3502
3256 2 2 1 94 3296 3297 3502
3257 2 2 1 94 3297 3503 3502
3258 2 2 1 94 3297 3298 3503
3259 2 2 1 94 3503 3298 3504
3260 2 2 1 94 3298 3299 3504
3261 2 2 1 94 185 3484 198
3262 2 2 1 94 185 3279 3484
3263 2 2 1 94 3486 3280 3281
3264 2 2 1 94 3485 3280 3486
3265 2 2 1 94 3489 3283 3284
3266 2 2 1 94 3488 3283 3489
3267 2 2 1 94 3491 3285 3286
3268 2 2 1 94 3490 3285 3491
3269 2 2 1 94 3494 3288 3289
3270 2 2 1 94 3493 3288 3494
3271 2 2 1 94 3495 3289 3290
3272 2 2 1 94 3494 3289 3495
3273 2 2 1 94 3497 3291 3292
3274 2 2 1 94 3496 3291 3497
3275 2 2 1 94 3500 3294 3295
3276 2 2 1 94 3500 3499 3294
3277 2 2 1 94 199 3299 186
3278 2 2 1 94 199 3504 3299
3279 2 2 1 95 186 3300 199
3280 2 2 1 95 199 3300 3505
3281 2 2 1 95 3300 3301 3505
3282 2 2 1 95 3505 3301 3506
3283 2 2 1 95 3301 3302 3506
3284 2 2 1 95 3506 3302 3507
3285 2 2 1 95 3302 3303 3507
3286 2 2 1 95 3507 3303 3508
3287 2 2 1 95 3303 3304 3508
3288 2 2 1 95 3508 3304 3509
3289 2 2 1 95 3304 3305 3509
3290 2 2 1 95 3509 3305 3510
3291 2 2 1 95 3305 3306 3510
3292 2 2 1 95 3510 3306 3511
3293 2 2 1 95 3306 3307 3511
3294 2 2 1 95 3511 3307 3512
3295 2 2 1 95 3307 3308 3512
3296 2 2 1 95 3512 3308 3513
3297 2 2 1 95 3308 3309 3513
3298 2 2 1 95 3513 3309 3514
3299 2 2 1 95 3309 3310 3514
3300 2 2 1 95 3514 3310 3515
3301 2 2 1 95 3310 3311 3515
3302 2 2 1 95 3515 3311 3516
3303 2 2 1 95 3311 3312 3516
3304 2 2 1 95 3516 3312 200
3305 2 2 1 95 3312 187 200
3306 2 2 1 96 3313 3314 3517
3307 2 2 1 96 3517 3314 3518
3308 2 2 1 96 3518 3315 3519
3309 2 2 1 96 3518 3314 3315
3310 2 2 1 96 3520 3317 3521
3311 2 2 1 96 3520 3316 3317
3312 2 2 1 96 3317 3318 3521
3313 2 2 1 96 3521 3318 3522
3314 2 2 1 96 3523 3320 3524
3315 2 2 1 96 3523 3319 3320
3316 2 2 1 96 3322 3323 3526
3317 2 2 1 96 3526 3323 3527
3318 2 2 1 96 3528 3325 3529
3319 2 2 1 96 3528 3324 3325
3320 2 2 1 96 3529 188 201
3321 2 2 1 96 3529 3325 188
3322 2 2 1 96 3313 200 187
3323 2 2 1 96 3517 200 3313
3324 2 2 1 96 3316 3519 3315
3325 2 2 1 96 3520 3519 3316
3326 2 2 1 96 3319 3522 3318
3327 2 2 1 96 3319 3523 3522
3328 2 2 1 96 3321 3524 3320
3329 2 2 1 96 3525 3524 3321
3330 2 2 1 96 3322 3525 3321
3331 2 2 1 96 3526 3525 3322
3332 2 2 1 96 3324 3527 3323
3333 2 2 1 96 3528 3527 3324
3334 2 2 1 97 201 3326 3530
3335 2 2 1 97 201 188 3326
3336 2 2 1 97 3326 3327 3530
3337 2 2 1 97 3530 3327 3531
3338 2 2 1 97 3327 3328 3531
3339 2 2 1 97 3531 3328 3532
3340 2 2 1 97 3328 3329 3532
3341 2 2 1 97 3532 3329 3533
3342 2 2 1 97 3329 3330 3533
3343 2 2 1 97 3533 3330 3534
3344 2 2 1 97 3330 3331 3534
3345 2 2 1 97 3534 3331 3535
3346 2 2 1 97 3331 3332 3535
3347 2 2 1 97 3535 3332 3536
3348 2 2 1 97 3332 3333 3536
3349 2 2 1 97 3536 3333 3537
3350 2 2 1 97 3333 3334 3537
3351 2 2 1 97 3537 3334 3538
3352 2 2 1 97 3334 3335 3538
3353 2 2 1 97 3538 3335 3539
3354 2 2 1 97 3335 3336 3539
3355 2 2 1 97 3539 3336 3540
3356 2 2 1 97 3336 3337 3540
3357 2 2 1 97 3540 3337 3541
3358 2 2 1 97 3337 3338 3541
3359 2 2 1 97 3541 3338 202
3360 2 2 1 97 3338 189 202
3361 2 2 1 98 202 3339 3542
3362 2 2 1 98 202 189 3339
3363 2 2 1 98 3339 3340 3542
3364 2 2 1 98 3542 3340 3543
3365 2 2 1 98 3340 3341 3543
3366 2 2 1 98 3543 3341 3544
3367 2 2 1 98 3341 3342 3544
3368 2 2 1 98 3544 3342 3545
3369 2 2 1 98 3342 3343 3545
3370 2 2 1 98 3545 3343 3546
3371 2 2 1 98 3343 3344 3546
3372 2 2 1 98 3546 3344 3547
3373 2 2 1 98 3344 3345 3547
3374 2 2 1 98 3547 3345 3548
3375 2 2 1 98 3345 3346 3548
3376 2 2 1 98 3548 3346 3549
3377 2 2 1 98 3346 3347 3549
3378 2 2 1 98 3549 3347 3550
3379 2 2 1 98 3347 3348 3550
3380 2 2 1 98 3550 3348 3551
3381 2 2 1 98 3348 3349 3551
3382 2 2 1 98 3551 3349 3552
3383 2 2 1 98 3349 3350 3552
3384 2 2 1 98 3552 3350 3553
3385 2 2 1 98 3350 3351 3553
3386 2 2 1 98 3553 3351 3554
3387 2 2 1 98 3351 3352 3554
3388 2 2 1 98 3554 3352 3555
3389 2 2 1 98 3352 3353 3555
3390 2 2 1 98 3555 3353 3556
3391 2 2 1 98 3353 3354 3556
3392 2 2 1 98 3556 3354 203
3393 2 2 1 98 3354 190 203
3394 2 2 1 99 3560 3358 3561
3395 2 2 1 99 3358 3359 3561
3396 2 2 1 99 3563 3361 3564
3397 2 2 1 99 3361 3362 3564
3398 2 2 1 99 3362 3363 3564
3399 2 2 1 99 3564 3363 3565
3400 2 2 1 99 3567 3366 3568
3401 2 2 1 99 3567 3365 3366
3402 2 2 1 99 3568 3366 3569
3403 2 2 1 99 3366 3367 3569
3404 2 2 1 99 3368 3571 3570
3405 2 2 1 99 3368 3369 3571
3406 2 2 1 99 3370 191 3572
3407 2 2 1 99 3572 191 204
3408 2 2 1 99 190 3557 203
3409 2 2 1 99 190 3355 3557
3410 2 2 1 99 3356 3557 3355
3411 2 2 1 99 3558 3557 3356
3412 2 2 1 99 3559 3356 3357
3413 2 2 1 99 3559 3558 3356
3414 2 2 1 99 3562 3359 3360
3415 2 2 1 99 3561 3359 3562
3416 2 2 1 99 3563 3360 3361
3417 2 2 1 99 3562 3360 3563
3418 2 2 1 99 3364 3565 3363
3419 2 2 1 99 3566 3565 3364
3420 2 2 1 99 3365 3566 3364
3421 2 2 1 99 3567 3566 3365
3422 2 2 1 99 3570 3367 3368
3423 2 2 1 99 3570 3569 3367
3424 2 2 1 99 3572 3369 3370
3425 2 2 1 99 3572 3571 3369
3426 2 2 1 99 3560 3357 3358
3427 2 2 1 99 3559 3357 3560
3428 2 2 1 100 191 3371 204
3429 2 2 1 100 204 3371 3573
3430 2 2 1 100 3372 3575 3574
3431 2 2 1 100 3372 3373 3575
3432 2 2 1 100 3575 3374 3576
3433 2 2 1 100 3575 3373 3374
3434 2 2 1 100 3377 3378 3579
3435 2 2 1 100 3579 3378 3580
3436 2 2 1 100 3379 3582 3581
3437 2 2 1 100 3379 3380 3582
3438 2 2 1 100 3380 3381 3582
3439 2 2 1 100 3582 3381 3583
3440 2 2 1 100 3381 3382 3583
3441 2 2 1 100 3583 3382 3584
3442 2 2 1 100 3382 3585 3584
3443 2 2 1 100 3382 3383 3585
3444 2 2 1 100 3383 3384 3585
3445 2 2 1 100 3585 3384 3586
3446 2 2 1 100 3386 192 3588
3447 2 2 1 100 3588 192 205
3448 2 2 1 100 3372 3573 3371
3449 2 2 1 100 3574 3573 3372
3450 2 2 1 100 3577 3374 3375
3451 2 2 1 100 3576 3374 3577
3452 2 2 1 100 3578 3375 3376
3453 2 2 1 100 3577 3375 3578
3454 2 2 1 100 3377 3578 3376
3455 2 2 1 100 3579 3578 3377
3456 2 2 1 100 3379 3580 3378
3457 2 2 1 100 3581 3580 3379
3458 2 2 1 100 3385 3586 3384
3459 2 2 1 100 3587 3586 3385
3460 2 2 1 100 3588 3385 3386
3461 2 2 1 100 3587 3385 3588
3462 2 2 1 101 192 3387 205
3463 2 2 1 101 205 3387 3589
3464 2 2 1 101 3387 3388 3589
3465 2 2 1 101 3589 3388 3590
3466 2 2 1 101 3388 3389 3590
3467 2 2 1 101 3590 3389 3591
3468 2 2 1 101 3389 3390 3591
3469 2 2 1 101 3591 3390 3592
3470 2 2 1 101 3390 3391 3592
3471 2 2 1 101 3592 3391 3593
3472 2 2 1 101 3391 3392 3593
3473 2 2 1 101 3593 3392 3594
3474 2 2 1 101 3392 3393 3594
3475 2 2 1 101 3594 3393 3595
3476 2 2 1 101 3393 3394 3595
3477 2 2 1 101 3595 3394 3596
3478 2 2 1 101 3394 3395 3596
3479 2 2 1 101 3596 3395 3597
3480 2 2 1 101 3395 3396 3597
3481 2 2 1 101 3597 3396 3598
3482 2 2 1 101 3396 3397 3598
3483 2 2 1 101 3598 3397 3599
3484 2 2 1 101 3397 3398 3599
3485 2 2 1 101 3599 3398 3600
3486 2 2 1 101 3398 3399 3600
3487 2 2 1 101 3600 3399 3601
3488 2 2 1 101 3399 3400 3601
3489 2 2 1 101 3601 3400 3602
3490 2 2 1 101 3400 3401 3602
3491 2 2 1 101 3602 3401 3603
3492 2 2 1 101 3401 3402 3603
3493 2 2 1 101 3603 3402 206
3494 2 2 1 101 3402 193 206
3495 2 2 1 102 206 3403 3604
3496 2 2 1 102 206 193 3403
3497 2 2 1 102 3403 3404 3604
3498 2 2 1 102 3604 3404 3605
3499 2 2 1 102 3404 3405 3605
3500 2 2 1 102 3605 3405 3606
3501 2 2 1 102 3405 3406 3606
3502 2 2 1 102 3606 3406 3607
3503 2 2 1 102 3406 3407 3607
3504 2 2 1 102 3607 3407 3608
3505 2 2 1 102 3407 3408 3608
3506 2 2 1 102 3608 3408 3609
3507 2 2 1 102 3408 3409 3609
3508 2 2 1 102 3609 3409 3610
3509 2 2 1 102 3409 3410 3610
3510 2 2 1 102 3610 3410 3611
3511 2 2 1 102 3410 3411 3611
3512 2 2 1 102 3611 3411 3612
3513 2 2 1 102 3411 3412 3612
3514 2 2 1 102 3612 3412 3613
3515 2 2 1 102 3412 3413 3613
3516 2 2 1 102 3613 3413 3614
3517 2 2 1 102 3413 3414 3614
3518 2 2 1 102 3614 3414 3615
3519 2 2 1 102 3414 3415 3615
3520 2 2 1 102 3615 3415 207
3521 2 2 1 102 3415 194 207
3522 2 2 1 103 194 3416 207
3523 2 2 1 103 207 3416 3616
3524 2 2 1 103 3617 3417 3618
3525 2 2 1 103 3417 3418 3618
3526 2 2 1 103 3420 3421 3620
3527 2 2 1 103 3620 3421 3621
3528 2 2 1 103 3421 3422 3621
3529 2 2 1 103 3621 3422 3622
3530 2 2 1 103 3422 3423 3622
3531 2 2 1 103 3622 3423 3623
3532 2 2 1 103 3425 3426 3625
3533 2 2 1 103 3625 3426 3626
3534 2 2 1 103 3427 3628 3627
3535 2 2 1 103 3427 3428 3628
3536 2 2 1 103 3628 195 208
3537 2 2 1 103 3628 3428 195
3538 2 2 1 103 3619 3418 3419
3539 2 2 1 103 3618 3418 3619
3540 2 2 1 103 3420 3619 3419
3541 2 2 1 103 3620 3619 3420
3542 2 2 1 103 3424 3623 3423
3543 2 2 1 103 3624 3623 3424
3544 2 2 1 103 3425 3624 3424
3545 2 2 1 103 3625 3624 3425
3546 2 2 1 103 3427 3626 3426
3547 2 2 1 103 3627 3626 3427
3548 2 2 1 103 3617 3416 3417
3549 2 2 1 103 3616 3416 3617
3550 2 2 1 104 195 3429 208
3551 2 2 1 104 208 3429 3629
3552 2 2 1 104 3429 3430 3629
3553 2 2 1 104 3629 3430 3630
3554 2 2 1 104 3430 3431 3630
3555 2 2 1 104 3630 3431 3631
3556 2 2 1 104 3431 3432 3631
3557 2 2 1 104 3631 3432 3632
3558 2 2 1 104 3432 3433 3632
3559 2 2 1 104 3632 3433 3633
3560 2 2 1 104 3433 3434 3633
3561 2 2 1 104 3633 3434 3634
3562 2 2 1 104 3434 3435 3634
3563 2 2 1 104 3634 3435 3635
3564 2 2 1 104 3435 3436 3635
3565 2 2 1 104 3635 3436 3636
3566 2 2 1 104 3436 3437 3636
3567 2 2 1 104 3636 3437 3637
3568 2 2 1 104 3437 3438 3637
3569 2 2 1 104 3637 3438 3638
3570 2 2 1 104 3438 3439 3638
3571 2 2 1 104 3638 3439 3639
3572 2 2 1 104 3439 3440 3639
3573 2 2 1 104 3639 3440 3640
3574 2 2 1 104 3440 3441 3640
3575 2 2 1 104 3640 3441 196
3576 2 2 1 104 3441 183 196
3577 2 2 1 100001 3846 3642 3847
3578 2 2 1 100001 3846 3641 3642
3579 2 2 1 100001 3643 3644 3848
3580 2 2 1 100001 3848 3644 3849
3581 2 2 1 100001 3852 3648 3853
3582 2 2 1 100001 3852 3647 3648
3583 2 2 1 100001 3648 3649 3853
3584 2 2 1 100001 3853 3649 3854
3585 2 2 1 100001 3651 3652 3856
3586 2 2 1 100001 3856 3652 3857
3587 2 2 1 100001 3652 3653 3857
3588 2 2 1 100001 3857 3653 3858
3589 2 2 1 100001 3655 3656 3860
3590 2 2 1 100001 3860 3656 3861
3591 2 2 1 100001 3657 3658 3862
3592 2 2 1 100001 3862 3658 3863
3593 2 2 1 100001 3863 3659 3864
3594 2 2 1 100001 3863 3658 3659
3595 2 2 1 100001 3864 3660 3865
3596 2 2 1 100001 3864 3659 3660
3597 2 2 1 100001 3865 3661 3866
3598 2 2 1 100001 3865 3660 3661
3599 2 2 1 100001 3641 222 209
3600 2 2 1 100001 3846 222 3641
3601 2 2 1 100001 3643 3847 3642
3602 2 2 1 100001 3848 3847 3643
3603 2 2 1 100001 3645 3849 3644
3604 2 2 1 100001 3850 3849 3645
3605 2 2 1 100001 3646 3850 3645
3606 2 2 1 100001 3851 3850 3646
3607 2 2 1 100001 3647 3851 3646
3608 2 2 1 100001 3852 3851 3647
3609 2 2 1 100001 3650 3854 3649
3610 2 2 1 100001 3855 3854 3650
3611 2 2 1 100001 3651 3855 3650
3612 2 2 1 100001 3856 3855 3651
3613 2 2 1 100001 3654 3858 3653
3614 2 2 1 100001 3859 3858 3654
3615 2 2 1 100001 3655 3859 3654
3616 2 2 1 100001 3860 3859 3655
3617 2 2 1 100001 3657 3861 3656
3618 2 2 1 100001 3862 3861 3657
3619 2 2 1 100001 3866 210 223
3620 2 2 1 100001 3866 3661 210
3621 2 2 1 100002 210 3662 223
3622 2 2 1 100002 223 3662 3867
3623 2 2 1 100002 3664 3870 3869
3624 2 2 1 100002 3664 3665 3870
3625 2 2 1 100002 3666 3872 3871
3626 2 2 1 100002 3666 3667 3872
3627 2 2 1 100002 3667 3873 3872
3628 2 2 1 100002 3667 3668 3873
3629 2 2 1 100002 3873 3669 3874
3630 2 2 1 100002 3873 3668 3669
3631 2 2 1 100002 3874 3670 3875
3632 2 2 1 100002 3874 3669 3670
3633 2 2 1 100002 3670 3671 3875
3634 2 2 1 100002 3875 3671 3876
3635 2 2 1 100002 3876 3671 3877
3636 2 2 1 100002 3671 3672 3877
3637 2 2 1 100002 3678 3884 3883
3638 2 2 1 100002 3678 3679 3884
3639 2 2 1 100002 3884 3679 3885
3640 2 2 1 100002 3679 3680 3885
3641 2 2 1 100002 3680 3681 3885
3642 2 2 1 100002 3885 3681 3886
3643 2 2 1 100002 3681 3887 3886
3644 2 2 1 100002 3681 3682 3887
3645 2 2 1 100002 3682 211 3887
3646 2 2 1 100002 3887 211 224
3647 2 2 1 100002 3868 3662 3663
3648 2 2 1 100002 3867 3662 3868
3649 2 2 1 100002 3664 3868 3663
3650 2 2 1 100002 3869 3868 3664
3651 2 2 1 100002 3871 3665 3666
3652 2 2 1 100002 3870 3665 3871
3653 2 2 1 100002 3878 3672 3673
3654 2 2 1 100002 3878 3877 3672
3655 2 2 1 100002 3674 3878 3673
3656 2 2 1 100002 3879 3878 3674
3657 2 2 1 100002 3675 3879 3674
3658 2 2 1 100002 3880 3879 3675
3659 2 2 1 100002 3881 3675 3676
3660 2 2 1 100002 3880 3675 3881
3661 2 2 1 100002 3677 3881 3676
3662 2 2 1 100002 3882 3881 3677
3663 2 2 1 100002 3883 3677 3678
3664 2 2 1 100002 3882 3677 3883
3665 2 2 1 100003 211 3888 224
3666 2 2 1 100003 211 3683 3888
3667 2 2 1 100003 3888 3683 3889
3668 2 2 1 100003 3683 3684 3889
3669 2 2 1 100003 3889 3684 3890
3670 2 2 1 100003 3684 3685 3890
3671 2 2 1 100003 3685 3891 3890
3672 2 2 1 100003 3685 3686 3891
3673 2 2 1 100003 3687 3893 3892
3674 2 2 1 100003 3687 3688 3893
3675 2 2 1 100003 3895 3690 3896
3676 2 2 1 100003 3690 3691 3896
3677 2 2 1 100003 3693 3899 3898
3678 2 2 1 100003 3693 3694 3899
3679 2 2 1 100003 3900 3695 3901
3680 2 2 1 100003 3695 3696 3901
3681 2 2 1 100003 3901 3696 3902
3682 2 2 1 100003 3696 3697 3902
3683 2 2 1 100003 3902 3697 3903
3684 2 2 1 100003 3697 3698 3903
3685 2 2 1 100003 3905 3700 3906
3686 2 2 1 100003 3700 3701 3906
3687 2 2 1 100003 3907 3702 3908
3688 2 2 1 100003 3702 3703 3908
3689 2 2 1 100003 3703 225 3908
3690 2 2 1 100003 3703 212 225
3691 2 2 1 100003 3892 3686 3687
3692 2 2 1 100003 3891 3686 3892
3693 2 2 1 100003 3894 3688 3689
3694 2 2 1 100003 3894 3893 3688
3695 2 2 1 100003 3895 3689 3690
3696 2 2 1 100003 3894 3689 3895
3697 2 2 1 100003 3897 3691 3692
3698 2 2 1 100003 3896 3691 3897
3699 2 2 1 100003 3898 3692 3693
3700 2 2 1 100003 3898 3897 3692
3701 2 2 1 100003 3900 3694 3695
3702 2 2 1 100003 3900 3899 3694
3703 2 2 1 100003 3904 3698 3699
3704 2 2 1 100003 3904 3903 3698
3705 2 2 1 100003 3905 3699 3700
3706 2 2 1 100003 3904 3699 3905
3707 2 2 1 100003 3907 3701 3702
3708 2 2 1 100003 3906 3701 3907
3709 2 2 1 100004 225 3704 3909
3710 2 2 1 100004 225 212 3704
3711 2 2 1 100004 3704 3705 3909
3712 2 2 1 100004 3909 3705 3910
3713 2 2 1 100004 3705 3706 3910
3714 2 2 1 100004 3910 3706 3911
3715 2 2 1 100004 3706 3707 3911
3716 2 2 1 100004 3911 3707 3912
3717 2 2 1 100004 3707 3708 3912
3718 2 2 1 100004 3912 3708 3913
3719 2 2 1 100004 3708 3709 3913
3720 2 2 1 100004 3913 3709 3914
3721 2 2 1 100004 3709 3710 3914
3722 2 2 1 100004 3914 3710 3915
3723 2 2 1 100004 3710 3711 3915
3724 2 2 1 100004 3915 3711 3916
3725 2 2 1 100004 3711 3712 3916
3726 2 2 1 100004 3916 3712 3917
3727 2 2 1 100004 3712 3713 3917
3728 2 2 1 100004 3917 3713 3918
3729 2 2 1 100004 3713 3714 3918
3730 2 2 1 100004 3918 3714 3919
3731 2 2 1 100004 3714 3715 3919
3732 2 2 1 100004 3919 3715 3920
3733 2 2 1 100004 3715 3716 3920
3734 2 2 1 100004 3920 3716 226
3735 2 2 1 100004 3716 213 226
3736 2 2 1 100005 213 3717 226
3737 2 2 1 100005 226 3717 3921
3738 2 2 1 100005 3922 3718 3923
3739 2 2 1 100005 3718 3719 3923
3740 2 2 1 100005 3719 3720 3923
3741 2 2 1 100005 3923 3720 3924
3742 2 2 1 100005 3925 3722 3926
3743 2 2 1 100005 3925 3721 3722
3744 2 2 1 100005 3926 3722 3927
3745 2 2 1 100005 3722 3723 3927
3746 2 2 1 100005 3929 3726 3930
3747 2 2 1 100005 3929 3725 3726
3748 2 2 1 100005 3728 3933 3932
3749 2 2 1 100005 3728 3729 3933
3750 2 2 1 100005 3718 3921 3717
3751 2 2 1 100005 3922 3921 3718
3752 2 2 1 100005 3721 3924 3720
3753 2 2 1 100005 3925 3924 3721
3754 2 2 1 100005 3928 3723 3724
3755 2 2 1 100005 3928 3927 3723
3756 2 2 1 100005 3725 3928 3724
3757 2 2 1 100005 3929 3928 3725
3758 2 2 1 100005 3727 3930 3726
3759 2 2 1 100005 3931 3930 3727
3760 2 2 1 100005 3933 214 227
3761 2 2 1 100005 3933 3729 214
3762 2 2 1 100005 3932 3727 3728
3763 2 2 1 100005 3932 3931 3727
3764 2 2 1 100006 214 3730 227
3765 2 2 1 100006 227 3730 3934
3766 2 2 1 100006 3730 3731 3934
3767 2 2 1 100006 3934 3731 3935
3768 2 2 1 100006 3731 3732 3935
3769 2 2 1 100006 3935 3732 3936
3770 2 2 1 100006 3732 3733 3936
3771 2 2 1 100006 3936 3733 3937
3772 2 2 1 100006 3733 3734 3937
3773 2 2 1 100006 3937 3734 3938
3774 2 2 1 100006 3734 3735 3938
3775 2 2 1 100006 3938 3735 3939
3776 2 2 1 100006 3735 3736 3939
3777 2 2 1 100006 3939 3736 3940
3778 2 2 1 100006 3736 3737 3940
3779 2 2 1 100006 3940 3737 3941
3780 2 2 1 100006 3737 3738 3941
3781 2 2 1 100006 3941 3738 3942
3782 2 2 1 100006 3738 3739 3942
3783 2 2 1 100006 3942 3739 3943
3784 2 2 1 100006 3739 3740 3943
3785 2 2 1 100006 3943 3740 3944
3786 2 2 1 100006 3740 3741 3944
3787 2 2 1 100006 3944 3741 3945
3788 2 2 1 100006 3741 3742 3945
3789 2 2 1 100006 3945 3742 228
3790 2 2 1 100006 3742 215 228
3791 2 2 1 100007 228 3743 3946
3792 2 2 1 100007 228 215 3743
3793 2 2 1 100007 3743 3744 3946
3794 2 2 1 100007 3946 3744 3947
3795 2 2 1 100007 3744 3745 3947
3796 2 2 1 100007 3947 3745 3948
3797 2 2 1 100007 3745 3746 3948
3798 2 2 1 100007 3948 3746 3949
3799 2 2 1 100007 3746 3747 3949
3800 2 2 1 100007 3949 3747 3950
3801 2 2 1 100007 3747 3748 3950
3802 2 2 1 100007 3950 3748 3951
3803 2 2 1 100007 3748 3749 3951
3804 2 2 1 100007 3951 3749 3952
3805 2 2 1 100007 3749 3750 3952
3806 2 2 1 100007 3952 3750 3953
3807 2 2 1 100007 3750 3751 3953
3808 2 2 1 100007 3953 3751 3954
3809 2 2 1 100007 3751 3752 3954
3810 2 2 1 100007 3954 3752 3955
3811 2 2 1 100007 3752 3753 3955
3812 2 2 1 100007 3955 3753 3956
3813 2 2 1 100007 3753 3754 3956
3814 2 2 1 100007 3956 3754 3957
3815 2 2 1 100007 3754 3755 3957
3816 2 2 1 100007 3957 3755 3958
3817 2 2 1 100007 3755 3756 3958
3818 2 2 1 100007 3958 3756 3959
3819 2 2 1 100007 3756 3757 3959
3820 2 2 1 100007 3959 3757 3960
3821 2 2 1 100007 3757 3758 3960
3822 2 2 1 100007 3960 3758 229
3823 2 2 1 100007 3758 216 229
3824 2 2 1 100008 216 3961 229
3825 2 2 1 100008 216 3759 3961
3826 2 2 1 100008 3759 3962 3961
3827 2 2 1 100008 3759 3760 3962
3828 2 2 1 100008 3760 3761 3962
3829 2 2 1 100008 3962 3761 3963
3830 2 2 1 100008 3963 3762 3964
3831 2 2 1 100008 3963 3761 3762
3832 2 2 1 100008 3965 3763 3966
3833 2 2 1 100008 3763 3764 3966
3834 2 2 1 100008 3764 3765 3966
3835 2 2 1 100008 3966 3765 3967
3836 2 2 1 100008 3765 3968 3967
3837 2 2 1 100008 3765 3766 3968
3838 2 2 1 100008 3970 3769 3971
3839 2 2 1 100008 3970 3768 3769
3840 2 2 1 100008 3763 3964 3762
3841 2 2 1 100008 3965 3964 3763
3842 2 2 1 100008 3970 3767 3768
3843 2 2 1 100008 3969 3767 3970
3844 2 2 1 100008 3972 3769 3770
3845 2 2 1 100008 3972 3971 3769
3846 2 2 1 100008 3771 3972 3770
3847 2 2 1 100008 3973 3972 3771
3848 2 2 1 100008 3974 3771 3772
3849 2 2 1 100008 3973 3771 3974
3850 2 2 1 100008 3975 3772 3773
3851 2 2 1 100008 3974 3772 3975
3852 2 2 1 100008 3774 3975 3773
3853 2 2 1 100008 3774 3976 3975
3854 2 2 1 100008 230 3774 217
3855 2 2 1 100008 230 3976 3774
3856 2 2 1 100008 3969 3766 3767
3857 2 2 1 100008 3968 3766 3969
3858 2 2 1 100009 230 3775 3977
3859 2 2 1 100009 230 217 3775
3860 2 2 1 100009 3775 3978 3977
3861 2 2 1 100009 3775 3776 3978
3862 2 2 1 100009 3776 3777 3978
3863 2 2 1 100009 3978 3777 3979
3864 2 2 1 100009 3778 3981 3980
3865 2 2 1 100009 3778 3779 3981
3866 2 2 1 100009 3981 3780 3982
3867 2 2 1 100009 3981 3779 3780
3868 2 2 1 100009 3783 3784 3985
3869 2 2 1 100009 3985 3784 3986
3870 2 2 1 100009 3784 3785 3986
3871 2 2 1 100009 3986 3785 3987
3872 2 2 1 100009 3987 3785 3988
3873 2 2 1 100009 3785 3786 3988
3874 2 2 1 100009 3787 3990 3989
3875 2 2 1 100009 3787 3788 3990
3876 2 2 1 100009 3990 3788 3991
3877 2 2 1 100009 3788 3789 3991
3878 2 2 1 100009 3980 3777 3778
3879 2 2 1 100009 3979 3777 3980
3880 2 2 1 100009 3781 3982 3780
3881 2 2 1 100009 3983 3982 3781
3882 2 2 1 100009 3984 3781 3782
3883 2 2 1 100009 3984 3983 3781
3884 2 2 1 100009 3783 3984 3782
3885 2 2 1 100009 3985 3984 3783
3886 2 2 1 100009 3989 3786 3787
3887 2 2 1 100009 3989 3988 3786
3888 2 2 1 100009 3992 3789 3790
3889 2 2 1 100009 3992 3991 3789
3890 2 2 1 100009 3992 218 231
3891 2 2 1 100009 3992 3790 218
3892 2 2 1 100010 231 3791 3993
3893 2 2 1 100010 231 218 3791
3894 2 2 1 100010 3791 3792 3993
3895 2 2 1 100010 3993 3792 3994
3896 2 2 1 100010 3792 3793 3994
3897 2 2 1 100010 3994 3793 3995
3898 2 2 1 100010 3793 3794 3995
3899 2 2 1 100010 3995 3794 3996
3900 2 2 1 100010 3794 3795 3996
3901 2 2 1 100010 3996 3795 3997
3902 2 2 1 100010 3795 3796 3997
3903 2 2 1 100010 3997 3796 3998
3904 2 2 1 100010 3796 3797 3998
3905 2 2 1 100010 3998 3797 3999
3906 2 2 1 100010 3797 3798 3999
3907 2 2 1 100010 3999 3798 4000
3908 2 2 1 100010 3798 3799 4000
3909 2 2 1 100010 4000 3799 4001
3910 2 2 1 100010 3799 3800 4001
3911 2 2 1 100010 4001 3800 4002
3912 2 2 1 100010 3800 3801 4002
3913 2 2 1 100010 4002 3801 4003
3914 2 2 1 100010 3801 3802 4003
3915 2 2 1 100010 4003 3802 4004
3916 2 2 1 100010 3802 3803 4004
3917 2 2 1 100010 4004 3803 4005
3918 2 2 1 100010 3803 3804 4005
3919 2 2 1 100010 4005 3804 4006
3920 2 2 1 100010 3804 3805 4006
3921 2 2 1 100010 4006 3805 4007
3922 2 2 1 100010 3805 3806 4007
3923 2 2 1 100010 4007 3806 232
3924 2 2 1 100010 3806 219 232
3925 2 2 1 100011 219 3807 232
3926 2 2 1 100011 232 3807 4008
3927 2 2 1 100011 3807 3808 4008
3928 2 2 1 100011 4008 3808 4009
3929 2 2 1 100011 3808 3809 4009
3930 2 2 1 100011 4009 3809 4010
3931 2 2 1 100011 3809 3810 4010
3932 2 2 1 100011 4010 3810 4011
3933 2 2 1 100011 3810 3811 4011
3934 2 2 1 100011 4011 3811 4012
3935 2 2 1 100011 3811 3812 4012
3936 2 2 1 100011 4012 3812 4013
3937 2 2 1 100011 3812 3813 4013
3938 2 2 1 100011 4013 3813 4014
3939 2 2 1 100011 3813 3814 4014
3940 2 2 1 100011 4014 3814 4015
3941 2 2 1 100011 3814 3815 4015
3942 2 2 1 100011 4015 3815 4016
3943 2 2 1 100011 3815 3816 4016
3944 2 2 1 100011 4016 3816 4017
3945 2 2 1 100011 3816 3817 4017
3946 2 2 1 100011 4017 3817 4018
3947 2 2 1 100011 3817 3818 4018
3948 2 2 1 100011 4018 3818 4019
3949 2 2 1 100011 3818 3819 4019
3950 2 2 1 100011 4019 3819 233
3951 2 2 1 100011 3819 220 233
3952 2 2 1 100012 233 3820 4020
3953 2 2 1 100012 233 220 3820
3954 2 2 1 100012 3820 4021 4020
3955 2 2 1 100012 3820 3821 4021
3956 2 2 1 100012 4026 3827 4027
3957 2 2 1 100012 4026 3826 3827
3958 2 2 1 100012 3828 3829 4028
3959 2 2 1 100012 4028 3829 4029
3960 2 2 1 100012 3832 221 4032
3961 2 2 1 100012 4032 221 234
3962 2 2 1 100012 4022 3821 3822
3963 2 2 1 100012 4022 4021 3821
3964 2 2 1 100012 3823 4022 3822
3965 2 2 1 100012 4023 4022 3823
3966 2 2 1 100012 4024 3823 3824
3967 2 2 1 100012 4023 3823 4024
3968 2 2 1 100012 4025 3824 3825
3969 2 2 1 100012 4024 3824 4025
3970 2 2 1 100012 4026 3825 3826
3971 2 2 1 100012 4026 4025 3825
3972 2 2 1 100012 3828 4027 3827
3973 2 2 1 100012 4028 4027 3828
3974 2 2 1 100012 4030 3829 3830
3975 2 2 1 100012 4029 3829 4030
3976 2 2 1 100012 4031 3830 3831
3977 2 2 1 100012 4031 4030 3830
3978 2 2 1 100012 3832 4031 3831
3979 2 2 1 100012 4032 4031 3832
3980 2 2 1 100013 221 3833 234
3981 2 2 1 100013 234 3833 4033
3982 2 2 1 100013 3833 3834 4033
3983 2 2 1 100013 4033 3834 4034
3984 2 2 1 100013 3834 3835 4034
3985 2 2 1 100013 4034 3835 4035
3986 2 2 1 100013 3835 3836 4035
3987 2 2 1 100013 4035 3836 4036
3988 2 2 1 100013 3836 3837 4036
3989 2 2 1 100013 4036 3837 4037
3990 2 2 1 100013 3837 3838 4037
3991 2 2 1 100013 4037 3838 4038
3992 2 2 1 100013 3838 3839 4038
3993 2 2 1 100013 4038 3839 4039
3994 2 2 1 100013 3839 3840 4039
3995 2 2 1 100013 4039 3840 4040
3996 2 2 1 100013 3840 3841 4040
3997 2 2 1 100013 4040 3841 4041
3998 2 2 1 100013 3841 3842 4041
3999 2 2 1 100013 4041 3842 4042
4000 2 2 1 100013 3842 3843 4042
4001 2 2 1 100013 4042 3843 4043
4002 2 2 1 100013 3843 3844 4043
4003 2 2 1 100013 4043 3844 4044
4004 2 2 1 100013 3844 3845 4044
4005 2 2 1 100013 4044 3845 222
4006 2 2 1 100013 3845 209 222
4007 2 2 1 100014 248 4045 4253
4008 2 2 1 100014 248 235 4045
4009 2 2 1 100014 4045 4046 4253
4010 2 2 1 100014 4253 4046 4254
4011 2 2 1 100014 4046 4047 4254
4012 2 2 1 100014 4254 4047 4255
4013 2 2 1 100014 4047 4048 4255
4014 2 2 1 100014 4255 4048 4256
4015 2 2 1 100014 4048 4049 4256
4016 2 2 1 100014 4256 4049 4257
4017 2 2 1 100014 4049 4050 4257
4018 2 2 1 100014 4257 4050 4258
4019 2 2 1 100014 4050 4051 4258
4020 2 2 1 100014 4258 4051 4259
4021 2 2 1 100014 4051 4052 4259
4022 2 2 1 100014 4259 4052 4260
4023 2 2 1 100014 4052 4053 4260
4024 2 2 1 100014 4260 4053 4261
4025 2 2 1 100014 4053 4054 4261
4026 2 2 1 100014 4261 4054 4262
4027 2 2 1 100014 4054 4055 4262
4028 2 2 1 100014 4262 4055 4263
4029 2 2 1 100014 4055 4056 4263
4030 2 2 1 100014 4263 4056 4264
4031 2 2 1 100014 4056 4057 4264
4032 2 2 1 100014 4264 4057 4265
4033 2 2 1 100014 4057 4058 4265
4034 2 2 1 100014 4265 4058 4266
4035 2 2 1 100014 4058 4059 4266
4036 2 2 1 100014 4266 4059 4267
4037 2 2 1 100014 4059 4060 4267
4038 2 2 1 100014 4267 4060 4268
4039 2 2 1 100014 4060 4061 4268
4040 2 2 1 100014 4268 4061 4269
4041 2 2 1 100014 4061 4062 4269
4042 2 2 1 100014 4269 4062 4270
4043 2 2 1 100014 4062 4063 4270
4044 2 2 1 100014 4270 4063 4271
4045 2 2 1 100014 4063 4064 4271
4046 2 2 1 100014 4271 4064 4272
4047 2 2 1 100014 4064 4065 4272
4048 2 2 1 100014 4272 4065 4273
4049 2 2 1 100014 4065 4066 4273
4050 2 2 1 100014 4273 4066 249
4051 2 2 1 100014 4066 236 249
4052 2 2 1 100015 236 4274 249
4053 2 2 1 100015 236 4067 4274
4054 2 2 1 100015 4275 4069 4276
4055 2 2 1 100015 4275 4068 4069
4056 2 2 1 100015 4069 4070 4276
4057 2 2 1 100015 4276 4070 4277
4058 2 2 1 100015 4072 4073 4280
4059 2 2 1 100015 4072 4280 4279
4060 2 2 1 100015 4280 4073 4281
4061 2 2 1 100015 4073 4074 4281
4062 2 2 1 100015 4078 4286 4285
4063 2 2 1 100015 4078 4079 4286
4064 2 2 1 100015 4080 4288 4287
4065 2 2 1 100015 4080 4081 4288
4066 2 2 1 100015 4081 4289 4288
4067 2 2 1 100015 4081 4082 4289
4068 2 2 1 100015 4289 4082 4290
4069 2 2 1 100015 4082 4083 4290
4070 2 2 1 100015 4084 4292 4291
4071 2 2 1 100015 4084 4085 4292
4072 2 2 1 100015 4086 4087 4293
4073 2 2 1 100015 4293 4087 4294
4074 2 2 1 100015 4275 4067 4068
4075 2 2 1 100015 4275 4274 4067
4076 2 2 1 100015 4071 4277 4070
4077 2 2 1 100015 4071 4278 4277
4078 2 2 1 100015 4279 4071 4072
4079 2 2 1 100015 4279 4278 4071
4080 2 2 1 100015 4282 4074 4075
4081 2 2 1 100015 4281 4074 4282
4082 2 2 1 100015 4076 4282 4075
4083 2 2 1 100015 4283 4282 4076
4084 2 2 1 100015 4077 4283 4076
4085 2 2 1 100015 4284 4283 4077
4086 2 2 1 100015 4078 4284 4077
4087 2 2 1 100015 4285 4284 4078
4088 2 2 1 100015 4287 4079 4080
4089 2 2 1 100015 4287 4286 4079
4090 2 2 1 100015 4291 4083 4084
4091 2 2 1 100015 4291 4290 4083
4092 2 2 1 100015 4086 4292 4085
4093 2 2 1 100015 4293 4292 4086
4094 2 2 1 100015 4295 4087 4088
4095 2 2 1 100015 4295 4294 4087
4096 2 2 1 100015 4295 237 250
4097 2 2 1 100015 4295 4088 237
4098 2 2 1 100016 237 4089 250
4099 2 2 1 100016 250 4089 4296
4100 2 2 1 100016 4089 4090 4296
4101 2 2 1 100016 4296 4090 4297
4102 2 2 1 100016 4090 4091 4297
4103 2 2 1 100016 4297 4091 4298
4104 2 2 1 100016 4091 4092 4298
4105 2 2 1 100016 4298 4092 4299
4106 2 2 1 100016 4092 4093 4299
4107 2 2 1 100016 4299 4093 4300
4108 2 2 1 100016 4093 4094 4300
4109 2 2 1 100016 4300 4094 4301
4110 2 2 1 100016 4094 4095 4301
4111 2 2 1 100016 4301 4095 4302
4112 2 2 1 100016 4095 4096 4302
4113 2 2 1 100016 4302 4096 4303
4114 2 2 1 100016 4096 4097 4303
4115 2 2 1 100016 4303 4097 4304
4116 2 2 1 100016 4097 4098 4304
4117 2 2 1 100016 4304 4098 4305
4118 2 2 1 100016 4098 4099 4305
4119 2 2 1 100016 4305 4099 4306
4120 2 2 1 100016 4099 4100 4306
4121 2 2 1 100016 4306 4100 4307
4122 2 2 1 100016 4100 4101 4307
4123 2 2 1 100016 4307 4101 4308
4124 2 2 1 100016 4101 4102 4308
4125 2 2 1 100016 4308 4102 4309
4126 2 2 1 100016 4102 4103 4309
4127 2 2 1 100016 4309 4103 4310
4128 2 2 1 100016 4103 4104 4310
4129 2 2 1 100016 4310 4104 4311
4130 2 2 1 100016 4104 4105 4311
4131 2 2 1 100016 4311 4105 4312
4132 2 2 1 100016 4105 4106 4312
4133 2 2 1 100016 4312 4106 4313
4134 2 2 1 100016 4106 4107 4313
4135 2 2 1 100016 4313 4107 4314
4136 2 2 1 100016 4107 4108 4314
4137 2 2 1 100016 4314 4108 4315
4138 2 2 1 100016 4108 4109 4315
4139 2 2 1 100016 4315 4109 4316
4140 2 2 1 100016 4109 4110 4316
4141 2 2 1 100016 4316 4110 251
4142 2 2 1 100016 4110 238 251
4143 2 2 1 100017 238 4111 251
4144 2 2 1 100017 251 4111 4317
4145 2 2 1 100017 4111 4112 4317
4146 2 2 1 100017 4317 4112 4318
4147 2 2 1 100017 4112 4113 4318
4148 2 2 1 100017 4318 4113 4319
4149 2 2 1 100017 4113 4114 4319
4150 2 2 1 100017 4319 4114 4320
4151 2 2 1 100017 4114 4115 4320
4152 2 2 1 100017 4320 4115 4321
4153 2 2 1 100017 4115 4116 4321
4154 2 2 1 100017 4321 4116 4322
4155 2 2 1 100017 4116 4117 4322
4156 2 2 1 100017 4322 4117 4323
4157 2 2 1 100017 4117 4118 4323
4158 2 2 1 100017 4323 4118 4324
4159 2 2 1 100017 4118 4119 4324
4160 2 2 1 100017 4324 4119 4325
4161 2 2 1 100017 4119 4120 4325
4162 2 2 1 100017 4325 4120 4326
4163 2 2 1 100017 4120 4121 4326
4164 2 2 1 100017 4326 4121 4327
4165 2 2 1 100017 4121 4122 4327
4166 2 2 1 100017 4327 4122 4328
4167 2 2 1 100017 4122 4123 4328
4168 2 2 1 100017 4328 4123 252
4169 2 2 1 100017 4123 239 252
4170 2 2 1 100018 4329 4124 4330
4171 2 2 1 100018 4124 4125 4330
4172 2 2 1 100018 4125 4126 4331
4173 2 2 1 100018 4125 4331 4330
4174 2 2 1 100018 4331 4127 4332
4175 2 2 1 100018 4331 4126 4127
4176 2 2 1 100018 4338 4134 4339
4177 2 2 1 100018 4338 4133 4134
4178 2 2 1 100018 4341 240 253
4179 2 2 1 100018 4341 4136 240
4180 2 2 1 100018 4124 252 239
4181 2 2 1 100018 4124 4329 252
4182 2 2 1 100018 4333 4127 4128
4183 2 2 1 100018 4332 4127 4333
4184 2 2 1 100018 4129 4333 4128
4185 2 2 1 100018 4334 4333 4129
4186 2 2 1 100018 4335 4129 4130
4187 2 2 1 100018 4335 4334 4129
4188 2 2 1 100018 4336 4130 4131
4189 2 2 1 100018 4336 4335 4130
4190 2 2 1 100018 4132 4336 4131
4191 2 2 1 100018 4337 4336 4132
4192 2 2 1 100018 4133 4337 4132
4193 2 2 1 100018 4338 4337 4133
4194 2 2 1 100018 4135 4339 4134
4195 2 2 1 100018 4340 4339 4135
4196 2 2 1 100018 4341 4135 4136
4197 2 2 1 100018 4341 4340 4135
4198 2 2 1 100019 240 4137 253
4199 2 2 1 100019 253 4137 4342
4200 2 2 1 100019 4137 4138 4342
4201 2 2 1 100019 4342 4138 4343
4202 2 2 1 100019 4138 4139 4343
4203 2 2 1 100019 4343 4139 4344
4204 2 2 1 100019 4139 4140 4344
4205 2 2 1 100019 4344 4140 4345
4206 2 2 1 100019 4140 4141 4345
4207 2 2 1 100019 4345 4141 4346
4208 2 2 1 100019 4141 4142 4346
4209 2 2 1 100019 4346 4142 4347
4210 2 2 1 100019 4142 4143 4347
4211 2 2 1 100019 4347 4143 4348
4212 2 2 1 100019 4143 4144 4348
4213 2 2 1 100019 4348 4144 4349
4214 2 2 1 100019 4144 4145 4349
4215 2 2 1 100019 4349 4145 4350
4216 2 2 1 100019 4145 4146 4350
4217 2 2 1 100019 4350 4146 4351
4218 2 2 1 100019 4146 4147 4351
4219 2 2 1 100019 4351 4147 4352
4220 2 2 1 100019 4147 4148 4352
4221 2 2 1 100019 4352 4148 4353
4222 2 2 1 100019 4148 4149 4353
4223 2 2 1 100019 4353 4149 254
4224 2 2 1 100019 4149 241 254
4225 2 2 1 100020 4355 4152 4356
4226 2 2 1 100020 4355 4151 4152
4227 2 2 1 100020 4356 4153 4357
4228 2 2 1 100020 4356 4152 4153
4229 2 2 1 100020 4155 4156 4359
4230 2 2 1 100020 4359 4156 4360
4231 2 2 1 100020 4156 4157 4360
4232 2 2 1 100020 4360 4157 4361
4233 2 2 1 100020 4158 4159 4362
4234 2 2 1 100020 4362 4159 4363
4235 2 2 1 100020 4363 4160 4364
4236 2 2 1 100020 4363 4159 4160
4237 2 2 1 100020 4365 4162 4366
4238 2 2 1 100020 4365 4161 4162
4239 2 2 1 100020 4368 4165 4369
4240 2 2 1 100020 4368 4164 4165
4241 2 2 1 100020 4150 254 241
4242 2 2 1 100020 4354 254 4150
4243 2 2 1 100020 4151 4354 4150
4244 2 2 1 100020 4355 4354 4151
4245 2 2 1 100020 4154 4357 4153
4246 2 2 1 100020 4358 4357 4154
4247 2 2 1 100020 4155 4358 4154
4248 2 2 1 100020 4359 4358 4155
4249 2 2 1 100020 4158 4361 4157
4250 2 2 1 100020 4362 4361 4158
4251 2 2 1 100020 4161 4364 4160
4252 2 2 1 100020 4365 4364 4161
4253 2 2 1 100020 4163 4366 4162
4254 2 2 1 100020 4367 4366 4163
4255 2 2 1 100020 4164 4367 4163
4256 2 2 1 100020 4368 4367 4164
4257 2 2 1 100020 4369 242 255
4258 2 2 1 100020 4369 4165 242
4259 2 2 1 100021 4169 4170 4373
4260 2 2 1 100021 4373 4170 4374
4261 2 2 1 100021 4377 4173 4378
4262 2 2 1 100021 4173 4174 4378
4263 2 2 1 100021 4176 4381 4380
4264 2 2 1 100021 4176 4177 4381
4265 2 2 1 100021 4177 4178 4381
4266 2 2 1 100021 4381 4178 4382
4267 2 2 1 100021 4383 4180 4384
4268 2 2 1 100021 4383 4179 4180
4269 2 2 1 100021 4180 4385 4384
4270 2 2 1 100021 4180 4181 4385
4271 2 2 1 100021 4181 256 4385
4272 2 2 1 100021 4181 243 256
4273 2 2 1 100021 242 4370 255
4274 2 2 1 100021 242 4166 4370
4275 2 2 1 100021 4167 4370 4166
4276 2 2 1 100021 4371 4370 4167
4277 2 2 1 100021 4169 4372 4168
4278 2 2 1 100021 4373 4372 4169
4279 2 2 1 100021 4375 4170 4171
4280 2 2 1 100021 4374 4170 4375
4281 2 2 1 100021 4172 4375 4171
4282 2 2 1 100021 4376 4375 4172
4283 2 2 1 100021 4377 4172 4173
4284 2 2 1 100021 4376 4172 4377
4285 2 2 1 100021 4175 4378 4174
4286 2 2 1 100021 4379 4378 4175
4287 2 2 1 100021 4380 4175 4176
4288 2 2 1 100021 4379 4175 4380
4289 2 2 1 100021 4383 4178 4179
4290 2 2 1 100021 4383 4382 4178
4291 2 2 1 100021 4168 4371 4167
4292 2 2 1 100021 4168 4372 4371
4293 2 2 1 100022 256 243 4386
4294 2 2 1 100022 243 4182 4386
4295 2 2 1 100022 4386 4183 4387
4296 2 2 1 100022 4386 4182 4183
4297 2 2 1 100022 4389 4186 4390
4298 2 2 1 100022 4389 4185 4186
4299 2 2 1 100022 4186 4187 4390
4300 2 2 1 100022 4390 4187 4391
4301 2 2 1 100022 4391 4187 4392
4302 2 2 1 100022 4187 4188 4392
4303 2 2 1 100022 4392 4189 4393
4304 2 2 1 100022 4392 4188 4189
4305 2 2 1 100022 4189 4190 4393
4306 2 2 1 100022 4393 4190 4394
4307 2 2 1 100022 4398 4195 4399
4308 2 2 1 100022 4398 4194 4195
4309 2 2 1 100022 4399 4195 4400
4310 2 2 1 100022 4195 4196 4400
4311 2 2 1 100022 4401 244 257
4312 2 2 1 100022 4401 4197 244
4313 2 2 1 100022 4185 4388 4184
4314 2 2 1 100022 4389 4388 4185
4315 2 2 1 100022 4191 4394 4190
4316 2 2 1 100022 4395 4394 4191
4317 2 2 1 100022 4396 4191 4192
4318 2 2 1 100022 4395 4191 4396
4319 2 2 1 100022 4193 4396 4192
4320 2 2 1 100022 4397 4396 4193
4321 2 2 1 100022 4194 4397 4193
4322 2 2 1 100022 4398 4397 4194
4323 2 2 1 100022 4401 4196 4197
4324 2 2 1 100022 4401 4400 4196
4325 2 2 1 100022 4388 4183 4184
4326 2 2 1 100022 4387 4183 4388
4327 2 2 1 100023 244 4402 257
4328 2 2 1 100023 244 4198 4402
4329 2 2 1 100023 4199 4404 4403
4330 2 2 1 100023 4199 4200 4404
4331 2 2 1 100023 4405 4201 4406
4332 2 2 1 100023 4201 4202 4406
4333 2 2 1 100023 4406 4202 4407
4334 2 2 1 100023 4202 4203 4407
4335 2 2 1 100023 4206 4411 4410
4336 2 2 1 100023 4206 4207 4411
4337 2 2 1 100023 4208 4413 4412
4338 2 2 1 100023 4208 4209 4413
4339 2 2 1 100023 4414 4210 4415
4340 2 2 1 100023 4210 4211 4415
4341 2 2 1 100023 4212 4417 4416
4342 2 2 1 100023 4212 4213 4417
4343 2 2 1 100023 4403 4198 4199
4344 2 2 1 100023 4402 4198 4403
4345 2 2 1 100023 4405 4200 4201
4346 2 2 1 100023 4405 4404 4200
4347 2 2 1 100023 4408 4203 4204
4348 2 2 1 100023 4408 4407 4203
4349 2 2 1 100023 4409 4204 4205
4350 2 2 1 100023 4409 4408 4204
4351 2 2 1 100023 4410 4205 4206
4352 2 2 1 100023 4410 4409 4205
4353 2 2 1 100023 4412 4207 4208
4354 2 2 1 100023 4412 4411 4207
4355 2 2 1 100023 4414 4209 4210
4356 2 2 1 100023 4413 4209 4414
4357 2 2 1 100023 4416 4211 4212
4358 2 2 1 100023 4416 4415 4211
4359 2 2 1 100023 258 4213 245
4360 2 2 1 100023 4417 4213 258
4361 2 2 1 100024 258 4214 4418
4362 2 2 1 100024 258 245 4214
4363 2 2 1 100024 4214 4215 4418
4364 2 2 1 100024 4418 4215 4419
4365 2 2 1 100024 4215 4216 4419
4366 2 2 1 100024 4419 4216 4420
4367 2 2 1 100024 4216 4217 4420
4368 2 2 1 100024 4420 4217 4421
4369 2 2 1 100024 4217 4218 4421
4370 2 2 1 100024 4421 4218 4422
4371 2 2 1 100024 4218 4219 4422
4372 2 2 1 100024 4422 4219 4423
4373 2 2 1 100024 4219 4220 4423
4374 2 2 1 100024 4423 4220 4424
4375 2 2 1 100024 4220 4221 4424
4376 2 2 1 100024 4424 4221 4425
4377 2 2 1 100024 4221 4222 4425
4378 2 2 1 100024 4425 4222 4426
4379 2 2 1 100024 4222 4223 4426
4380 2 2 1 100024 4426 4223 4427
4381 2 2 1 100024 4223 4224 4427
4382 2 2 1 100024 4427 4224 4428
4383 2 2 1 100024 4224 4225 4428
4384 2 2 1 100024 4428 4225 4429
4385 2 2 1 100024 4225 4226 4429
4386 2 2 1 100024 4429 4226 259
4387 2 2 1 100024 4226 246 259
4388 2 2 1 100025 259 4227 4430
4389 2 2 1 100025 259 246 4227
4390 2 2 1 100025 4227 4431 4430
4391 2 2 1 100025 4227 4228 4431
4392 2 2 1 100025 4432 4230 4433
4393 2 2 1 100025 4432 4229 4230
4394 2 2 1 100025 4233 4234 4436
4395 2 2 1 100025 4436 4234 4437
4396 2 2 1 100025 4239 247 4442
4397 2 2 1 100025 4442 247 260
4398 2 2 1 100025 4432 4228 4229
4399 2 2 1 100025 4431 4228 4432
4400 2 2 1 100025 4231 4433 4230
4401 2 2 1 100025 4231 4434 4433
4402 2 2 1 100025 4435 4231 4232
4403 2 2 1 100025 4435 4434 4231
4404 2 2 1 100025 4436 4232 4233
4405 2 2 1 100025 4436 4435 4232
4406 2 2 1 100025 4235 4437 4234
4407 2 2 1 100025 4438 4437 4235
4408 2 2 1 100025 4440 4236 4237
4409 2 2 1 100025 4440 4439 4236
4410 2 2 1 100025 4441 4237 4238
4411 2 2 1 100025 4440 4237 4441
4412 2 2 1 100025 4239 4441 4238
4413 2 2 1 100025 4442 4441 4239
4414 2 2 1 100025 4439 4235 4236
4415 2 2 1 100025 4438 4235 4439
4416 2 2 1 100026 260 4240 4443
4417 2 2 1 100026 260 247 4240
4418 2 2 1 100026 4240 4241 4443
4419 2 2 1 100026 4443 4241 4444
4420 2 2 1 100026 4241 4242 4444
4421 2 2 1 100026 4444 4242 4445
4422 2 2 1 100026 4242 4243 4445
4423 2 2 1 100026 4445 4243 4446
4424 2 2 1 100026 4243 4244 4446
4425 2 2 1 100026 4446 4244 4447
4426 2 2 1 100026 4244 4245 4447
4427 2 2 1 100026 4447 4245 4448
4428 2 2 1 100026 4245 4246 4448
4429 2 2 1 100026 4448 4246 4449
4430 2 2 1 100026 4246 4247 4449
4431 2 2 1 100026 4449 4247 4450
4432 2 2 1 100026 4247 4248 4450
4433 2 2 1 100026 4450 4248 4451
4434 2 2 1 100026 4248 4249 4451
4435 2 2 1 100026 4451 4249 4452
4436 2 2 1 100026 4249 4250 4452
4437 2 2 1 100026 4452 4250 4453
4438 2 2 1 100026 4250 4251 4453
4439 2 2 1 100026 4453 4251 4454
4440 2 2 1 100026 4251 4252 4454
4441 2 2 1 100026 4454 4252 248
4442 2 2 1 100026 4252 235 248
4443 2 2 1 100027 274 4455 4660
4444 2 2 1 100027 274 261 4455
4445 2 2 1 100027 4456 4457 4661
4446 2 2 1 100027 4661 4457 4662
4447 2 2 1 100027 4662 4458 4663
4448 2 2 1 100027 4662 4457 4458
4449 2 2 1 100027 4459 4460 4664
4450 2 2 1 100027 4664 4460 4665
4451 2 2 1 100027 4666 4462 4667
4452 2 2 1 100027 4666 4461 4462
4453 2 2 1 100027 4669 4465 4670
4454 2 2 1 100027 4669 4464 4465
4455 2 2 1 100027 4466 4467 4671
4456 2 2 1 100027 4671 4467 4672
4457 2 2 1 100027 4467 4468 4672
4458 2 2 1 100027 4672 4468 4673
4459 2 2 1 100027 4673 4469 4674
4460 2 2 1 100027 4673 4468 4469
4461 2 2 1 100027 4675 4471 4676
4462 2 2 1 100027 4675 4470 4471
4463 2 2 1 100027 4472 4473 4677
4464 2 2 1 100027 4677 4473 4678
4465 2 2 1 100027 4474 4475 4679
4466 2 2 1 100027 4679 4475 4680
4467 2 2 1 100027 4680 262 275
4468 2 2 1 100027 4680 4475 262
4469 2 2 1 100027 4456 4660 4455
4470 2 2 1 100027 4661 4660 4456
4471 2 2 1 100027 4459 4663 4458
4472 2 2 1 100027 4664 4663 4459
4473 2 2 1 100027 4461 4665 4460
4474 2 2 1 100027 4666 4665 4461
4475 2 2 1 100027 4463 4667 4462
4476 2 2 1 100027 4668 4667 4463
4477 2 2 1 100027 4464 4668 4463
4478 2 2 1 100027 4669 4668 4464
4479 2 2 1 100027 4466 4670 4465
4480 2 2 1 100027 4671 4670 4466
4481 2 2 1 100027 4470 4674 4469
4482 2 2 1 100027 4675 4674 4470
4483 2 2 1 100027 4472 4676 4471
4484 2 2 1 100027 4677 4676 4472
4485 2 2 1 100027 4474 4678 4473
4486 2 2 1 100027 4679 4678 4474
4487 2 2 1 100028 275 4476 4681
4488 2 2 1 100028 275 262 4476
4489 2 2 1 100028 4683 4478 4684
4490 2 2 1 100028 4478 4479 4684
4491 2 2 1 100028 4685 4480 4686
4492 2 2 1 100028 4480 4481 4686
4493 2 2 1 100028 4483 4484 4688
4494 2 2 1 100028 4688 4484 4689
4495 2 2 1 100028 4484 4485 4689
4496 2 2 1 100028 4689 4485 4690
4497 2 2 1 100028 4485 4486 4691
4498 2 2 1 100028 4485 4691 4690
4499 2 2 1 100028 4691 4486 4692
4500 2 2 1 100028 4486 4487 4692
4501 2 2 1 100028 4487 4488 4692
4502 2 2 1 100028 4692 4488 4693
4503 2 2 1 100028 4488 4489 4693
4504 2 2 1 100028 4693 4489 4694
4505 2 2 1 100028 4489 4695 4694
4506 2 2 1 100028 4489 4490 4695
4507 2 2 1 100028 4492 4698 4697
4508 2 2 1 100028 4492 4493 4698
4509 2 2 1 100028 4493 4699 4698
4510 2 2 1 100028 4493 4494 4699
4511 2 2 1 100028 4494 4495 4699
4512 2 2 1 100028 4699 4495 4700
4513 2 2 1 100028 4495 4496 4700
4514 2 2 1 100028 4700 4496 4701
4515 2 2 1 100028 4478 4682 4477
4516 2 2 1 100028 4683 4682 4478
4517 2 2 1 100028 4685 4479 4480
4518 2 2 1 100028 4684 4479 4685
4519 2 2 1 100028 4687 4481 4482
4520 2 2 1 100028 4687 4686 4481
4521 2 2 1 100028 4483 4687 4482
4522 2 2 1 100028 4688 4687 4483
4523 2 2 1 100028 4491 4695 4490
4524 2 2 1 100028 4696 4695 4491
4525 2 2 1 100028 4697 4491 4492
4526 2 2 1 100028 4696 4491 4697
4527 2 2 1 100028 4701 263 276
4528 2 2 1 100028 4701 4496 263
4529 2 2 1 100028 4682 4476 4477
4530 2 2 1 100028 4681 4476 4682
4531 2 2 1 100029 4498 4704 4703
4532 2 2 1 100029 4498 4499 4704
4533 2 2 1 100029 4704 4499 4705
4534 2 2 1 100029 4499 4500 4705
4535 2 2 1 100029 4705 4500 4706
4536 2 2 1 100029 4500 4501 4706
4537 2 2 1 100029 4709 4504 4710
4538 2 2 1 100029 4504 4505 4710
4539 2 2 1 100029 4710 4505 4711
4540 2 2 1 100029 4505 4506 4711
4541 2 2 1 100029 4713 4508 4714
4542 2 2 1 100029 4508 4509 4714
4543 2 2 1 100029 4715 4510 4716
4544 2 2 1 100029 4510 4511 4716
4545 2 2 1 100029 4718 4513 4719
4546 2 2 1 100029 4513 4514 4719
4547 2 2 1 100029 4515 4721 4720
4548 2 2 1 100029 4515 4516 4721
4549 2 2 1 100029 4721 4516 4722
4550 2 2 1 100029 4516 4517 4722
4551 2 2 1 100029 263 4702 276
4552 2 2 1 100029 263 4497 4702
4553 2 2 1 100029 4703 4497 4498
4554 2 2 1 100029 4702 4497 4703
4555 2 2 1 100029 4707 4501 4502
4556 2 2 1 100029 4706 4501 4707
4557 2 2 1 100029 4708 4502 4503
4558 2 2 1 100029 4708 4707 4502
4559 2 2 1 100029 4709 4503 4504
4560 2 2 1 100029 4708 4503 4709
4561 2 2 1 100029 4712 4506 4507
4562 2 2 1 100029 4712 4711 4506
4563 2 2 1 100029 4713 4507 4508
4564 2 2 1 100029 4713 4712 4507
4565 2 2 1 100029 4715 4509 4510
4566 2 2 1 100029 4715 4714 4509
4567 2 2 1 100029 4717 4511 4512
4568 2 2 1 100029 4717 4716 4511
4569 2 2 1 100029 4718 4512 4513
4570 2 2 1 100029 4717 4512 4718
4571 2 2 1 100029 4720 4514 4515
4572 2 2 1 100029 4720 4719 4514
4573 2 2 1 100029 277 4517 264
4574 2 2 1 100029 277 4722 4517
4575 2 2 1 100030 264 4518 277
4576 2 2 1 100030 277 4518 4723
4577 2 2 1 100030 4518 4519 4723
4578 2 2 1 100030 4723 4519 4724
4579 2 2 1 100030 4519 4520 4724
4580 2 2 1 100030 4724 4520 4725
4581 2 2 1 100030 4520 4521 4725
4582 2 2 1 100030 4725 4521 4726
4583 2 2 1 100030 4521 4522 4726
4584 2 2 1 100030 4726 4522 4727
4585 2 2 1 100030 4522 4523 4727
4586 2 2 1 100030 4727 4523 4728
4587 2 2 1 100030 4523 4524 4728
4588 2 2 1 100030 4728 4524 4729
4589 2 2 1 100030 4524 4525 4729
4590 2 2 1 100030 4729 4525 4730
4591 2 2 1 100030 4525 4526 4730
4592 2 2 1 100030 4730 4526 4731
4593 2 2 1 100030 4526 4527 4731
4594 2 2 1 100030 4731 4527 4732
4595 2 2 1 100030 4527 4528 4732
4596 2 2 1 100030 4732 4528 4733
4597 2 2 1 100030 4528 4529 4733
4598 2 2 1 100030 4733 4529 4734
4599 2 2 1 100030 4529 4530 4734
4600 2 2 1 100030 4734 4530 278
4601 2 2 1 100030 4530 265 278
4602 2 2 1 100031 265 4531 278
4603 2 2 1 100031 278 4531 4735
4604 2 2 1 100031 4534 4535 4738
4605 2 2 1 100031 4738 4535 4739
4606 2 2 1 100031 4535 4536 4739
4607 2 2 1 100031 4739 4536 4740
4608 2 2 1 100031 4537 4742 4741
4609 2 2 1 100031 4537 4538 4742
4610 2 2 1 100031 4542 4747 4746
4611 2 2 1 100031 4542 4543 4747
4612 2 2 1 100031 4532 4735 4531
4613 2 2 1 100031 4736 4735 4532
4614 2 2 1 100031 4737 4532 4533
4615 2 2 1 100031 4736 4532 4737
4616 2 2 1 100031 4534 4737 4533
4617 2 2 1 100031 4738 4737 4534
4618 2 2 1 100031 4741 4536 4537
4619 2 2 1 100031 4740 4536 4741
4620 2 2 1 100031 4539 4742 4538
4621 2 2 1 100031 4743 4742 4539
4622 2 2 1 100031 4540 4743 4539
4623 2 2 1 100031 4744 4743 4540
4624 2 2 1 100031 4541 4744 4540
4625 2 2 1 100031 4745 4744 4541
4626 2 2 1 100031 4747 266 279
4627 2 2 1 100031 4747 4543 266
4628 2 2 1 100031 4746 4541 4542
4629 2 2 1 100031 4746 4745 4541
4630 2 2 1 100032 266 4544 279
4631 2 2 1 100032 279 4544 4748
4632 2 2 1 100032 4544 4545 4748
4633 2 2 1 100032 4748 4545 4749
4634 2 2 1 100032 4545 4546 4749
4635 2 2 1 100032 4749 4546 4750
4636 2 2 1 100032 4546 4547 4750
4637 2 2 1 100032 4750 4547 4751
4638 2 2 1 100032 4547 4548 4751
4639 2 2 1 100032 4751 4548 4752
4640 2 2 1 100032 4548 4549 4752
4641 2 2 1 100032 4752 4549 4753
4642 2 2 1 100032 4549 4550 4753
4643 2 2 1 100032 4753 4550 4754
4644 2 2 1 100032 4550 4551 4754
4645 2 2 1 100032 4754 4551 4755
4646 2 2 1 100032 4551 4552 4755
4647 2 2 1 100032 4755 4552 4756
4648 2 2 1 100032 4552 4553 4756
4649 2 2 1 100032 4756 4553 4757
4650 2 2 1 100032 4553 4554 4757
4651 2 2 1 100032 4757 4554 4758
4652 2 2 1 100032 4554 4555 4758
4653 2 2 1 100032 4758 4555 4759
4654 2 2 1 100032 4555 4556 4759
4655 2 2 1 100032 4759 4556 280
4656 2 2 1 100032 4556 267 280
4657 2 2 1 100033 280 4557 4760
4658 2 2 1 100033 280 267 4557
4659 2 2 1 100033 4557 4558 4760
4660 2 2 1 100033 4760 4558 4761
4661 2 2 1 100033 4558 4559 4761
4662 2 2 1 100033 4761 4559 4762
4663 2 2 1 100033 4559 4560 4762
4664 2 2 1 100033 4762 4560 4763
4665 2 2 1 100033 4560 4561 4763
4666 2 2 1 100033 4763 4561 4764
4667 2 2 1 100033 4561 4562 4764
4668 2 2 1 100033 4764 4562 4765
4669 2 2 1 100033 4562 4563 4765
4670 2 2 1 100033 4765 4563 4766
4671 2 2 1 100033 4563 4564 4766
4672 2 2 1 100033 4766 4564 4767
4673 2 2 1 100033 4564 4565 4767
4674 2 2 1 100033 4767 4565 4768
4675 2 2 1 100033 4565 4566 4768
4676 2 2 1 100033 4768 4566 4769
4677 2 2 1 100033 4566 4567 4769
4678 2 2 1 100033 4769 4567 4770
4679 2 2 1 100033 4567 4568 4770
4680 2 2 1 100033 4770 4568 4771
4681 2 2 1 100033 4568 4569 4771
4682 2 2 1 100033 4771 4569 4772
4683 2 2 1 100033 4569 4570 4772
4684 2 2 1 100033 4772 4570 4773
4685 2 2 1 100033 4570 4571 4773
4686 2 2 1 100033 4773 4571 4774
4687 2 2 1 100033 4571 4572 4774
4688 2 2 1 100033 4774 4572 281
4689 2 2 1 100033 4572 268 281
4690 2 2 1 100034 4776 4575 4777
4691 2 2 1 100034 4776 4574 4575
4692 2 2 1 100034 4778 4577 4779
4693 2 2 1 100034 4778 4576 4577
4694 2 2 1 100034 4779 4577 4780
4695 2 2 1 100034 4577 4578 4780
4696 2 2 1 100034 4578 4579 4780
4697 2 2 1 100034 4780 4579 4781
4698 2 2 1 100034 4579 4782 4781
4699 2 2 1 100034 4579 4580 4782
4700 2 2 1 100034 4584 4585 4786
4701 2 2 1 100034 4786 4585 4787
4702 2 2 1 100034 4586 4789 4788
4703 2 2 1 100034 4586 4587 4789
4704 2 2 1 100034 268 4775 281
4705 2 2 1 100034 4573 4775 268
4706 2 2 1 100034 4776 4573 4574
4707 2 2 1 100034 4776 4775 4573
4708 2 2 1 100034 4576 4777 4575
4709 2 2 1 100034 4778 4777 4576
4710 2 2 1 100034 4784 4581 4582
4711 2 2 1 100034 4784 4783 4581
4712 2 2 1 100034 4583 4784 4582
4713 2 2 1 100034 4785 4784 4583
4714 2 2 1 100034 4786 4583 4584
4715 2 2 1 100034 4785 4583 4786
4716 2 2 1 100034 4788 4585 4586
4717 2 2 1 100034 4788 4787 4585
4718 2 2 1 100034 4588 4789 4587
4719 2 2 1 100034 4588 4790 4789
4720 2 2 1 100034 282 4588 269
4721 2 2 1 100034 282 4790 4588
4722 2 2 1 100034 4783 4580 4581
4723 2 2 1 100034 4782 4580 4783
4724 2 2 1 100035 269 4589 282
4725 2 2 1 100035 282 4589 4791
4726 2 2 1 100035 4791 4589 4792
4727 2 2 1 100035 4589 4590 4792
4728 2 2 1 100035 4590 4591 4792
4729 2 2 1 100035 4792 4591 4793
4730 2 2 1 100035 4793 4591 4794
4731 2 2 1 100035 4591 4592 4794
4732 2 2 1 100035 4592 4795 4794
4733 2 2 1 100035 4592 4593 4795
4734 2 2 1 100035 4593 4594 4795
4735 2 2 1 100035 4795 4594 4796
4736 2 2 1 100035 4798 4597 4799
4737 2 2 1 100035 4798 4596 4597
4738 2 2 1 100035 4799 4598 4800
4739 2 2 1 100035 4799 4597 4598
4740 2 2 1 100035 4801 4599 4802
4741 2 2 1 100035 4599 4600 4802
4742 2 2 1 100035 4600 4803 4802
4743 2 2 1 100035 4600 4601 4803
4744 2 2 1 100035 4603 4806 4805
4745 2 2 1 100035 4603 4604 4806
4746 2 2 1 100035 4604 270 4806
4747 2 2 1 100035 4806 270 283
4748 2 2 1 100035 4595 4796 4594
4749 2 2 1 100035 4797 4796 4595
4750 2 2 1 100035 4798 4595 4596
4751 2 2 1 100035 4797 4595 4798
4752 2 2 1 100035 4599 4800 4598
4753 2 2 1 100035 4801 4800 4599
4754 2 2 1 100035 4804 4601 4602
4755 2 2 1 100035 4804 4803 4601
4756 2 2 1 100035 4805 4602 4603
4757 2 2 1 100035 4805 4804 4602
4758 2 2 1 100036 283 4605 4807
4759 2 2 1 100036 283 270 4605
4760 2 2 1 100036 4605 4606 4807
4761 2 2 1 100036 4807 4606 4808
4762 2 2 1 100036 4606 4607 4808
4763 2 2 1 100036 4808 4607 4809
4764 2 2 1 100036 4607 4608 4809
4765 2 2 1 100036 4809 4608 4810
4766 2 2 1 100036 4608 4609 4810
4767 2 2 1 100036 4810 4609 4811
4768 2 2 1 100036 4609 4610 4811
4769 2 2 1 100036 4811 4610 4812
4770 2 2 1 100036 4610 4611 4812
4771 2 2 1 100036 4812 4611 4813
4772 2 2 1 100036 4611 4612 4813
4773 2 2 1 100036 4813 4612 4814
4774 2 2 1 100036 4612 4613 4814
4775 2 2 1 100036 4814 4613 4815
4776 2 2 1 100036 4613 4614 4815
4777 2 2 1 100036 4815 4614 4816
4778 2 2 1 100036 4614 4615 4816
4779 2 2 1 100036 4816 4615 4817
4780 2 2 1 100036 4615 4616 4817
4781 2 2 1 100036 4817 4616 4818
4782 2 2 1 100036 4616 4617 4818
4783 2 2 1 100036 4818 4617 4819
4784 2 2 1 100036 4617 4618 4819
4785 2 2 1 100036 4819 4618 4820
4786 2 2 1 100036 4618 4619 4820
4787 2 2 1 100036 4820 4619 4821
4788 2 2 1 100036 4619 4620 4821
4789 2 2 1 100036 4821 4620 284
4790 2 2 1 100036 4620 271 284
4791 2 2 1 100037 271 4621 284
4792 2 2 1 100037 284 4621 4822
4793 2 2 1 100037 4621 4622 4822
4794 2 2 1 100037 4822 4622 4823
4795 2 2 1 100037 4622 4623 4823
4796 2 2 1 100037 4823 4623 4824
4797 2 2 1 100037 4623 4624 4824
4798 2 2 1 100037 4824 4624 4825
4799 2 2 1 100037 4624 4625 4825
4800 2 2 1 100037 4825 4625 4826
4801 2 2 1 100037 4625 4626 4826
4802 2 2 1 100037 4826 4626 4827
4803 2 2 1 100037 4626 4627 4827
4804 2 2 1 100037 4827 4627 4828
4805 2 2 1 100037 4627 4628 4828
4806 2 2 1 100037 4828 4628 4829
4807 2 2 1 100037 4628 4629 4829
4808 2 2 1 100037 4829 4629 4830
4809 2 2 1 100037 4629 4630 4830
4810 2 2 1 100037 4830 4630 4831
4811 2 2 1 100037 4630 4631 4831
4812 2 2 1 100037 4831 4631 4832
4813 2 2 1 100037 4631 4632 4832
4814 2 2 1 100037 4832 4632 4833
4815 2 2 1 100037 4632 4633 4833
4816 2 2 1 100037 4833 4633 285
4817 2 2 1 100037 4633 272 285
4818 2 2 1 100038 272 4634 285
4819 2 2 1 100038 285 4634 4834
4820 2 2 1 100038 4834 4634 4835
4821 2 2 1 100038 4634 4635 4835
4822 2 2 1 100038 4635 4636 4836
4823 2 2 1 100038 4635 4836 4835
4824 2 2 1 100038 4638 4839 4838
4825 2 2 1 100038 4638 4639 4839
4826 2 2 1 100038 4642 4643 4842
4827 2 2 1 100038 4842 4643 4843
4828 2 2 1 100038 4644 4845 4844
4829 2 2 1 100038 4644 4645 4845
4830 2 2 1 100038 4637 4836 4636
4831 2 2 1 100038 4837 4836 4637
4832 2 2 1 100038 4838 4637 4638
4833 2 2 1 100038 4837 4637 4838
4834 2 2 1 100038 4840 4639 4640
4835 2 2 1 100038 4839 4639 4840
4836 2 2 1 100038 4641 4840 4640
4837 2 2 1 100038 4841 4840 4641
4838 2 2 1 100038 4642 4841 4641
4839 2 2 1 100038 4842 4841 4642
4840 2 2 1 100038 4844 4643 4644
4841 2 2 1 100038 4843 4643 4844
4842 2 2 1 100038 4646 4845 4645
4843 2 2 1 100038 4846 4845 4646
4844 2 2 1 100038 4846 273 286
4845 2 2 1 100038 4846 4646 273
4846 2 2 1 100039 273 4647 286
4847 2 2 1 100039 286 4647 4847
4848 2 2 1 100039 4647 4648 4847
4849 2 2 1 100039 4847 4648 4848
4850 2 2 1 100039 4648 4649 4848
4851 2 2 1 100039 4848 4649 4849
4852 2 2 1 100039 4649 4650 4849
4853 2 2 1 100039 4849 4650 4850
4854 2 2 1 100039 4650 4651 4850
4855 2 2 1 100039 4850 4651 4851
4856 2 2 1 100039 4651 4652 4851
4857 2 2 1 100039 4851 4652 4852
4858 2 2 1 100039 4652 4653 4852
4859 2 2 1 100039 4852 4653 4853
4860 2 2 1 100039 4653 4654 4853
4861 2 2 1 100039 4853 4654 4854
4862 2 2 1 100039 4654 4655 4854
4863 2 2 1 100039 4854 4655 4855
4864 2 2 1 100039 4655 4656 4855
4865 2 2 1 100039 4855 4656 4856
4866 2 2 1 100039 4656 4657 4856
4867 2 2 1 100039 4856 4657 4857
4868 2 2 1 100039 4657 4658 4857
4869 2 2 1 100039 4857 4658 4858
4870 2 2 1 100039 4658 4659 4858
4871 2 2 1 100039 4858 4659 274
4872 2 2 1 100039 4659 261 274
4873 2 2 1 100040 300 4859 5067
4874 2 2 1 100040 300 287 4859
4875 2 2 1 100040 4859 4860 5067
4876 2 2 1 100040 5067 4860 5068
4877 2 2 1 100040 4860 4861 5068
4878 2 2 1 100040 5068 4861 5069
4879 2 2 1 100040 4861 4862 5069
4880 2 2 1 100040 5069 4862 5070
4881 2 2 1 100040 4862 4863 5070
4882 2 2 1 100040 5070 4863 5071
4883 2 2 1 100040 4863 4864 5071
4884 2 2 1 100040 5071 4864 5072
4885 2 2 1 100040 4864 4865 5072
4886 2 2 1 100040 5072 4865 5073
4887 2 2 1 100040 4865 4866 5073
4888 2 2 1 100040 5073 4866 5074
4889 2 2 1 100040 4866 4867 5074
4890 2 2 1 100040 5074 4867 5075
4891 2 2 1 100040 4867 4868 5075
4892 2 2 1 100040 5075 4868 5076
4893 2 2 1 100040 4868 4869 5076
4894 2 2 1 100040 5076 4869 5077
4895 2 2 1 100040 4869 4870 5077
4896 2 2 1 100040 5077 4870 5078
4897 2 2 1 100040 4870 4871 5078
4898 2 2 1 100040 5078 4871 5079
4899 2 2 1 100040 4871 4872 5079
4900 2 2 1 100040 5079 4872 5080
4901 2 2 1 100040 4872 4873 5080
4902 2 2 1 100040 5080 4873 5081
4903 2 2 1 100040 4873 4874 5081
4904 2 2 1 100040 5081 4874 5082
4905 2 2 1 100040 4874 4875 5082
4906 2 2 1 100040 5082 4875 5083
4907 2 2 1 100040 4875 4876 5083
4908 2 2 1 100040 5083 4876 5084
4909 2 2 1 100040 4876 4877 5084
4910 2 2 1 100040 5084 4877 5085
4911 2 2 1 100040 4877 4878 5085
4912 2 2 1 100040 5085 4878 5086
4913 2 2 1 100040 4878 4879 5086
4914 2 2 1 100040 5086 4879 5087
4915 2 2 1 100040 4879 4880 5087
4916 2 2 1 100040 5087 4880 301
4917 2 2 1 100040 4880 288 301
4918 2 2 1 100041 288 5088 301
4919 2 2 1 100041 288 4881 5088
4920 2 2 1 100041 5090 4884 5091
4921 2 2 1 100041 5090 4883 4884
4922 2 2 1 100041 5091 4885 5092
4923 2 2 1 100041 5091 4884 4885
4924 2 2 1 100041 4886 5094 5093
4925 2 2 1 100041 4886 4887 5094
4926 2 2 1 100041 5097 4891 5098
4927 2 2 1 100041 5097 4890 4891
4928 2 2 1 100041 4891 4892 5098
4929 2 2 1 100041 5098 4892 5099
4930 2 2 1 100041 5100 4893 5101
4931 2 2 1 100041 4893 4894 5101
4932 2 2 1 100041 5103 4896 5104
4933 2 2 1 100041 4896 4897 5104
4934 2 2 1 100041 4898 4899 5105
4935 2 2 1 100041 5105 4899 5106
4936 2 2 1 100041 5107 4901 5108
4937 2 2 1 100041 5107 4900 4901
4938 2 2 1 100041 5108 4901 5109
4939 2 2 1 100041 4901 4902 5109
4940 2 2 1 100041 5089 4881 4882
4941 2 2 1 100041 5088 4881 5089
4942 2 2 1 100041 4883 5089 4882
4943 2 2 1 100041 5090 5089 4883
4944 2 2 1 100041 5093 4885 4886
4945 2 2 1 100041 5092 4885 5093
4946 2 2 1 100041 5095 4887 4888
4947 2 2 1 100041 5094 4887 5095
4948 2 2 1 100041 5096 4888 4889
4949 2 2 1 100041 5096 5095 4888
4950 2 2 1 100041 4890 5096 4889
4951 2 2 1 100041 5097 5096 4890
4952 2 2 1 100041 5100 4892 4893
4953 2 2 1 100041 5100 5099 4892
4954 2 2 1 100041 5102 4894 4895
4955 2 2 1 100041 5102 5101 4894
4956 2 2 1 100041 5103 4895 4896
4957 2 2 1 100041 5102 4895 5103
4958 2 2 1 100041 4898 5104 4897
4959 2 2 1 100041 5105 5104 4898
4960 2 2 1 100041 4900 5106 4899
4961 2 2 1 100041 5107 5106 4900
4962 2 2 1 100041 5109 289 302
4963 2 2 1 100041 5109 4902 289
4964 2 2 1 100042 289 4903 302
4965 2 2 1 100042 302 4903 5110
4966 2 2 1 100042 4903 4904 5110
4967 2 2 1 100042 5110 4904 5111
4968 2 2 1 100042 4904 4905 5111
4969 2 2 1 100042 5111 4905 5112
4970 2 2 1 100042 4905 4906 5112
4971 2 2 1 100042 5112 4906 5113
4972 2 2 1 100042 4906 4907 5113
4973 2 2 1 100042 5113 4907 5114
4974 2 2 1 100042 4907 4908 5114
4975 2 2 1 100042 5114 4908 5115
4976 2 2 1 100042 4908 4909 5115
4977 2 2 1 100042 5115 4909 5116
4978 2 2 1 100042 4909 4910 5116
4979 2 2 1 100042 5116 4910 5117
4980 2 2 1 100042 4910 4911 5117
4981 2 2 1 100042 5117 4911 5118
4982 2 2 1 100042 4911 4912 5118
4983 2 2 1 100042 5118 4912 5119
4984 2 2 1 100042 4912 4913 5119
4985 2 2 1 100042 5119 4913 5120
4986 2 2 1 100042 4913 4914 5120
4987 2 2 1 100042 5120 4914 5121
4988 2 2 1 100042 4914 4915 5121
4989 2 2 1 100042 5121 4915 5122
4990 2 2 1 100042 4915 4916 5122
4991 2 2 1 100042 5122 4916 5123
4992 2 2 1 100042 4916 4917 5123
4993 2 2 1 100042 5123 4917 5124
4994 2 2 1 100042 4917 4918 5124
4995 2 2 1 100042 5124 4918 5125
4996 2 2 1 100042 4918 4919 5125
4997 2 2 1 100042 5125 4919 5126
4998 2 2 1 100042 4919 4920 5126
4999 2 2 1 100042 5126 4920 5127
5000 2 2 1 100042 4920 4921 5127
5001 2 2 1 100042 5127 4921 5128
5002 2 2 1 100042 4921 4922 5128
5003 2 2 1 100042 5128 4922 5129
5004 2 2 1 100042 4922 4923 5129
5005 2 2 1 100042 5129 4923 5130
5006 2 2 1 100042 4923 4924 5130
5007 2 2 1 100042 5130 4924 303
5008 2 2 1 100042 4924 290 303
5009 2 2 1 100043 303 4925 5131
5010 2 2 1 100043 303 290 4925
5011 2 2 1 100043 4925 4926 5131
5012 2 2 1 100043 5131 4926 5132
5013 2 2 1 100043 4926 4927 5132
5014 2 2 1 100043 5132 4927 5133
5015 2 2 1 100043 4927 4928 5133
5016 2 2 1 100043 5133 4928 5134
5017 2 2 1 100043 4928 4929 5134
5018 2 2 1 100043 5134 4929 5135
5019 2 2 1 100043 4929 4930 5135
5020 2 2 1 100043 5135 4930 5136
5021 2 2 1 100043 4930 4931 5136
5022 2 2 1 100043 5136 4931 5137
5023 2 2 1 100043 4931 4932 5137
5024 2 2 1 100043 5137 4932 5138
5025 2 2 1 100043 4932 4933 5138
5026 2 2 1 100043 5138 4933 5139
5027 2 2 1 100043 4933 4934 5139
5028 2 2 1 100043 5139 4934 5140
5029 2 2 1 100043 4934 4935 5140
5030 2 2 1 100043 5140 4935 5141
5031 2 2 1 100043 4935 4936 5141
5032 2 2 1 100043 5141 4936 5142
5033 2 2 1 100043 4936 4937 5142
5034 2 2 1 100043 5142 4937 304
5035 2 2 1 100043 4937 291 304
5036 2 2 1 100044 5144 4939 5145
5037 2 2 1 100044 4939 4940 5145
5038 2 2 1 100044 4943 5149 5148
5039 2 2 1 100044 4943 4944 5149
5040 2 2 1 100044 4945 4946 5150
5041 2 2 1 100044 5150 4946 5151
5042 2 2 1 100044 4948 4949 5153
5043 2 2 1 100044 5153 4949 5154
5044 2 2 1 100044 4938 304 291
5045 2 2 1 100044 5143 304 4938
5046 2 2 1 100044 5144 4938 4939
5047 2 2 1 100044 5144 5143 4938
5048 2 2 1 100044 4941 5145 4940
5049 2 2 1 100044 5146 5145 4941
5050 2 2 1 100044 5147 4941 4942
5051 2 2 1 100044 5147 5146 4941
5052 2 2 1 100044 5148 4942 4943
5053 2 2 1 100044 5147 4942 5148
5054 2 2 1 100044 5150 4944 4945
5055 2 2 1 100044 5149 4944 5150
5056 2 2 1 100044 4947 5151 4946
5057 2 2 1 100044 5152 5151 4947
5058 2 2 1 100044 4948 5152 4947
5059 2 2 1 100044 5153 5152 4948
5060 2 2 1 100044 5155 4949 4950
5061 2 2 1 100044 5154 4949 5155
5062 2 2 1 100044 5155 292 305
5063 2 2 1 100044 5155 4950 292
5064 2 2 1 100045 292 4951 305
5065 2 2 1 100045 305 4951 5156
5066 2 2 1 100045 4951 4952 5156
5067 2 2 1 100045 5156 4952 5157
5068 2 2 1 100045 4952 4953 5157
5069 2 2 1 100045 5157 4953 5158
5070 2 2 1 100045 4953 4954 5158
5071 2 2 1 100045 5158 4954 5159
5072 2 2 1 100045 4954 4955 5159
5073 2 2 1 100045 5159 4955 5160
5074 2 2 1 100045 4955 4956 5160
5075 2 2 1 100045 5160 4956 5161
5076 2 2 1 100045 4956 4957 5161
5077 2 2 1 100045 5161 4957 5162
5078 2 2 1 100045 4957 4958 5162
5079 2 2 1 100045 5162 4958 5163
5080 2 2 1 100045 4958 4959 5163
5081 2 2 1 100045 5163 4959 5164
5082 2 2 1 100045 4959 4960 5164
5083 2 2 1 100045 5164 4960 5165
5084 2 2 1 100045 4960 4961 5165
5085 2 2 1 100045 5165 4961 5166
5086 2 2 1 100045 4961 4962 5166
5087 2 2 1 100045 5166 4962 5167
5088 2 2 1 100045 4962 4963 5167
5089 2 2 1 100045 5167 4963 306
5090 2 2 1 100045 4963 293 306
5091 2 2 1 100046 293 4964 306
5092 2 2 1 100046 306 4964 5168
5093 2 2 1 100046 5169 4966 5170
5094 2 2 1 100046 5169 4965 4966
5095 2 2 1 100046 5170 4967 5171
5096 2 2 1 100046 5170 4966 4967
5097 2 2 1 100046 4968 4969 5172
5098 2 2 1 100046 5172 4969 5173
5099 2 2 1 100046 4969 4970 5173
5100 2 2 1 100046 5173 4970 5174
5101 2 2 1 100046 5176 4973 5177
5102 2 2 1 100046 5176 4972 4973
5103 2 2 1 100046 5178 4975 5179
5104 2 2 1 100046 5178 4974 4975
5105 2 2 1 100046 4976 4977 5180
5106 2 2 1 100046 5180 4977 5181
5107 2 2 1 100046 5182 4979 5183
5108 2 2 1 100046 5182 4978 4979
5109 2 2 1 100046 4965 5168 4964
5110 2 2 1 100046 5169 5168 4965
5111 2 2 1 100046 4968 5171 4967
5112 2 2 1 100046 5172 5171 4968
5113 2 2 1 100046 4971 5174 4970
5114 2 2 1 100046 5175 5174 4971
5115 2 2 1 100046 4972 5175 4971
5116 2 2 1 100046 5176 5175 4972
5117 2 2 1 100046 4974 5177 4973
5118 2 2 1 100046 4974 5178 5177
5119 2 2 1 100046 4976 5179 4975
5120 2 2 1 100046 5180 5179 4976
5121 2 2 1 100046 4978 5181 4977
5122 2 2 1 100046 5182 5181 4978
5123 2 2 1 100046 5183 294 307
5124 2 2 1 100046 5183 4979 294
5125 2 2 1 100047 294 5184 307
5126 2 2 1 100047 294 4980 5184
5127 2 2 1 100047 5188 4984 5189
5128 2 2 1 100047 4984 4985 5189
5129 2 2 1 100047 4987 5192 5191
5130 2 2 1 100047 4987 4988 5192
5131 2 2 1 100047 4988 4989 5192
5132 2 2 1 100047 5192 4989 5193
5133 2 2 1 100047 4989 4990 5194
5134 2 2 1 100047 4989 5194 5193
5135 2 2 1 100047 5195 4992 5196
5136 2 2 1 100047 5195 4991 4992
5137 2 2 1 100047 5199 4995 308
5138 2 2 1 100047 4995 295 308
5139 2 2 1 100047 4981 5184 4980
5140 2 2 1 100047 5185 5184 4981
5141 2 2 1 100047 4983 5186 4982
5142 2 2 1 100047 5187 5186 4983
5143 2 2 1 100047 4984 5187 4983
5144 2 2 1 100047 5188 5187 4984
5145 2 2 1 100047 4986 5189 4985
5146 2 2 1 100047 5190 5189 4986
5147 2 2 1 100047 5191 4986 4987
5148 2 2 1 100047 5191 5190 4986
5149 2 2 1 100047 5195 4990 4991
5150 2 2 1 100047 5195 5194 4990
5151 2 2 1 100047 5197 4992 4993
5152 2 2 1 100047 5197 5196 4992
5153 2 2 1 100047 4994 5197 4993
5154 2 2 1 100047 5198 5197 4994
5155 2 2 1 100047 5199 4994 4995
5156 2 2 1 100047 5198 4994 5199
5157 2 2 1 100047 4982 5185 4981
5158 2 2 1 100047 5186 5185 4982
5159 2 2 1 100048 4996 4997 5200
5160 2 2 1 100048 5200 4997 5201
5161 2 2 1 100048 5203 5000 5204
5162 2 2 1 100048 5203 4999 5000
5163 2 2 1 100048 5000 5001 5204
5164 2 2 1 100048 5204 5001 5205
5165 2 2 1 100048 5001 5002 5205
5166 2 2 1 100048 5205 5002 5206
5167 2 2 1 100048 5207 5004 5208
5168 2 2 1 100048 5207 5003 5004
5169 2 2 1 100048 5005 5210 5209
5170 2 2 1 100048 5005 5006 5210
5171 2 2 1 100048 5211 5008 5212
5172 2 2 1 100048 5211 5007 5008
5173 2 2 1 100048 5212 5009 5213
5174 2 2 1 100048 5212 5008 5009
5175 2 2 1 100048 5009 5214 5213
5176 2 2 1 100048 5009 5010 5214
5177 2 2 1 100048 5010 5215 5214
5178 2 2 1 100048 5010 5011 5215
5179 2 2 1 100048 295 5200 308
5180 2 2 1 100048 4996 5200 295
5181 2 2 1 100048 4999 5202 4998
5182 2 2 1 100048 5203 5202 4999
5183 2 2 1 100048 5003 5206 5002
5184 2 2 1 100048 5207 5206 5003
5185 2 2 1 100048 5005 5208 5004
5186 2 2 1 100048 5209 5208 5005
5187 2 2 1 100048 5007 5210 5006
5188 2 2 1 100048 5211 5210 5007
5189 2 2 1 100048 5215 296 309
5190 2 2 1 100048 5215 5011 296
5191 2 2 1 100048 5202 4997 4998
5192 2 2 1 100048 5201 4997 5202
5193 2 2 1 100049 309 296 5216
5194 2 2 1 100049 296 5012 5216
5195 2 2 1 100049 5217 5013 5218
5196 2 2 1 100049 5013 5014 5218
5197 2 2 1 100049 5218 5014 5219
5198 2 2 1 100049 5014 5015 5219
5199 2 2 1 100049 5016 5221 5220
5200 2 2 1 100049 5016 5017 5221
5201 2 2 1 100049 5222 5018 5223
5202 2 2 1 100049 5018 5019 5223
5203 2 2 1 100049 5224 5020 5225
5204 2 2 1 100049 5020 5021 5225
5205 2 2 1 100049 5226 5022 5227
5206 2 2 1 100049 5022 5023 5227
5207 2 2 1 100049 5023 5228 5227
5208 2 2 1 100049 5023 5024 5228
5209 2 2 1 100049 5026 5027 5231
5210 2 2 1 100049 5026 5231 5230
5211 2 2 1 100049 5231 5027 310
5212 2 2 1 100049 5027 297 310
5213 2 2 1 100049 5217 5012 5013
5214 2 2 1 100049 5216 5012 5217
5215 2 2 1 100049 5220 5015 5016
5216 2 2 1 100049 5219 5015 5220
5217 2 2 1 100049 5222 5017 5018
5218 2 2 1 100049 5221 5017 5222
5219 2 2 1 100049 5224 5019 5020
5220 2 2 1 100049 5223 5019 5224
5221 2 2 1 100049 5226 5021 5022
5222 2 2 1 100049 5226 5225 5021
5223 2 2 1 100049 5229 5024 5025
5224 2 2 1 100049 5229 5228 5024
5225 2 2 1 100049 5230 5025 5026
5226 2 2 1 100049 5230 5229 5025
5227 2 2 1 100050 310 5028 5232
5228 2 2 1 100050 310 297 5028
5229 2 2 1 100050 5028 5029 5232
5230 2 2 1 100050 5232 5029 5233
5231 2 2 1 100050 5029 5030 5233
5232 2 2 1 100050 5233 5030 5234
5233 2 2 1 100050 5030 5031 5234
5234 2 2 1 100050 5234 5031 5235
5235 2 2 1 100050 5031 5032 5235
5236 2 2 1 100050 5235 5032 5236
5237 2 2 1 100050 5032 5033 5236
5238 2 2 1 100050 5236 5033 5237
5239 2 2 1 100050 5033 5034 5237
5240 2 2 1 100050 5237 5034 5238
5241 2 2 1 100050 5034 5035 5238
5242 2 2 1 100050 5238 5035 5239
5243 2 2 1 100050 5035 5036 5239
5244 2 2 1 100050 5239 5036 5240
5245 2 2 1 100050 5036 5037 5240
5246 2 2 1 100050 5240 5037 5241
5247 2 2 1 100050 5037 5038 5241
5248 2 2 1 100050 5241 5038 5242
5249 2 2 1 100050 5038 5039 5242
5250 2 2 1 100050 5242 5039 5243
5251 2 2 1 100050 5039 5040 5243
5252 2 2 1 100050 5243 5040 311
5253 2 2 1 100050 5040 298 311
5254 2 2 1 100051 311 5041 5244
5255 2 2 1 100051 311 298 5041
5256 2 2 1 100051 5041 5245 5244
5257 2 2 1 100051 5041 5042 5245
5258 2 2 1 100051 5246 5044 5247
5259 2 2 1 100051 5246 5043 5044
5260 2 2 1 100051 5247 5044 5248
5261 2 2 1 100051 5044 5045 5248
5262 2 2 1 100051 5249 5046 5250
5263 2 2 1 100051 5046 5047 5250
5264 2 2 1 100051 5251 5049 5252
5265 2 2 1 100051 5251 5048 5049
5266 2 2 1 100051 5051 5255 5254
5267 2 2 1 100051 5051 5052 5255
5268 2 2 1 100051 5256 299 312
5269 2 2 1 100051 5256 5053 299
5270 2 2 1 100051 5246 5042 5043
5271 2 2 1 100051 5246 5245 5042
5272 2 2 1 100051 5249 5045 5046
5273 2 2 1 100051 5249 5248 5045
5274 2 2 1 100051 5048 5250 5047
5275 2 2 1 100051 5251 5250 5048
5276 2 2 1 100051 5254 5050 5051
5277 2 2 1 100051 5253 5050 5254
5278 2 2 1 100051 5053 5255 5052
5279 2 2 1 100051 5256 5255 5053
5280 2 2 1 100051 5253 5049 5050
5281 2 2 1 100051 5252 5049 5253
5282 2 2 1 100052 299 5054 312
5283 2 2 1 100052 312 5054 5257
5284 2 2 1 100052 5054 5055 5257
5285 2 2 1 100052 5257 5055 5258
5286 2 2 1 100052 5055 5056 5258
5287 2 2 1 100052 5258 5056 5259
5288 2 2 1 100052 5056 5057 5259
5289 2 2 1 100052 5259 5057 5260
5290 2 2 1 100052 5057 5058 5260
5291 2 2 1 100052 5260 5058 5261
5292 2 2 1 100052 5058 5059 5261
5293 2 2 1 100052 5261 5059 5262
5294 2 2 1 100052 5059 5060 5262
5295 2 2 1 100052 5262 5060 5263
5296 2 2 1 100052 5060 5061 5263
5297 2 2 1 100052 5263 5061 5264
5298 2 2 1 100052 5061 5062 5264
5299 2 2 1 100052 5264 5062 5265
5300 2 2 1 100052 5062 5063 5265
5301 2 2 1 100052 5265 5063 5266
5302 2 2 1 100052 5063 5064 5266
5303 2 2 1 100052 5266 5064 5267
5304 2 2 1 100052 5064 5065 5267
5305 2 2 1 100052 5267 5065 5268
5306 2 2 1 100052 5065 5066 5268
5307 2 2 1 100052 5268 5066 300
5308 2 2 1 100052 5066 287 300
5309 2 2 1 100053 326 5269 5474
5310 2 2 1 100053 326 313 5269
5311 2 2 1 100053 5475 5271 5476
5312 2 2 1 100053 5475 5270 5271
5313 2 2 1 100053 5477 5273 5478
5314 2 2 1 100053 5477 5272 5273
5315 2 2 1 100053 5478 5274 5479
5316 2 2 1 100053 5478 5273 5274
5317 2 2 1 100053 5275 5276 5480
5318 2 2 1 100053 5480 5276 5481
5319 2 2 1 100053 5277 5278 5482
5320 2 2 1 100053 5482 5278 5483
5321 2 2 1 100053 5483 5279 5484
5322 2 2 1 100053 5483 5278 5279
5323 2 2 1 100053 5280 5281 5485
5324 2 2 1 100053 5485 5281 5486
5325 2 2 1 100053 5487 5283 5488
5326 2 2 1 100053 5487 5282 5283
5327 2 2 1 100053 5283 5284 5488
5328 2 2 1 100053 5488 5284 5489
5329 2 2 1 100053 5286 5287 5491
5330 2 2 1 100053 5491 5287 5492
5331 2 2 1 100053 5270 5474 5269
5332 2 2 1 100053 5270 5475 5474
5333 2 2 1 100053 5272 5476 5271
5334 2 2 1 100053 5477 5476 5272
5335 2 2 1 100053 5275 5479 5274
5336 2 2 1 100053 5480 5479 5275
5337 2 2 1 100053 5277 5481 5276
5338 2 2 1 100053 5482 5481 5277
5339 2 2 1 100053 5280 5484 5279
5340 2 2 1 100053 5485 5484 5280
5341 2 2 1 100053 5282 5486 5281
5342 2 2 1 100053 5487 5486 5282
5343 2 2 1 100053 5285 5489 5284
5344 2 2 1 100053 5490 5489 5285
5345 2 2 1 100053 5286 5490 5285
5346 2 2 1 100053 5491 5490 5286
5347 2 2 1 100053 5288 5492 5287
5348 2 2 1 100053 5493 5492 5288
5349 2 2 1 100053 5289 5493 5288
5350 2 2 1 100053 5494 5493 5289
5351 2 2 1 100053 5494 314 327
5352 2 2 1 100053 5494 5289 314
5353 2 2 1 100054 327 5290 5495
5354 2 2 1 100054 327 314 5290
5355 2 2 1 100054 5497 5292 5498
5356 2 2 1 100054 5292 5293 5498
5357 2 2 1 100054 5294 5500 5499
5358 2 2 1 100054 5294 5295 5500
5359 2 2 1 100054 5502 5298 5503
5360 2 2 1 100054 5502 5297 5298
5361 2 2 1 100054 5512 5307 5513
5362 2 2 1 100054 5307 5308 5513
5363 2 2 1 100054 5515 315 328
5364 2 2 1 100054 5515 5310 315
5365 2 2 1 100054 5292 5496 5291
5366 2 2 1 100054 5497 5496 5292
5367 2 2 1 100054 5499 5293 5294
5368 2 2 1 100054 5499 5498 5293
5369 2 2 1 100054 5501 5295 5296
5370 2 2 1 100054 5501 5500 5295
5371 2 2 1 100054 5297 5501 5296
5372 2 2 1 100054 5297 5502 5501
5373 2 2 1 100054 5299 5503 5298
5374 2 2 1 100054 5504 5503 5299
5375 2 2 1 100054 5505 5299 5300
5376 2 2 1 100054 5505 5504 5299
5377 2 2 1 100054 5506 5300 5301
5378 2 2 1 100054 5505 5300 5506
5379 2 2 1 100054 5302 5506 5301
5380 2 2 1 100054 5507 5506 5302
5381 2 2 1 100054 5303 5507 5302
5382 2 2 1 100054 5508 5507 5303
5383 2 2 1 100054 5509 5303 5304
5384 2 2 1 100054 5509 5508 5303
5385 2 2 1 100054 5305 5509 5304
5386 2 2 1 100054 5510 5509 5305
5387 2 2 1 100054 5511 5305 5306
5388 2 2 1 100054 5511 5510 5305
5389 2 2 1 100054 5512 5306 5307
5390 2 2 1 100054 5511 5306 5512
5391 2 2 1 100054 5309 5513 5308
5392 2 2 1 100054 5514 5513 5309
5393 2 2 1 100054 5515 5309 5310
5394 2 2 1 100054 5515 5514 5309
5395 2 2 1 100054 5496 5290 5291
5396 2 2 1 100054 5495 5290 5496
5397 2 2 1 100055 328 315 5516
5398 2 2 1 100055 315 5311 5516
5399 2 2 1 100055 5312 5518 5517
5400 2 2 1 100055 5312 5313 5518
5401 2 2 1 100055 5315 5521 5520
5402 2 2 1 100055 5315 5316 5521
5403 2 2 1 100055 5316 5522 5521
5404 2 2 1 100055 5316 5317 5522
5405 2 2 1 100055 5317 5318 5523
5406 2 2 1 100055 5317 5523 5522
5407 2 2 1 100055 5319 5525 5524
5408 2 2 1 100055 5319 5320 5525
5409 2 2 1 100055 5525 5320 5526
5410 2 2 1 100055 5320 5321 5526
5411 2 2 1 100055 5526 5321 5527
5412 2 2 1 100055 5321 5322 5527
5413 2 2 1 100055 5530 5325 5531
5414 2 2 1 100055 5325 5326 5531
5415 2 2 1 100055 5531 5326 5532
5416 2 2 1 100055 5326 5327 5532
5417 2 2 1 100055 5533 5328 5534
5418 2 2 1 100055 5328 5329 5534
5419 2 2 1 100055 5534 5329 5535
5420 2 2 1 100055 5329 5330 5535
5421 2 2 1 100055 5331 329 5536
5422 2 2 1 100055 5331 316 329
5423 2 2 1 100055 5517 5311 5312
5424 2 2 1 100055 5516 5311 5517
5425 2 2 1 100055 5519 5313 5314
5426 2 2 1 100055 5519 5518 5313
5427 2 2 1 100055 5520 5314 5315
5428 2 2 1 100055 5520 5519 5314
5429 2 2 1 100055 5524 5318 5319
5430 2 2 1 100055 5524 5523 5318
5431 2 2 1 100055 5528 5322 5323
5432 2 2 1 100055 5528 5527 5322
5433 2 2 1 100055 5529 5323 5324
5434 2 2 1 100055 5529 5528 5323
5435 2 2 1 100055 5530 5324 5325
5436 2 2 1 100055 5530 5529 5324
5437 2 2 1 100055 5533 5327 5328
5438 2 2 1 100055 5533 5532 5327
5439 2 2 1 100055 5536 5330 5331
5440 2 2 1 100055 5536 5535 5330
5441 2 2 1 100056 329 5332 5537
5442 2 2 1 100056 329 316 5332
5443 2 2 1 100056 5332 5333 5537
5444 2 2 1 100056 5537 5333 5538
5445 2 2 1 100056 5333 5334 5538
5446 2 2 1 100056 5538 5334 5539
5447 2 2 1 100056 5334 5335 5539
5448 2 2 1 100056 5539 5335 5540
5449 2 2 1 100056 5335 5336 5540
5450 2 2 1 100056 5540 5336 5541
5451 2 2 1 100056 5336 5337 5541
5452 2 2 1 100056 5541 5337 5542
5453 2 2 1 100056 5337 5338 5542
5454 2 2 1 100056 5542 5338 5543
5455 2 2 1 100056 5338 5339 5543
5456 2 2 1 100056 5543 5339 5544
5457 2 2 1 100056 5339 5340 5544
5458 2 2 1 100056 5544 5340 5545
5459 2 2 1 100056 5340 5341 5545
5460 2 2 1 100056 5545 5341 5546
5461 2 2 1 100056 5341 5342 5546
5462 2 2 1 100056 5546 5342 5547
5463 2 2 1 100056 5342 5343 5547
5464 2 2 1 100056 5547 5343 5548
5465 2 2 1 100056 5343 5344 5548
5466 2 2 1 100056 5548 5344 330
5467 2 2 1 100056 5344 317 330
5468 2 2 1 100057 5349 5350 5553
5469 2 2 1 100057 5553 5350 5554
5470 2 2 1 100057 5350 5351 5555
5471 2 2 1 100057 5350 5555 5554
5472 2 2 1 100057 5353 5354 5557
5473 2 2 1 100057 5557 5354 5558
5474 2 2 1 100057 5356 5561 5560
5475 2 2 1 100057 5356 5357 5561
5476 2 2 1 100057 5561 318 331
5477 2 2 1 100057 5561 5357 318
5478 2 2 1 100057 5345 330 317
5479 2 2 1 100057 5549 330 5345
5480 2 2 1 100057 5346 5549 5345
5481 2 2 1 100057 5550 5549 5346
5482 2 2 1 100057 5551 5346 5347
5483 2 2 1 100057 5551 5550 5346
5484 2 2 1 100057 5348 5551 5347
5485 2 2 1 100057 5552 5551 5348
5486 2 2 1 100057 5349 5552 5348
5487 2 2 1 100057 5553 5552 5349
5488 2 2 1 100057 5556 5351 5352
5489 2 2 1 100057 5556 5555 5351
5490 2 2 1 100057 5353 5556 5352
5491 2 2 1 100057 5557 5556 5353
5492 2 2 1 100057 5355 5558 5354
5493 2 2 1 100057 5559 5558 5355
5494 2 2 1 100057 5560 5355 5356
5495 2 2 1 100057 5559 5355 5560
5496 2 2 1 100058 318 5358 331
5497 2 2 1 100058 331 5358 5562
5498 2 2 1 100058 5358 5359 5562
5499 2 2 1 100058 5562 5359 5563
5500 2 2 1 100058 5359 5360 5563
5501 2 2 1 100058 5563 5360 5564
5502 2 2 1 100058 5360 5361 5564
5503 2 2 1 100058 5564 5361 5565
5504 2 2 1 100058 5361 5362 5565
5505 2 2 1 100058 5565 5362 5566
5506 2 2 1 100058 5362 5363 5566
5507 2 2 1 100058 5566 5363 5567
5508 2 2 1 100058 5363 5364 5567
5509 2 2 1 100058 5567 5364 5568
5510 2 2 1 100058 5364 5365 5568
5511 2 2 1 100058 5568 5365 5569
5512 2 2 1 100058 5365 5366 5569
5513 2 2 1 100058 5569 5366 5570
5514 2 2 1 100058 5366 5367 5570
5515 2 2 1 100058 5570 5367 5571
5516 2 2 1 100058 5367 5368 5571
5517 2 2 1 100058 5571 5368 5572
5518 2 2 1 100058 5368 5369 5572
5519 2 2 1 100058 5572 5369 5573
5520 2 2 1 100058 5369 5370 5573
5521 2 2 1 100058 5573 5370 332
5522 2 2 1 100058 5370 319 332
5523 2 2 1 100059 319 5371 332
5524 2 2 1 100059 332 5371 5574
5525 2 2 1 100059 5371 5372 5574
5526 2 2 1 100059 5574 5372 5575
5527 2 2 1 100059 5372 5373 5575
5528 2 2 1 100059 5575 5373 5576
5529 2 2 1 100059 5373 5374 5576
5530 2 2 1 100059 5576 5374 5577
5531 2 2 1 100059 5374 5375 5577
5532 2 2 1 100059 5577 5375 5578
5533 2 2 1 100059 5375 5376 5578
5534 2 2 1 100059 5578 5376 5579
5535 2 2 1 100059 5376 5377 5579
5536 2 2 1 100059 5579 5377 5580
5537 2 2 1 100059 5377 5378 5580
5538 2 2 1 100059 5580 5378 5581
5539 2 2 1 100059 5378 5379 5581
5540 2 2 1 100059 5581 5379 5582
5541 2 2 1 100059 5379 5380 5582
5542 2 2 1 100059 5582 5380 5583
5543 2 2 1 100059 5380 5381 5583
5544 2 2 1 100059 5583 5381 5584
5545 2 2 1 100059 5381 5382 5584
5546 2 2 1 100059 5584 5382 5585
5547 2 2 1 100059 5382 5383 5585
5548 2 2 1 100059 5585 5383 5586
5549 2 2 1 100059 5383 5384 5586
5550 2 2 1 100059 5586 5384 5587
5551 2 2 1 100059 5384 5385 5587
5552 2 2 1 100059 5587 5385 5588
5553 2 2 1 100059 5385 5386 5588
5554 2 2 1 100059 5588 5386 333
5555 2 2 1 100059 5386 320 333
5556 2 2 1 100060 5390 5391 5592
5557 2 2 1 100060 5592 5391 5593
5558 2 2 1 100060 5392 5393 5594
5559 2 2 1 100060 5594 5393 5595
5560 2 2 1 100060 5393 5596 5595
5561 2 2 1 100060 5393 5394 5596
5562 2 2 1 100060 5597 5395 5598
5563 2 2 1 100060 5395 5396 5598
5564 2 2 1 100060 5600 5399 5601
5565 2 2 1 100060 5600 5398 5399
5566 2 2 1 100060 5601 5399 5602
5567 2 2 1 100060 5399 5400 5602
5568 2 2 1 100060 5602 5400 5603
5569 2 2 1 100060 5400 5401 5603
5570 2 2 1 100060 5401 5402 5603
5571 2 2 1 100060 5603 5402 5604
5572 2 2 1 100060 5604 5402 334
5573 2 2 1 100060 5402 321 334
5574 2 2 1 100060 320 5589 333
5575 2 2 1 100060 320 5387 5589
5576 2 2 1 100060 5590 5387 5388
5577 2 2 1 100060 5589 5387 5590
5578 2 2 1 100060 5389 5590 5388
5579 2 2 1 100060 5591 5590 5389
5580 2 2 1 100060 5390 5591 5389
5581 2 2 1 100060 5592 5591 5390
5582 2 2 1 100060 5594 5391 5392
5583 2 2 1 100060 5594 5593 5391
5584 2 2 1 100060 5397 5598 5396
5585 2 2 1 100060 5599 5598 5397
5586 2 2 1 100060 5600 5397 5398
5587 2 2 1 100060 5599 5397 5600
5588 2 2 1 100060 5597 5394 5395
5589 2 2 1 100060 5596 5394 5597
5590 2 2 1 100061 321 5403 334
5591 2 2 1 100061 334 5403 5605
5592 2 2 1 100061 5605 5403 5606
5593 2 2 1 100061 5403 5404 5606
5594 2 2 1 100061 5607 5405 5608
5595 2 2 1 100061 5405 5406 5608
5596 2 2 1 100061 5609 5408 5610
5597 2 2 1 100061 5609 5407 5408
5598 2 2 1 100061 5409 5612 5611
5599 2 2 1 100061 5409 5410 5612
5600 2 2 1 100061 5411 5412 5613
5601 2 2 1 100061 5613 5412 5614
5602 2 2 1 100061 5412 5413 5614
5603 2 2 1 100061 5614 5413 5615
5604 2 2 1 100061 5413 5616 5615
5605 2 2 1 100061 5413 5414 5616
5606 2 2 1 100061 5415 5618 5617
5607 2 2 1 100061 5415 5416 5618
5608 2 2 1 100061 5620 322 335
5609 2 2 1 100061 5620 5418 322
5610 2 2 1 100061 5405 5606 5404
5611 2 2 1 100061 5607 5606 5405
5612 2 2 1 100061 5609 5406 5407
5613 2 2 1 100061 5608 5406 5609
5614 2 2 1 100061 5409 5610 5408
5615 2 2 1 100061 5611 5610 5409
5616 2 2 1 100061 5411 5612 5410
5617 2 2 1 100061 5613 5612 5411
5618 2 2 1 100061 5617 5414 5415
5619 2 2 1 100061 5616 5414 5617
5620 2 2 1 100061 5619 5416 5417
5621 2 2 1 100061 5618 5416 5619
5622 2 2 1 100061 5620 5417 5418
5623 2 2 1 100061 5620 5619 5417
5624 2 2 1 100062 335 5419 5621
5625 2 2 1 100062 335 322 5419
5626 2 2 1 100062 5419 5420 5621
5627 2 2 1 100062 5621 5420 5622
5628 2 2 1 100062 5420 5421 5622
5629 2 2 1 100062 5622 5421 5623
5630 2 2 1 100062 5421 5422 5623
5631 2 2 1 100062 5623 5422 5624
5632 2 2 1 100062 5422 5423 5624
5633 2 2 1 100062 5624 5423 5625
5634 2 2 1 100062 5423 5424 5625
5635 2 2 1 100062 5625 5424 5626
5636 2 2 1 100062 5424 5425 5626
5637 2 2 1 100062 5626 5425 5627
5638 2 2 1 100062 5425 5426 5627
5639 2 2 1 100062 5627 5426 5628
5640 2 2 1 100062 5426 5427 5628
5641 2 2 1 100062 5628 5427 5629
5642 2 2 1 100062 5427 5428 5629
5643 2 2 1 100062 5629 5428 5630
5644 2 2 1 100062 5428 5429 5630
5645 2 2 1 100062 5630 5429 5631
5646 2 2 1 100062 5429 5430 5631
5647 2 2 1 100062 5631 5430 5632
5648 2 2 1 100062 5430 5431 5632
5649 2 2 1 100062 5632 5431 5633
5650 2 2 1 100062 5431 5432 5633
5651 2 2 1 100062 5633 5432 5634
5652 2 2 1 100062 5432 5433 5634
5653 2 2 1 100062 5634 5433 5635
5654 2 2 1 100062 5433 5434 5635
5655 2 2 1 100062 5635 5434 336
5656 2 2 1 100062 5434 323 336
5657 2 2 1 100063 323 5435 336
5658 2 2 1 100063 336 5435 5636
5659 2 2 1 100063 5435 5436 5636
5660 2 2 1 100063 5636 5436 5637
5661 2 2 1 100063 5436 5437 5637
5662 2 2 1 100063 5637 5437 5638
5663 2 2 1 100063 5437 5438 5638
5664 2 2 1 100063 5638 5438 5639
5665 2 2 1 100063 5438 5439 5639
5666 2 2 1 100063 5639 5439 5640
5667 2 2 1 100063 5439 5440 5640
5668 2 2 1 100063 5640 5440 5641
5669 2 2 1 100063 5440 5441 5641
5670 2 2 1 100063 5641 5441 5642
5671 2 2 1 100063 5441 5442 5642
5672 2 2 1 100063 5642 5442 5643
5673 2 2 1 100063 5442 5443 5643
5674 2 2 1 100063 5643 5443 5644
5675 2 2 1 100063 5443 5444 5644
5676 2 2 1 100063 5644 5444 5645
5677 2 2 1 100063 5444 5445 5645
5678 2 2 1 100063 5645 5445 5646
5679 2 2 1 100063 5445 5446 5646
5680 2 2 1 100063 5646 5446 5647
5681 2 2 1 100063 5446 5447 5647
5682 2 2 1 100063 5647 5447 337
5683 2 2 1 100063 5447 324 337
5684 2 2 1 100064 337 324 5648
5685 2 2 1 100064 324 5448 5648
5686 2 2 1 100064 5651 5451 5652
5687 2 2 1 100064 5451 5452 5652
5688 2 2 1 100064 5453 5654 5653
5689 2 2 1 100064 5453 5454 5654
5690 2 2 1 100064 5454 5455 5654
5691 2 2 1 100064 5654 5455 5655
5692 2 2 1 100064 5455 5456 5655
5693 2 2 1 100064 5655 5456 5656
5694 2 2 1 100064 5656 5456 5657
5695 2 2 1 100064 5456 5457 5657
5696 2 2 1 100064 5458 5659 5658
5697 2 2 1 100064 5458 5459 5659
5698 2 2 1 100064 5660 325 338
5699 2 2 1 100064 5660 5460 325
5700 2 2 1 100064 5649 5448 5449
5701 2 2 1 100064 5649 5648 5448
5702 2 2 1 100064 5650 5449 5450
5703 2 2 1 100064 5649 5449 5650
5704 2 2 1 100064 5451 5650 5450
5705 2 2 1 100064 5651 5650 5451
5706 2 2 1 100064 5653 5452 5453
5707 2 2 1 100064 5652 5452 5653
5708 2 2 1 100064 5658 5457 5458
5709 2 2 1 100064 5658 5657 5457
5710 2 2 1 100064 5460 5659 5459
5711 2 2 1 100064 5660 5659 5460
5712 2 2 1 100065 325 5461 338
5713 2 2 1 100065 338 5461 5661
5714 2 2 1 100065 5461 5462 5661
5715 2 2 1 100065 5661 5462 5662
5716 2 2 1 100065 5462 5463 5662
5717 2 2 1 100065 5662 5463 5663
5718 2 2 1 100065 5463 5464 5663
5719 2 2 1 100065 5663 5464 5664
5720 2 2 1 100065 5464 5465 5664
5721 2 2 1 100065 5664 5465 5665
5722 2 2 1 100065 5465 5466 5665
5723 2 2 1 100065 5665 5466 5666
5724 2 2 1 100065 5466 5467 5666
5725 2 2 1 100065 5666 5467 5667
5726 2 2 1 100065 5467 5468 5667
5727 2 2 1 100065 5667 5468 5668
5728 2 2 1 100065 5468 5469 5668
5729 2 2 1 100065 5668 5469 5669
5730 2 2 1 100065 5469 5470 5669
5731 2 2 1 100065 5669 5470 5670
5732 2 2 1 100065 5470 5471 5670
5733 2 2 1 100065 5670 5471 5671
5734 2 2 1 100065 5471 5472 5671
5735 2 2 1 100065 5671 5472 5672
5736 2 2 1 100065 5472 5473 5672
5737 2 2 1 100065 5672 5473 326
5738 2 2 1 100065 5473 313 326
5739 2 2 1 100066 352 5673 5881
5740 2 2 1 100066 352 339 5673
5741 2 2 1 100066 5673 5674 5881
5742 2 2 1 100066 5881 5674 5882
5743 2 2 1 100066 5674 5675 5882
5744 2 2 1 100066 5882 5675 5883
5745 2 2 1 100066 5675 5676 5883
5746 2 2 1 100066 5883 5676 5884
5747 2 2 1 100066 5676 5677 5884
5748 2 2 1 100066 5884 5677 5885
5749 2 2 1 100066 5677 5678 5885
5750 2 2 1 100066 5885 5678 5886
5751 2 2 1 100066 5678 5679 5886
5752 2 2 1 100066 5886 5679 5887
5753 2 2 1 100066 5679 5680 5887
5754 2 2 1 100066 5887 5680 5888
5755 2 2 1 100066 5680 5681 5888
5756 2 2 1 100066 5888 5681 5889
5757 2 2 1 100066 5681 5682 5889
5758 2 2 1 100066 5889 5682 5890
5759 2 2 1 100066 5682 5683 5890
5760 2 2 1 100066 5890 5683 5891
5761 2 2 1 100066 5683 5684 5891
5762 2 2 1 100066 5891 5684 5892
5763 2 2 1 100066 5684 5685 5892
5764 2 2 1 100066 5892 5685 5893
5765 2 2 1 100066 5685 5686 5893
5766 2 2 1 100066 5893 5686 5894
5767 2 2 1 100066 5686 5687 5894
5768 2 2 1 100066 5894 5687 5895
5769 2 2 1 100066 5687 5688 5895
5770 2 2 1 100066 5895 5688 5896
5771 2 2 1 100066 5688 5689 5896
5772 2 2 1 100066 5896 5689 5897
5773 2 2 1 100066 5689 5690 5897
5774 2 2 1 100066 5897 5690 5898
5775 2 2 1 100066 5690 5691 5898
5776 2 2 1 100066 5898 5691 5899
5777 2 2 1 100066 5691 5692 5899
5778 2 2 1 100066 5899 5692 5900
5779 2 2 1 100066 5692 5693 5900
5780 2 2 1 100066 5900 5693 5901
5781 2 2 1 100066 5693 5694 5901
5782 2 2 1 100066 5901 5694 353
5783 2 2 1 100066 5694 340 353
5784 2 2 1 100067 5907 5701 5908
5785 2 2 1 100067 5907 5700 5701
5786 2 2 1 100067 5701 5909 5908
5787 2 2 1 100067 5701 5702 5909
5788 2 2 1 100067 5910 5704 5911
5789 2 2 1 100067 5910 5703 5704
5790 2 2 1 100067 5705 5706 5912
5791 2 2 1 100067 5912 5706 5913
5792 2 2 1 100067 5914 5707 5915
5793 2 2 1 100067 5707 5708 5915
5794 2 2 1 100067 5709 5917 5916
5795 2 2 1 100067 5709 5710 5917
5796 2 2 1 100067 5919 5712 5920
5797 2 2 1 100067 5712 5713 5920
5798 2 2 1 100067 5713 5714 5920
5799 2 2 1 100067 5920 5714 5921
5800 2 2 1 100067 5921 5715 5922
5801 2 2 1 100067 5921 5714 5715
5802 2 2 1 100067 5715 5923 5922
5803 2 2 1 100067 5715 5716 5923
5804 2 2 1 100067 5923 341 354
5805 2 2 1 100067 5923 5716 341
5806 2 2 1 100067 340 5902 353
5807 2 2 1 100067 340 5695 5902
5808 2 2 1 100067 5903 5695 5696
5809 2 2 1 100067 5902 5695 5903
5810 2 2 1 100067 5697 5903 5696
5811 2 2 1 100067 5904 5903 5697
5812 2 2 1 100067 5698 5904 5697
5813 2 2 1 100067 5905 5904 5698
5814 2 2 1 100067 5699 5905 5698
5815 2 2 1 100067 5906 5905 5699
5816 2 2 1 100067 5700 5906 5699
5817 2 2 1 100067 5907 5906 5700
5818 2 2 1 100067 5910 5702 5703
5819 2 2 1 100067 5910 5909 5702
5820 2 2 1 100067 5705 5911 5704
5821 2 2 1 100067 5912 5911 5705
5822 2 2 1 100067 5914 5706 5707
5823 2 2 1 100067 5913 5706 5914
5824 2 2 1 100067 5916 5708 5709
5825 2 2 1 100067 5915 5708 5916
5826 2 2 1 100067 5918 5710 5711
5827 2 2 1 100067 5918 5917 5710
5828 2 2 1 100067 5919 5711 5712
5829 2 2 1 100067 5919 5918 5711
5830 2 2 1 100068 354 5717 5924
5831 2 2 1 100068 354 341 5717
5832 2 2 1 100068 5717 5718 5924
5833 2 2 1 100068 5924 5718 5925
5834 2 2 1 100068 5718 5719 5925
5835 2 2 1 100068 5925 5719 5926
5836 2 2 1 100068 5719 5720 5926
5837 2 2 1 100068 5926 5720 5927
5838 2 2 1 100068 5720 5721 5927
5839 2 2 1 100068 5927 5721 5928
5840 2 2 1 100068 5721 5722 5928
5841 2 2 1 100068 5928 5722 5929
5842 2 2 1 100068 5722 5723 5929
5843 2 2 1 100068 5929 5723 5930
5844 2 2 1 100068 5723 5724 5930
5845 2 2 1 100068 5930 5724 5931
5846 2 2 1 100068 5724 5725 5931
5847 2 2 1 100068 5931 5725 5932
5848 2 2 1 100068 5725 5726 5932
5849 2 2 1 100068 5932 5726 5933
5850 2 2 1 100068 5726 5727 5933
5851 2 2 1 100068 5933 5727 5934
5852 2 2 1 100068 5727 5728 5934
5853 2 2 1 100068 5934 5728 5935
5854 2 2 1 100068 5728 5729 5935
5855 2 2 1 100068 5935 5729 5936
5856 2 2 1 100068 5729 5730 5936
5857 2 2 1 100068 5936 5730 5937
5858 2 2 1 100068 5730 5731 5937
5859 2 2 1 100068 5937 5731 5938
5860 2 2 1 100068 5731 5732 5938
5861 2 2 1 100068 5938 5732 5939
5862 2 2 1 100068 5732 5733 5939
5863 2 2 1 100068 5939 5733 5940
5864 2 2 1 100068 5733 5734 5940
5865 2 2 1 100068 5940 5734 5941
5866 2 2 1 100068 5734 5735 5941
5867 2 2 1 100068 5941 5735 5942
5868 2 2 1 100068 5735 5736 5942
5869 2 2 1 100068 5942 5736 5943
5870 2 2 1 100068 5736 5737 5943
5871 2 2 1 100068 5943 5737 5944
5872 2 2 1 100068 5737 5738 5944
5873 2 2 1 100068 5944 5738 355
5874 2 2 1 100068 5738 342 355
5875 2 2 1 100069 342 5739 355
5876 2 2 1 100069 355 5739 5945
5877 2 2 1 100069 5739 5740 5945
5878 2 2 1 100069 5945 5740 5946
5879 2 2 1 100069 5740 5741 5946
5880 2 2 1 100069 5946 5741 5947
5881 2 2 1 100069 5741 5742 5947
5882 2 2 1 100069 5947 5742 5948
5883 2 2 1 100069 5742 5743 5948
5884 2 2 1 100069 5948 5743 5949
5885 2 2 1 100069 5743 5744 5949
5886 2 2 1 100069 5949 5744 5950
5887 2 2 1 100069 5744 5745 5950
5888 2 2 1 100069 5950 5745 5951
5889 2 2 1 100069 5745 5746 5951
5890 2 2 1 100069 5951 5746 5952
5891 2 2 1 100069 5746 5747 5952
5892 2 2 1 100069 5952 5747 5953
5893 2 2 1 100069 5747 5748 5953
5894 2 2 1 100069 5953 5748 5954
5895 2 2 1 100069 5748 5749 5954
5896 2 2 1 100069 5954 5749 5955
5897 2 2 1 100069 5749 5750 5955
5898 2 2 1 100069 5955 5750 5956
5899 2 2 1 100069 5750 5751 5956
5900 2 2 1 100069 5956 5751 356
5901 2 2 1 100069 5751 343 356
5902 2 2 1 100070 5962 5757 5963
5903 2 2 1 100070 5757 5758 5963
5904 2 2 1 100070 5963 5758 5964
5905 2 2 1 100070 5758 5759 5964
5906 2 2 1 100070 5964 5760 5965
5907 2 2 1 100070 5964 5759 5760
5908 2 2 1 100070 5967 5763 5968
5909 2 2 1 100070 5967 5762 5763
5910 2 2 1 100070 5763 5969 5968
5911 2 2 1 100070 5763 5764 5969
5912 2 2 1 100070 5752 356 343
5913 2 2 1 100070 5957 356 5752
5914 2 2 1 100070 5958 5752 5753
5915 2 2 1 100070 5957 5752 5958
5916 2 2 1 100070 5959 5753 5754
5917 2 2 1 100070 5958 5753 5959
5918 2 2 1 100070 5755 5959 5754
5919 2 2 1 100070 5960 5959 5755
5920 2 2 1 100070 5961 5755 5756
5921 2 2 1 100070 5960 5755 5961
5922 2 2 1 100070 5962 5756 5757
5923 2 2 1 100070 5961 5756 5962
5924 2 2 1 100070 5761 5965 5760
5925 2 2 1 100070 5966 5965 5761
5926 2 2 1 100070 5762 5966 5761
5927 2 2 1 100070 5967 5966 5762
5928 2 2 1 100070 357 5764 344
5929 2 2 1 100070 5969 5764 357
5930 2 2 1 100071 357 5765 5970
5931 2 2 1 100071 357 344 5765
5932 2 2 1 100071 5765 5766 5970
5933 2 2 1 100071 5970 5766 5971
5934 2 2 1 100071 5766 5767 5971
5935 2 2 1 100071 5971 5767 5972
5936 2 2 1 100071 5767 5768 5972
5937 2 2 1 100071 5972 5768 5973
5938 2 2 1 100071 5768 5769 5973
5939 2 2 1 100071 5973 5769 5974
5940 2 2 1 100071 5769 5770 5974
5941 2 2 1 100071 5974 5770 5975
5942 2 2 1 100071 5770 5771 5975
5943 2 2 1 100071 5975 5771 5976
5944 2 2 1 100071 5771 5772 5976
5945 2 2 1 100071 5976 5772 5977
5946 2 2 1 100071 5772 5773 5977
5947 2 2 1 100071 5977 5773 5978
5948 2 2 1 100071 5773 5774 5978
5949 2 2 1 100071 5978 5774 5979
5950 2 2 1 100071 5774 5775 5979
5951 2 2 1 100071 5979 5775 5980
5952 2 2 1 100071 5775 5776 5980
5953 2 2 1 100071 5980 5776 5981
5954 2 2 1 100071 5776 5777 5981
5955 2 2 1 100071 5981 5777 358
5956 2 2 1 100071 5777 345 358
5957 2 2 1 100072 358 5778 5982
5958 2 2 1 100072 358 345 5778
5959 2 2 1 100072 5983 5780 5984
5960 2 2 1 100072 5983 5779 5780
5961 2 2 1 100072 5781 5782 5985
5962 2 2 1 100072 5985 5782 5986
5963 2 2 1 100072 5986 5783 5987
5964 2 2 1 100072 5986 5782 5783
5965 2 2 1 100072 5784 5785 5988
5966 2 2 1 100072 5988 5785 5989
5967 2 2 1 100072 5990 5787 5991
5968 2 2 1 100072 5990 5786 5787
5969 2 2 1 100072 5791 5792 5995
5970 2 2 1 100072 5995 5792 5996
5971 2 2 1 100072 5792 5793 5996
5972 2 2 1 100072 5996 5793 5997
5973 2 2 1 100072 5779 5982 5778
5974 2 2 1 100072 5983 5982 5779
5975 2 2 1 100072 5781 5984 5780
5976 2 2 1 100072 5985 5984 5781
5977 2 2 1 100072 5784 5987 5783
5978 2 2 1 100072 5988 5987 5784
5979 2 2 1 100072 5786 5989 5785
5980 2 2 1 100072 5990 5989 5786
5981 2 2 1 100072 5788 5991 5787
5982 2 2 1 100072 5992 5991 5788
5983 2 2 1 100072 5789 5992 5788
5984 2 2 1 100072 5993 5992 5789
5985 2 2 1 100072 5790 5993 5789
5986 2 2 1 100072 5994 5993 5790
5987 2 2 1 100072 5791 5994 5790
5988 2 2 1 100072 5995 5994 5791
5989 2 2 1 100072 5997 346 359
5990 2 2 1 100072 5997 5793 346
5991 2 2 1 100073 5794 5795 5998
5992 2 2 1 100073 5998 5795 5999
5993 2 2 1 100073 5796 5797 6000
5994 2 2 1 100073 6000 5797 6001
5995 2 2 1 100073 6001 5798 6002
5996 2 2 1 100073 6001 5797 5798
5997 2 2 1 100073 6002 5798 6003
5998 2 2 1 100073 5798 5799 6003
5999 2 2 1 100073 6003 5800 6004
6000 2 2 1 100073 6003 5799 5800
6001 2 2 1 100073 6004 5800 6005
6002 2 2 1 100073 5800 5801 6005
6003 2 2 1 100073 5801 6006 6005
6004 2 2 1 100073 5801 5802 6006
6005 2 2 1 100073 5802 5803 6006
6006 2 2 1 100073 6006 5803 6007
6007 2 2 1 100073 6007 5803 6008
6008 2 2 1 100073 5803 5804 6008
6009 2 2 1 100073 6008 5804 6009
6010 2 2 1 100073 5804 5805 6009
6011 2 2 1 100073 5806 6011 6010
6012 2 2 1 100073 5806 5807 6011
6013 2 2 1 100073 6011 5808 6012
6014 2 2 1 100073 6011 5807 5808
6015 2 2 1 100073 5808 5809 6013
6016 2 2 1 100073 5808 6013 6012
6017 2 2 1 100073 346 5998 359
6018 2 2 1 100073 5794 5998 346
6019 2 2 1 100073 5806 6009 5805
6020 2 2 1 100073 6010 6009 5806
6021 2 2 1 100073 360 5809 347
6022 2 2 1 100073 360 6013 5809
6023 2 2 1 100073 5796 5999 5795
6024 2 2 1 100073 6000 5999 5796
6025 2 2 1 100074 347 6014 360
6026 2 2 1 100074 347 5810 6014
6027 2 2 1 100074 5810 5811 6014
6028 2 2 1 100074 6014 5811 6015
6029 2 2 1 100074 5814 5815 6018
6030 2 2 1 100074 6018 5815 6019
6031 2 2 1 100074 6019 5815 6020
6032 2 2 1 100074 5815 5816 6020
6033 2 2 1 100074 5816 5817 6020
6034 2 2 1 100074 6020 5817 6021
6035 2 2 1 100074 5817 5818 6021
6036 2 2 1 100074 6021 5818 6022
6037 2 2 1 100074 6022 5819 6023
6038 2 2 1 100074 6022 5818 5819
6039 2 2 1 100074 6023 5819 6024
6040 2 2 1 100074 5819 5820 6024
6041 2 2 1 100074 5820 5821 6024
6042 2 2 1 100074 6024 5821 6025
6043 2 2 1 100074 6025 5822 6026
6044 2 2 1 100074 6025 5821 5822
6045 2 2 1 100074 6027 5823 6028
6046 2 2 1 100074 5823 5824 6028
6047 2 2 1 100074 5824 5825 6029
6048 2 2 1 100074 5824 6029 6028
6049 2 2 1 100074 6029 348 361
6050 2 2 1 100074 6029 5825 348
6051 2 2 1 100074 5813 6016 5812
6052 2 2 1 100074 6017 6016 5813
6053 2 2 1 100074 5814 6017 5813
6054 2 2 1 100074 6018 6017 5814
6055 2 2 1 100074 5823 6026 5822
6056 2 2 1 100074 6027 6026 5823
6057 2 2 1 100074 6016 5811 5812
6058 2 2 1 100074 6015 5811 6016
6059 2 2 1 100075 348 5826 6030
6060 2 2 1 100075 348 6030 361
6061 2 2 1 100075 6030 5826 6031
6062 2 2 1 100075 5826 5827 6031
6063 2 2 1 100075 6033 5829 6034
6064 2 2 1 100075 5829 5830 6034
6065 2 2 1 100075 5831 6036 6035
6066 2 2 1 100075 5831 5832 6036
6067 2 2 1 100075 6036 5832 6037
6068 2 2 1 100075 5832 5833 6037
6069 2 2 1 100075 6038 5834 6039
6070 2 2 1 100075 5834 5835 6039
6071 2 2 1 100075 5836 6041 6040
6072 2 2 1 100075 5836 5837 6041
6073 2 2 1 100075 5837 6042 6041
6074 2 2 1 100075 5837 5838 6042
6075 2 2 1 100075 6044 5840 6045
6076 2 2 1 100075 5840 5841 6045
6077 2 2 1 100075 6045 5841 362
6078 2 2 1 100075 5841 349 362
6079 2 2 1 100075 6032 5827 5828
6080 2 2 1 100075 6032 6031 5827
6081 2 2 1 100075 6033 5828 5829
6082 2 2 1 100075 6032 5828 6033
6083 2 2 1 100075 6035 5830 5831
6084 2 2 1 100075 6035 6034 5830
6085 2 2 1 100075 6038 5833 5834
6086 2 2 1 100075 6038 6037 5833
6087 2 2 1 100075 6040 5835 5836
6088 2 2 1 100075 6040 6039 5835
6089 2 2 1 100075 6043 5838 5839
6090 2 2 1 100075 6042 5838 6043
6091 2 2 1 100075 6044 5839 5840
6092 2 2 1 100075 6043 5839 6044
6093 2 2 1 100076 349 5842 362
6094 2 2 1 100076 362 5842 6046
6095 2 2 1 100076 5842 5843 6046
6096 2 2 1 100076 6046 5843 6047
6097 2 2 1 100076 5843 5844 6047
6098 2 2 1 100076 6047 5844 6048
6099 2 2 1 100076 5844 5845 6048
6100 2 2 1 100076 6048 5845 6049
6101 2 2 1 100076 5845 5846 6049
6102 2 2 1 100076 6049 5846 6050
6103 2 2 1 100076 5846 5847 6050
6104 2 2 1 100076 6050 5847 6051
6105 2 2 1 100076 5847 5848 6051
6106 2 2 1 100076 6051 5848 6052
6107 2 2 1 100076 5848 5849 6052
6108 2 2 1 100076 6052 5849 6053
6109 2 2 1 100076 5849 5850 6053
6110 2 2 1 100076 6053 5850 6054
6111 2 2 1 100076 5850 5851 6054
6112 2 2 1 100076 6054 5851 6055
6113 2 2 1 100076 5851 5852 6055
6114 2 2 1 100076 6055 5852 6056
6115 2 2 1 100076 5852 5853 6056
6116 2 2 1 100076 6056 5853 6057
6117 2 2 1 100076 5853 5854 6057
6118 2 2 1 100076 6057 5854 363
6119 2 2 1 100076 5854 350 363
6120 2 2 1 100077 350 5855 363
6121 2 2 1 100077 363 5855 6058
6122 2 2 1 100077 5855 6059 6058
6123 2 2 1 100077 5855 5856 6059
6124 2 2 1 100077 6060 5858 6061
6125 2 2 1 100077 6060 5857 5858
6126 2 2 1 100077 6062 5859 6063
6127 2 2 1 100077 5859 5860 6063
6128 2 2 1 100077 5860 5861 6063
6129 2 2 1 100077 6063 5861 6064
6130 2 2 1 100077 5861 5862 6064
6131 2 2 1 100077 6064 5862 6065
6132 2 2 1 100077 5866 5867 6069
6133 2 2 1 100077 6069 5867 6070
6134 2 2 1 100077 6060 5856 5857
6135 2 2 1 100077 6060 6059 5856
6136 2 2 1 100077 5859 6061 5858
6137 2 2 1 100077 5859 6062 6061
6138 2 2 1 100077 5863 6065 5862
6139 2 2 1 100077 6066 6065 5863
6140 2 2 1 100077 6068 5864 5865
6141 2 2 1 100077 6068 6067 5864
6142 2 2 1 100077 6069 5865 5866
6143 2 2 1 100077 6068 5865 6069
6144 2 2 1 100077 6070 351 364
6145 2 2 1 100077 6070 5867 351
6146 2 2 1 100077 6067 5863 5864
6147 2 2 1 100077 6066 5863 6067
6148 2 2 1 100078 364 5868 6071
6149 2 2 1 100078 364 351 5868
6150 2 2 1 100078 5868 5869 6071
6151 2 2 1 100078 6071 5869 6072
6152 2 2 1 100078 5869 5870 6072
6153 2 2 1 100078 6072 5870 6073
6154 2 2 1 100078 5870 5871 6073
6155 2 2 1 100078 6073 5871 6074
6156 2 2 1 100078 5871 5872 6074
6157 2 2 1 100078 6074 5872 6075
6158 2 2 1 100078 5872 5873 6075
6159 2 2 1 100078 6075 5873 6076
6160 2 2 1 100078 5873 5874 6076
6161 2 2 1 100078 6076 5874 6077
6162 2 2 1 100078 5874 5875 6077
6163 2 2 1 100078 6077 5875 6078
6164 2 2 1 100078 5875 5876 6078
6165 2 2 1 100078 6078 5876 6079
6166 2 2 1 100078 5876 5877 6079
6167 2 2 1 100078 6079 5877 6080
6168 2 2 1 100078 5877 5878 6080
6169 2 2 1 100078 6080 5878 6081
6170 2 2 1 100078 5878 5879 6081
6171 2 2 1 100078 6081 5879 6082
6172 2 2 1 100078 5879 5880 6082
6173 2 2 1 100078 6082 5880 352
6174 2 2 1 100078 5880 339 352
6175 2 2 1 100079 6083 6084 6288
6176 2 2 1 100079 6288 6084 6289
6177 2 2 1 100079 6289 6085 6290
6178 2 2 1 100079 6289 6084 6085
6179 2 2 1 100079 6291 6087 6292
6180 2 2 1 100079 6291 6086 6087
6181 2 2 1 100079 6087 6088 6292
6182 2 2 1 100079 6292 6088 6293
6183 2 2 1 100079 6294 6090 6295
6184 2 2 1 100079 6294 6089 6090
6185 2 2 1 100079 6296 6092 6297
6186 2 2 1 100079 6296 6091 6092
6187 2 2 1 100079 6096 6097 6301
6188 2 2 1 100079 6301 6097 6302
6189 2 2 1 100079 6098 6099 6303
6190 2 2 1 100079 6303 6099 6304
6191 2 2 1 100079 6100 6101 6305
6192 2 2 1 100079 6305 6101 6306
6193 2 2 1 100079 6102 6103 6307
6194 2 2 1 100079 6307 6103 6308
6195 2 2 1 100079 6083 378 365
6196 2 2 1 100079 6288 378 6083
6197 2 2 1 100079 6086 6290 6085
6198 2 2 1 100079 6291 6290 6086
6199 2 2 1 100079 6089 6293 6088
6200 2 2 1 100079 6294 6293 6089
6201 2 2 1 100079 6091 6295 6090
6202 2 2 1 100079 6296 6295 6091
6203 2 2 1 100079 6093 6297 6092
6204 2 2 1 100079 6298 6297 6093
6205 2 2 1 100079 6094 6298 6093
6206 2 2 1 100079 6299 6298 6094
6207 2 2 1 100079 6095 6299 6094
6208 2 2 1 100079 6300 6299 6095
6209 2 2 1 100079 6096 6300 6095
6210 2 2 1 100079 6301 6300 6096
6211 2 2 1 100079 6098 6302 6097
6212 2 2 1 100079 6303 6302 6098
6213 2 2 1 100079 6100 6304 6099
6214 2 2 1 100079 6305 6304 6100
6215 2 2 1 100079 6102 6306 6101
6216 2 2 1 100079 6307 6306 6102
6217 2 2 1 100079 6308 366 379
6218 2 2 1 100079 6308 6103 366
6219 2 2 1 100080 6310 6106 6311
6220 2 2 1 100080 6310 6105 6106
6221 2 2 1 100080 6311 6106 6312
6222 2 2 1 100080 6106 6107 6312
6223 2 2 1 100080 6313 6108 6314
6224 2 2 1 100080 6108 6109 6314
6225 2 2 1 100080 6314 6109 6315
6226 2 2 1 100080 6109 6110 6315
6227 2 2 1 100080 6110 6111 6315
6228 2 2 1 100080 6315 6111 6316
6229 2 2 1 100080 6319 6114 6320
6230 2 2 1 100080 6114 6115 6320
6231 2 2 1 100080 6320 6116 6321
6232 2 2 1 100080 6320 6115 6116
6233 2 2 1 100080 6322 6117 6323
6234 2 2 1 100080 6117 6118 6323
6235 2 2 1 100080 6118 6119 6323
6236 2 2 1 100080 6323 6119 6324
6237 2 2 1 100080 6119 6325 6324
6238 2 2 1 100080 6119 6120 6325
6239 2 2 1 100080 6325 6120 6326
6240 2 2 1 100080 6120 6121 6326
6241 2 2 1 100080 6328 6123 6329
6242 2 2 1 100080 6123 6124 6329
6243 2 2 1 100080 6124 367 6329
6244 2 2 1 100080 6329 367 380
6245 2 2 1 100080 6104 379 366
6246 2 2 1 100080 6309 379 6104
6247 2 2 1 100080 6310 6104 6105
6248 2 2 1 100080 6309 6104 6310
6249 2 2 1 100080 6313 6107 6108
6250 2 2 1 100080 6312 6107 6313
6251 2 2 1 100080 6112 6316 6111
6252 2 2 1 100080 6317 6316 6112
6253 2 2 1 100080 6113 6317 6112
6254 2 2 1 100080 6318 6317 6113
6255 2 2 1 100080 6319 6113 6114
6256 2 2 1 100080 6318 6113 6319
6257 2 2 1 100080 6117 6321 6116
6258 2 2 1 100080 6322 6321 6117
6259 2 2 1 100080 6327 6121 6122
6260 2 2 1 100080 6326 6121 6327
6261 2 2 1 100080 6123 6327 6122
6262 2 2 1 100080 6328 6327 6123
6263 2 2 1 100081 380 367 6330
6264 2 2 1 100081 367 6125 6330
6265 2 2 1 100081 6126 6332 6331
6266 2 2 1 100081 6126 6127 6332
6267 2 2 1 100081 6129 6335 6334
6268 2 2 1 100081 6129 6130 6335
6269 2 2 1 100081 6335 6130 6336
6270 2 2 1 100081 6130 6131 6336
6271 2 2 1 100081 6132 6338 6337
6272 2 2 1 100081 6132 6133 6338
6273 2 2 1 100081 6135 6341 6340
6274 2 2 1 100081 6135 6136 6341
6275 2 2 1 100081 6342 6137 6343
6276 2 2 1 100081 6137 6138 6343
6277 2 2 1 100081 6345 6140 6346
6278 2 2 1 100081 6140 6141 6346
6279 2 2 1 100081 6346 6141 6347
6280 2 2 1 100081 6141 6142 6347
6281 2 2 1 100081 6349 6144 6350
6282 2 2 1 100081 6144 6145 6350
6283 2 2 1 100081 6350 6145 381
6284 2 2 1 100081 6145 368 381
6285 2 2 1 100081 6331 6125 6126
6286 2 2 1 100081 6331 6330 6125
6287 2 2 1 100081 6333 6127 6128
6288 2 2 1 100081 6333 6332 6127
6289 2 2 1 100081 6334 6128 6129
6290 2 2 1 100081 6333 6128 6334
6291 2 2 1 100081 6337 6131 6132
6292 2 2 1 100081 6337 6336 6131
6293 2 2 1 100081 6339 6133 6134
6294 2 2 1 100081 6338 6133 6339
6295 2 2 1 100081 6340 6134 6135
6296 2 2 1 100081 6340 6339 6134
6297 2 2 1 100081 6342 6136 6137
6298 2 2 1 100081 6341 6136 6342
6299 2 2 1 100081 6344 6138 6139
6300 2 2 1 100081 6344 6343 6138
6301 2 2 1 100081 6345 6139 6140
6302 2 2 1 100081 6344 6139 6345
6303 2 2 1 100081 6348 6142 6143
6304 2 2 1 100081 6348 6347 6142
6305 2 2 1 100081 6349 6143 6144
6306 2 2 1 100081 6349 6348 6143
6307 2 2 1 100082 368 6146 381
6308 2 2 1 100082 381 6146 6351
6309 2 2 1 100082 6146 6147 6351
6310 2 2 1 100082 6351 6147 6352
6311 2 2 1 100082 6147 6148 6352
6312 2 2 1 100082 6352 6148 6353
6313 2 2 1 100082 6148 6149 6353
6314 2 2 1 100082 6353 6149 6354
6315 2 2 1 100082 6149 6150 6354
6316 2 2 1 100082 6354 6150 6355
6317 2 2 1 100082 6150 6151 6355
6318 2 2 1 100082 6355 6151 6356
6319 2 2 1 100082 6151 6152 6356
6320 2 2 1 100082 6356 6152 6357
6321 2 2 1 100082 6152 6153 6357
6322 2 2 1 100082 6357 6153 6358
6323 2 2 1 100082 6153 6154 6358
6324 2 2 1 100082 6358 6154 6359
6325 2 2 1 100082 6154 6155 6359
6326 2 2 1 100082 6359 6155 6360
6327 2 2 1 100082 6155 6156 6360
6328 2 2 1 100082 6360 6156 6361
6329 2 2 1 100082 6156 6157 6361
6330 2 2 1 100082 6361 6157 6362
6331 2 2 1 100082 6157 6158 6362
6332 2 2 1 100082 6362 6158 382
6333 2 2 1 100082 6158 369 382
6334 2 2 1 100083 369 6159 382
6335 2 2 1 100083 382 6159 6363
6336 2 2 1 100083 6367 6164 6368
6337 2 2 1 100083 6367 6163 6164
6338 2 2 1 100083 6369 6165 6370
6339 2 2 1 100083 6165 6166 6370
6340 2 2 1 100083 6371 6168 6372
6341 2 2 1 100083 6371 6167 6168
6342 2 2 1 100083 6374 6170 6375
6343 2 2 1 100083 6170 6171 6375
6344 2 2 1 100083 6375 370 383
6345 2 2 1 100083 6375 6171 370
6346 2 2 1 100083 6160 6363 6159
6347 2 2 1 100083 6364 6363 6160
6348 2 2 1 100083 6365 6160 6161
6349 2 2 1 100083 6364 6160 6365
6350 2 2 1 100083 6162 6365 6161
6351 2 2 1 100083 6366 6365 6162
6352 2 2 1 100083 6163 6366 6162
6353 2 2 1 100083 6367 6366 6163
6354 2 2 1 100083 6369 6164 6165
6355 2 2 1 100083 6369 6368 6164
6356 2 2 1 100083 6167 6370 6166
6357 2 2 1 100083 6371 6370 6167
6358 2 2 1 100083 6169 6372 6168
6359 2 2 1 100083 6373 6372 6169
6360 2 2 1 100083 6374 6169 6170
6361 2 2 1 100083 6374 6373 6169
6362 2 2 1 100084 370 6172 383
6363 2 2 1 100084 383 6172 6376
6364 2 2 1 100084 6172 6173 6376
6365 2 2 1 100084 6376 6173 6377
6366 2 2 1 100084 6173 6174 6377
6367 2 2 1 100084 6377 6174 6378
6368 2 2 1 100084 6174 6175 6378
6369 2 2 1 100084 6378 6175 6379
6370 2 2 1 100084 6175 6176 6379
6371 2 2 1 100084 6379 6176 6380
6372 2 2 1 100084 6176 6177 6380
6373 2 2 1 100084 6380 6177 6381
6374 2 2 1 100084 6177 6178 6381
6375 2 2 1 100084 6381 6178 6382
6376 2 2 1 100084 6178 6179 6382
6377 2 2 1 100084 6382 6179 6383
6378 2 2 1 100084 6179 6180 6383
6379 2 2 1 100084 6383 6180 6384
6380 2 2 1 100084 6180 6181 6384
6381 2 2 1 100084 6384 6181 6385
6382 2 2 1 100084 6181 6182 6385
6383 2 2 1 100084 6385 6182 6386
6384 2 2 1 100084 6182 6183 6386
6385 2 2 1 100084 6386 6183 6387
6386 2 2 1 100084 6183 6184 6387
6387 2 2 1 100084 6387 6184 384
6388 2 2 1 100084 6184 371 384
6389 2 2 1 100085 371 6185 384
6390 2 2 1 100085 384 6185 6388
6391 2 2 1 100085 6185 6186 6388
6392 2 2 1 100085 6388 6186 6389
6393 2 2 1 100085 6186 6187 6389
6394 2 2 1 100085 6389 6187 6390
6395 2 2 1 100085 6187 6188 6390
6396 2 2 1 100085 6390 6188 6391
6397 2 2 1 100085 6188 6189 6391
6398 2 2 1 100085 6391 6189 6392
6399 2 2 1 100085 6189 6190 6392
6400 2 2 1 100085 6392 6190 6393
6401 2 2 1 100085 6190 6191 6393
6402 2 2 1 100085 6393 6191 6394
6403 2 2 1 100085 6191 6192 6394
6404 2 2 1 100085 6394 6192 6395
6405 2 2 1 100085 6192 6193 6395
6406 2 2 1 100085 6395 6193 6396
6407 2 2 1 100085 6193 6194 6396
6408 2 2 1 100085 6396 6194 6397
6409 2 2 1 100085 6194 6195 6397
6410 2 2 1 100085 6397 6195 6398
6411 2 2 1 100085 6195 6196 6398
6412 2 2 1 100085 6398 6196 6399
6413 2 2 1 100085 6196 6197 6399
6414 2 2 1 100085 6399 6197 6400
6415 2 2 1 100085 6197 6198 6400
6416 2 2 1 100085 6400 6198 6401
6417 2 2 1 100085 6198 6199 6401
6418 2 2 1 100085 6401 6199 6402
6419 2 2 1 100085 6199 6200 6402
6420 2 2 1 100085 6402 6200 385
6421 2 2 1 100085 6200 372 385
6422 2 2 1 100086 6403 6201 6404
6423 2 2 1 100086 6201 6202 6404
6424 2 2 1 100086 6404 6203 6405
6425 2 2 1 100086 6404 6202 6203
6426 2 2 1 100086 6405 6204 6406
6427 2 2 1 100086 6405 6203 6204
6428 2 2 1 100086 6413 6211 6414
6429 2 2 1 100086 6211 6212 6414
6430 2 2 1 100086 6216 386 6418
6431 2 2 1 100086 6216 373 386
6432 2 2 1 100086 372 6403 385
6433 2 2 1 100086 372 6201 6403
6434 2 2 1 100086 6205 6406 6204
6435 2 2 1 100086 6407 6406 6205
6436 2 2 1 100086 6408 6205 6206
6437 2 2 1 100086 6408 6407 6205
6438 2 2 1 100086 6207 6408 6206
6439 2 2 1 100086 6409 6408 6207
6440 2 2 1 100086 6410 6207 6208
6441 2 2 1 100086 6410 6409 6207
6442 2 2 1 100086 6412 6209 6210
6443 2 2 1 100086 6411 6209 6412
6444 2 2 1 100086 6211 6412 6210
6445 2 2 1 100086 6413 6412 6211
6446 2 2 1 100086 6213 6414 6212
6447 2 2 1 100086 6415 6414 6213
6448 2 2 1 100086 6416 6213 6214
6449 2 2 1 100086 6415 6213 6416
6450 2 2 1 100086 6417 6214 6215
6451 2 2 1 100086 6417 6416 6214
6452 2 2 1 100086 6216 6417 6215
6453 2 2 1 100086 6418 6417 6216
6454 2 2 1 100086 6411 6208 6209
6455 2 2 1 100086 6410 6208 6411
6456 2 2 1 100087 6421 6219 6422
6457 2 2 1 100087 6219 6220 6422
6458 2 2 1 100087 6423 6222 6424
6459 2 2 1 100087 6423 6221 6222
6460 2 2 1 100087 6428 6227 6429
6461 2 2 1 100087 6428 6226 6227
6462 2 2 1 100087 6227 6430 6429
6463 2 2 1 100087 6227 6228 6430
6464 2 2 1 100087 6430 6228 6431
6465 2 2 1 100087 6228 6229 6431
6466 2 2 1 100087 6432 6230 6433
6467 2 2 1 100087 6230 6231 6433
6468 2 2 1 100087 6433 6231 6434
6469 2 2 1 100087 6231 6232 6434
6470 2 2 1 100087 6217 386 373
6471 2 2 1 100087 6419 386 6217
6472 2 2 1 100087 6420 6217 6218
6473 2 2 1 100087 6420 6419 6217
6474 2 2 1 100087 6219 6420 6218
6475 2 2 1 100087 6421 6420 6219
6476 2 2 1 100087 6423 6220 6221
6477 2 2 1 100087 6423 6422 6220
6478 2 2 1 100087 6425 6222 6223
6479 2 2 1 100087 6424 6222 6425
6480 2 2 1 100087 6426 6223 6224
6481 2 2 1 100087 6425 6223 6426
6482 2 2 1 100087 6225 6426 6224
6483 2 2 1 100087 6427 6426 6225
6484 2 2 1 100087 6226 6427 6225
6485 2 2 1 100087 6428 6427 6226
6486 2 2 1 100087 6432 6229 6230
6487 2 2 1 100087 6432 6431 6229
6488 2 2 1 100087 6434 374 387
6489 2 2 1 100087 6434 6232 374
6490 2 2 1 100088 387 6233 6435
6491 2 2 1 100088 387 374 6233
6492 2 2 1 100088 6233 6234 6435
6493 2 2 1 100088 6435 6234 6436
6494 2 2 1 100088 6234 6235 6436
6495 2 2 1 100088 6436 6235 6437
6496 2 2 1 100088 6235 6236 6437
6497 2 2 1 100088 6437 6236 6438
6498 2 2 1 100088 6236 6237 6438
6499 2 2 1 100088 6438 6237 6439
6500 2 2 1 100088 6237 6238 6439
6501 2 2 1 100088 6439 6238 6440
6502 2 2 1 100088 6238 6239 6440
6503 2 2 1 100088 6440 6239 6441
6504 2 2 1 100088 6239 6240 6441
6505 2 2 1 100088 6441 6240 6442
6506 2 2 1 100088 6240 6241 6442
6507 2 2 1 100088 6442 6241 6443
6508 2 2 1 100088 6241 6242 6443
6509 2 2 1 100088 6443 6242 6444
6510 2 2 1 100088 6242 6243 6444
6511 2 2 1 100088 6444 6243 6445
6512 2 2 1 100088 6243 6244 6445
6513 2 2 1 100088 6445 6244 6446
6514 2 2 1 100088 6244 6245 6446
6515 2 2 1 100088 6446 6245 6447
6516 2 2 1 100088 6245 6246 6447
6517 2 2 1 100088 6447 6246 6448
6518 2 2 1 100088 6246 6247 6448
6519 2 2 1 100088 6448 6247 6449
6520 2 2 1 100088 6247 6248 6449
6521 2 2 1 100088 6449 6248 388
6522 2 2 1 100088 6248 375 388
6523 2 2 1 100089 375 6249 388
6524 2 2 1 100089 388 6249 6450
6525 2 2 1 100089 6249 6250 6450
6526 2 2 1 100089 6450 6250 6451
6527 2 2 1 100089 6250 6251 6451
6528 2 2 1 100089 6451 6251 6452
6529 2 2 1 100089 6251 6252 6452
6530 2 2 1 100089 6452 6252 6453
6531 2 2 1 100089 6252 6253 6453
6532 2 2 1 100089 6453 6253 6454
6533 2 2 1 100089 6253 6254 6454
6534 2 2 1 100089 6454 6254 6455
6535 2 2 1 100089 6254 6255 6455
6536 2 2 1 100089 6455 6255 6456
6537 2 2 1 100089 6255 6256 6456
6538 2 2 1 100089 6456 6256 6457
6539 2 2 1 100089 6256 6257 6457
6540 2 2 1 100089 6457 6257 6458
6541 2 2 1 100089 6257 6258 6458
6542 2 2 1 100089 6458 6258 6459
6543 2 2 1 100089 6258 6259 6459
6544 2 2 1 100089 6459 6259 6460
6545 2 2 1 100089 6259 6260 6460
6546 2 2 1 100089 6460 6260 6461
6547 2 2 1 100089 6260 6261 6461
6548 2 2 1 100089 6461 6261 389
6549 2 2 1 100089 6261 376 389
6550 2 2 1 100090 389 376 6462
6551 2 2 1 100090 376 6262 6462
6552 2 2 1 100090 6262 6463 6462
6553 2 2 1 100090 6262 6263 6463
6554 2 2 1 100090 6463 6263 6464
6555 2 2 1 100090 6263 6264 6464
6556 2 2 1 100090 6264 6265 6464
6557 2 2 1 100090 6464 6265 6465
6558 2 2 1 100090 6465 6265 6466
6559 2 2 1 100090 6265 6266 6466
6560 2 2 1 100090 6467 6267 6468
6561 2 2 1 100090 6267 6268 6468
6562 2 2 1 100090 6268 6269 6468
6563 2 2 1 100090 6468 6269 6469
6564 2 2 1 100090 6270 6471 6470
6565 2 2 1 100090 6270 6271 6471
6566 2 2 1 100090 6274 377 6474
6567 2 2 1 100090 6474 377 390
6568 2 2 1 100090 6467 6266 6267
6569 2 2 1 100090 6467 6466 6266
6570 2 2 1 100090 6270 6469 6269
6571 2 2 1 100090 6470 6469 6270
6572 2 2 1 100090 6472 6271 6272
6573 2 2 1 100090 6472 6471 6271
6574 2 2 1 100090 6473 6272 6273
6575 2 2 1 100090 6472 6272 6473
6576 2 2 1 100090 6274 6473 6273
6577 2 2 1 100090 6474 6473 6274
6578 2 2 1 100091 390 6275 6475
6579 2 2 1 100091 390 377 6275
6580 2 2 1 100091 6275 6276 6475
6581 2 2 1 100091 6475 6276 6476
6582 2 2 1 100091 6276 6277 6476
6583 2 2 1 100091 6476 6277 6477
6584 2 2 1 100091 6277 6278 6477
6585 2 2 1 100091 6477 6278 6478
6586 2 2 1 100091 6278 6279 6478
6587 2 2 1 100091 6478 6279 6479
6588 2 2 1 100091 6279 6280 6479
6589 2 2 1 100091 6479 6280 6480
6590 2 2 1 100091 6280 6281 6480
6591 2 2 1 100091 6480 6281 6481
6592 2 2 1 100091 6281 6282 6481
6593 2 2 1 100091 6481 6282 6482
6594 2 2 1 100091 6282 6283 6482
6595 2 2 1 100091 6482 6283 6483
6596 2 2 1 100091 6283 6284 6483
6597 2 2 1 100091 6483 6284 6484
6598 2 2 1 100091 6284 6285 6484
6599 2 2 1 100091 6484 6285 6485
6600 2 2 1 100091 6285 6286 6485
6601 2 2 1 100091 6485 6286 6486
6602 2 2 1 100091 6286 6287 6486
6603 2 2 1 100091 6486 6287 378
6604 2 2 1 100091 6287 365 378
6605 2 2 1 100092 391 6487 404
6606 2 2 1 100092 404 6487 6695
6607 2 2 1 100092 6487 6488 6695
6608 2 2 1 100092 6695 6488 6696
6609 2 2 1 100092 6488 6489 6696
6610 2 2 1 100092 6696 6489 6697
6611 2 2 1 100092 6489 6490 6697
6612 2 2 1 100092 6697 6490 6698
6613 2 2 1 100092 6490 6491 6698
6614 2 2 1 100092 6698 6491 6699
6615 2 2 1 100092 6491 6492 6699
6616 2 2 1 100092 6699 6492 6700
6617 2 2 1 100092 6492 6493 6700
6618 2 2 1 100092 6700 6493 6701
6619 2 2 1 100092 6493 6494 6701
6620 2 2 1 100092 6701 6494 6702
6621 2 2 1 100092 6494 6495 6702
6622 2 2 1 100092 6702 6495 6703
6623 2 2 1 100092 6495 6496 6703
6624 2 2 1 100092 6703 6496 6704
6625 2 2 1 100092 6496 6497 6704
6626 2 2 1 100092 6704 6497 6705
6627 2 2 1 100092 6497 6498 6705
6628 2 2 1 100092 6705 6498 6706
6629 2 2 1 100092 6498 6499 6706
6630 2 2 1 100092 6706 6499 6707
6631 2 2 1 100092 6499 6500 6707
6632 2 2 1 100092 6707 6500 6708
6633 2 2 1 100092 6500 6501 6708
6634 2 2 1 100092 6708 6501 6709
6635 2 2 1 100092 6501 6502 6709
6636 2 2 1 100092 6709 6502 6710
6637 2 2 1 100092 6502 6503 6710
6638 2 2 1 100092 6710 6503 6711
6639 2 2 1 100092 6503 6504 6711
6640 2 2 1 100092 6711 6504 6712
6641 2 2 1 100092 6504 6505 6712
6642 2 2 1 100092 6712 6505 6713
6643 2 2 1 100092 6505 6506 6713
6644 2 2 1 100092 6713 6506 6714
6645 2 2 1 100092 6506 6507 6714
6646 2 2 1 100092 6714 6507 6715
6647 2 2 1 100092 6507 6508 6715
6648 2 2 1 100092 6715 6508 405
6649 2 2 1 100092 6508 392 405
6650 2 2 1 100093 6510 6511 6717
6651 2 2 1 100093 6717 6511 6718
6652 2 2 1 100093 6719 6513 6720
6653 2 2 1 100093 6719 6512 6513
6654 2 2 1 100093 6514 6515 6722
6655 2 2 1 100093 6514 6722 6721
6656 2 2 1 100093 6521 6729 6728
6657 2 2 1 100093 6521 6522 6729
6658 2 2 1 100093 6522 6730 6729
6659 2 2 1 100093 6522 6523 6730
6660 2 2 1 100093 6523 6731 6730
6661 2 2 1 100093 6523 6524 6731
6662 2 2 1 100093 6526 6734 6733
6663 2 2 1 100093 6526 6527 6734
6664 2 2 1 100093 6527 6528 6734
6665 2 2 1 100093 6734 6528 6735
6666 2 2 1 100093 6736 6529 6737
6667 2 2 1 100093 6529 6530 6737
6668 2 2 1 100093 6530 393 6737
6669 2 2 1 100093 6737 393 406
6670 2 2 1 100093 392 6716 405
6671 2 2 1 100093 392 6509 6716
6672 2 2 1 100093 6717 6509 6510
6673 2 2 1 100093 6717 6716 6509
6674 2 2 1 100093 6512 6718 6511
6675 2 2 1 100093 6719 6718 6512
6676 2 2 1 100093 6721 6513 6514
6677 2 2 1 100093 6721 6720 6513
6678 2 2 1 100093 6723 6515 6516
6679 2 2 1 100093 6723 6722 6515
6680 2 2 1 100093 6724 6516 6517
6681 2 2 1 100093 6723 6516 6724
6682 2 2 1 100093 6518 6724 6517
6683 2 2 1 100093 6725 6724 6518
6684 2 2 1 100093 6519 6725 6518
6685 2 2 1 100093 6726 6725 6519
6686 2 2 1 100093 6520 6726 6519
6687 2 2 1 100093 6727 6726 6520
6688 2 2 1 100093 6728 6520 6521
6689 2 2 1 100093 6727 6520 6728
6690 2 2 1 100093 6732 6524 6525
6691 2 2 1 100093 6732 6731 6524
6692 2 2 1 100093 6733 6525 6526
6693 2 2 1 100093 6732 6525 6733
6694 2 2 1 100093 6529 6735 6528
6695 2 2 1 100093 6736 6735 6529
6696 2 2 1 100094 406 6531 6738
6697 2 2 1 100094 406 393 6531
6698 2 2 1 100094 6531 6532 6738
6699 2 2 1 100094 6738 6532 6739
6700 2 2 1 100094 6532 6533 6739
6701 2 2 1 100094 6739 6533 6740
6702 2 2 1 100094 6533 6534 6740
6703 2 2 1 100094 6740 6534 6741
6704 2 2 1 100094 6534 6535 6741
6705 2 2 1 100094 6741 6535 6742
6706 2 2 1 100094 6535 6536 6742
6707 2 2 1 100094 6742 6536 6743
6708 2 2 1 100094 6536 6537 6743
6709 2 2 1 100094 6743 6537 6744
6710 2 2 1 100094 6537 6538 6744
6711 2 2 1 100094 6744 6538 6745
6712 2 2 1 100094 6538 6539 6745
6713 2 2 1 100094 6745 6539 6746
6714 2 2 1 100094 6539 6540 6746
6715 2 2 1 100094 6746 6540 6747
6716 2 2 1 100094 6540 6541 6747
6717 2 2 1 100094 6747 6541 6748
6718 2 2 1 100094 6541 6542 6748
6719 2 2 1 100094 6748 6542 6749
6720 2 2 1 100094 6542 6543 6749
6721 2 2 1 100094 6749 6543 6750
6722 2 2 1 100094 6543 6544 6750
6723 2 2 1 100094 6750 6544 6751
6724 2 2 1 100094 6544 6545 6751
6725 2 2 1 100094 6751 6545 6752
6726 2 2 1 100094 6545 6546 6752
6727 2 2 1 100094 6752 6546 6753
6728 2 2 1 100094 6546 6547 6753
6729 2 2 1 100094 6753 6547 6754
6730 2 2 1 100094 6547 6548 6754
6731 2 2 1 100094 6754 6548 6755
6732 2 2 1 100094 6548 6549 6755
6733 2 2 1 100094 6755 6549 6756
6734 2 2 1 100094 6549 6550 6756
6735 2 2 1 100094 6756 6550 6757
6736 2 2 1 100094 6550 6551 6757
6737 2 2 1 100094 6757 6551 6758
6738 2 2 1 100094 6551 6552 6758
6739 2 2 1 100094 6758 6552 407
6740 2 2 1 100094 6552 394 407
6741 2 2 1 100095 394 6553 407
6742 2 2 1 100095 407 6553 6759
6743 2 2 1 100095 6553 6554 6759
6744 2 2 1 100095 6759 6554 6760
6745 2 2 1 100095 6554 6555 6760
6746 2 2 1 100095 6760 6555 6761
6747 2 2 1 100095 6555 6556 6761
6748 2 2 1 100095 6761 6556 6762
6749 2 2 1 100095 6556 6557 6762
6750 2 2 1 100095 6762 6557 6763
6751 2 2 1 100095 6557 6558 6763
6752 2 2 1 100095 6763 6558 6764
6753 2 2 1 100095 6558 6559 6764
6754 2 2 1 100095 6764 6559 6765
6755 2 2 1 100095 6559 6560 6765
6756 2 2 1 100095 6765 6560 6766
6757 2 2 1 100095 6560 6561 6766
6758 2 2 1 100095 6766 6561 6767
6759 2 2 1 100095 6561 6562 6767
6760 2 2 1 100095 6767 6562 6768
6761 2 2 1 100095 6562 6563 6768
6762 2 2 1 100095 6768 6563 6769
6763 2 2 1 100095 6563 6564 6769
6764 2 2 1 100095 6769 6564 6770
6765 2 2 1 100095 6564 6565 6770
6766 2 2 1 100095 6770 6565 408
6767 2 2 1 100095 6565 395 408
6768 2 2 1 100096 408 6566 6771
6769 2 2 1 100096 408 395 6566
6770 2 2 1 100096 6566 6772 6771
6771 2 2 1 100096 6566 6567 6772
6772 2 2 1 100096 6773 6569 6774
6773 2 2 1 100096 6773 6568 6569
6774 2 2 1 100096 6774 6569 6775
6775 2 2 1 100096 6569 6570 6775
6776 2 2 1 100096 6571 6572 6777
6777 2 2 1 100096 6571 6777 6776
6778 2 2 1 100096 6777 6572 6778
6779 2 2 1 100096 6572 6573 6778
6780 2 2 1 100096 6778 6574 6779
6781 2 2 1 100096 6778 6573 6574
6782 2 2 1 100096 6780 6576 6781
6783 2 2 1 100096 6780 6575 6576
6784 2 2 1 100096 6783 396 409
6785 2 2 1 100096 6783 6578 396
6786 2 2 1 100096 6773 6567 6568
6787 2 2 1 100096 6773 6772 6567
6788 2 2 1 100096 6571 6775 6570
6789 2 2 1 100096 6776 6775 6571
6790 2 2 1 100096 6575 6779 6574
6791 2 2 1 100096 6780 6779 6575
6792 2 2 1 100096 6577 6781 6576
6793 2 2 1 100096 6782 6781 6577
6794 2 2 1 100096 6783 6577 6578
6795 2 2 1 100096 6782 6577 6783
6796 2 2 1 100097 396 6579 409
6797 2 2 1 100097 409 6579 6784
6798 2 2 1 100097 6579 6580 6784
6799 2 2 1 100097 6784 6580 6785
6800 2 2 1 100097 6580 6581 6785
6801 2 2 1 100097 6785 6581 6786
6802 2 2 1 100097 6581 6582 6786
6803 2 2 1 100097 6786 6582 6787
6804 2 2 1 100097 6582 6583 6787
6805 2 2 1 100097 6787 6583 6788
6806 2 2 1 100097 6583 6584 6788
6807 2 2 1 100097 6788 6584 6789
6808 2 2 1 100097 6584 6585 6789
6809 2 2 1 100097 6789 6585 6790
6810 2 2 1 100097 6585 6586 6790
6811 2 2 1 100097 6790 6586 6791
6812 2 2 1 100097 6586 6587 6791
6813 2 2 1 100097 6791 6587 6792
6814 2 2 1 100097 6587 6588 6792
6815 2 2 1 100097 6792 6588 6793
6816 2 2 1 100097 6588 6589 6793
6817 2 2 1 100097 6793 6589 6794
6818 2 2 1 100097 6589 6590 6794
6819 2 2 1 100097 6794 6590 6795
6820 2 2 1 100097 6590 6591 6795
6821 2 2 1 100097 6795 6591 410
6822 2 2 1 100097 6591 397 410
6823 2 2 1 100098 397 6592 410
6824 2 2 1 100098 410 6592 6796
6825 2 2 1 100098 6797 6594 6798
6826 2 2 1 100098 6797 6593 6594
6827 2 2 1 100098 6798 6595 6799
6828 2 2 1 100098 6798 6594 6595
6829 2 2 1 100098 6800 6597 6801
6830 2 2 1 100098 6800 6596 6597
6831 2 2 1 100098 6802 6599 6803
6832 2 2 1 100098 6802 6598 6599
6833 2 2 1 100098 6599 6600 6803
6834 2 2 1 100098 6803 6600 6804
6835 2 2 1 100098 6805 6602 6806
6836 2 2 1 100098 6805 6601 6602
6837 2 2 1 100098 6807 6604 6808
6838 2 2 1 100098 6807 6603 6604
6839 2 2 1 100098 6810 6607 6811
6840 2 2 1 100098 6810 6606 6607
6841 2 2 1 100098 6593 6796 6592
6842 2 2 1 100098 6797 6796 6593
6843 2 2 1 100098 6596 6799 6595
6844 2 2 1 100098 6800 6799 6596
6845 2 2 1 100098 6598 6801 6597
6846 2 2 1 100098 6802 6801 6598
6847 2 2 1 100098 6601 6804 6600
6848 2 2 1 100098 6805 6804 6601
6849 2 2 1 100098 6603 6806 6602
6850 2 2 1 100098 6807 6806 6603
6851 2 2 1 100098 6605 6808 6604
6852 2 2 1 100098 6809 6808 6605
6853 2 2 1 100098 6606 6809 6605
6854 2 2 1 100098 6810 6809 6606
6855 2 2 1 100098 6811 398 411
6856 2 2 1 100098 6811 6607 398
6857 2 2 1 100099 398 6608 6812
6858 2 2 1 100099 398 6812 411
6859 2 2 1 100099 6812 6609 6813
6860 2 2 1 100099 6812 6608 6609
6861 2 2 1 100099 6610 6611 6814
6862 2 2 1 100099 6814 6611 6815
6863 2 2 1 100099 6615 6820 6819
6864 2 2 1 100099 6615 6616 6820
6865 2 2 1 100099 6821 6617 6822
6866 2 2 1 100099 6617 6618 6822
6867 2 2 1 100099 6823 6620 6824
6868 2 2 1 100099 6823 6619 6620
6869 2 2 1 100099 6620 6825 6824
6870 2 2 1 100099 6620 6621 6825
6871 2 2 1 100099 6825 6622 6826
6872 2 2 1 100099 6825 6621 6622
6873 2 2 1 100099 6826 6622 6827
6874 2 2 1 100099 6622 6623 6827
6875 2 2 1 100099 6612 6815 6611
6876 2 2 1 100099 6816 6815 6612
6877 2 2 1 100099 6817 6612 6613
6878 2 2 1 100099 6816 6612 6817
6879 2 2 1 100099 6614 6817 6613
6880 2 2 1 100099 6818 6817 6614
6881 2 2 1 100099 6819 6614 6615
6882 2 2 1 100099 6818 6614 6819
6883 2 2 1 100099 6617 6820 6616
6884 2 2 1 100099 6821 6820 6617
6885 2 2 1 100099 6823 6618 6619
6886 2 2 1 100099 6823 6822 6618
6887 2 2 1 100099 412 6623 399
6888 2 2 1 100099 6827 6623 412
6889 2 2 1 100099 6610 6813 6609
6890 2 2 1 100099 6610 6814 6813
6891 2 2 1 100100 412 399 6828
6892 2 2 1 100100 399 6624 6828
6893 2 2 1 100100 6830 6627 6831
6894 2 2 1 100100 6830 6626 6627
6895 2 2 1 100100 6628 6629 6832
6896 2 2 1 100100 6832 6629 6833
6897 2 2 1 100100 6833 6629 6834
6898 2 2 1 100100 6629 6630 6834
6899 2 2 1 100100 6634 6635 6838
6900 2 2 1 100100 6838 6635 6839
6901 2 2 1 100100 6638 6639 6843
6902 2 2 1 100100 6638 6843 6842
6903 2 2 1 100100 6625 6828 6624
6904 2 2 1 100100 6829 6828 6625
6905 2 2 1 100100 6628 6831 6627
6906 2 2 1 100100 6832 6831 6628
6907 2 2 1 100100 6631 6834 6630
6908 2 2 1 100100 6835 6834 6631
6909 2 2 1 100100 6632 6835 6631
6910 2 2 1 100100 6836 6835 6632
6911 2 2 1 100100 6633 6836 6632
6912 2 2 1 100100 6837 6836 6633
6913 2 2 1 100100 6838 6633 6634
6914 2 2 1 100100 6837 6633 6838
6915 2 2 1 100100 6636 6839 6635
6916 2 2 1 100100 6840 6839 6636
6917 2 2 1 100100 6637 6840 6636
6918 2 2 1 100100 6841 6840 6637
6919 2 2 1 100100 6842 6637 6638
6920 2 2 1 100100 6842 6841 6637
6921 2 2 1 100100 6843 400 413
6922 2 2 1 100100 6843 6639 400
6923 2 2 1 100100 6830 6625 6626
6924 2 2 1 100100 6829 6625 6830
6925 2 2 1 100101 400 6640 6844
6926 2 2 1 100101 400 6844 413
6927 2 2 1 100101 6845 6641 6846
6928 2 2 1 100101 6641 6642 6846
6929 2 2 1 100101 6847 6643 6848
6930 2 2 1 100101 6643 6644 6848
6931 2 2 1 100101 6644 6849 6848
6932 2 2 1 100101 6644 6645 6849
6933 2 2 1 100101 6646 6851 6850
6934 2 2 1 100101 6646 6647 6851
6935 2 2 1 100101 6852 6648 6853
6936 2 2 1 100101 6648 6649 6853
6937 2 2 1 100101 6854 6650 6855
6938 2 2 1 100101 6650 6651 6855
6939 2 2 1 100101 6856 6652 6857
6940 2 2 1 100101 6652 6653 6857
6941 2 2 1 100101 6858 6654 6859
6942 2 2 1 100101 6654 6655 6859
6943 2 2 1 100101 6845 6640 6641
6944 2 2 1 100101 6845 6844 6640
6945 2 2 1 100101 6847 6642 6643
6946 2 2 1 100101 6846 6642 6847
6947 2 2 1 100101 6850 6645 6646
6948 2 2 1 100101 6849 6645 6850
6949 2 2 1 100101 6852 6647 6648
6950 2 2 1 100101 6852 6851 6647
6951 2 2 1 100101 6854 6649 6650
6952 2 2 1 100101 6853 6649 6854
6953 2 2 1 100101 6856 6651 6652
6954 2 2 1 100101 6856 6855 6651
6955 2 2 1 100101 6858 6653 6654
6956 2 2 1 100101 6857 6653 6858
6957 2 2 1 100101 414 6655 401
6958 2 2 1 100101 414 6859 6655
6959 2 2 1 100102 401 6656 414
6960 2 2 1 100102 414 6656 6860
6961 2 2 1 100102 6656 6657 6860
6962 2 2 1 100102 6860 6657 6861
6963 2 2 1 100102 6657 6658 6861
6964 2 2 1 100102 6861 6658 6862
6965 2 2 1 100102 6658 6659 6862
6966 2 2 1 100102 6862 6659 6863
6967 2 2 1 100102 6659 6660 6863
6968 2 2 1 100102 6863 6660 6864
6969 2 2 1 100102 6660 6661 6864
6970 2 2 1 100102 6864 6661 6865
6971 2 2 1 100102 6661 6662 6865
6972 2 2 1 100102 6865 6662 6866
6973 2 2 1 100102 6662 6663 6866
6974 2 2 1 100102 6866 6663 6867
6975 2 2 1 100102 6663 6664 6867
6976 2 2 1 100102 6867 6664 6868
6977 2 2 1 100102 6664 6665 6868
6978 2 2 1 100102 6868 6665 6869
6979 2 2 1 100102 6665 6666 6869
6980 2 2 1 100102 6869 6666 6870
6981 2 2 1 100102 6666 6667 6870
6982 2 2 1 100102 6870 6667 6871
6983 2 2 1 100102 6667 6668 6871
6984 2 2 1 100102 6871 6668 415
6985 2 2 1 100102 6668 402 415
6986 2 2 1 100103 415 6669 6872
6987 2 2 1 100103 415 402 6669
6988 2 2 1 100103 6873 6670 6874
6989 2 2 1 100103 6670 6671 6874
6990 2 2 1 100103 6874 6672 6875
6991 2 2 1 100103 6874 6671 6672
6992 2 2 1 100103 6875 6673 6876
6993 2 2 1 100103 6875 6672 6673
6994 2 2 1 100103 6876 6673 6877
6995 2 2 1 100103 6673 6674 6877
6996 2 2 1 100103 6674 6675 6878
6997 2 2 1 100103 6674 6878 6877
6998 2 2 1 100103 6878 6676 6879
6999 2 2 1 100103 6878 6675 6676
7000 2 2 1 100103 6679 6883 6882
7001 2 2 1 100103 6679 6680 6883
7002 2 2 1 100103 6681 403 6884
7003 2 2 1 100103 6884 403 416
7004 2 2 1 100103 6873 6669 6670
7005 2 2 1 100103 6873 6872 6669
7006 2 2 1 100103 6677 6879 6676
7007 2 2 1 100103 6880 6879 6677
7008 2 2 1 100103 6882 6678 6679
7009 2 2 1 100103 6881 6678 6882
7010 2 2 1 100103 6681 6883 6680
7011 2 2 1 100103 6884 6883 6681
7012 2 2 1 100103 6881 6677 6678
7013 2 2 1 100103 6880 6677 6881
7014 2 2 1 100104 416 6682 6885
7015 2 2 1 100104 416 403 6682
7016 2 2 1 100104 6682 6683 6885
7017 2 2 1 100104 6885 6683 6886
7018 2 2 1 100104 6683 6684 6886
7019 2 2 1 100104 6886 6684 6887
7020 2 2 1 100104 6684 6685 6887
7021 2 2 1 100104 6887 6685 6888
7022 2 2 1 100104 6685 6686 6888
7023 2 2 1 100104 6888 6686 6889
7024 2 2 1 100104 6686 6687 6889
7025 2 2 1 100104 6889 6687 6890
7026 2 2 1 100104 6687 6688 6890
7027 2 2 1 100104 6890 6688 6891
7028 2 2 1 100104 6688 6689 6891
7029 2 2 1 100104 6891 6689 6892
7030 2 2 1 100104 6689 6690 6892
7031 2 2 1 100104 6892 6690 6893
7032 2 2 1 100104 6690 6691 6893
7033 2 2 1 100104 6893 6691 6894
7034 2 2 1 100104 6691 6692 6894
7035 2 2 1 100104 6894 6692 6895
7036 2 2 1 100104 6692 6693 6895
7037 2 2 1 100104 6895 6693 6896
7038 2 2 1 100104 6693 6694 6896
7039 2 2 1 100104 6896 6694 404
7040 2 2 1 100104 6694 391 404
$EndElements
